ScenarioId,BKR_ID,ParameterId,GrowingYear,SeasonIndex,ValidLength,Date,DOY,DaysAfterSowing,Srow,Scol,Crow,Ccol,SoilId,CM-count,Crop,Tmin,Tavg,Tmax,Precip,Globrad,Relhumid,Wind,Sunhours,Irrig,ET0,Yield,AbBiom,LAI,SowingDate,SowingShiftDays,NFertilizerScale,IrrigationEnabled,IrrigationAmountMm,IrrigationThreshold
BKR101_P001,101,P001,1992,1,295,1991-10-04,277,0,133,488,0,0,234236,1,wheat/winter wheat,3.9,10.8,16.8,0,7.5,77,3.6,0,0,1.5,0,53,0.0972,1991-10-04,9,1.1794309596682293,True,13.245268640938136,0.26365755134376234
BKR101_P001,101,P001,1992,1,295,1991-10-05,278,1,133,488,0,0,234236,1,wheat/winter wheat,5.1,9.3,15.5,0,11,70,9.2,0,0,2.5,0,53,0.0972,1991-10-04,9,1.1794309596682293,True,13.245268640938136,0.26365755134376234
BKR101_P001,101,P001,1992,1,295,1991-10-06,279,2,133,488,0,0,234236,1,wheat/winter wheat,4.6,9,10.7,3,12.8,83,7.2,0,0,1.3,0,53,0.0972,1991-10-04,9,1.1794309596682293,True,13.245268640938136,0.26365755134376234
BKR101_P001,101,P001,1992,1,295,1991-10-07,280,3,133,488,0,0,234236,1,wheat/winter wheat,9.8,11.3,12.3,1,3.4,99,5,0,0,0.4,0,53,0.0972,1991-10-04,9,1.1794309596682293,True,13.245268640938136,0.26365755134376234
BKR101_P001,101,P001,1992,1,295,1991-10-08,281,4,133,488,0,0,234236,1,wheat/winter wheat,5.9,8.8,13.3,0,3.4,95,3.6,0,0,0.6,0,53,0.0972,1991-10-04,9,1.1794309596682293,True,13.245268640938136,0.26365755134376234
BKR101_P001,101,P001,1992,1,295,1991-10-09,282,5,133,488,0,0,234236,1,wheat/winter wheat,2.9,9.4,11.3,0,3.3,93,6.7,0,0,0.6,0,53,0.0972,1991-10-04,9,1.1794309596682293,True,13.245268640938136,0.26365755134376234
BKR101_P001,101,P001,1992,1,295,1991-10-10,283,6,133,488,0,0,234236,1,wheat/winter wheat,4.7,8,13.7,1,3.2,96,1.4,0,0,0.5,0,53,0.0972,1991-10-04,9,1.1794309596682293,True,13.245268640938136,0.26365755134376234
BKR101_P001,101,P001,1992,1,295,1991-10-11,284,7,133,488,0,0,234236,1,wheat/winter wheat,1.7,4.9,12.6,0,5,88,4.7,0,0,0.8,0,53,0.0972,1991-10-04,9,1.1794309596682293,True,13.245268640938136,0.26365755134376234
BKR101_P001,101,P001,1992,1,295,1991-10-12,285,8,133,488,0,0,234236,1,wheat/winter wheat,1.8,6,11.4,0,10,95,4.2,0,0,0.5,0,53,0.0972,1991-10-04,9,1.1794309596682293,True,13.245268640938136,0.26365755134376234
BKR101_P001,101,P001,1992,1,295,1991-10-13,286,9,133,488,0,0,234236,1,wheat/winter wheat,-1.9,4.1,8,0,7.943,61,2.5,0,0,1.2,0,53,0.0972,1991-10-04,9,1.1794309596682293,True,13.245268640938136,0.26365755134376234
BKR101_P001,101,P001,1992,1,295,1991-10-14,287,10,133,488,0,0,234236,1,wheat/winter wheat,-3.1,1.9,8.6,0,11.197,62,1.8,0,0,1,0,53,0.0972,1991-10-04,9,1.1794309596682293,True,13.245268640938136,0.26365755134376234
BKR101_P001,101,P001,1992,1,295,1991-10-15,288,11,133,488,0,0,234236,1,wheat/winter wheat,-3.2,0.6,8.1,0,5.564,61,2.3,0,0,1.1,0,53,0.0972,1991-10-04,9,1.1794309596682293,True,13.245268640938136,0.26365755134376234
BKR101_P001,101,P001,1992,1,295,1991-10-16,289,12,133,488,0,0,234236,1,wheat/winter wheat,4.1,5.7,8.8,0,2.9,92,5,0,0,0.6,0,53,0.0972,1991-10-04,9,1.1794309596682293,True,13.245268640938136,0.26365755134376234
BKR101_P001,101,P001,1992,1,295,1991-10-17,290,13,133,488,0,0,234236,1,wheat/winter wheat,2.1,4.7,7.1,0,1.002,80,4.2,0,0,0.9,0,53,0.0972,1991-10-04,9,1.1794309596682293,True,13.245268640938136,0.26365755134376234
BKR101_P001,101,P001,1992,1,295,1991-10-18,291,14,133,488,0,0,234236,1,wheat/winter wheat,0.1,2.9,7.2,0,6.981,85,3.5,0,0,0.5,0,55.4,0.0972,1991-10-04,9,1.1794309596682293,True,13.245268640938136,0.26365755134376234
BKR101_P001,101,P001,1992,1,295,1991-10-19,292,15,133,488,0,0,234236,1,wheat/winter wheat,-1.9,2.9,8.9,0,8.501,84,2.1,0,0,0.5,0,56.5,0.1016,1991-10-04,9,1.1794309596682293,True,13.245268640938136,0.26365755134376234
BKR101_P001,101,P001,1992,1,295,1991-10-20,293,16,133,488,0,0,234236,1,wheat/winter wheat,-0.2,5,11.9,0,8.693,79,3.7,0,0,0.8,0,57.7,0.1036,1991-10-04,9,1.1794309596682293,True,13.245268640938136,0.26365755134376234
BKR101_P001,101,P001,1992,1,295,1991-10-21,294,17,133,488,0,0,234236,1,wheat/winter wheat,-0.3,4.2,10.7,0,9.264,80,1.7,0,0,0.5,0,58.7,0.1057,1991-10-04,9,1.1794309596682293,True,13.245268640938136,0.26365755134376234
BKR101_P001,101,P001,1992,1,295,1991-10-22,295,18,133,488,0,0,234236,1,wheat/winter wheat,-2,4.4,12.2,0,7.139,84,2.6,0,0,0.5,0,59.7,0.1076,1991-10-04,9,1.1794309596682293,True,13.245268640938136,0.26365755134376234
BKR101_P001,101,P001,1992,1,295,1991-10-23,296,19,133,488,0,0,234236,1,wheat/winter wheat,1.2,4,6,0.6,3.761,88,5.1,0,0,0.4,0,60.3,0.1093,1991-10-04,9,1.1794309596682293,True,13.245268640938136,0.26365755134376234
BKR101_P001,101,P001,1992,1,295,1991-10-24,297,20,133,488,0,0,234236,1,wheat/winter wheat,-0.4,3.5,6.5,1.2,7.319,81,3.4,0,0,0.5,0,63.2,0.1105,1991-10-04,9,1.1794309596682293,True,13.245268640938136,0.26365755134376234
BKR101_P001,101,P001,1992,1,295,1991-10-25,298,21,133,488,0,0,234236,1,wheat/winter wheat,3.2,5.1,6.3,2.1,3.831,91,4.2,0,0,0.3,0,65.6,0.1157,1991-10-04,9,1.1794309596682293,True,13.245268640938136,0.26365755134376234
BKR101_P001,101,P001,1992,1,295,1991-10-26,299,22,133,488,0,0,234236,1,wheat/winter wheat,3.6,4.6,6.9,2.7,4.105,85,3.8,0,0,0.5,0,68.1,0.1201,1991-10-04,9,1.1794309596682293,True,13.245268640938136,0.26365755134376234
BKR101_P001,101,P001,1992,1,295,1991-10-27,300,23,133,488,0,0,234236,1,wheat/winter wheat,0,3.2,6,2.5,1.49,91,2.8,0,0,0.3,0,69.8,0.1246,1991-10-04,9,1.1794309596682293,True,13.245268640938136,0.26365755134376234
BKR101_P001,101,P001,1992,1,295,1991-10-28,301,24,133,488,0,0,234236,1,wheat/winter wheat,1.8,0,1.7,0,3.076,94,2.1,0,0,0.2,0,71.7,0.1278,1991-10-04,9,1.1794309596682293,True,13.245268640938136,0.26365755134376234
BKR101_P001,101,P001,1992,1,295,1991-10-29,302,25,133,488,0,0,234236,1,wheat/winter wheat,0.6,3.7,6.8,2.6,2.015,93,2.5,0,0,0.2,0,73.6,0.1312,1991-10-04,9,1.1794309596682293,True,13.245268640938136,0.26365755134376234
BKR101_P001,101,P001,1992,1,295,1991-10-30,303,26,133,488,0,0,234236,1,wheat/winter wheat,2.6,4.9,7.2,3,3.581,91,4.5,0,0,0.3,0,76.2,0.1347,1991-10-04,9,1.1794309596682293,True,13.245268640938136,0.26365755134376234
BKR101_P001,101,P001,1992,1,295,1991-10-31,304,27,133,488,0,0,234236,1,wheat/winter wheat,-1.7,3.7,5.8,0.1,4.263,76,2.9,0,0,0.5,0,79.1,0.1395,1991-10-04,9,1.1794309596682293,True,13.245268640938136,0.26365755134376234
BKR101_P001,101,P001,1992,1,295,1991-11-01,305,28,133,488,0,0,234236,1,wheat/winter wheat,-3.7,-1.2,3.8,0,6.915,89,1,0,0,0,0,79,0.1446,1991-10-04,9,1.1794309596682293,True,13.245268640938136,0.26365755134376234
BKR101_P001,101,P001,1992,1,295,1991-11-02,306,29,133,488,0,0,234236,1,wheat/winter wheat,-1.2,0.2,2.9,0,4.132,91,2.2,0,0,0.2,0,81.4,0.1446,1991-10-04,9,1.1794309596682293,True,13.245268640938136,0.26365755134376234
BKR101_P001,101,P001,1992,1,295,1991-11-03,307,30,133,488,0,0,234236,1,wheat/winter wheat,-0.6,3,7.1,0.9,7.467,73,6.1,0,0,0.6,0,84.6,0.1489,1991-10-04,9,1.1794309596682293,True,13.245268640938136,0.26365755134376234
BKR101_P001,101,P001,1992,1,295,1991-11-04,308,31,133,488,0,0,234236,1,wheat/winter wheat,4.2,7.2,9.6,2.4,3.516,57,6.3,0,0,1.3,0,87.8,0.1546,1991-10-04,9,1.1794309596682293,True,13.245268640938136,0.26365755134376234
BKR101_P001,101,P001,1992,1,295,1991-11-05,309,32,133,488,0,0,234236,1,wheat/winter wheat,2.9,5.4,7.9,0.6,3.303,57,5.6,0,0,1.1,0,90.7,0.1604,1991-10-04,9,1.1794309596682293,True,13.245268640938136,0.26365755134376234
BKR101_P001,101,P001,1992,1,295,1991-11-06,310,33,133,488,0,0,234236,1,wheat/winter wheat,5.2,7.7,10.9,1,1.879,57,4.4,0,0,1,0,93,0.1658,1991-10-04,9,1.1794309596682293,True,13.245268640938136,0.26365755134376234
BKR101_P001,101,P001,1992,1,295,1991-11-07,311,34,133,488,0,0,234236,1,wheat/winter wheat,10.4,10.8,11.3,0,1.9,57,6.6,0,0,1.3,0,95.5,0.1699,1991-10-04,9,1.1794309596682293,True,13.245268640938136,0.26365755134376234
BKR101_P001,101,P001,1992,1,295,1991-11-08,312,35,133,488,0,0,234236,1,wheat/winter wheat,6.8,10.8,12.4,1.8,1.165,57,7.4,0,0,1,0,97.4,0.1743,1991-10-04,9,1.1794309596682293,True,13.245268640938136,0.26365755134376234
BKR101_P001,101,P001,1992,1,295,1991-11-09,313,36,133,488,0,0,234236,1,wheat/winter wheat,-1.8,3.6,6.1,0,6.319,68,3.1,0,0,0.4,0,101,0.1777,1991-10-04,9,1.1794309596682293,True,13.245268640938136,0.26365755134376234
BKR101_P001,101,P001,1992,1,295,1991-11-10,314,37,133,488,0,0,234236,1,wheat/winter wheat,-6.5,-1.6,3.8,0,6.639,79,1.8,0,0,0,0,101,0.1843,1991-10-04,9,1.1794309596682293,True,13.245268640938136,0.26365755134376234
BKR101_P001,101,P001,1992,1,295,1991-11-11,315,38,133,488,0,0,234236,1,wheat/winter wheat,0.4,4.5,7.2,0.6,1.816,84,4.8,0,0,0.3,0,103.3,0.1842,1991-10-04,9,1.1794309596682293,True,13.245268640938136,0.26365755134376234
BKR101_P001,101,P001,1992,1,295,1991-11-12,316,39,133,488,0,0,234236,1,wheat/winter wheat,4.4,6.2,8.9,0.4,3.555,87,5,0,0,0.4,0,107.1,0.1884,1991-10-04,9,1.1794309596682293,True,13.245268640938136,0.26365755134376234
BKR101_P001,101,P001,1992,1,295,1991-11-13,317,40,133,488,0,0,234236,1,wheat/winter wheat,3.6,5.2,9.3,3,1.45,87,6.1,0,0,0.3,0,109.2,0.1952,1991-10-04,9,1.1794309596682293,True,13.245268640938136,0.26365755134376234
BKR101_P001,101,P001,1992,1,295,1991-11-14,318,41,133,488,0,0,234236,1,wheat/winter wheat,1.7,3,4.6,1,0.56,96,5.8,0,0,0.1,0,110.8,0.1989,1991-10-04,9,1.1794309596682293,True,13.245268640938136,0.26365755134376234
BKR101_P001,101,P001,1992,1,295,1991-11-15,319,42,133,488,0,0,234236,1,wheat/winter wheat,0.5,2,3.9,1,1.37,99,1.4,0,0,0.1,0,112.8,0.2017,1991-10-04,9,1.1794309596682293,True,13.245268640938136,0.26365755134376234
BKR101_P001,101,P001,1992,1,295,1991-11-16,320,43,133,488,0,0,234236,1,wheat/winter wheat,-0.6,1.2,2.4,1,0.56,100,3.1,0,0,0.1,0,114.3,0.2052,1991-10-04,9,1.1794309596682293,True,13.245268640938136,0.26365755134376234
BKR101_P001,101,P001,1992,1,295,1991-11-17,321,44,133,488,0,0,234236,1,wheat/winter wheat,0.6,4.1,6.3,2,0.56,100,4.7,0,0,0.1,0,115.8,0.2079,1991-10-04,9,1.1794309596682293,True,13.245268640938136,0.26365755134376234
BKR101_P001,101,P001,1992,1,295,1991-11-18,322,45,133,488,0,0,234236,1,wheat/winter wheat,3.5,5.9,8.4,0,2.402,80,3.8,0,0,0.4,0,119.1,0.2106,1991-10-04,9,1.1794309596682293,True,13.245268640938136,0.26365755134376234
BKR101_P001,101,P001,1992,1,295,1991-11-19,323,46,133,488,0,0,234236,1,wheat/winter wheat,2.6,3.8,5,4.3,1.606,89,5.4,0,0,0.2,0,121.4,0.2163,1991-10-04,9,1.1794309596682293,True,13.245268640938136,0.26365755134376234
BKR101_P001,101,P001,1992,1,295,1991-11-20,324,47,133,488,0,0,234236,1,wheat/winter wheat,2.5,4.1,5.7,1.9,2.515,88,7.5,0,0,0.3,0,124.8,0.2204,1991-10-04,9,1.1794309596682293,True,13.245268640938136,0.26365755134376234
BKR101_P001,101,P001,1992,1,295,1991-11-21,325,48,133,488,0,0,234236,1,wheat/winter wheat,2.8,4.3,5.4,0.2,2.651,77,9.2,0,0,0.5,0,128.4,0.2262,1991-10-04,9,1.1794309596682293,True,13.245268640938136,0.26365755134376234
BKR101_P001,101,P001,1992,1,295,1991-11-22,326,49,133,488,0,0,234236,1,wheat/winter wheat,1.4,3.3,5.2,1.8,3.506,87,6.4,0,0,0.2,0,132.2,0.2325,1991-10-04,9,1.1794309596682293,True,13.245268640938136,0.26365755134376234
BKR101_P001,101,P001,1992,1,295,1991-11-23,327,50,133,488,0,0,234236,1,wheat/winter wheat,-0.6,1.6,4.5,0,2.859,95,1.9,0,0,0,0,135.8,0.2392,1991-10-04,9,1.1794309596682293,True,13.245268640938136,0.26365755134376234
BKR101_P001,101,P001,1992,1,295,1991-11-24,328,51,133,488,0,0,234236,1,wheat/winter wheat,-1.4,0.7,2.5,0.7,1.222,97,1.5,0,0,0.1,0,137.8,0.2455,1991-10-04,9,1.1794309596682293,True,13.245268640938136,0.26365755134376234
BKR101_P001,101,P001,1992,1,295,1991-11-25,329,52,133,488,0,0,234236,1,wheat/winter wheat,2.6,5.6,7.2,0.6,1.897,96,2.4,0,0,0.1,0,141.1,0.249,1991-10-04,9,1.1794309596682293,True,13.245268640938136,0.26365755134376234
BKR101_P001,101,P001,1992,1,295,1991-11-26,330,53,133,488,0,0,234236,1,wheat/winter wheat,5.6,7,8.9,1.8,1.505,90,4.8,0,0,0.2,0,143.8,0.2546,1991-10-04,9,1.1794309596682293,True,13.245268640938136,0.26365755134376234
BKR101_P001,101,P001,1992,1,295,1991-11-27,331,54,133,488,0,0,234236,1,wheat/winter wheat,5.8,7.3,10.6,4,0.518,88,7.6,0,0,0.2,0,145,0.2593,1991-10-04,9,1.1794309596682293,True,13.245268640938136,0.26365755134376234
BKR101_P001,101,P001,1992,1,295,1991-11-28,332,55,133,488,0,0,234236,1,wheat/winter wheat,2.3,3.9,6.6,2,2.49,94,4.2,0,0,0.1,0,149,0.2614,1991-10-04,9,1.1794309596682293,True,13.245268640938136,0.26365755134376234
BKR101_P001,101,P001,1992,1,295,1991-11-29,333,56,133,488,0,0,234236,1,wheat/winter wheat,1.7,3.9,6.6,2,0.4,99,7.2,0,0,0,0,150.3,0.2682,1991-10-04,9,1.1794309596682293,True,13.245268640938136,0.26365755134376234
BKR101_P001,101,P001,1992,1,295,1991-11-30,334,57,133,488,0,0,234236,1,wheat/winter wheat,1.1,2,3.6,0,0.4,100,5.8,0,0,0,0,151.6,0.2704,1991-10-04,9,1.1794309596682293,True,13.245268640938136,0.26365755134376234
BKR101_P001,101,P001,1992,1,295,1991-12-01,335,58,133,488,0,0,234236,1,wheat/winter wheat,-0.1,3.8,5,0,0.83,92,7.2,0,0,0.1,0,153.5,0.2726,1991-10-04,9,1.1794309596682293,True,13.245268640938136,0.26365755134376234
BKR101_P001,101,P001,1992,1,295,1991-12-02,336,59,133,488,0,0,234236,1,wheat/winter wheat,4.6,6.4,10.1,0,1.854,89,5.5,0,0,0.3,0,157,0.2757,1991-10-04,9,1.1794309596682293,True,13.245268640938136,0.26365755134376234
BKR101_P001,101,P001,1992,1,295,1991-12-03,337,60,133,488,0,0,234236,1,wheat/winter wheat,2.7,4.9,7.4,3.9,3.422,88,6.5,0,0,0.2,0,161.4,0.2818,1991-10-04,9,1.1794309596682293,True,13.245268640938136,0.26365755134376234
BKR101_P001,101,P001,1992,1,295,1991-12-04,338,61,133,488,0,0,234236,1,wheat/winter wheat,3.4,6.7,10,1.5,2.988,81,5.6,0,0,0.4,0,166,0.289,1991-10-04,9,1.1794309596682293,True,13.245268640938136,0.26365755134376234
BKR101_P001,101,P001,1992,1,295,1991-12-05,339,62,133,488,0,0,234236,1,wheat/winter wheat,1.8,4.9,6.3,3.1,3.053,84,5.3,0,0,0.2,0,170.5,0.2966,1991-10-04,9,1.1794309596682293,True,13.245268640938136,0.26365755134376234
BKR101_P001,101,P001,1992,1,295,1991-12-06,340,63,133,488,0,0,234236,1,wheat/winter wheat,0.2,2.5,4.7,0,2.215,90,3.9,0,0,0.1,0,174.6,0.3041,1991-10-04,9,1.1794309596682293,True,13.245268640938136,0.26365755134376234
BKR101_P001,101,P001,1992,1,295,1991-12-07,341,64,133,488,0,0,234236,1,wheat/winter wheat,0.3,1.6,3.1,0,2.225,94,2.4,0,0,0,0,178.7,0.3109,1991-10-04,9,1.1794309596682293,True,13.245268640938136,0.26365755134376234
BKR101_P001,101,P001,1992,1,295,1991-12-08,342,65,133,488,0,0,234236,1,wheat/winter wheat,0.3,0.8,1.6,0,2.146,92,4.7,0,0,0.1,0,182.6,0.3175,1991-10-04,9,1.1794309596682293,True,13.245268640938136,0.26365755134376234
BKR101_P001,101,P001,1992,1,295,1991-12-09,343,66,133,488,0,0,234236,1,wheat/winter wheat,0.5,1.7,2.9,0,1.097,96,2.3,0,0,0.1,0,185.1,0.324,1991-10-04,9,1.1794309596682293,True,13.245268640938136,0.26365755134376234
BKR101_P001,101,P001,1992,1,295,1991-12-10,344,67,133,488,0,0,234236,1,wheat/winter wheat,1.7,2.4,3.5,0,1.025,94,2.3,0,0,0.1,0,187.4,0.328,1991-10-04,9,1.1794309596682293,True,13.245268640938136,0.26365755134376234
BKR101_P001,101,P001,1992,1,295,1991-12-11,345,68,133,488,0,0,234236,1,wheat/winter wheat,2.3,2.8,3.3,0,0.966,95,1.6,0,0,0.1,0,189.8,0.3319,1991-10-04,9,1.1794309596682293,True,13.245268640938136,0.26365755134376234
BKR101_P001,101,P001,1992,1,295,1991-12-12,346,69,133,488,0,0,234236,1,wheat/winter wheat,0.5,2.3,3.3,2.7,1.226,93,4,0,0,0.1,0,192.6,0.3357,1991-10-04,9,1.1794309596682293,True,13.245268640938136,0.26365755134376234
BKR101_P001,101,P001,1992,1,295,1991-12-13,347,70,133,488,0,0,234236,1,wheat/winter wheat,0.2,3.3,4.8,5.1,1.958,92,6.4,0,0,0.1,0,197.2,0.3404,1991-10-04,9,1.1794309596682293,True,13.245268640938136,0.26365755134376234
BKR101_P001,101,P001,1992,1,295,1991-12-14,348,71,133,488,0,0,234236,1,wheat/winter wheat,1.5,2.8,4.1,0,2.032,87,6,0,0,0.2,0,201.7,0.3478,1991-10-04,9,1.1794309596682293,True,13.245268640938136,0.26365755134376234
BKR101_P001,101,P001,1992,1,295,1991-12-15,349,72,133,488,0,0,234236,1,wheat/winter wheat,2.7,6.3,8.5,2.2,1.161,91,6.1,0,0,0.2,0,204.8,0.3551,1991-10-04,9,1.1794309596682293,True,13.245268640938136,0.26365755134376234
BKR101_P001,101,P001,1992,1,295,1991-12-16,350,73,133,488,0,0,234236,1,wheat/winter wheat,0.4,5.4,7.6,0,2.963,88,2.8,0,0,0,0,210,0.3601,1991-10-04,9,1.1794309596682293,True,13.245268640938136,0.26365755134376234
BKR101_P001,101,P001,1992,1,295,1991-12-17,351,74,133,488,0,0,234236,1,wheat/winter wheat,-2.4,0,3.6,0,3.842,94,1.1,0,0,0,0,214.1,0.3683,1991-10-04,9,1.1794309596682293,True,13.245268640938136,0.26365755134376234
BKR101_P001,101,P001,1992,1,295,1991-12-18,352,75,133,488,0,0,234236,1,wheat/winter wheat,-3.9,-0.8,2.5,0,3.449,94,0.5,0,0,0,0,214,0.3749,1991-10-04,9,1.1794309596682293,True,13.245268640938136,0.26365755134376234
BKR101_P001,101,P001,1992,1,295,1991-12-19,353,76,133,488,0,0,234236,1,wheat/winter wheat,-3.8,-1.5,0,0,2.892,95,2.7,0,0,0,0,213.9,0.3748,1991-10-04,9,1.1794309596682293,True,13.245268640938136,0.26365755134376234
BKR101_P001,101,P001,1992,1,295,1991-12-20,354,77,133,488,0,0,234236,1,wheat/winter wheat,-1.5,1.8,3,1.3,1.202,85,5.4,0,0,0.2,0,217,0.3747,1991-10-04,9,1.1794309596682293,True,13.245268640938136,0.26365755134376234
BKR101_P001,101,P001,1992,1,295,1991-12-21,355,78,133,488,0,0,234236,1,wheat/winter wheat,0.3,1.8,2.5,7.3,0.895,93,1.9,0,0,0.1,0,219.5,0.3797,1991-10-04,9,1.1794309596682293,True,13.245268640938136,0.26365755134376234
BKR101_P001,101,P001,1992,1,295,1991-12-22,356,79,133,488,0,0,234236,1,wheat/winter wheat,-2.4,-0.2,1.3,0,1.566,93,1.4,0,0,0,0,219.3,0.3836,1991-10-04,9,1.1794309596682293,True,13.245268640938136,0.26365755134376234
BKR101_P001,101,P001,1992,1,295,1991-12-23,357,80,133,488,0,0,234236,1,wheat/winter wheat,-3.8,-3.2,-2.7,0,1.861,91,2.3,0,0,0,0,219.2,0.3835,1991-10-04,9,1.1794309596682293,True,13.245268640938136,0.26365755134376234
BKR101_P001,101,P001,1992,1,295,1991-12-24,358,81,133,488,0,0,234236,1,wheat/winter wheat,-7.8,-4.8,-2.2,0,4.003,83,4.9,0,0,0,0,219.1,0.3834,1991-10-04,9,1.1794309596682293,True,13.245268640938136,0.26365755134376234
BKR101_P001,101,P001,1992,1,295,1991-12-25,359,82,133,488,0,0,234236,1,wheat/winter wheat,-9.6,-8.2,-6.2,0,3.198,88,3.2,0,0,0,0,219.1,0.3833,1991-10-04,9,1.1794309596682293,True,13.245268640938136,0.26365755134376234
BKR101_P001,101,P001,1992,1,295,1991-12-26,360,83,133,488,0,0,234236,1,wheat/winter wheat,-11.3,-9.8,-7.7,0,2.785,89,2.5,0,0,0,0,219,0.3832,1991-10-04,9,1.1794309596682293,True,13.245268640938136,0.26365755134376234
BKR101_P001,101,P001,1992,1,295,1991-12-27,361,84,133,488,0,0,234236,1,wheat/winter wheat,-12.1,-9,-4.7,0,2.96,88,0.7,0,0,0,0,218.9,0.3832,1991-10-04,9,1.1794309596682293,True,13.245268640938136,0.26365755134376234
BKR101_P001,101,P001,1992,1,295,1991-12-28,362,85,133,488,0,0,234236,1,wheat/winter wheat,-4.5,-2.3,0.9,0,3.384,90,1.5,0,0,0,0,218.8,0.3831,1991-10-04,9,1.1794309596682293,True,13.245268640938136,0.26365755134376234
BKR101_P001,101,P001,1992,1,295,1991-12-29,363,86,133,488,0,0,234236,1,wheat/winter wheat,-8.5,-6,-2.4,0,3.633,92,2.2,0,0,0,0,218.7,0.383,1991-10-04,9,1.1794309596682293,True,13.245268640938136,0.26365755134376234
BKR101_P001,101,P001,1992,1,295,1991-12-30,364,87,133,488,0,0,234236,1,wheat/winter wheat,-5.3,-4.1,-3,0,1.039,92,4.3,0,0,0,0,218.6,0.3829,1991-10-04,9,1.1794309596682293,True,13.245268640938136,0.26365755134376234
BKR101_P001,101,P001,1992,1,295,1991-12-31,365,88,133,488,0,0,234236,1,wheat/winter wheat,-2.8,-1.6,-0.6,0,1.33,92,2.3,0,0,0,0,218.5,0.3828,1991-10-04,9,1.1794309596682293,True,13.245268640938136,0.26365755134376234
BKR101_P001,101,P001,1992,1,295,1992-01-01,1,89,133,488,0,0,234236,1,wheat/winter wheat,-1.5,-0.6,1,0,0.52,90,6.7,0,0,0,0,218.4,0.3827,1991-10-04,9,1.1794309596682293,True,13.245268640938136,0.26365755134376234
BKR101_P001,101,P001,1992,1,295,1992-01-02,2,90,133,488,0,0,234236,1,wheat/winter wheat,0,2.8,6,0,0.52,85,12.8,0,0,0.1,0,220,0.3826,1991-10-04,9,1.1794309596682293,True,13.245268640938136,0.26365755134376234
BKR101_P001,101,P001,1992,1,295,1992-01-03,3,91,133,488,0,0,234236,1,wheat/winter wheat,6,7,8,0,1.63,77,11.4,0,0,0.5,0,224.7,0.3852,1991-10-04,9,1.1794309596682293,True,13.245268640938136,0.26365755134376234
BKR101_P001,101,P001,1992,1,295,1992-01-04,4,92,133,488,0,0,234236,1,wheat/winter wheat,4,5.7,8,0,0.52,70,8.6,0,0,0.3,0,226.3,0.3925,1991-10-04,9,1.1794309596682293,True,13.245268640938136,0.26365755134376234
BKR101_P001,101,P001,1992,1,295,1992-01-05,5,93,133,488,0,0,234236,1,wheat/winter wheat,4,5.6,7,1,0.52,76,7.8,0,0,0.3,0,228,0.395,1991-10-04,9,1.1794309596682293,True,13.245268640938136,0.26365755134376234
BKR101_P001,101,P001,1992,1,295,1992-01-06,6,94,133,488,0,0,234236,1,wheat/winter wheat,3.5,4,5,1,0.52,85,1.1,0,0,0.2,0,229.8,0.3976,1991-10-04,9,1.1794309596682293,True,13.245268640938136,0.26365755134376234
BKR101_P001,101,P001,1992,1,295,1992-01-07,7,95,133,488,0,0,234236,1,wheat/winter wheat,3,4.7,8,0,0.69,79,7.2,0,0,0.3,0,231.9,0.4003,1991-10-04,9,1.1794309596682293,True,13.245268640938136,0.26365755134376234
BKR101_P001,101,P001,1992,1,295,1992-01-08,8,96,133,488,0,0,234236,1,wheat/winter wheat,0.2,3.9,7,1,0.75,67,3.1,0,0,0.4,0,234.4,0.4036,1991-10-04,9,1.1794309596682293,True,13.245268640938136,0.26365755134376234
BKR101_P001,101,P001,1992,1,295,1992-01-09,9,97,133,488,0,0,234236,1,wheat/winter wheat,2.5,5.7,9,1,0.52,71,6.1,0,0,0.3,0,236.2,0.4073,1991-10-04,9,1.1794309596682293,True,13.245268640938136,0.26365755134376234
BKR101_P001,101,P001,1992,1,295,1992-01-10,10,98,133,488,0,0,234236,1,wheat/winter wheat,-3.5,-0.1,2,0,4.79,71,4.2,0,0,0,0,236.1,0.41,1991-10-04,9,1.1794309596682293,True,13.245268640938136,0.26365755134376234
BKR101_P001,101,P001,1992,1,295,1992-01-11,11,99,133,488,0,0,234236,1,wheat/winter wheat,-7,-3.2,1,0,3.77,74,0,0,0,0,0,236,0.4099,1991-10-04,9,1.1794309596682293,True,13.245268640938136,0.26365755134376234
BKR101_P001,101,P001,1992,1,295,1992-01-12,12,100,133,488,0,0,234236,1,wheat/winter wheat,-3,1,3.5,0,1.94,77,7.8,0,0,0.3,0,240.7,0.4098,1991-10-04,9,1.1794309596682293,True,13.245268640938136,0.26365755134376234
BKR101_P001,101,P001,1992,1,295,1992-01-13,13,101,133,488,0,0,234236,1,wheat/winter wheat,-1.5,-1,0,1,0.72,79,2.5,0,0,0,0,240.6,0.4169,1991-10-04,9,1.1794309596682293,True,13.245268640938136,0.26365755134376234
BKR101_P001,101,P001,1992,1,295,1992-01-14,14,102,133,488,0,0,234236,1,wheat/winter wheat,0,3.6,6,0,0.72,78,8.3,0,0,0.3,0,243.2,0.4168,1991-10-04,9,1.1794309596682293,True,13.245268640938136,0.26365755134376234
BKR101_P001,101,P001,1992,1,295,1992-01-15,15,103,133,488,0,0,234236,1,wheat/winter wheat,5,5.7,6,0,0.72,70,8.6,0,0,0.4,0,245.8,0.4207,1991-10-04,9,1.1794309596682293,True,13.245268640938136,0.26365755134376234
BKR101_P001,101,P001,1992,1,295,1992-01-16,16,104,133,488,0,0,234236,1,wheat/winter wheat,3,4.6,6,1,0.72,69,8.3,0,0,0.4,0,248.5,0.4246,1991-10-04,9,1.1794309596682293,True,13.245268640938136,0.26365755134376234
BKR101_P001,101,P001,1992,1,295,1992-01-17,17,105,133,488,0,0,234236,1,wheat/winter wheat,-1,2.8,4,0,5.36,59,7.8,0,0,0.6,0,255.7,0.4285,1991-10-04,9,1.1794309596682293,True,13.245268640938136,0.26365755134376234
BKR101_P001,101,P001,1992,1,295,1992-01-18,18,106,133,488,0,0,234236,1,wheat/winter wheat,-1,2.8,6,3,0.72,76,6.1,0,0,0.3,0,258.5,0.4389,1991-10-04,9,1.1794309596682293,True,13.245268640938136,0.26365755134376234
BKR101_P001,101,P001,1992,1,295,1992-01-19,19,107,133,488,0,0,234236,1,wheat/winter wheat,0,4.4,6,12,0.72,78,6.1,0,0,0.3,0,261.6,0.4431,1991-10-04,9,1.1794309596682293,True,13.245268640938136,0.26365755134376234
BKR101_P001,101,P001,1992,1,295,1992-01-20,20,108,133,488,0,0,234236,1,wheat/winter wheat,-5,-0.4,4.5,0,1.03,81,7.8,0,0,0,0,261.4,0.4475,1991-10-04,9,1.1794309596682293,True,13.245268640938136,0.26365755134376234
BKR101_P001,101,P001,1992,1,295,1992-01-21,21,109,133,488,0,0,234236,1,wheat/winter wheat,-9,-6.2,-3,0,2.6,73,0,0,0,0,0,261.3,0.4474,1991-10-04,9,1.1794309596682293,True,13.245268640938136,0.26365755134376234
BKR101_P001,101,P001,1992,1,295,1992-01-22,22,110,133,488,0,0,234236,1,wheat/winter wheat,-10.5,-7.5,-4,0,5.79,71,2.2,0,0,0,0,261.2,0.4473,1991-10-04,9,1.1794309596682293,True,13.245268640938136,0.26365755134376234
BKR101_P001,101,P001,1992,1,295,1992-01-23,23,111,133,488,0,0,234236,1,wheat/winter wheat,-13,-8.2,-4,0,3.68,68,3.6,0,0,0,0,261.2,0.4472,1991-10-04,9,1.1794309596682293,True,13.245268640938136,0.26365755134376234
BKR101_P001,101,P001,1992,1,295,1992-01-24,24,112,133,488,0,0,234236,1,wheat/winter wheat,-9,-6.9,-4,0,3.54,70,2.2,0,0,0,0,261.1,0.4471,1991-10-04,9,1.1794309596682293,True,13.245268640938136,0.26365755134376234
BKR101_P001,101,P001,1992,1,295,1992-01-25,25,113,133,488,0,0,234236,1,wheat/winter wheat,-9,-7.5,-6.5,0,0.79,79,0,0,0,0,0,261,0.447,1991-10-04,9,1.1794309596682293,True,13.245268640938136,0.26365755134376234
BKR101_P001,101,P001,1992,1,295,1992-01-26,26,114,133,488,0,0,234236,1,wheat/winter wheat,-7,-4.3,-2,0,0.79,79,1.1,0,0,0,0,260.9,0.447,1991-10-04,9,1.1794309596682293,True,13.245268640938136,0.26365755134376234
BKR101_P001,101,P001,1992,1,295,1992-01-27,27,115,133,488,0,0,234236,1,wheat/winter wheat,-1.5,0,1,0,0.79,80,1.4,0,0,0.2,0,264.4,0.4468,1991-10-04,9,1.1794309596682293,True,13.245268640938136,0.26365755134376234
BKR101_P001,101,P001,1992,1,295,1992-01-28,28,116,133,488,0,0,234236,1,wheat/winter wheat,-2.5,-1.2,0,0,0.79,79,2.5,0,0,0,0,264.3,0.452,1991-10-04,9,1.1794309596682293,True,13.245268640938136,0.26365755134376234
BKR101_P001,101,P001,1992,1,295,1992-01-29,29,117,133,488,0,0,234236,1,wheat/winter wheat,-1,-0.3,0.5,0,0.79,79,2.2,0,0,0,0,264.1,0.4518,1991-10-04,9,1.1794309596682293,True,13.245268640938136,0.26365755134376234
BKR101_P001,101,P001,1992,1,295,1992-01-30,30,118,133,488,0,0,234236,1,wheat/winter wheat,-1.5,-0.1,1,0,2.24,77,1.1,0,0,0,0,264,0.4517,1991-10-04,9,1.1794309596682293,True,13.245268640938136,0.26365755134376234
BKR101_P001,101,P001,1992,1,295,1992-01-31,31,119,133,488,0,0,234236,1,wheat/winter wheat,-2.5,-2.1,-1.5,0,0.79,78,1.1,0,0,0,0,263.8,0.4516,1991-10-04,9,1.1794309596682293,True,13.245268640938136,0.26365755134376234
BKR101_P001,101,P001,1992,1,295,1992-02-01,32,120,133,488,0,0,234236,1,wheat/winter wheat,-2,-1.5,-1,0,0.86,78,2.5,0,0,0,0,263.7,0.4514,1991-10-04,9,1.1794309596682293,True,13.245268640938136,0.26365755134376234
BKR101_P001,101,P001,1992,1,295,1992-02-02,33,121,133,488,0,0,234236,1,wheat/winter wheat,-2,-1.3,-0.5,1,0.86,78,5,0,0,0,0,263.6,0.4513,1991-10-04,9,1.1794309596682293,True,13.245268640938136,0.26365755134376234
BKR101_P001,101,P001,1992,1,295,1992-02-03,34,122,133,488,0,0,234236,1,wheat/winter wheat,-1,1.2,4,6,1.78,74,6.7,0,0,0.4,0,269,0.4512,1991-10-04,9,1.1794309596682293,True,13.245268640938136,0.26365755134376234
BKR101_P001,101,P001,1992,1,295,1992-02-04,35,123,133,488,0,0,234236,1,wheat/winter wheat,0,1.9,3,0,5.14,68,9.2,0,0,0.7,0,278.4,0.4589,1991-10-04,9,1.1794309596682293,True,13.245268640938136,0.26365755134376234
BKR101_P001,101,P001,1992,1,295,1992-02-05,36,124,133,488,0,0,234236,1,wheat/winter wheat,0,1.3,2.5,1,0.86,75,8.6,0,0,0.4,0,283.2,0.4726,1991-10-04,9,1.1794309596682293,True,13.245268640938136,0.26365755134376234
BKR101_P001,101,P001,1992,1,295,1992-02-06,37,125,133,488,0,0,234236,1,wheat/winter wheat,-1,2.1,6,1,0.86,78,1.4,0,0,0.4,0,288.2,0.4795,1991-10-04,9,1.1794309596682293,True,13.245268640938136,0.26365755134376234
BKR101_P001,101,P001,1992,1,295,1992-02-07,38,126,133,488,0,0,234236,1,wheat/winter wheat,6,6.3,7.5,0,2.54,70,8.6,0,0,0.9,0,296.4,0.4867,1991-10-04,9,1.1794309596682293,True,13.245268640938136,0.26365755134376234
BKR101_P001,101,P001,1992,1,295,1992-02-08,39,127,133,488,0,0,234236,1,wheat/winter wheat,0,3.7,6,0,0.86,72,4.2,0,0,0.5,0,302.1,0.4983,1991-10-04,9,1.1794309596682293,True,13.245268640938136,0.26365755134376234
BKR101_P001,101,P001,1992,1,295,1992-02-09,40,128,133,488,0,0,234236,1,wheat/winter wheat,-2,1.9,8,0,3.97,77,3.6,0,0,0.5,0,311.2,0.5063,1991-10-04,9,1.1794309596682293,True,13.245268640938136,0.26365755134376234
BKR101_P001,101,P001,1992,1,295,1992-02-10,41,129,133,488,0,0,234236,1,wheat/winter wheat,1,3.4,6.5,1,2.71,75,3.1,0,0,0.5,0,319.7,0.5193,1991-10-04,9,1.1794309596682293,True,13.245268640938136,0.26365755134376234
BKR101_P001,101,P001,1992,1,295,1992-02-11,42,130,133,488,0,0,234236,1,wheat/winter wheat,1,2.5,4,4,0.92,79,4.7,0,0,0.4,0,326.1,0.5311,1991-10-04,9,1.1794309596682293,True,13.245268640938136,0.26365755134376234
BKR101_P001,101,P001,1992,1,295,1992-02-12,43,131,133,488,0,0,234236,1,wheat/winter wheat,3,4.4,6,0,1.68,77,1.1,0,0,0.4,0,333.7,0.54,1991-10-04,9,1.1794309596682293,True,13.245268640938136,0.26365755134376234
BKR101_P001,101,P001,1992,1,295,1992-02-13,44,132,133,488,0,0,234236,1,wheat/winter wheat,4.5,6.6,9,2,0.92,76,3.6,0,0,0.6,0,340.9,0.5506,1991-10-04,9,1.1794309596682293,True,13.245268640938136,0.26365755134376234
BKR101_P001,101,P001,1992,1,295,1992-02-14,45,133,133,488,0,0,234236,1,wheat/winter wheat,1,2.8,5,3,3.4,75,5.8,0,0,0.6,0,351.1,0.5604,1991-10-04,9,1.1794309596682293,True,13.245268640938136,0.26365755134376234
BKR101_P001,101,P001,1992,1,295,1992-02-15,46,134,133,488,0,0,234236,1,wheat/winter wheat,1,4,7,1,0.92,73,6.1,0,0,0.6,0,358.9,0.5744,1991-10-04,9,1.1794309596682293,True,13.245268640938136,0.26365755134376234
BKR101_P001,101,P001,1992,1,295,1992-02-16,47,135,133,488,0,0,234236,1,wheat/winter wheat,-1,1.4,3.5,2,1.4,70,9.2,0,0,0.5,0,366.8,0.5849,1991-10-04,9,1.1794309596682293,True,13.245268640938136,0.26365755134376234
BKR101_P001,101,P001,1992,1,295,1992-02-17,48,136,133,488,0,0,234236,1,wheat/winter wheat,-4.5,-1.8,0,1,4.74,73,4.7,0,0,0,0,366.7,0.5957,1991-10-04,9,1.1794309596682293,True,13.245268640938136,0.26365755134376234
BKR101_P001,101,P001,1992,1,295,1992-02-18,49,137,133,488,0,0,234236,1,wheat/winter wheat,-6,-3.1,-1,0,5.31,69,3.1,0,0,0,0,366.5,0.5955,1991-10-04,9,1.1794309596682293,True,13.245268640938136,0.26365755134376234
BKR101_P001,101,P001,1992,1,295,1992-02-19,50,138,133,488,0,0,234236,1,wheat/winter wheat,-3,-0.7,0.5,1,0.92,72,5.8,0,0,0,0,366.3,0.5953,1991-10-04,9,1.1794309596682293,True,13.245268640938136,0.26365755134376234
BKR101_P001,101,P001,1992,1,295,1992-02-20,51,139,133,488,0,0,234236,1,wheat/winter wheat,-4,-1.2,1.5,0,2.16,78,3.6,0,0,0,0,366.2,0.5952,1991-10-04,9,1.1794309596682293,True,13.245268640938136,0.26365755134376234
BKR101_P001,101,P001,1992,1,295,1992-02-21,52,140,133,488,0,0,234236,1,wheat/winter wheat,0,1.3,2.5,0,1.64,80,6.1,0,0,0.4,0,375.2,0.595,1991-10-04,9,1.1794309596682293,True,13.245268640938136,0.26365755134376234
BKR101_P001,101,P001,1992,1,295,1992-02-22,53,141,133,488,0,0,234236,1,wheat/winter wheat,1,3.1,4.5,2,2.45,72,4.7,0,0,0.6,0,386,0.6072,1991-10-04,9,1.1794309596682293,True,13.245268640938136,0.26365755134376234
BKR101_P001,101,P001,1992,1,295,1992-02-23,54,142,133,488,0,0,234236,1,wheat/winter wheat,2.5,4.8,8,0,3.5,70,10.8,0,0,1,0,399,0.6217,1991-10-04,9,1.1794309596682293,True,13.245268640938136,0.26365755134376234
BKR101_P001,101,P001,1992,1,295,1992-02-24,55,143,133,488,0,0,234236,1,wheat/winter wheat,1.5,3.5,6.5,0,7.34,72,4.7,0,0,0.9,0,416.9,0.6391,1991-10-04,9,1.1794309596682293,True,13.245268640938136,0.26365755134376234
BKR101_P001,101,P001,1992,1,295,1992-02-25,56,144,133,488,0,0,234236,1,wheat/winter wheat,1,3.7,7,0,1.64,74,0,0,0,0.5,0,428.1,0.6627,1991-10-04,9,1.1794309596682293,True,13.245268640938136,0.26365755134376234
BKR101_P001,101,P001,1992,1,295,1992-02-26,57,145,133,488,0,0,234236,1,wheat/winter wheat,-2,2.5,7.5,0,3.97,73,1.4,0,0,0.6,0,442,0.6775,1991-10-04,9,1.1794309596682293,True,13.245268640938136,0.26365755134376234
BKR101_P001,101,P001,1992,1,295,1992-02-27,58,146,133,488,0,0,234236,1,wheat/winter wheat,1,4.3,9,0,6.64,74,3.1,0,0,0.8,0,461.1,0.6957,1991-10-04,9,1.1794309596682293,True,13.245268640938136,0.26365755134376234
BKR101_P001,101,P001,1992,1,295,1992-02-28,59,147,133,488,0,0,234236,1,wheat/winter wheat,-4,1.1,6,0,6.99,79,1.1,0,0,0.5,0,478.1,0.7205,1991-10-04,9,1.1794309596682293,True,13.245268640938136,0.26365755134376234
BKR101_P001,101,P001,1992,1,295,1992-02-29,60,148,133,488,0,0,234236,1,wheat/winter wheat,3,6.8,12,0,4.08,68,4.2,0,0,1.2,0,496.1,0.7427,1991-10-04,9,1.1794309596682293,True,13.245268640938136,0.26365755134376234
BKR101_P001,101,P001,1992,1,295,1992-03-01,61,149,133,488,0,0,234236,1,wheat/winter wheat,4,8,14,0,13.75,68,3.1,0,0,1.4,0,526,0.7656,1991-10-04,9,1.1794309596682293,True,13.245268640938136,0.26365755134376234
BKR101_P001,101,P001,1992,1,295,1992-03-02,62,150,133,488,0,0,234236,1,wheat/winter wheat,5,6.9,13,1,8.12,61,3.1,0,0,1.5,0,553,0.8033,1991-10-04,9,1.1794309596682293,True,13.245268640938136,0.26365755134376234
BKR101_P001,101,P001,1992,1,295,1992-03-03,63,151,133,488,0,0,234236,1,wheat/winter wheat,4,5.5,7,0,2.9,70,11.7,0,0,1.1,0,571.3,0.8368,1991-10-04,9,1.1794309596682293,True,13.245268640938136,0.26365755134376234
BKR101_P001,101,P001,1992,1,295,1992-03-04,64,152,133,488,0,0,234236,1,wheat/winter wheat,4,6.9,11,0,12.65,61,5,0,0,1.8,0,605,0.8591,1991-10-04,9,1.1794309596682293,True,13.245268640938136,0.26365755134376234
BKR101_P001,101,P001,1992,1,295,1992-03-05,65,153,133,488,0,0,234236,1,wheat/winter wheat,4,7.5,13,0,21.85,68,1.4,0,0,1.3,0,641.3,0.8997,1991-10-04,9,1.1794309596682293,True,13.245268640938136,0.26365755134376234
BKR101_P001,101,P001,1992,1,295,1992-03-06,66,154,133,488,0,0,234236,1,wheat/winter wheat,1.5,5,10,1,3.45,72,3.6,0,0,0.9,0,662.7,0.9427,1991-10-04,9,1.1794309596682293,True,13.245268640938136,0.26365755134376234
BKR101_P001,101,P001,1992,1,295,1992-03-07,67,155,133,488,0,0,234236,1,wheat/winter wheat,5.5,6,7,0,2.35,77,3.1,0,0,0.8,0,683.6,0.9678,1991-10-04,9,1.1794309596682293,True,13.245268640938136,0.26365755134376234
BKR101_P001,101,P001,1992,1,295,1992-03-08,68,156,133,488,0,0,234236,1,wheat/winter wheat,0,5.7,11,0,12.79,57,3.1,0,0,1.6,0,722.1,0.9919,1991-10-04,9,1.1794309596682293,True,13.245268640938136,0.26365755134376234
BKR101_P001,101,P001,1992,1,295,1992-03-09,69,157,133,488,0,0,234236,1,wheat/winter wheat,-0.5,4.5,11.5,0,13.2,55,4.2,0,0,1.8,0,759.5,1.0358,1991-10-04,9,1.1794309596682293,True,13.245268640938136,0.26365755134376234
BKR101_P001,101,P001,1992,1,295,1992-03-10,70,158,133,488,0,0,234236,1,wheat/winter wheat,-2.5,4.7,12.5,0,13.48,53,2.2,0,0,1.6,0,799.3,1.0781,1991-10-04,9,1.1794309596682293,True,13.245268640938136,0.26365755134376234
BKR101_P001,101,P001,1992,1,295,1992-03-11,71,159,133,488,0,0,234236,1,wheat/winter wheat,1,4,6.5,2,7.66,65,5.8,0,0,1.3,0,832.8,1.1225,1991-10-04,9,1.1794309596682293,True,13.245268640938136,0.26365755134376234
BKR101_P001,101,P001,1992,1,295,1992-03-12,72,160,133,488,0,0,234236,1,wheat/winter wheat,-0.5,3.1,6,14,3.23,75,5.8,0,0,0.8,0,858.7,1.1596,1991-10-04,9,1.1794309596682293,True,13.245268640938136,0.26365755134376234
BKR101_P001,101,P001,1992,1,295,1992-03-13,73,161,133,488,0,0,234236,1,wheat/winter wheat,0,2.8,6,3,3.23,74,7.8,0,0,0.9,0,885,1.1881,1991-10-04,9,1.1794309596682293,True,13.245268640938136,0.26365755134376234
BKR101_P001,101,P001,1992,1,295,1992-03-14,74,162,133,488,0,0,234236,1,wheat/winter wheat,-0.5,1.1,3,1,14.94,50,9.7,0,0,1.7,0,922.4,1.2169,1991-10-04,9,1.1794309596682293,True,13.245268640938136,0.26365755134376234
BKR101_P001,101,P001,1992,1,295,1992-03-15,75,163,133,488,0,0,234236,1,wheat/winter wheat,-2.5,0.4,2,2,7.03,71,2.5,0,0,0.7,0,952.7,1.2578,1991-10-04,9,1.1794309596682293,True,13.245268640938136,0.26365755134376234
BKR101_P001,101,P001,1992,1,295,1992-03-16,76,164,133,488,0,0,234236,1,wheat/winter wheat,-1,2.5,6,0,13.52,55,7.2,0,0,1.7,0,996.7,1.291,1991-10-04,9,1.1794309596682293,True,13.245268640938136,0.26365755134376234
BKR101_P001,101,P001,1992,1,295,1992-03-17,77,165,133,488,0,0,234236,1,wheat/winter wheat,-2,2.3,5,0,4.34,70,2.5,0,0,0.8,0,1028.2,1.3389,1991-10-04,9,1.1794309596682293,True,13.245268640938136,0.26365755134376234
BKR101_P001,101,P001,1992,1,295,1992-03-18,78,166,133,488,0,0,234236,1,wheat/winter wheat,3.5,6.8,11,0,10.67,71,3.1,0,0,1.5,0,1080.4,1.3732,1991-10-04,9,1.1794309596682293,True,13.245268640938136,0.26365755134376234
BKR101_P001,101,P001,1992,1,295,1992-03-19,79,167,133,488,0,0,234236,1,wheat/winter wheat,-1,4.7,11.5,1,10.2,71,4.7,0,0,1.4,0,1128.3,1.429,1991-10-04,9,1.1794309596682293,True,13.245268640938136,0.26365755134376234
BKR101_P001,101,P001,1992,1,295,1992-03-20,80,168,133,488,0,0,234236,1,wheat/winter wheat,4,6.1,8,12,3.07,74,3.1,0,0,1,0,1164.2,1.4795,1991-10-04,9,1.1794309596682293,True,13.245268640938136,0.26365755134376234
BKR101_P001,101,P001,1992,1,295,1992-03-21,81,169,133,488,0,0,234236,1,wheat/winter wheat,4.5,8.3,11,6,3.96,75,2.5,0,0,1.1,0,1205,1.5169,1991-10-04,9,1.1794309596682293,True,13.245268640938136,0.26365755134376234
BKR101_P001,101,P001,1992,1,295,1992-03-22,82,170,133,488,0,0,234236,1,wheat/winter wheat,4,5.5,8,5,6.94,66,8.6,0,0,1.7,0,1252.1,1.5583,1991-10-04,9,1.1794309596682293,True,13.245268640938136,0.26365755134376234
BKR101_P001,101,P001,1992,1,295,1992-03-23,83,171,133,488,0,0,234236,1,wheat/winter wheat,0.1,3.7,7.3,1,0.941,86,0.9,0,0,0.5,0,1289.7,1.6055,1991-10-04,9,1.1794309596682293,True,13.245268640938136,0.26365755134376234
BKR101_P001,101,P001,1992,1,295,1992-03-24,84,172,133,488,0,0,234236,1,wheat/winter wheat,-1.5,2.7,6.2,0,6.982,90,3.3,0,0,0.6,0,1334.6,1.6428,1991-10-04,9,1.1794309596682293,True,13.245268640938136,0.26365755134376234
BKR101_P001,101,P001,1992,1,295,1992-03-25,85,173,133,488,0,0,234236,1,wheat/winter wheat,0.3,2.1,2.8,6.3,1.657,95,4.1,0,0,0.3,0,1373.2,1.6872,1991-10-04,9,1.1794309596682293,True,13.245268640938136,0.26365755134376234
BKR101_P001,101,P001,1992,1,295,1992-03-26,86,174,133,488,0,0,234236,1,wheat/winter wheat,1.1,3.5,6.7,0.2,7.5,84,3.2,0,0,0.8,0,1422.8,1.7252,1991-10-04,9,1.1794309596682293,True,13.245268640938136,0.26365755134376234
BKR101_P001,101,P001,1992,1,295,1992-03-27,87,175,133,488,0,0,234236,1,wheat/winter wheat,1.5,2.5,4.5,1.4,6.195,92,2.8,0,0,0.6,0,1469.2,1.7736,1991-10-04,9,1.1794309596682293,True,13.245268640938136,0.26365755134376234
BKR101_P001,101,P001,1992,1,295,1992-03-28,88,176,133,488,0,0,234236,1,wheat/winter wheat,0.5,1.9,3.7,3.2,7.76,92,4.9,0,0,0.6,0,1518.3,1.8187,1991-10-04,9,1.1794309596682293,True,13.245268640938136,0.26365755134376234
BKR101_P001,101,P001,1992,1,295,1992-03-29,89,177,133,488,0,0,234236,1,wheat/winter wheat,-0.6,1.5,4.1,0.7,8.971,89,3.7,0,0,0.7,0,1569.5,1.8663,1991-10-04,9,1.1794309596682293,True,13.245268640938136,0.26365755134376234
BKR101_P001,101,P001,1992,1,295,1992-03-30,90,178,133,488,0,0,234236,1,wheat/winter wheat,-3.2,1.2,5,0,11.857,85,2.9,0,0,0.9,0,1625.5,1.9157,1991-10-04,9,1.1794309596682293,True,13.245268640938136,0.26365755134376234
BKR101_P001,101,P001,1992,1,295,1992-03-31,91,179,133,488,0,0,234236,1,wheat/winter wheat,-0.3,5.6,12.4,0,17.459,76,5.7,0,0,1.9,0,1710.7,1.9699,1991-10-04,9,1.1794309596682293,True,13.245268640938136,0.26365755134376234
BKR101_P001,101,P001,1992,1,295,1992-04-01,92,180,133,488,0,0,234236,1,wheat/winter wheat,2.4,7.4,14.9,2.6,11.068,83,5.5,0,0,1.5,0,1785.3,2.051,1991-10-04,9,1.1794309596682293,True,13.245268640938136,0.26365755134376234
BKR101_P001,101,P001,1992,1,295,1992-04-02,93,181,133,488,0,0,234236,1,wheat/winter wheat,2.8,7.2,12.9,0,17.325,75,4.5,0,0,2.1,0,1883.5,2.1206,1991-10-04,9,1.1794309596682293,True,13.245268640938136,0.26365755134376234
BKR101_P001,101,P001,1992,1,295,1992-04-03,94,182,133,488,0,0,234236,1,wheat/winter wheat,0.6,5.9,10.3,0,13.225,84,3.4,0,0,1.3,0,1967.7,2.2102,1991-10-04,9,1.1794309596682293,True,13.245268640938136,0.26365755134376234
BKR101_P001,101,P001,1992,1,295,1992-04-04,95,183,133,488,0,0,234236,1,wheat/winter wheat,1.6,5.3,8.5,0,12.408,79,4.2,0,0,1.4,0,2049.8,2.2857,1991-10-04,9,1.1794309596682293,True,13.245268640938136,0.26365755134376234
BKR101_P001,101,P001,1992,1,295,1992-04-05,96,184,133,488,0,0,234236,1,wheat/winter wheat,-0.4,3.7,7.1,0,11.725,80,3,0,0,1.2,0,2126.3,2.3582,1991-10-04,9,1.1794309596682293,True,13.245268640938136,0.26365755134376234
BKR101_P001,101,P001,1992,1,295,1992-04-06,97,185,133,488,0,0,234236,1,wheat/winter wheat,-1.1,4.1,8.2,0.1,8.571,84,2.5,0,0,1,0,2197.3,2.425,1991-10-04,9,1.1794309596682293,True,13.245268640938136,0.26365755134376234
BKR101_P001,101,P001,1992,1,295,1992-04-07,98,186,133,488,0,0,234236,1,wheat/winter wheat,2.1,6.7,11.1,0,12.082,75,1.8,0,0,1.5,0,2288,2.4865,1991-10-04,9,1.1794309596682293,True,13.245268640938136,0.26365755134376234
BKR101_P001,101,P001,1992,1,295,1992-04-08,99,187,133,488,0,0,234236,1,wheat/winter wheat,3,7.2,12.3,0,13.904,70,1.4,0,0,1.8,0,2388.4,2.5633,1991-10-04,9,1.1794309596682293,True,13.245268640938136,0.26365755134376234
BKR101_P001,101,P001,1992,1,295,1992-04-09,100,188,133,488,0,0,234236,1,wheat/winter wheat,-0.5,5.8,11.5,0,18.94,73,2.4,0,0,2,0,2503.4,2.6464,1991-10-04,9,1.1794309596682293,True,13.245268640938136,0.26365755134376234
BKR101_P001,101,P001,1992,1,295,1992-04-10,101,189,133,488,0,0,234236,1,wheat/winter wheat,-1.5,6.8,13.2,0,19.844,68,0.9,0,0,2.1,0,2630.3,2.7399,1991-10-04,9,1.1794309596682293,True,13.245268640938136,0.26365755134376234
BKR101_P001,101,P001,1992,1,295,1992-04-11,102,190,133,488,0,0,234236,1,wheat/winter wheat,4.4,10.2,15.6,0,15.731,68,2.7,0,0,2.5,0,2757,2.8409,1991-10-04,9,1.1794309596682293,True,13.245268640938136,0.26365755134376234
BKR101_P001,101,P001,1992,1,295,1992-04-12,103,191,133,488,0,0,234236,1,wheat/winter wheat,6.8,11.5,16.6,0,16.258,71,3.4,0,0,2.7,0,2892.9,2.9382,1991-10-04,9,1.1794309596682293,True,13.245268640938136,0.26365755134376234
BKR101_P001,101,P001,1992,1,295,1992-04-13,104,192,133,488,0,0,234236,1,wheat/winter wheat,7.3,8.5,10.1,2.1,0.853,87,4.3,0,0,0.8,0,2966.7,3.0382,1991-10-04,9,1.1794309596682293,True,13.245268640938136,0.26365755134376234
BKR101_P001,101,P001,1992,1,295,1992-04-14,105,193,133,488,0,0,234236,1,wheat/winter wheat,5,7.3,10,0.1,7.813,82,5.5,0,0,1.4,0,3057.4,3.0908,1991-10-04,9,1.1794309596682293,True,13.245268640938136,0.26365755134376234
BKR101_P001,101,P001,1992,1,295,1992-04-15,106,194,133,488,0,0,234236,1,wheat/winter wheat,2.4,7.6,14,1,9.26,79,3.7,0,0,1.6,0,3154.5,3.1539,1991-10-04,9,1.1794309596682293,True,13.245268640938136,0.26365755134376234
BKR101_P001,101,P001,1992,1,295,1992-04-16,107,195,133,488,0,0,234236,1,wheat/winter wheat,1.6,5.1,7.1,2.3,6.421,86,4.9,0,0,0.9,0,3240.2,3.2193,1991-10-04,9,1.1794309596682293,True,13.245268640938136,0.26365755134376234
BKR101_P001,101,P001,1992,1,295,1992-04-17,108,196,133,488,0,0,234236,1,wheat/winter wheat,-0.1,2.7,6,2.1,13.913,87,3.8,0,0,1.1,0,3342.1,3.2761,1991-10-04,9,1.1794309596682293,True,13.245268640938136,0.26365755134376234
BKR101_P001,101,P001,1992,1,295,1992-04-18,109,197,133,488,0,0,234236,1,wheat/winter wheat,1.7,6.3,9.9,1.7,11.61,88,5.2,0,0,1.3,0,3453.1,3.3431,1991-10-04,9,1.1794309596682293,True,13.245268640938136,0.26365755134376234
BKR101_P001,101,P001,1992,1,295,1992-04-19,110,198,133,488,0,0,234236,1,wheat/winter wheat,5.4,8.2,10,1.9,15.128,72,7.7,0,0,2.5,0,3590.1,3.4144,1991-10-04,9,1.1794309596682293,True,13.245268640938136,0.26365755134376234
BKR101_P001,101,P001,1992,1,295,1992-04-20,111,199,133,488,0,0,234236,1,wheat/winter wheat,1.4,5.6,8.8,0,18.68,59,5.8,0,0,2.7,0,3731.3,3.4996,1991-10-04,9,1.1794309596682293,True,13.245268640938136,0.26365755134376234
BKR101_P001,101,P001,1992,1,295,1992-04-21,112,200,133,488,0,0,234236,1,wheat/winter wheat,-1,6.2,11.3,0,22.453,61,3.1,0,0,2.8,0,3894.1,3.5854,1991-10-04,9,1.1794309596682293,True,13.245268640938136,0.26365755134376234
BKR101_P001,101,P001,1992,1,295,1992-04-22,113,201,133,488,0,0,234236,1,wheat/winter wheat,2,8.2,12.8,0,16.247,59,4.1,0,0,2.9,0,4041.5,3.6821,1991-10-04,9,1.1794309596682293,True,13.245268640938136,0.26365755134376234
BKR101_P001,101,P001,1992,1,295,1992-04-23,114,202,133,488,0,0,234236,1,wheat/winter wheat,3,6.5,9.4,0,9.388,78,2.3,0,0,1.4,0,4152,3.7665,1991-10-04,9,1.1794309596682293,True,13.245268640938136,0.26365755134376234
BKR101_P001,101,P001,1992,1,295,1992-04-24,115,203,133,488,0,0,234236,1,wheat/winter wheat,5.4,10.4,15.1,0,11.982,75,1.9,0,0,2,0,4284.4,3.8281,1991-10-04,9,1.1794309596682293,True,13.245268640938136,0.26365755134376234
BKR101_P001,101,P001,1992,1,295,1992-04-25,116,204,133,488,0,0,234236,1,wheat/winter wheat,7.8,15.3,24.1,1.7,18.803,71,3.6,0,0,3.9,0,4460,3.8982,1991-10-04,9,1.1794309596682293,True,13.245268640938136,0.26365755134376234
BKR101_P001,101,P001,1992,1,295,1992-04-26,117,205,133,488,0,0,234236,1,wheat/winter wheat,10.2,13.9,19,2.8,12.85,81,2,0,0,2.3,0,4600.2,3.9872,1991-10-04,9,1.1794309596682293,True,13.245268640938136,0.26365755134376234
BKR101_P001,101,P001,1992,1,295,1992-04-27,118,206,133,488,0,0,234236,1,wheat/winter wheat,6.6,12.8,15.5,0,14.213,74,4.4,0,0,2.7,0,4758.7,4.0579,1991-10-04,9,1.1794309596682293,True,13.245268640938136,0.26365755134376234
BKR101_P001,101,P001,1992,1,295,1992-04-28,119,207,133,488,0,0,234236,1,wheat/winter wheat,4.8,12.1,17,0.1,13.885,67,3.5,0,0,2.9,0,4911.5,4.1373,1991-10-04,9,1.1794309596682293,True,13.245268640938136,0.26365755134376234
BKR101_P001,101,P001,1992,1,295,1992-04-29,120,208,133,488,0,0,234236,1,wheat/winter wheat,6.9,10.6,12.8,2.2,9.451,86,3.8,0,0,1.6,0,5036,4.2134,1991-10-04,9,1.1794309596682293,True,13.245268640938136,0.26365755134376234
BKR101_P001,101,P001,1992,1,295,1992-04-30,121,209,133,488,0,0,234236,1,wheat/winter wheat,2.8,9.6,14.8,0,16.828,70,2.3,0,0,2.6,0,5202.8,4.2751,1991-10-04,9,1.1794309596682293,True,13.245268640938136,0.26365755134376234
BKR101_P001,101,P001,1992,1,295,1992-05-01,122,210,133,488,0,0,234236,1,wheat/winter wheat,6.1,12.4,17.1,0.2,16.585,68,4.9,0,0,3.4,0,5376.2,4.3572,1991-10-04,9,1.1794309596682293,True,13.245268640938136,0.26365755134376234
BKR101_P001,101,P001,1992,1,295,1992-05-02,123,211,133,488,0,0,234236,1,wheat/winter wheat,5.7,8.2,10.2,3,7.744,90,2,0,0,1.2,0,5490,4.4421,1991-10-04,9,1.1794309596682293,True,13.245268640938136,0.26365755134376234
BKR101_P001,101,P001,1992,1,295,1992-05-03,124,212,133,488,0,0,234236,1,wheat/winter wheat,6,9.1,11.9,0.1,15.686,76,2.9,0,0,2.3,0,5651.9,4.4977,1991-10-04,9,1.1794309596682293,True,13.245268640938136,0.26365755134376234
BKR101_P001,101,P001,1992,1,295,1992-05-04,125,213,133,488,0,0,234236,1,wheat/winter wheat,2.5,8.3,13,0,25.974,70,1.6,0,0,3.1,0,5868.3,4.5763,1991-10-04,9,1.1794309596682293,True,13.245268640938136,0.26365755134376234
BKR101_P001,101,P001,1992,1,295,1992-05-05,126,214,133,488,0,0,234236,1,wheat/winter wheat,1.4,9.9,15.8,0,25.763,67,1.3,0,0,3.3,0,6096.4,4.6808,1991-10-04,9,1.1794309596682293,True,13.245268640938136,0.26365755134376234
BKR101_P001,101,P001,1992,1,295,1992-05-06,127,215,133,488,0,0,234236,1,wheat/winter wheat,4.4,12.4,17.6,0,21.625,66,3.2,0,0,3.7,0,6309.3,4.7904,1991-10-04,9,1.1794309596682293,True,13.245268640938136,0.26365755134376234
BKR101_P001,101,P001,1992,1,295,1992-05-07,128,216,133,488,0,0,234236,1,wheat/winter wheat,11.5,13.3,16.3,2.4,6.94,87,4.5,0,0,1.6,0,6413.1,4.8918,1991-10-04,9,1.1794309596682293,True,13.245268640938136,0.26365755134376234
BKR101_P001,101,P001,1992,1,295,1992-05-08,129,217,133,488,0,0,234236,1,wheat/winter wheat,5.1,10.5,17.1,2.7,4.78,88,5.3,0,0,1.3,0,6507.1,4.941,1991-10-04,9,1.1794309596682293,True,13.245268640938136,0.26365755134376234
BKR101_P001,101,P001,1992,1,295,1992-05-09,130,218,133,488,0,0,234236,1,wheat/winter wheat,4.3,7.5,11.4,2.4,13.221,85,4.4,0,0,1.8,0,6651.7,4.9853,1991-10-04,9,1.1794309596682293,True,13.245268640938136,0.26365755134376234
BKR101_P001,101,P001,1992,1,295,1992-05-10,131,219,133,488,0,0,234236,1,wheat/winter wheat,5.8,7.9,11,3.1,12.661,84,4.5,0,0,1.8,0,6803.8,5.0532,1991-10-04,9,1.1794309596682293,True,13.245268640938136,0.26365755134376234
BKR101_P001,101,P001,1992,1,295,1992-05-11,132,220,133,488,0,0,234236,1,wheat/winter wheat,4.8,7,10,10.9,5.555,95,2.6,0,0,0.9,0,6910.2,5.1243,1991-10-04,9,1.1794309596682293,True,13.245268640938136,0.26365755134376234
BKR101_P001,101,P001,1992,1,295,1992-05-12,133,221,133,488,0,0,234236,1,wheat/winter wheat,3.3,9.8,14.6,0.3,16.787,80,4.4,0,0,2.5,0,7096,5.1738,1991-10-04,9,1.1794309596682293,True,13.245268640938136,0.26365755134376234
BKR101_P001,101,P001,1992,1,295,1992-05-13,134,222,133,488,0,0,234236,1,wheat/winter wheat,12.2,15.6,20,0,18.084,78,4.1,0,0,3.5,0,7290.3,5.2595,1991-10-04,9,1.1794309596682293,True,13.245268640938136,0.26365755134376234
BKR101_P001,101,P001,1992,1,295,1992-05-14,135,223,133,488,0,0,234236,1,wheat/winter wheat,11.1,16.6,22,0,23.217,76,2.7,0,0,4.1,0,7525.6,5.3483,1991-10-04,9,1.1794309596682293,True,13.245268640938136,0.26365755134376234
BKR101_P001,101,P001,1992,1,295,1992-05-15,136,224,133,488,0,0,234236,1,wheat/winter wheat,11.2,17.9,24.4,0,26.553,64,3.7,0,0,5.6,0,7781.7,5.4547,1991-10-04,9,1.1794309596682293,True,13.245268640938136,0.26365755134376234
BKR101_P001,101,P001,1992,1,295,1992-05-16,137,225,133,488,0,0,234236,1,wheat/winter wheat,8.9,15.2,24.3,0,22.104,68,2.1,0,0,4.2,0,7993.5,5.5693,1991-10-04,9,1.1794309596682293,True,13.245268640938136,0.26365755134376234
BKR101_P001,101,P001,1992,1,295,1992-05-17,138,226,133,488,0,0,234236,1,wheat/winter wheat,7.7,12.2,17.1,0,22.841,77,3,0,0,3.5,0,8226.2,5.6633,1991-10-04,9,1.1794309596682293,True,13.245268640938136,0.26365755134376234
BKR101_P001,101,P001,1992,1,295,1992-05-18,139,227,133,488,0,0,234236,1,wheat/winter wheat,4.4,12.3,18.3,0,27.565,67,2.5,0,0,4.3,0,8497.5,5.7658,1991-10-04,9,1.1794309596682293,True,13.245268640938136,0.26365755134376234
BKR101_P001,101,P001,1992,1,295,1992-05-19,140,228,133,488,0,0,234236,1,wheat/winter wheat,6.9,14.6,21.4,0,27.761,71,2.4,0,0,4.6,0,8768.6,5.8843,1991-10-04,9,1.1794309596682293,True,13.245268640938136,0.26365755134376234
BKR101_P001,101,P001,1992,1,295,1992-05-20,141,229,133,488,0,0,234236,1,wheat/winter wheat,9.1,17.4,24.3,0,27.008,65,2.2,0,0,5,0,9027.9,6.0015,1991-10-04,9,1.1794309596682293,True,13.245268640938136,0.26365755134376234
BKR101_P001,101,P001,1992,1,295,1992-05-21,142,230,133,488,0,0,234236,1,wheat/winter wheat,10.4,19,25.8,0,25.792,65,1.8,0,0,4.9,0,9269.6,6.1121,1991-10-04,9,1.1794309596682293,True,13.245268640938136,0.26365755134376234
BKR101_P001,101,P001,1992,1,295,1992-05-22,143,231,133,488,0,0,234236,1,wheat/winter wheat,13.1,20,26.4,0,24.676,66,2.3,0,0,5.1,0,9492.7,6.214,1991-10-04,9,1.1794309596682293,True,13.245268640938136,0.26365755134376234
BKR101_P001,101,P001,1992,1,295,1992-05-23,144,232,133,488,0,0,234236,1,wheat/winter wheat,12.6,19.6,26.7,0,26.534,64,4,0,0,6.1,0,9729.4,6.3068,1991-10-04,9,1.1794309596682293,True,13.245268640938136,0.26365755134376234
BKR101_P001,101,P001,1992,1,295,1992-05-24,145,233,133,488,0,0,234236,1,wheat/winter wheat,10.5,17.4,23.8,0,28.822,57,4.7,0,0,6.6,0,10001.8,6.404,1991-10-04,9,1.1794309596682293,True,13.245268640938136,0.26365755134376234
BKR101_P001,101,P001,1992,1,295,1992-05-25,146,234,133,488,0,0,234236,1,wheat/winter wheat,9.3,16,22.2,0,28.856,52,4,0,0,6.3,0,10278.8,6.5147,1991-10-04,9,1.1794309596682293,True,13.245268640938136,0.26365755134376234
BKR101_P001,101,P001,1992,1,295,1992-05-26,147,235,133,488,0,0,234236,1,wheat/winter wheat,8.3,15.9,21.7,0,26.042,60,3.4,0,13.245,5.3,0,10535.3,6.626,1991-10-04,9,1.1794309596682293,True,13.245268640938136,0.26365755134376234
BKR101_P001,101,P001,1992,1,295,1992-05-27,148,236,133,488,0,0,234236,1,wheat/winter wheat,12.2,17.5,24,0,24.145,72,2.8,0,0,4.7,5.3,10765.9,6.728,1991-10-04,9,1.1794309596682293,True,13.245268640938136,0.26365755134376234
BKR101_P001,101,P001,1992,1,295,1992-05-28,149,237,133,488,0,0,234236,1,wheat/winter wheat,9.2,15.3,20.7,0,27.65,66,2.8,0,0,5,41.1,11045.5,6.8169,1991-10-04,9,1.1794309596682293,True,13.245268640938136,0.26365755134376234
BKR101_P001,101,P001,1992,1,295,1992-05-29,150,238,133,488,0,0,234236,1,wheat/winter wheat,10.6,16.5,22.1,0,22.554,67,3.2,0,0,4.6,96.3,11277,6.9106,1991-10-04,9,1.1794309596682293,True,13.245268640938136,0.26365755134376234
BKR101_P001,101,P001,1992,1,295,1992-05-30,151,239,133,488,0,0,234236,1,wheat/winter wheat,8.2,17.3,24.1,0,25.211,66,1.9,0,13.245,4.7,186.6,11534.7,6.9759,1991-10-04,9,1.1794309596682293,True,13.245268640938136,0.26365755134376234
BKR101_P001,101,P001,1992,1,295,1992-05-31,152,240,133,488,0,0,234236,1,wheat/winter wheat,10.4,17.9,24,0,26.542,65,2.1,0,0,5,312.3,11806,7.0347,1991-10-04,9,1.1794309596682293,True,13.245268640938136,0.26365755134376234
BKR101_P001,101,P001,1992,1,295,1992-06-01,153,241,133,488,0,0,234236,1,wheat/winter wheat,10.8,19.6,26.4,0,23.439,61,3.5,0,0,5.6,447.8,12038.4,7.0818,1991-10-04,9,1.1794309596682293,True,13.245268640938136,0.26365755134376234
BKR101_P001,101,P001,1992,1,295,1992-06-02,154,242,133,488,0,0,234236,1,wheat/winter wheat,13.5,21.9,28.5,0,25.697,57,5.1,0,0,7.3,617.6,12276.8,7.1088,1991-10-04,9,1.1794309596682293,True,13.245268640938136,0.26365755134376234
BKR101_P001,101,P001,1992,1,295,1992-06-03,155,243,133,488,0,0,234236,1,wheat/winter wheat,15.4,20.9,27.9,0,18.089,69,3.7,0,13.245,4.9,751.8,12439.5,7.1217,1991-10-04,9,1.1794309596682293,True,13.245268640938136,0.26365755134376234
BKR101_P001,101,P001,1992,1,295,1992-06-04,156,244,133,488,0,0,234236,1,wheat/winter wheat,14.2,22,29.2,0,27.434,59,4.3,0,0,7.2,960.5,12690.7,7.1209,1991-10-04,9,1.1794309596682293,True,13.245268640938136,0.26365755134376234
BKR101_P001,101,P001,1992,1,295,1992-06-05,157,245,133,488,0,0,234236,1,wheat/winter wheat,12.9,21.5,28.3,0,26.932,58,3.6,0,0,6.6,1175.6,12948,7.1098,1991-10-04,9,1.1794309596682293,True,13.245268640938136,0.26365755134376234
BKR101_P001,101,P001,1992,1,295,1992-06-06,158,246,133,488,0,0,234236,1,wheat/winter wheat,14.8,19.2,25.3,0.1,20.237,67,3.4,0,0,4.9,1317.2,13114.9,7.0888,1991-10-04,9,1.1794309596682293,True,13.245268640938136,0.26365755134376234
BKR101_P001,101,P001,1992,1,295,1992-06-07,159,247,133,488,0,0,234236,1,wheat/winter wheat,12.7,18.7,23.3,0,23.578,53,4,0,13.245,6,1484.5,13311.7,7.0597,1991-10-04,9,1.1794309596682293,True,13.245268640938136,0.26365755134376234
BKR101_P001,101,P001,1992,1,295,1992-06-08,160,248,133,488,0,0,234236,1,wheat/winter wheat,14,18.8,23.9,0,22.289,61,3.6,0,0,5.4,1614.6,13462.2,7.0229,1991-10-04,9,1.1794309596682293,True,13.245268640938136,0.26365755134376234
BKR101_P001,101,P001,1992,1,295,1992-06-09,161,249,133,488,0,0,234236,1,wheat/winter wheat,12.5,18.4,24.7,0.2,19.766,66,2.6,0,0,4.5,1725.2,13587.9,6.9781,1991-10-04,9,1.1794309596682293,True,13.245268640938136,0.26365755134376234
BKR101_P001,101,P001,1992,1,295,1992-06-10,162,250,133,488,0,0,234236,1,wheat/winter wheat,9.8,13.2,19.5,0.5,15.084,80,2.9,0,13.245,2.9,1814.3,13687.1,6.9259,1991-10-04,9,1.1794309596682293,True,13.245268640938136,0.26365755134376234
BKR101_P001,101,P001,1992,1,295,1992-06-11,163,251,133,488,0,0,234236,1,wheat/winter wheat,10.1,12.9,15.6,3.7,9.236,88,1.9,0,0,1.8,1877.6,13754.8,6.8706,1991-10-04,9,1.1794309596682293,True,13.245268640938136,0.26365755134376234
BKR101_P001,101,P001,1992,1,295,1992-06-12,164,252,133,488,0,0,234236,1,wheat/winter wheat,12,15.2,20.5,7.5,13.186,87,2.3,0,0,2.5,1962.9,13848.3,6.8124,1991-10-04,9,1.1794309596682293,True,13.245268640938136,0.26365755134376234
BKR101_P001,101,P001,1992,1,295,1992-06-13,165,253,133,488,0,0,234236,1,wheat/winter wheat,12,15.8,20.7,0,22.192,79,2.7,0,0,4,2111.4,14017.2,6.7496,1991-10-04,9,1.1794309596682293,True,13.245268640938136,0.26365755134376234
BKR101_P001,101,P001,1992,1,295,1992-06-14,166,254,133,488,0,0,234236,1,wheat/winter wheat,10.9,19.1,25.3,0,27.049,64,2.6,0,0,5.5,2299.5,14232.7,6.6821,1991-10-04,9,1.1794309596682293,True,13.245268640938136,0.26365755134376234
BKR101_P001,101,P001,1992,1,295,1992-06-15,167,255,133,488,0,0,234236,1,wheat/winter wheat,15.8,20.3,24.9,0,17.069,70,2,0,0,3.9,2407.6,14350.5,6.6074,1991-10-04,9,1.1794309596682293,True,13.245268640938136,0.26365755134376234
BKR101_P001,101,P001,1992,1,295,1992-06-16,168,256,133,488,0,0,234236,1,wheat/winter wheat,12.9,18.3,23.1,0,13.446,77,1.6,0,0,2.9,2499.4,14447.7,6.5248,1991-10-04,9,1.1794309596682293,True,13.245268640938136,0.26365755134376234
BKR101_P001,101,P001,1992,1,295,1992-06-17,169,257,133,488,0,0,234236,1,wheat/winter wheat,9.9,17.6,23.9,0,28.396,66,2,0,0,5.2,2687.1,14659.4,6.4362,1991-10-04,9,1.1794309596682293,True,13.245268640938136,0.26365755134376234
BKR101_P001,101,P001,1992,1,295,1992-06-18,170,258,133,488,0,0,234236,1,wheat/winter wheat,9.6,16.6,21.7,0,24.662,66,2.3,0,13.245,4.7,2852,14843,6.3422,1991-10-04,9,1.1794309596682293,True,13.245268640938136,0.26365755134376234
BKR101_P001,101,P001,1992,1,295,1992-06-19,171,259,133,488,0,0,234236,1,wheat/winter wheat,11.6,19.1,26,0.5,27.037,60,3.8,0,0,6.3,2989.1,14991.9,6.2437,1991-10-04,9,1.1794309596682293,True,13.245268640938136,0.26365755134376234
BKR101_P001,101,P001,1992,1,295,1992-06-20,172,260,133,488,0,0,234236,1,wheat/winter wheat,14.4,19.7,26,0,21.457,61,2.9,0,0,5.3,3102.3,15111.2,6.1389,1991-10-04,9,1.1794309596682293,True,13.245268640938136,0.26365755134376234
BKR101_P001,101,P001,1992,1,295,1992-06-21,173,261,133,488,0,0,234236,1,wheat/winter wheat,11.8,19.8,26.9,0,26.909,58,2.3,0,0,5.8,3243.8,15263.5,6.0278,1991-10-04,9,1.1794309596682293,True,13.245268640938136,0.26365755134376234
BKR101_P001,101,P001,1992,1,295,1992-06-22,174,262,133,488,0,0,234236,1,wheat/winter wheat,12.3,17,22,0,27.97,69,3.6,0,13.245,5.5,3402.6,15435.8,5.9106,1991-10-04,9,1.1794309596682293,True,13.245268640938136,0.26365755134376234
BKR101_P001,101,P001,1992,1,295,1992-06-23,175,263,133,488,0,0,234236,1,wheat/winter wheat,8.1,16.4,22.5,0,25.687,70,2,0,0,4.6,3530.1,15570,5.7896,1991-10-04,9,1.1794309596682293,True,13.245268640938136,0.26365755134376234
BKR101_P001,101,P001,1992,1,295,1992-06-24,176,264,133,488,0,0,234236,1,wheat/winter wheat,11.7,17.4,23.4,0,28.113,70,2.8,0,0,5.3,3687.9,15740,5.6654,1991-10-04,9,1.1794309596682293,True,13.245268640938136,0.26365755134376234
BKR101_P001,101,P001,1992,1,295,1992-06-25,177,265,133,488,0,0,234236,1,wheat/winter wheat,10.8,17.8,24.4,0,28.016,59,3,0,13.245,5.9,3840.2,15902.8,5.5378,1991-10-04,9,1.1794309596682293,True,13.245268640938136,0.26365755134376234
BKR101_P001,101,P001,1992,1,295,1992-06-26,178,266,133,488,0,0,234236,1,wheat/winter wheat,9.1,17.3,24,0,29.542,57,2.6,0,0,5.9,3999.9,16073.8,5.4067,1991-10-04,9,1.1794309596682293,True,13.245268640938136,0.26365755134376234
BKR101_P001,101,P001,1992,1,295,1992-06-27,179,267,133,488,0,0,234236,1,wheat/winter wheat,10,19,26.4,0,29.091,57,1.7,0,0,5.6,4177.6,16265.8,5.2727,1991-10-04,9,1.1794309596682293,True,13.245268640938136,0.26365755134376234
BKR101_P001,101,P001,1992,1,295,1992-06-28,180,268,133,488,0,0,234236,1,wheat/winter wheat,11.3,19,27.3,0,15.511,61,1.2,0,13.245,3.5,4252.9,16334.9,5.1354,1991-10-04,9,1.1794309596682293,True,13.245268640938136,0.26365755134376234
BKR101_P001,101,P001,1992,1,295,1992-06-29,181,269,133,488,0,0,234236,1,wheat/winter wheat,17.4,25.6,30,10,27.493,41,2,0,0,6.6,4347.4,16425.7,4.9951,1991-10-04,9,1.1794309596682293,True,13.245268640938136,0.26365755134376234
BKR101_P001,101,P001,1992,1,295,1992-06-30,182,270,133,488,0,0,234236,1,wheat/winter wheat,13.2,23.6,31.6,0,26.113,52,2.4,0,0,6.4,4464.3,16542.5,4.8478,1991-10-04,9,1.1794309596682293,True,13.245268640938136,0.26365755134376234
BKR101_P001,101,P001,1992,1,295,1992-07-01,183,271,133,488,0,0,234236,1,wheat/winter wheat,14.8,24.2,32.3,0,26.323,58,2,0,0,6.1,4591.4,16670.8,4.696,1991-10-04,9,1.1794309596682293,True,13.245268640938136,0.26365755134376234
BKR101_P001,101,P001,1992,1,295,1992-07-02,184,272,133,488,0,0,234236,1,wheat/winter wheat,14.9,21.2,25.8,0,21.499,68,3.2,0,0,5.1,4729.7,16812,4.5399,1991-10-04,9,1.1794309596682293,True,13.245268640938136,0.26365755134376234
BKR101_P001,101,P001,1992,1,295,1992-07-03,185,273,133,488,0,0,234236,1,wheat/winter wheat,10.7,19,24.8,0,24.314,57,1.4,0,0,4.7,4883.8,16971.8,4.382,1991-10-04,9,1.1794309596682293,True,13.245268640938136,0.26365755134376234
BKR101_P001,101,P001,1992,1,295,1992-07-04,186,274,133,488,0,0,234236,1,wheat/winter wheat,15.7,19.3,25.6,8.5,15.512,79,2.3,0,13.245,3.5,4956.7,17034.9,4.2237,1991-10-04,9,1.1794309596682293,True,13.245268640938136,0.26365755134376234
BKR101_P001,101,P001,1992,1,295,1992-07-05,187,275,133,488,0,0,234236,1,wheat/winter wheat,15.5,17.8,21.7,0.2,8.617,72,3.3,0,0,2.9,4990.6,17051.9,4.0652,1991-10-04,9,1.1794309596682293,True,13.245268640938136,0.26365755134376234
BKR101_P001,101,P001,1992,1,295,1992-07-06,188,276,133,488,0,0,234236,1,wheat/winter wheat,12,14.1,15.6,2.3,5.381,85,3.7,0,0,1.6,5064.7,17117,3.9072,1991-10-04,9,1.1794309596682293,True,13.245268640938136,0.26365755134376234
BKR101_P001,101,P001,1992,1,295,1992-07-07,189,277,133,488,0,0,234236,1,wheat/winter wheat,13,17.7,23,0,23.461,65,2.4,0,0,4.8,5261.7,17328.1,3.7524,1991-10-04,9,1.1794309596682293,True,13.245268640938136,0.26365755134376234
BKR101_P001,101,P001,1992,1,295,1992-07-08,190,278,133,488,0,0,234236,1,wheat/winter wheat,10.7,19.4,26.5,0,27.885,59,1.4,0,0,5.3,5432.1,17507.6,3.5991,1991-10-04,9,1.1794309596682293,True,13.245268640938136,0.26365755134376234
BKR101_P001,101,P001,1992,1,295,1992-07-09,191,279,133,488,0,0,234236,1,wheat/winter wheat,12.1,21.6,28.3,0,24.032,56,1.6,0,0,5.1,5565.6,17643.3,3.4467,1991-10-04,9,1.1794309596682293,True,13.245268640938136,0.26365755134376234
BKR101_P001,101,P001,1992,1,295,1992-07-10,192,280,133,488,0,0,234236,1,wheat/winter wheat,11.8,21.3,28.7,0,23.596,57,1.8,0,0,5.2,5683.7,17760.8,3.2947,1991-10-04,9,1.1794309596682293,True,13.245268640938136,0.26365755134376234
BKR101_P001,101,P001,1992,1,295,1992-07-11,193,281,133,488,0,0,234236,1,wheat/winter wheat,16,18.6,21.6,0.5,13.015,81,2.4,0,0,2.9,5753.6,17821.6,3.1435,1991-10-04,9,1.1794309596682293,True,13.245268640938136,0.26365755134376234
BKR101_P001,101,P001,1992,1,295,1992-07-12,194,282,133,488,0,0,234236,1,wheat/winter wheat,14.9,18.3,24.1,0.8,15.163,79,2.5,0,13.245,3.3,5816.2,17874,2.9945,1991-10-04,9,1.1794309596682293,True,13.245268640938136,0.26365755134376234
BKR101_P001,101,P001,1992,1,295,1992-07-13,195,283,133,488,0,0,234236,1,wheat/winter wheat,13.1,18.5,23.7,0,22.174,66,3.5,0,0,5,5906.3,17959.4,2.8479,1991-10-04,9,1.1794309596682293,True,13.245268640938136,0.26365755134376234
BKR101_P001,101,P001,1992,1,295,1992-07-14,196,284,133,488,0,0,234236,1,wheat/winter wheat,13.7,16.8,19.2,4.3,9.065,87,4.6,0,0,2.1,5959,18000.8,2.7039,1991-10-04,9,1.1794309596682293,True,13.245268640938136,0.26365755134376234
BKR101_P001,101,P001,1992,1,295,1992-07-15,197,285,133,488,0,0,234236,1,wheat/winter wheat,11.1,15.8,19.5,0,17.489,67,4.1,0,0,4.1,6045.2,18082.5,2.5633,1991-10-04,9,1.1794309596682293,True,13.245268640938136,0.26365755134376234
BKR101_P001,101,P001,1992,1,295,1992-07-16,198,286,133,488,0,0,234236,1,wheat/winter wheat,8.5,15.2,20.4,0,21.521,68,2.7,0,0,4.1,6143.2,18178.6,2.4265,1991-10-04,9,1.1794309596682293,True,13.245268640938136,0.26365755134376234
BKR101_P001,101,P001,1992,1,295,1992-07-17,199,287,133,488,0,0,234236,1,wheat/winter wheat,9.7,19.8,26.8,4,17.443,66,2.1,0,0,4,6199.7,18226.2,2.2938,1991-10-04,9,1.1794309596682293,True,13.245268640938136,0.26365755134376234
BKR101_P001,101,P001,1992,1,295,1992-07-18,200,288,133,488,0,0,234236,1,wheat/winter wheat,13.8,18.5,22.5,1,16.623,81,4.2,0,0,3.6,6253.7,18271.3,2.1637,1991-10-04,9,1.1794309596682293,True,13.245268640938136,0.26365755134376234
BKR101_P001,101,P001,1992,1,295,1992-07-19,201,289,133,488,0,0,234236,1,wheat/winter wheat,13.5,14.5,17.1,0,2.683,89,2.1,0,0,1.1,6277,18280.8,2.0369,1991-10-04,9,1.1794309596682293,True,13.245268640938136,0.26365755134376234
BKR101_P001,101,P001,1992,1,295,1992-07-20,202,290,133,488,0,0,234236,1,wheat/winter wheat,17.2,24.8,32.1,0,24.2,60,2,0,0,5.7,6300.2,18290.3,1.9145,1991-10-04,9,1.1794309596682293,True,13.245268640938136,0.26365755134376234
BKR101_P001,101,P001,1992,1,295,1992-07-21,203,291,133,488,0,0,234236,1,wheat/winter wheat,16.9,26.7,35.6,4,24.1,56,3,0,0,6.8,6300.2,18290.3,1.7936,1991-10-04,9,1.1794309596682293,True,13.245268640938136,0.26365755134376234
BKR101_P001,101,P001,1992,1,295,1992-07-22,204,292,133,488,0,0,234236,1,wheat/winter wheat,17,19.7,24.4,0,13,79,2,0,0,3,6300.2,18290.3,1.7936,1991-10-04,9,1.1794309596682293,True,13.245268640938136,0.26365755134376234
BKR101_P001,101,P001,1992,1,295,1992-07-23,205,293,133,488,0,0,234236,1,wheat/winter wheat,15.3,21.2,25.3,0,7.826,56,2.4,0,0,3.3,6300.2,18290.3,1.7936,1991-10-04,9,1.1794309596682293,True,13.245268640938136,0.26365755134376234
BKR101_P001,101,P001,1992,1,295,1992-07-24,206,294,133,488,0,0,234236,1,wheat/winter wheat,11.4,20.3,27.6,0,27.633,59,2,0,0,3.3,6300.2,18290.3,1.7936,1991-10-04,9,1.1794309596682293,True,13.245268640938136,0.26365755134376234
BKR101_P001,101,P001,1993,2,314,1992-10-04,278,0,133,488,0,0,234236,2,wheat/winter wheat,5.1,9.3,15.5,0,11,70,9.2,0,0,2.5,0,53,0.0972,1992-10-04,9,1.1794309596682293,True,13.245268640938136,0.26365755134376234
BKR101_P001,101,P001,1993,2,314,1992-10-05,279,1,133,488,0,0,234236,2,wheat/winter wheat,4.6,9,10.7,3,12.8,83,7.2,0,0,1.3,0,53,0.0972,1992-10-04,9,1.1794309596682293,True,13.245268640938136,0.26365755134376234
BKR101_P001,101,P001,1993,2,314,1992-10-06,280,2,133,488,0,0,234236,2,wheat/winter wheat,9.8,11.3,12.3,1,3.4,99,5,0,0,0.4,0,53,0.0972,1992-10-04,9,1.1794309596682293,True,13.245268640938136,0.26365755134376234
BKR101_P001,101,P001,1993,2,314,1992-10-07,281,3,133,488,0,0,234236,2,wheat/winter wheat,5.9,8.8,13.3,0,3.4,95,3.6,0,0,0.6,0,53,0.0972,1992-10-04,9,1.1794309596682293,True,13.245268640938136,0.26365755134376234
BKR101_P001,101,P001,1993,2,314,1992-10-08,282,4,133,488,0,0,234236,2,wheat/winter wheat,2.9,9.4,11.3,0,3.3,93,6.7,0,0,0.6,0,53,0.0972,1992-10-04,9,1.1794309596682293,True,13.245268640938136,0.26365755134376234
BKR101_P001,101,P001,1993,2,314,1992-10-09,283,5,133,488,0,0,234236,2,wheat/winter wheat,4.7,8,13.7,1,3.2,96,1.4,0,0,0.5,0,53,0.0972,1992-10-04,9,1.1794309596682293,True,13.245268640938136,0.26365755134376234
BKR101_P001,101,P001,1993,2,314,1992-10-10,284,6,133,488,0,0,234236,2,wheat/winter wheat,1.7,4.9,12.6,0,5,88,4.7,0,0,0.8,0,53,0.0972,1992-10-04,9,1.1794309596682293,True,13.245268640938136,0.26365755134376234
BKR101_P001,101,P001,1993,2,314,1992-10-11,285,7,133,488,0,0,234236,2,wheat/winter wheat,1.8,6,11.4,0,10,95,4.2,0,0,0.5,0,53,0.0972,1992-10-04,9,1.1794309596682293,True,13.245268640938136,0.26365755134376234
BKR101_P001,101,P001,1993,2,314,1992-10-12,286,8,133,488,0,0,234236,2,wheat/winter wheat,-1.9,4.1,8,0,7.943,61,2.5,0,0,1.2,0,53,0.0972,1992-10-04,9,1.1794309596682293,True,13.245268640938136,0.26365755134376234
BKR101_P001,101,P001,1993,2,314,1992-10-13,287,9,133,488,0,0,234236,2,wheat/winter wheat,-3.1,1.9,8.6,0,11.197,62,1.8,0,0,1,0,53,0.0972,1992-10-04,9,1.1794309596682293,True,13.245268640938136,0.26365755134376234
BKR101_P001,101,P001,1993,2,314,1992-10-14,288,10,133,488,0,0,234236,2,wheat/winter wheat,-3.2,0.6,8.1,0,5.564,61,2.3,0,0,1.1,0,53,0.0972,1992-10-04,9,1.1794309596682293,True,13.245268640938136,0.26365755134376234
BKR101_P001,101,P001,1993,2,314,1992-10-15,289,11,133,488,0,0,234236,2,wheat/winter wheat,4.1,5.7,8.8,0,2.9,92,5,0,0,0.6,0,53,0.0972,1992-10-04,9,1.1794309596682293,True,13.245268640938136,0.26365755134376234
BKR101_P001,101,P001,1993,2,314,1992-10-16,290,12,133,488,0,0,234236,2,wheat/winter wheat,2.1,4.7,7.1,0,1.002,80,4.2,0,0,0.9,0,53,0.0972,1992-10-04,9,1.1794309596682293,True,13.245268640938136,0.26365755134376234
BKR101_P001,101,P001,1993,2,314,1992-10-17,291,13,133,488,0,0,234236,2,wheat/winter wheat,0.1,2.9,7.2,0,6.981,85,3.5,0,0,0.7,0,53,0.0972,1992-10-04,9,1.1794309596682293,True,13.245268640938136,0.26365755134376234
BKR101_P001,101,P001,1993,2,314,1992-10-18,292,14,133,488,0,0,234236,2,wheat/winter wheat,-1.9,2.9,8.9,0,8.501,84,2.1,0,0,0.6,0,53,0.0972,1992-10-04,9,1.1794309596682293,True,13.245268640938136,0.26365755134376234
BKR101_P001,101,P001,1993,2,314,1992-10-19,293,15,133,488,0,0,234236,2,wheat/winter wheat,-0.2,5,11.9,0,8.693,79,3.7,0,0,0.8,0,55.8,0.0972,1992-10-04,9,1.1794309596682293,True,13.245268640938136,0.26365755134376234
BKR101_P001,101,P001,1993,2,314,1992-10-20,294,16,133,488,0,0,234236,2,wheat/winter wheat,-0.3,4.2,10.7,0,9.264,80,1.7,0,0,0.5,0,56.8,0.1023,1992-10-04,9,1.1794309596682293,True,13.245268640938136,0.26365755134376234
BKR101_P001,101,P001,1993,2,314,1992-10-21,295,17,133,488,0,0,234236,2,wheat/winter wheat,-2,4.4,12.2,0,7.139,84,2.6,0,0,0.5,0,57.7,0.104,1992-10-04,9,1.1794309596682293,True,13.245268640938136,0.26365755134376234
BKR101_P001,101,P001,1993,2,314,1992-10-22,296,18,133,488,0,0,234236,2,wheat/winter wheat,1.2,4,6,0.6,3.761,88,5.1,0,0,0.4,0,58.3,0.1057,1992-10-04,9,1.1794309596682293,True,13.245268640938136,0.26365755134376234
BKR101_P001,101,P001,1993,2,314,1992-10-23,297,19,133,488,0,0,234236,2,wheat/winter wheat,-0.4,3.5,6.5,1.2,7.319,81,3.4,0,0,0.5,0,59.1,0.1068,1992-10-04,9,1.1794309596682293,True,13.245268640938136,0.26365755134376234
BKR101_P001,101,P001,1993,2,314,1992-10-24,298,20,133,488,0,0,234236,2,wheat/winter wheat,3.2,5.1,6.3,2.1,3.831,91,4.2,0,0,0.3,0,59.9,0.1083,1992-10-04,9,1.1794309596682293,True,13.245268640938136,0.26365755134376234
BKR101_P001,101,P001,1993,2,314,1992-10-25,299,21,133,488,0,0,234236,2,wheat/winter wheat,3.6,4.6,6.9,2.7,4.105,85,3.8,0,0,0.5,0,62.1,0.1097,1992-10-04,9,1.1794309596682293,True,13.245268640938136,0.26365755134376234
BKR101_P001,101,P001,1993,2,314,1992-10-26,300,22,133,488,0,0,234236,2,wheat/winter wheat,0,3.2,6,2.5,1.49,91,2.8,0,0,0.3,0,63.7,0.1139,1992-10-04,9,1.1794309596682293,True,13.245268640938136,0.26365755134376234
BKR101_P001,101,P001,1993,2,314,1992-10-27,301,23,133,488,0,0,234236,2,wheat/winter wheat,1.8,0,1.7,0,3.076,94,2.1,0,0,0.2,0,65.5,0.1168,1992-10-04,9,1.1794309596682293,True,13.245268640938136,0.26365755134376234
BKR101_P001,101,P001,1993,2,314,1992-10-28,302,24,133,488,0,0,234236,2,wheat/winter wheat,0.6,3.7,6.8,2.6,2.015,93,2.5,0,0,0.2,0,67.2,0.12,1992-10-04,9,1.1794309596682293,True,13.245268640938136,0.26365755134376234
BKR101_P001,101,P001,1993,2,314,1992-10-29,303,25,133,488,0,0,234236,2,wheat/winter wheat,2.6,4.9,7.2,3,3.581,91,4.5,0,0,0.3,0,69.6,0.1232,1992-10-04,9,1.1794309596682293,True,13.245268640938136,0.26365755134376234
BKR101_P001,101,P001,1993,2,314,1992-10-30,304,26,133,488,0,0,234236,2,wheat/winter wheat,-1.7,3.7,5.8,0.1,4.263,76,2.9,0,0,0.5,0,72.2,0.1276,1992-10-04,9,1.1794309596682293,True,13.245268640938136,0.26365755134376234
BKR101_P001,101,P001,1993,2,314,1992-10-31,305,27,133,488,0,0,234236,2,wheat/winter wheat,-3.7,-1.2,3.8,0,6.915,89,1,0,0,0,0,72.2,0.1324,1992-10-04,9,1.1794309596682293,True,13.245268640938136,0.26365755134376234
BKR101_P001,101,P001,1993,2,314,1992-11-01,306,28,133,488,0,0,234236,2,wheat/winter wheat,-1.2,0.2,2.9,0,4.132,91,2.2,0,0,0.2,0,74.3,0.1323,1992-10-04,9,1.1794309596682293,True,13.245268640938136,0.26365755134376234
BKR101_P001,101,P001,1993,2,314,1992-11-02,307,29,133,488,0,0,234236,2,wheat/winter wheat,-0.6,3,7.1,0.9,7.467,73,6.1,0,0,0.6,0,77.2,0.1363,1992-10-04,9,1.1794309596682293,True,13.245268640938136,0.26365755134376234
BKR101_P001,101,P001,1993,2,314,1992-11-03,308,30,133,488,0,0,234236,2,wheat/winter wheat,4.2,7.2,9.6,2.4,3.516,57,6.3,0,0,1.3,0,80.2,0.1416,1992-10-04,9,1.1794309596682293,True,13.245268640938136,0.26365755134376234
BKR101_P001,101,P001,1993,2,314,1992-11-04,309,31,133,488,0,0,234236,2,wheat/winter wheat,2.9,5.4,7.9,0.6,3.303,57,5.6,0,0,1.1,0,82.9,0.1469,1992-10-04,9,1.1794309596682293,True,13.245268640938136,0.26365755134376234
BKR101_P001,101,P001,1993,2,314,1992-11-05,310,32,133,488,0,0,234236,2,wheat/winter wheat,5.2,7.7,10.9,1,1.879,57,4.4,0,0,1,0,85,0.1519,1992-10-04,9,1.1794309596682293,True,13.245268640938136,0.26365755134376234
BKR101_P001,101,P001,1993,2,314,1992-11-06,311,33,133,488,0,0,234236,2,wheat/winter wheat,10.4,10.8,11.3,0,1.9,57,6.6,0,0,1.3,0,87.2,0.1557,1992-10-04,9,1.1794309596682293,True,13.245268640938136,0.26365755134376234
BKR101_P001,101,P001,1993,2,314,1992-11-07,312,34,133,488,0,0,234236,2,wheat/winter wheat,6.8,10.8,12.4,1.8,1.165,57,7.4,0,0,1,0,89,0.1598,1992-10-04,9,1.1794309596682293,True,13.245268640938136,0.26365755134376234
BKR101_P001,101,P001,1993,2,314,1992-11-08,313,35,133,488,0,0,234236,2,wheat/winter wheat,-1.8,3.6,6.1,0,6.319,68,3.1,0,0,0.4,0,92.3,0.1629,1992-10-04,9,1.1794309596682293,True,13.245268640938136,0.26365755134376234
BKR101_P001,101,P001,1993,2,314,1992-11-09,314,36,133,488,0,0,234236,2,wheat/winter wheat,-6.5,-1.6,3.8,0,6.639,79,1.8,0,0,0,0,92.3,0.169,1992-10-04,9,1.1794309596682293,True,13.245268640938136,0.26365755134376234
BKR101_P001,101,P001,1993,2,314,1992-11-10,315,37,133,488,0,0,234236,2,wheat/winter wheat,0.4,4.5,7.2,0.6,1.816,84,4.8,0,0,0.3,0,94.4,0.169,1992-10-04,9,1.1794309596682293,True,13.245268640938136,0.26365755134376234
BKR101_P001,101,P001,1993,2,314,1992-11-11,316,38,133,488,0,0,234236,2,wheat/winter wheat,4.4,6.2,8.9,0.4,3.555,87,5,0,0,0.4,0,97.9,0.1728,1992-10-04,9,1.1794309596682293,True,13.245268640938136,0.26365755134376234
BKR101_P001,101,P001,1993,2,314,1992-11-12,317,39,133,488,0,0,234236,2,wheat/winter wheat,3.6,5.2,9.3,3,1.45,87,6.1,0,0,0.3,0,99.8,0.1791,1992-10-04,9,1.1794309596682293,True,13.245268640938136,0.26365755134376234
BKR101_P001,101,P001,1993,2,314,1992-11-13,318,40,133,488,0,0,234236,2,wheat/winter wheat,1.7,3,4.6,1,0.56,96,5.8,0,0,0.1,0,101.3,0.1825,1992-10-04,9,1.1794309596682293,True,13.245268640938136,0.26365755134376234
BKR101_P001,101,P001,1993,2,314,1992-11-14,319,41,133,488,0,0,234236,2,wheat/winter wheat,0.5,2,3.9,1,1.37,99,1.4,0,0,0.1,0,103.1,0.1852,1992-10-04,9,1.1794309596682293,True,13.245268640938136,0.26365755134376234
BKR101_P001,101,P001,1993,2,314,1992-11-15,320,42,133,488,0,0,234236,2,wheat/winter wheat,-0.6,1.2,2.4,1,0.56,100,3.1,0,0,0.1,0,104.5,0.1884,1992-10-04,9,1.1794309596682293,True,13.245268640938136,0.26365755134376234
BKR101_P001,101,P001,1993,2,314,1992-11-16,321,43,133,488,0,0,234236,2,wheat/winter wheat,0.6,4.1,6.3,2,0.56,100,4.7,0,0,0.1,0,105.9,0.1909,1992-10-04,9,1.1794309596682293,True,13.245268640938136,0.26365755134376234
BKR101_P001,101,P001,1993,2,314,1992-11-17,322,44,133,488,0,0,234236,2,wheat/winter wheat,3.5,5.9,8.4,0,2.402,80,3.8,0,0,0.4,0,108.9,0.1934,1992-10-04,9,1.1794309596682293,True,13.245268640938136,0.26365755134376234
BKR101_P001,101,P001,1993,2,314,1992-11-18,323,45,133,488,0,0,234236,2,wheat/winter wheat,2.6,3.8,5,4.3,1.606,89,5.4,0,0,0.2,0,111,0.1987,1992-10-04,9,1.1794309596682293,True,13.245268640938136,0.26365755134376234
BKR101_P001,101,P001,1993,2,314,1992-11-19,324,46,133,488,0,0,234236,2,wheat/winter wheat,2.5,4.1,5.7,1.9,2.515,88,7.5,0,0,0.3,0,114.1,0.2026,1992-10-04,9,1.1794309596682293,True,13.245268640938136,0.26365755134376234
BKR101_P001,101,P001,1993,2,314,1992-11-20,325,47,133,488,0,0,234236,2,wheat/winter wheat,2.8,4.3,5.4,0.2,2.651,77,9.2,0,0,0.5,0,117.4,0.208,1992-10-04,9,1.1794309596682293,True,13.245268640938136,0.26365755134376234
BKR101_P001,101,P001,1993,2,314,1992-11-21,326,48,133,488,0,0,234236,2,wheat/winter wheat,1.4,3.3,5.2,1.8,3.506,87,6.4,0,0,0.2,0,121,0.2138,1992-10-04,9,1.1794309596682293,True,13.245268640938136,0.26365755134376234
BKR101_P001,101,P001,1993,2,314,1992-11-22,327,49,133,488,0,0,234236,2,wheat/winter wheat,-0.6,1.6,4.5,0,2.859,95,1.9,0,0,0,0,124.2,0.2201,1992-10-04,9,1.1794309596682293,True,13.245268640938136,0.26365755134376234
BKR101_P001,101,P001,1993,2,314,1992-11-23,328,50,133,488,0,0,234236,2,wheat/winter wheat,-1.4,0.7,2.5,0.7,1.222,97,1.5,0,0,0.1,0,126.1,0.2259,1992-10-04,9,1.1794309596682293,True,13.245268640938136,0.26365755134376234
BKR101_P001,101,P001,1993,2,314,1992-11-24,329,51,133,488,0,0,234236,2,wheat/winter wheat,2.6,5.6,7.2,0.6,1.897,96,2.4,0,0,0.1,0,129.1,0.2292,1992-10-04,9,1.1794309596682293,True,13.245268640938136,0.26365755134376234
BKR101_P001,101,P001,1993,2,314,1992-11-25,330,52,133,488,0,0,234236,2,wheat/winter wheat,5.6,7,8.9,1.8,1.505,90,4.8,0,0,0.2,0,131.6,0.2344,1992-10-04,9,1.1794309596682293,True,13.245268640938136,0.26365755134376234
BKR101_P001,101,P001,1993,2,314,1992-11-26,331,53,133,488,0,0,234236,2,wheat/winter wheat,5.8,7.3,10.6,4,0.518,88,7.6,0,0,0.2,0,132.7,0.2388,1992-10-04,9,1.1794309596682293,True,13.245268640938136,0.26365755134376234
BKR101_P001,101,P001,1993,2,314,1992-11-27,332,54,133,488,0,0,234236,2,wheat/winter wheat,2.3,3.9,6.6,2,2.49,94,4.2,0,0,0.1,0,136.4,0.2407,1992-10-04,9,1.1794309596682293,True,13.245268640938136,0.26365755134376234
BKR101_P001,101,P001,1993,2,314,1992-11-28,333,55,133,488,0,0,234236,2,wheat/winter wheat,1.7,3.9,6.6,2,0.4,99,7.2,0,0,0,0,137.6,0.2471,1992-10-04,9,1.1794309596682293,True,13.245268640938136,0.26365755134376234
BKR101_P001,101,P001,1993,2,314,1992-11-29,334,56,133,488,0,0,234236,2,wheat/winter wheat,1.1,2,3.6,0,0.4,100,5.8,0,0,0,0,138.8,0.2492,1992-10-04,9,1.1794309596682293,True,13.245268640938136,0.26365755134376234
BKR101_P001,101,P001,1993,2,314,1992-11-30,335,57,133,488,0,0,234236,2,wheat/winter wheat,-0.1,3.8,5,0,0.83,92,7.2,0,0,0.1,0,140.5,0.2513,1992-10-04,9,1.1794309596682293,True,13.245268640938136,0.26365755134376234
BKR101_P001,101,P001,1993,2,314,1992-12-01,336,58,133,488,0,0,234236,2,wheat/winter wheat,4.6,6.4,10.1,0,1.854,89,5.5,0,0,0.3,0,143.8,0.2542,1992-10-04,9,1.1794309596682293,True,13.245268640938136,0.26365755134376234
BKR101_P001,101,P001,1993,2,314,1992-12-02,337,59,133,488,0,0,234236,2,wheat/winter wheat,2.7,4.9,7.4,3.9,3.422,88,6.5,0,0,0.2,0,147.8,0.2598,1992-10-04,9,1.1794309596682293,True,13.245268640938136,0.26365755134376234
BKR101_P001,101,P001,1993,2,314,1992-12-03,338,60,133,488,0,0,234236,2,wheat/winter wheat,3.4,6.7,10,1.5,2.988,81,5.6,0,0,0.4,0,152,0.2666,1992-10-04,9,1.1794309596682293,True,13.245268640938136,0.26365755134376234
BKR101_P001,101,P001,1993,2,314,1992-12-04,339,61,133,488,0,0,234236,2,wheat/winter wheat,1.8,4.9,6.3,3.1,3.053,84,5.3,0,0,0.2,0,156.2,0.2738,1992-10-04,9,1.1794309596682293,True,13.245268640938136,0.26365755134376234
BKR101_P001,101,P001,1993,2,314,1992-12-05,340,62,133,488,0,0,234236,2,wheat/winter wheat,0.2,2.5,4.7,0,2.215,90,3.9,0,0,0.1,0,160,0.2808,1992-10-04,9,1.1794309596682293,True,13.245268640938136,0.26365755134376234
BKR101_P001,101,P001,1993,2,314,1992-12-06,341,63,133,488,0,0,234236,2,wheat/winter wheat,0.3,1.6,3.1,0,2.225,94,2.4,0,0,0,0,163.7,0.2872,1992-10-04,9,1.1794309596682293,True,13.245268640938136,0.26365755134376234
BKR101_P001,101,P001,1993,2,314,1992-12-07,342,64,133,488,0,0,234236,2,wheat/winter wheat,0.3,0.8,1.6,0,2.146,92,4.7,0,0,0.1,0,167.4,0.2934,1992-10-04,9,1.1794309596682293,True,13.245268640938136,0.26365755134376234
BKR101_P001,101,P001,1993,2,314,1992-12-08,343,65,133,488,0,0,234236,2,wheat/winter wheat,0.5,1.7,2.9,0,1.097,96,2.3,0,0,0.1,0,169.6,0.2994,1992-10-04,9,1.1794309596682293,True,13.245268640938136,0.26365755134376234
BKR101_P001,101,P001,1993,2,314,1992-12-09,344,66,133,488,0,0,234236,2,wheat/winter wheat,1.7,2.4,3.5,0,1.025,94,2.3,0,0,0.1,0,171.8,0.3032,1992-10-04,9,1.1794309596682293,True,13.245268640938136,0.26365755134376234
BKR101_P001,101,P001,1993,2,314,1992-12-10,345,67,133,488,0,0,234236,2,wheat/winter wheat,2.3,2.8,3.3,0,0.966,95,1.6,0,0,0.1,0,174,0.3069,1992-10-04,9,1.1794309596682293,True,13.245268640938136,0.26365755134376234
BKR101_P001,101,P001,1993,2,314,1992-12-11,346,68,133,488,0,0,234236,2,wheat/winter wheat,0.5,2.3,3.3,2.7,1.226,93,4,0,0,0.1,0,176.7,0.3105,1992-10-04,9,1.1794309596682293,True,13.245268640938136,0.26365755134376234
BKR101_P001,101,P001,1993,2,314,1992-12-12,347,69,133,488,0,0,234236,2,wheat/winter wheat,0.2,3.3,4.8,5.1,1.958,92,6.4,0,0,0.1,0,180.9,0.3149,1992-10-04,9,1.1794309596682293,True,13.245268640938136,0.26365755134376234
BKR101_P001,101,P001,1993,2,314,1992-12-13,348,70,133,488,0,0,234236,2,wheat/winter wheat,1.5,2.8,4.1,0,2.032,87,6,0,0,0.2,0,185,0.3219,1992-10-04,9,1.1794309596682293,True,13.245268640938136,0.26365755134376234
BKR101_P001,101,P001,1993,2,314,1992-12-14,349,71,133,488,0,0,234236,2,wheat/winter wheat,2.7,6.3,8.5,2.2,1.161,91,6.1,0,0,0.2,0,187.9,0.3287,1992-10-04,9,1.1794309596682293,True,13.245268640938136,0.26365755134376234
BKR101_P001,101,P001,1993,2,314,1992-12-15,350,72,133,488,0,0,234236,2,wheat/winter wheat,0.4,5.4,7.6,0,2.963,88,2.8,0,0,0,0,192.7,0.3335,1992-10-04,9,1.1794309596682293,True,13.245268640938136,0.26365755134376234
BKR101_P001,101,P001,1993,2,314,1992-12-16,351,73,133,488,0,0,234236,2,wheat/winter wheat,2.4,0,3.6,0,3.842,94,1.1,0,0,0,0,196.4,0.3412,1992-10-04,9,1.1794309596682293,True,13.245268640938136,0.26365755134376234
BKR101_P001,101,P001,1993,2,314,1992-12-17,352,74,133,488,0,0,234236,2,wheat/winter wheat,-3.9,-0.8,2.5,0,3.449,94,0.5,0,0,0,0,196.3,0.3472,1992-10-04,9,1.1794309596682293,True,13.245268640938136,0.26365755134376234
BKR101_P001,101,P001,1993,2,314,1992-12-18,353,75,133,488,0,0,234236,2,wheat/winter wheat,-3.8,-1.5,0,0,2.892,95,2.7,0,0,0,0,196.2,0.3471,1992-10-04,9,1.1794309596682293,True,13.245268640938136,0.26365755134376234
BKR101_P001,101,P001,1993,2,314,1992-12-19,354,76,133,488,0,0,234236,2,wheat/winter wheat,-1.5,1.8,3,1.3,1.202,85,5.4,0,0,0.2,0,199.1,0.347,1992-10-04,9,1.1794309596682293,True,13.245268640938136,0.26365755134376234
BKR101_P001,101,P001,1993,2,314,1992-12-20,355,77,133,488,0,0,234236,2,wheat/winter wheat,0.3,1.8,2.5,7.3,0.895,93,1.9,0,0,0.1,0,201.4,0.3517,1992-10-04,9,1.1794309596682293,True,13.245268640938136,0.26365755134376234
BKR101_P001,101,P001,1993,2,314,1992-12-21,356,78,133,488,0,0,234236,2,wheat/winter wheat,-2.4,-0.2,1.3,0,1.566,93,1.4,0,0,0,0,201.3,0.3554,1992-10-04,9,1.1794309596682293,True,13.245268640938136,0.26365755134376234
BKR101_P001,101,P001,1993,2,314,1992-12-22,357,79,133,488,0,0,234236,2,wheat/winter wheat,-3.8,-3.2,-2.7,0,1.861,91,2.3,0,0,0,0,201.2,0.3553,1992-10-04,9,1.1794309596682293,True,13.245268640938136,0.26365755134376234
BKR101_P001,101,P001,1993,2,314,1992-12-23,358,80,133,488,0,0,234236,2,wheat/winter wheat,-7.8,-4.8,-2.2,0,4.003,83,4.9,0,0,0,0,201.1,0.3552,1992-10-04,9,1.1794309596682293,True,13.245268640938136,0.26365755134376234
BKR101_P001,101,P001,1993,2,314,1992-12-24,359,81,133,488,0,0,234236,2,wheat/winter wheat,-9.6,-8.2,-6.2,0,3.198,88,3.2,0,0,0,0,201,0.3552,1992-10-04,9,1.1794309596682293,True,13.245268640938136,0.26365755134376234
BKR101_P001,101,P001,1993,2,314,1992-12-25,360,82,133,488,0,0,234236,2,wheat/winter wheat,-11.3,-9.8,-7.7,0,2.785,89,2.5,0,0,0,0,200.9,0.3551,1992-10-04,9,1.1794309596682293,True,13.245268640938136,0.26365755134376234
BKR101_P001,101,P001,1993,2,314,1992-12-26,361,83,133,488,0,0,234236,2,wheat/winter wheat,-12.1,-9,-4.7,0,2.96,88,0.7,0,0,0,0,200.9,0.355,1992-10-04,9,1.1794309596682293,True,13.245268640938136,0.26365755134376234
BKR101_P001,101,P001,1993,2,314,1992-12-27,362,84,133,488,0,0,234236,2,wheat/winter wheat,-4.5,-2.3,0.9,0,3.384,90,1.5,0,0,0,0,200.8,0.355,1992-10-04,9,1.1794309596682293,True,13.245268640938136,0.26365755134376234
BKR101_P001,101,P001,1993,2,314,1992-12-28,363,85,133,488,0,0,234236,2,wheat/winter wheat,-8.5,-6,-2.4,0,3.633,92,2.2,0,0,0,0,200.7,0.3549,1992-10-04,9,1.1794309596682293,True,13.245268640938136,0.26365755134376234
BKR101_P001,101,P001,1993,2,314,1992-12-29,364,86,133,488,0,0,234236,2,wheat/winter wheat,-5.3,-4.1,-3,0,1.039,92,4.3,0,0,0,0,200.6,0.3548,1992-10-04,9,1.1794309596682293,True,13.245268640938136,0.26365755134376234
BKR101_P001,101,P001,1993,2,314,1992-12-30,365,87,133,488,0,0,234236,2,wheat/winter wheat,-2.8,-1.6,-0.6,0,1.33,92,2.3,0,0,0,0,200.5,0.3547,1992-10-04,9,1.1794309596682293,True,13.245268640938136,0.26365755134376234
BKR101_P001,101,P001,1993,2,314,1992-12-31,366,88,133,488,0,0,234236,2,wheat/winter wheat,-3.3,-2.1,-0.9,0,1.422,92,1.9,0,0,0,0,200.4,0.3546,1992-10-04,9,1.1794309596682293,True,13.245268640938136,0.26365755134376234
BKR101_P001,101,P001,1993,2,314,1993-01-01,1,89,133,488,0,0,234236,2,wheat/winter wheat,-9.9,-7.4,-3.1,0,3.821,92,2.1,0,0,0,0,200.3,0.3545,1992-10-04,9,1.1794309596682293,True,13.245268640938136,0.26365755134376234
BKR101_P001,101,P001,1993,2,314,1993-01-02,2,90,133,488,0,0,234236,2,wheat/winter wheat,-13.6,-10.7,-8.5,0,4.249,85,3.3,0,0,0,0,200.3,0.3545,1992-10-04,9,1.1794309596682293,True,13.245268640938136,0.26365755134376234
BKR101_P001,101,P001,1993,2,314,1993-01-03,3,91,133,488,0,0,234236,2,wheat/winter wheat,-15.8,-13.2,-9.1,0,4.051,79,3.8,0,0,0,0,200.2,0.3544,1992-10-04,9,1.1794309596682293,True,13.245268640938136,0.26365755134376234
BKR101_P001,101,P001,1993,2,314,1993-01-04,4,92,133,488,0,0,234236,2,wheat/winter wheat,-15.3,-12.6,-9.9,0,3.946,79,4.4,0,0,0,0,200.2,0.3544,1992-10-04,9,1.1794309596682293,True,13.245268640938136,0.26365755134376234
BKR101_P001,101,P001,1993,2,314,1993-01-05,5,93,133,488,0,0,234236,2,wheat/winter wheat,-13.1,-5.9,0.1,0,4.121,68,4.7,0,0,0,0,200.1,0.3543,1992-10-04,9,1.1794309596682293,True,13.245268640938136,0.26365755134376234
BKR101_P001,101,P001,1993,2,314,1993-01-06,6,94,133,488,0,0,234236,2,wheat/winter wheat,-0.1,2.3,4.1,3,0.966,54,6.3,0,0,0.5,0,202.6,0.3542,1992-10-04,9,1.1794309596682293,True,13.245268640938136,0.26365755134376234
BKR101_P001,101,P001,1993,2,314,1993-01-07,7,95,133,488,0,0,234236,2,wheat/winter wheat,0.4,3.1,5.3,6.9,2.127,54,3.3,0,0,0.6,0,207.5,0.3583,1992-10-04,9,1.1794309596682293,True,13.245268640938136,0.26365755134376234
BKR101_P001,101,P001,1993,2,314,1993-01-08,8,96,133,488,0,0,234236,2,wheat/winter wheat,0.2,2.9,7.1,0.1,1.881,54,5.7,0,0,0.7,0,211.9,0.3662,1992-10-04,9,1.1794309596682293,True,13.245268640938136,0.26365755134376234
BKR101_P001,101,P001,1993,2,314,1993-01-09,9,97,133,488,0,0,234236,2,wheat/winter wheat,-0.5,2.2,5.7,2.5,3.214,54,6,0,0,0.7,0,217,0.3732,1992-10-04,9,1.1794309596682293,True,13.245268640938136,0.26365755134376234
BKR101_P001,101,P001,1993,2,314,1993-01-10,10,98,133,488,0,0,234236,2,wheat/winter wheat,6.4,7.4,8.4,1.3,2.073,54,6.8,0,0,1.1,0,222.7,0.3815,1992-10-04,9,1.1794309596682293,True,13.245268640938136,0.26365755134376234
BKR101_P001,101,P001,1993,2,314,1993-01-11,11,99,133,488,0,0,234236,2,wheat/winter wheat,7.6,9.1,10.4,1.2,1.69,54,8.8,0,0,1.1,0,227.6,0.3905,1992-10-04,9,1.1794309596682293,True,13.245268640938136,0.26365755134376234
BKR101_P001,101,P001,1993,2,314,1993-01-12,12,100,133,488,0,0,234236,2,wheat/winter wheat,1.8,4,7.6,7.9,1.183,54,5.9,0,0,0.6,0,231,0.3981,1992-10-04,9,1.1794309596682293,True,13.245268640938136,0.26365755134376234
BKR101_P001,101,P001,1993,2,314,1993-01-13,13,101,133,488,0,0,234236,2,wheat/winter wheat,2.5,4.2,8.5,0,3.661,54,7.7,0,0,1,0,237.3,0.4033,1992-10-04,9,1.1794309596682293,True,13.245268640938136,0.26365755134376234
BKR101_P001,101,P001,1993,2,314,1993-01-14,14,102,133,488,0,0,234236,2,wheat/winter wheat,3.5,6.8,12.3,1.1,3.61,51,9.6,0,0,1.4,0,244.5,0.4131,1992-10-04,9,1.1794309596682293,True,13.245268640938136,0.26365755134376234
BKR101_P001,101,P001,1993,2,314,1993-01-15,15,103,133,488,0,0,234236,2,wheat/winter wheat,0.5,3.9,8.4,0,3.902,50,6.4,0,0,1,0,251.4,0.424,1992-10-04,9,1.1794309596682293,True,13.245268640938136,0.26365755134376234
BKR101_P001,101,P001,1993,2,314,1993-01-16,16,104,133,488,0,0,234236,2,wheat/winter wheat,9.2,10.9,12.1,0,3.689,47,8.5,0,0,1.7,0,260.1,0.4345,1992-10-04,9,1.1794309596682293,True,13.245268640938136,0.26365755134376234
BKR101_P001,101,P001,1993,2,314,1993-01-17,17,105,133,488,0,0,234236,2,wheat/winter wheat,7.2,9.2,11.8,0,5.053,47,6.7,0,0,1.4,0,269,0.4474,1992-10-04,9,1.1794309596682293,True,13.245268640938136,0.26365755134376234
BKR101_P001,101,P001,1993,2,314,1993-01-18,18,106,133,488,0,0,234236,2,wheat/winter wheat,2,5.3,8.6,0,3.788,47,5.9,0,0,1.1,0,277.4,0.4603,1992-10-04,9,1.1794309596682293,True,13.245268640938136,0.26365755134376234
BKR101_P001,101,P001,1993,2,314,1993-01-19,19,107,133,488,0,0,234236,2,wheat/winter wheat,0.2,2.9,5.4,1,2.799,47,6.5,0,0,1,0,285.1,0.4725,1992-10-04,9,1.1794309596682293,True,13.245268640938136,0.26365755134376234
BKR101_P001,101,P001,1993,2,314,1993-01-20,20,108,133,488,0,0,234236,2,wheat/winter wheat,3.8,6.6,9.1,3,1.273,47,6.7,0,0,0.9,0,289.7,0.4835,1992-10-04,9,1.1794309596682293,True,13.245268640938136,0.26365755134376234
BKR101_P001,101,P001,1993,2,314,1993-01-21,21,109,133,488,0,0,234236,2,wheat/winter wheat,6.3,7.7,9.6,2.2,3.403,47,7.9,0,0,1.6,0,299.9,0.4902,1992-10-04,9,1.1794309596682293,True,13.245268640938136,0.26365755134376234
BKR101_P001,101,P001,1993,2,314,1993-01-22,22,110,133,488,0,0,234236,2,wheat/winter wheat,4.3,9.4,12.6,1.2,2.261,46,10.3,0,0,1.5,0,308.1,0.5045,1992-10-04,9,1.1794309596682293,True,13.245268640938136,0.26365755134376234
BKR101_P001,101,P001,1993,2,314,1993-01-23,23,111,133,488,0,0,234236,2,wheat/winter wheat,2.1,4,5.3,3.4,3.546,45,8.4,0,0,1.2,0,318,0.5158,1992-10-04,9,1.1794309596682293,True,13.245268640938136,0.26365755134376234
BKR101_P001,101,P001,1993,2,314,1993-01-24,24,112,133,488,0,0,234236,2,wheat/winter wheat,2.8,7.6,10.2,1.9,3.161,44,11.8,0,0,1.7,0,329,0.5294,1992-10-04,9,1.1794309596682293,True,13.245268640938136,0.26365755134376234
BKR101_P001,101,P001,1993,2,314,1993-01-25,25,113,133,488,0,0,234236,2,wheat/winter wheat,-0.9,2.1,4.8,0.7,2.482,44,8.5,0,0,0.9,0,336.7,0.5444,1992-10-04,9,1.1794309596682293,True,13.245268640938136,0.26365755134376234
BKR101_P001,101,P001,1993,2,314,1993-01-26,26,114,133,488,0,0,234236,2,wheat/winter wheat,-0.5,1,2.1,7.2,1.422,44,9.8,0,0,0.7,0,342.2,0.5548,1992-10-04,9,1.1794309596682293,True,13.245268640938136,0.26365755134376234
BKR101_P001,101,P001,1993,2,314,1993-01-27,27,115,133,488,0,0,234236,2,wheat/winter wheat,-4.7,-1.9,0.2,1.1,7.396,44,3.7,0,0,0,0,342.1,0.5622,1992-10-04,9,1.1794309596682293,True,13.245268640938136,0.26365755134376234
BKR101_P001,101,P001,1993,2,314,1993-01-28,28,116,133,488,0,0,234236,2,wheat/winter wheat,-5.8,-2.4,-0.8,0,4.362,44,2.7,0,0,0,0,341.9,0.562,1992-10-04,9,1.1794309596682293,True,13.245268640938136,0.26365755134376234
BKR101_P001,101,P001,1993,2,314,1993-01-29,29,117,133,488,0,0,234236,2,wheat/winter wheat,-6.3,-4.3,-2.8,0,3.242,44,1.7,0,0,0,0,341.8,0.5619,1992-10-04,9,1.1794309596682293,True,13.245268640938136,0.26365755134376234
BKR101_P001,101,P001,1993,2,314,1993-01-30,30,118,133,488,0,0,234236,2,wheat/winter wheat,-7.7,-5.4,-2.8,0,5.86,44,1.6,0,0,0,0,341.6,0.5618,1992-10-04,9,1.1794309596682293,True,13.245268640938136,0.26365755134376234
BKR101_P001,101,P001,1993,2,314,1993-01-31,31,119,133,488,0,0,234236,2,wheat/winter wheat,-9.4,-6.2,-0.4,0,7.588,44,1.1,0,0,0,0,341.5,0.5616,1992-10-04,9,1.1794309596682293,True,13.245268640938136,0.26365755134376234
BKR101_P001,101,P001,1993,2,314,1993-02-01,32,120,133,488,0,0,234236,2,wheat/winter wheat,-7.8,-2.7,-0.1,0,1.999,44,1.1,0,0,0,0,341.4,0.5615,1992-10-04,9,1.1794309596682293,True,13.245268640938136,0.26365755134376234
BKR101_P001,101,P001,1993,2,314,1993-02-02,33,121,133,488,0,0,234236,2,wheat/winter wheat,-6.7,-2.9,-0.3,0,6.553,44,2.5,0,0,0,0,341.2,0.5614,1992-10-04,9,1.1794309596682293,True,13.245268640938136,0.26365755134376234
BKR101_P001,101,P001,1993,2,314,1993-02-03,34,122,133,488,0,0,234236,2,wheat/winter wheat,-2.1,-0.6,-0.1,0,2.459,44,4.2,0,0,0,0,341,0.5612,1992-10-04,9,1.1794309596682293,True,13.245268640938136,0.26365755134376234
BKR101_P001,101,P001,1993,2,314,1993-02-04,35,123,133,488,0,0,234236,2,wheat/winter wheat,-2.4,-1,0.6,0,3.005,44,4.6,0,0,0,0,340.9,0.5611,1992-10-04,9,1.1794309596682293,True,13.245268640938136,0.26365755134376234
BKR101_P001,101,P001,1993,2,314,1993-02-05,36,124,133,488,0,0,234236,2,wheat/winter wheat,-0.7,0.1,1.5,0,1.779,44,6.8,0,0,0.7,0,347.4,0.5609,1992-10-04,9,1.1794309596682293,True,13.245268640938136,0.26365755134376234
BKR101_P001,101,P001,1993,2,314,1993-02-06,37,125,133,488,0,0,234236,2,wheat/winter wheat,0.5,1.6,2.5,2.4,1.463,44,4.4,0,0,0.8,0,354.1,0.5698,1992-10-04,9,1.1794309596682293,True,13.245268640938136,0.26365755134376234
BKR101_P001,101,P001,1993,2,314,1993-02-07,38,126,133,488,0,0,234236,2,wheat/winter wheat,-2.5,-0.2,1.6,0,4.489,44,1.4,0,0,0,0,353.9,0.5787,1992-10-04,9,1.1794309596682293,True,13.245268640938136,0.26365755134376234
BKR101_P001,101,P001,1993,2,314,1993-02-08,39,127,133,488,0,0,234236,2,wheat/winter wheat,-0.2,1.8,4,0,4.026,44,2.7,0,0,0.8,0,364.6,0.5786,1992-10-04,9,1.1794309596682293,True,13.245268640938136,0.26365755134376234
BKR101_P001,101,P001,1993,2,314,1993-02-09,40,128,133,488,0,0,234236,2,wheat/winter wheat,2.2,2.8,3.8,0.1,1.912,44,1.4,0,0,0.7,0,372.7,0.593,1992-10-04,9,1.1794309596682293,True,13.245268640938136,0.26365755134376234
BKR101_P001,101,P001,1993,2,314,1993-02-10,41,129,133,488,0,0,234236,2,wheat/winter wheat,-0.6,0.5,2.3,0,1.822,44,2.4,0,0,0.7,0,380.4,0.6039,1992-10-04,9,1.1794309596682293,True,13.245268640938136,0.26365755134376234
BKR101_P001,101,P001,1993,2,314,1993-02-11,42,130,133,488,0,0,234236,2,wheat/winter wheat,-1.2,-0.6,0.1,0,2.211,44,1.7,0,0,0,0,380.2,0.6141,1992-10-04,9,1.1794309596682293,True,13.245268640938136,0.26365755134376234
BKR101_P001,101,P001,1993,2,314,1993-02-12,43,131,133,488,0,0,234236,2,wheat/winter wheat,-1,0.6,5,0,6.463,44,2.4,0,0,0.8,0,392.9,0.614,1992-10-04,9,1.1794309596682293,True,13.245268640938136,0.26365755134376234
BKR101_P001,101,P001,1993,2,314,1993-02-13,44,132,133,488,0,0,234236,2,wheat/winter wheat,-1.2,-0.7,-0.3,0,1.324,44,0.8,0,0,0,0,392.7,0.6311,1992-10-04,9,1.1794309596682293,True,13.245268640938136,0.26365755134376234
BKR101_P001,101,P001,1993,2,314,1993-02-14,45,133,133,488,0,0,234236,2,wheat/winter wheat,-0.6,0.7,2.4,0,2.801,44,2,0,0,0.7,0,402.4,0.6309,1992-10-04,9,1.1794309596682293,True,13.245268640938136,0.26365755134376234
BKR101_P001,101,P001,1993,2,314,1993-02-15,46,134,133,488,0,0,234236,2,wheat/winter wheat,-2,1.1,3,0,5.401,44,3.3,0,0,0.9,0,415.8,0.6438,1992-10-04,9,1.1794309596682293,True,13.245268640938136,0.26365755134376234
BKR101_P001,101,P001,1993,2,314,1993-02-16,47,135,133,488,0,0,234236,2,wheat/winter wheat,-2.3,-0.8,0.3,0.8,3.742,44,3.9,0,0,0,0,415.6,0.6618,1992-10-04,9,1.1794309596682293,True,13.245268640938136,0.26365755134376234
BKR101_P001,101,P001,1993,2,314,1993-02-17,48,136,133,488,0,0,234236,2,wheat/winter wheat,0,2.8,6.3,4.1,2.312,44,5.8,0,0,1.1,0,426,0.6616,1992-10-04,9,1.1794309596682293,True,13.245268640938136,0.26365755134376234
BKR101_P001,101,P001,1993,2,314,1993-02-18,49,137,133,488,0,0,234236,2,wheat/winter wheat,-0.9,1.9,3.5,0.4,5.38,44,4.5,0,0,1.1,0,440.7,0.6755,1992-10-04,9,1.1794309596682293,True,13.245268640938136,0.26365755134376234
BKR101_P001,101,P001,1993,2,314,1993-02-19,50,138,133,488,0,0,234236,2,wheat/winter wheat,1.8,2.8,3.9,3.9,4.001,44,7.1,0,0,1.3,0,454.4,0.6951,1992-10-04,9,1.1794309596682293,True,13.245268640938136,0.26365755134376234
BKR101_P001,101,P001,1993,2,314,1993-02-20,51,139,133,488,0,0,234236,2,wheat/winter wheat,-0.5,1.6,4.1,3.4,8.917,41,7,0,0,1.4,0,472.1,0.7133,1992-10-04,9,1.1794309596682293,True,13.245268640938136,0.26365755134376234
BKR101_P001,101,P001,1993,2,314,1993-02-21,52,140,133,488,0,0,234236,2,wheat/winter wheat,-4,-1,1.3,0.8,4.72,39,6.1,0,0,0,0,471.8,0.7366,1992-10-04,9,1.1794309596682293,True,13.245268640938136,0.26365755134376234
BKR101_P001,101,P001,1993,2,314,1993-02-22,53,141,133,488,0,0,234236,2,wheat/winter wheat,-7.8,-4.4,-1.8,0,11.69,39,3.8,0,0,0,0,471.6,0.7364,1992-10-04,9,1.1794309596682293,True,13.245268640938136,0.26365755134376234
BKR101_P001,101,P001,1993,2,314,1993-02-23,54,142,133,488,0,0,234236,2,wheat/winter wheat,-7.2,-3.4,-0.9,0,6.376,39,3.9,0,0,0,0,471.5,0.7363,1992-10-04,9,1.1794309596682293,True,13.245268640938136,0.26365755134376234
BKR101_P001,101,P001,1993,2,314,1993-02-24,55,143,133,488,0,0,234236,2,wheat/winter wheat,-1.3,-0.9,-0.5,0.8,3.487,39,5.3,0,0,0,0,471.2,0.7361,1992-10-04,9,1.1794309596682293,True,13.245268640938136,0.26365755134376234
BKR101_P001,101,P001,1993,2,314,1993-02-25,56,144,133,488,0,0,234236,2,wheat/winter wheat,-1.2,-0.8,-0.4,0.3,2.614,39,3.3,0,0,0,0,471,0.7359,1992-10-04,9,1.1794309596682293,True,13.245268640938136,0.26365755134376234
BKR101_P001,101,P001,1993,2,314,1993-02-26,57,145,133,488,0,0,234236,2,wheat/winter wheat,-5.5,-2,1.5,0.1,7.36,39,2.2,0,0,0,0,470.8,0.7356,1992-10-04,9,1.1794309596682293,True,13.245268640938136,0.26365755134376234
BKR101_P001,101,P001,1993,2,314,1993-02-27,58,146,133,488,0,0,234236,2,wheat/winter wheat,-8.1,-2.7,2.4,0.7,6.112,39,2.3,0,0,0,0,470.6,0.7354,1992-10-04,9,1.1794309596682293,True,13.245268640938136,0.26365755134376234
BKR101_P001,101,P001,1993,2,314,1993-02-28,59,147,133,488,0,0,234236,2,wheat/winter wheat,-4.2,-1.1,1.4,0,5.249,39,2.6,0,0,0,0,470.4,0.7353,1992-10-04,9,1.1794309596682293,True,13.245268640938136,0.26365755134376234
BKR101_P001,101,P001,1993,2,314,1993-03-01,60,148,133,488,0,0,234236,2,wheat/winter wheat,-1.1,0.5,3.7,0,10.331,39,5.6,0,0,1.4,0,489,0.735,1992-10-04,9,1.1794309596682293,True,13.245268640938136,0.26365755134376234
BKR101_P001,101,P001,1993,2,314,1993-03-02,61,149,133,488,0,0,234236,2,wheat/winter wheat,-4.3,-1.3,1.8,0,10.576,39,6.6,0,0,0,0,488.8,0.7597,1992-10-04,9,1.1794309596682293,True,13.245268640938136,0.26365755134376234
BKR101_P001,101,P001,1993,2,314,1993-03-03,62,150,133,488,0,0,234236,2,wheat/winter wheat,-6.7,-4,-1.1,0,9.458,39,4.1,0,0,0,0,488.6,0.7595,1992-10-04,9,1.1794309596682293,True,13.245268640938136,0.26365755134376234
BKR101_P001,101,P001,1993,2,314,1993-03-04,63,151,133,488,0,0,234236,2,wheat/winter wheat,-5.8,-3.8,-0.9,0.1,10.886,39,1.6,0,0,0,0,488.4,0.7593,1992-10-04,9,1.1794309596682293,True,13.245268640938136,0.26365755134376234
BKR101_P001,101,P001,1993,2,314,1993-03-05,64,152,133,488,0,0,234236,2,wheat/winter wheat,-7.6,-2.8,0,0,6.548,39,4.1,0,0,0,0,488.2,0.7591,1992-10-04,9,1.1794309596682293,True,13.245268640938136,0.26365755134376234
BKR101_P001,101,P001,1993,2,314,1993-03-06,65,153,133,488,0,0,234236,2,wheat/winter wheat,0.2,2.5,5.6,0,10.1,39,4,0,0,1.6,0,511.1,0.759,1992-10-04,9,1.1794309596682293,True,13.245268640938136,0.26365755134376234
BKR101_P001,101,P001,1993,2,314,1993-03-07,66,154,133,488,0,0,234236,2,wheat/winter wheat,-1.1,1.8,5,0,10.581,39,2.5,0,0,1.3,0,534.3,0.7892,1992-10-04,9,1.1794309596682293,True,13.245268640938136,0.26365755134376234
BKR101_P001,101,P001,1993,2,314,1993-03-08,67,155,133,488,0,0,234236,2,wheat/winter wheat,-2.2,-0.3,2.9,0,7.955,39,1.3,0,0,0,0,534.1,0.8198,1992-10-04,9,1.1794309596682293,True,13.245268640938136,0.26365755134376234
BKR101_P001,101,P001,1993,2,314,1993-03-09,68,156,133,488,0,0,234236,2,wheat/winter wheat,-4.7,-0.7,4,0,13.799,39,2.1,0,0,0,0,533.8,0.8195,1992-10-04,9,1.1794309596682293,True,13.245268640938136,0.26365755134376234
BKR101_P001,101,P001,1993,2,314,1993-03-10,69,157,133,488,0,0,234236,2,wheat/winter wheat,-4.7,1.9,7.6,0,11.77,39,2.7,0,0,1.5,0,558.8,0.8193,1992-10-04,9,1.1794309596682293,True,13.245268640938136,0.26365755134376234
BKR101_P001,101,P001,1993,2,314,1993-03-11,70,158,133,488,0,0,234236,2,wheat/winter wheat,-1,1.5,4.3,0,8.105,39,2,0,0,1.2,0,581,0.8521,1992-10-04,9,1.1794309596682293,True,13.245268640938136,0.26365755134376234
BKR101_P001,101,P001,1993,2,314,1993-03-12,71,159,133,488,0,0,234236,2,wheat/winter wheat,-3.9,2.7,8.6,0,10.138,39,0.9,0,0,1.1,0,607.7,0.8813,1992-10-04,9,1.1794309596682293,True,13.245268640938136,0.26365755134376234
BKR101_P001,101,P001,1993,2,314,1993-03-13,72,160,133,488,0,0,234236,2,wheat/winter wheat,-0.1,5.4,12.3,0,9.977,39,1.4,0,0,1.5,0,639.3,0.9162,1992-10-04,9,1.1794309596682293,True,13.245268640938136,0.26365755134376234
BKR101_P001,101,P001,1993,2,314,1993-03-14,73,161,133,488,0,0,234236,2,wheat/winter wheat,1.6,6.7,13.6,0,10.436,39,1.5,0,0,1.7,0,675.1,0.957,1992-10-04,9,1.1794309596682293,True,13.245268640938136,0.26365755134376234
BKR101_P001,101,P001,1993,2,314,1993-03-15,74,162,133,488,0,0,234236,2,wheat/winter wheat,2.1,8.3,15.1,0,12.602,37,2.2,0,0,2.3,0,719.7,1.0025,1992-10-04,9,1.1794309596682293,True,13.245268640938136,0.26365755134376234
BKR101_P001,101,P001,1993,2,314,1993-03-16,75,163,133,488,0,0,234236,2,wheat/winter wheat,7.6,10.4,15.5,1.8,8.991,34,6.1,0,0,3.8,0,761,1.0582,1992-10-04,9,1.1794309596682293,True,13.245268640938136,0.26365755134376234
BKR101_P001,101,P001,1993,2,314,1993-03-17,76,164,133,488,0,0,234236,2,wheat/winter wheat,7,8.1,9.6,0.5,2.795,34,7.9,0,0,2.6,0,788.3,1.1083,1992-10-04,9,1.1794309596682293,True,13.245268640938136,0.26365755134376234
BKR101_P001,101,P001,1993,2,314,1993-03-18,77,165,133,488,0,0,234236,2,wheat/winter wheat,5.8,9.8,10.7,1.4,3.101,34,7.6,0,0,2.7,0,818.5,1.1408,1992-10-04,9,1.1794309596682293,True,13.245268640938136,0.26365755134376234
BKR101_P001,101,P001,1993,2,314,1993-03-19,78,166,133,488,0,0,234236,2,wheat/winter wheat,2.6,5.4,8.1,0.2,9.836,34,7.8,0,0,2.8,0,860.2,1.1758,1992-10-04,9,1.1794309596682293,True,13.245268640938136,0.26365755134376234
BKR101_P001,101,P001,1993,2,314,1993-03-20,79,167,133,488,0,0,234236,2,wheat/winter wheat,4.1,6.6,10,0,12.253,34,6.3,0,0,3.2,0,910.7,1.2235,1992-10-04,9,1.1794309596682293,True,13.245268640938136,0.26365755134376234
BKR101_P001,101,P001,1993,2,314,1993-03-21,80,168,133,488,0,0,234236,2,wheat/winter wheat,1.2,8,15,0,13.576,34,3.3,0,0,2.9,0,969.1,1.2804,1992-10-04,9,1.1794309596682293,True,13.245268640938136,0.26365755134376234
BKR101_P001,101,P001,1993,2,314,1993-03-22,81,169,133,488,0,0,234236,2,wheat/winter wheat,6.4,10.3,14.3,0.1,7.096,34,2.9,0,0,2.6,0,1016.4,1.3449,1992-10-04,9,1.1794309596682293,True,13.245268640938136,0.26365755134376234
BKR101_P001,101,P001,1993,2,314,1993-03-23,82,170,133,488,0,0,234236,2,wheat/winter wheat,4.6,8.1,9.7,0.8,11.177,34,6.2,0,0,3.2,0,1075.5,1.3956,1992-10-04,9,1.1794309596682293,True,13.245268640938136,0.26365755134376234
BKR101_P001,101,P001,1993,2,314,1993-03-24,83,171,133,488,0,0,234236,2,wheat/winter wheat,2,4.7,7.9,0,13.198,34,5.7,0,0,2.7,0,1132,1.4575,1992-10-04,9,1.1794309596682293,True,13.245268640938136,0.26365755134376234
BKR101_P001,101,P001,1993,2,314,1993-03-25,84,172,133,488,0,0,234236,2,wheat/winter wheat,-0.4,2.5,5.7,0.7,10.462,34,4.2,0,0,2,0,1179.2,1.5161,1992-10-04,9,1.1794309596682293,True,13.245268640938136,0.26365755134376234
BKR101_P001,101,P001,1993,2,314,1993-03-26,85,173,133,488,0,0,234236,2,wheat/winter wheat,-2.3,1.1,5.6,0,13.919,34,3.2,0,0,1.8,0,1228.2,1.5647,1992-10-04,9,1.1794309596682293,True,13.245268640938136,0.26365755134376234
BKR101_P001,101,P001,1993,2,314,1993-03-27,86,174,133,488,0,0,234236,2,wheat/winter wheat,-2.8,-0.1,2.7,0.1,10.843,34,2.4,0,0,0.1,0,1227.6,1.6151,1992-10-04,9,1.1794309596682293,True,13.245268640938136,0.26365755134376234
BKR101_P001,101,P001,1993,2,314,1993-03-28,87,175,133,488,0,0,234236,2,wheat/winter wheat,-1.9,0.7,4.4,0,10.895,34,3.7,0,0,1.7,0,1272.9,1.6146,1992-10-04,9,1.1794309596682293,True,13.245268640938136,0.26365755134376234
BKR101_P001,101,P001,1993,2,314,1993-03-29,88,176,133,488,0,0,234236,2,wheat/winter wheat,-1.1,0.1,2.1,0.8,6.072,34,4.4,0,0,1.5,0,1312.3,1.6613,1992-10-04,9,1.1794309596682293,True,13.245268640938136,0.26365755134376234
BKR101_P001,101,P001,1993,2,314,1993-03-30,89,177,133,488,0,0,234236,2,wheat/winter wheat,-0.6,0.8,2.4,0,6.285,34,4,0,0,1.6,0,1354.4,1.7018,1992-10-04,9,1.1794309596682293,True,13.245268640938136,0.26365755134376234
BKR101_P001,101,P001,1993,2,314,1993-03-31,90,178,133,488,0,0,234236,2,wheat/winter wheat,-0.5,3.1,6.8,0,14.071,34,3,0,0,2.1,0,1416,1.7452,1992-10-04,9,1.1794309596682293,True,13.245268640938136,0.26365755134376234
BKR101_P001,101,P001,1993,2,314,1993-04-01,91,179,133,488,0,0,234236,2,wheat/winter wheat,0.9,4.8,11,0,11.638,34,5.3,0,0,2.9,0,1479,1.8083,1992-10-04,9,1.1794309596682293,True,13.245268640938136,0.26365755134376234
BKR101_P001,101,P001,1993,2,314,1993-04-02,92,180,133,488,0,0,234236,2,wheat/winter wheat,-0.6,5.2,11,0,19.067,34,5.2,0,0,3.3,0,1559.8,1.872,1992-10-04,9,1.1794309596682293,True,13.245268640938136,0.26365755134376234
BKR101_P001,101,P001,1993,2,314,1993-04-03,93,181,133,488,0,0,234236,2,wheat/winter wheat,4.2,5.5,7.1,0,4.593,34,2.4,0,0,1.9,0,1612.5,1.9527,1992-10-04,9,1.1794309596682293,True,13.245268640938136,0.26365755134376234
BKR101_P001,101,P001,1993,2,314,1993-04-04,94,182,133,488,0,0,234236,2,wheat/winter wheat,2.6,5.4,8.8,0,6.538,34,1.4,0,0,1.6,0,1671.2,2.0045,1992-10-04,9,1.1794309596682293,True,13.245268640938136,0.26365755134376234
BKR101_P001,101,P001,1993,2,314,1993-04-05,95,183,133,488,0,0,234236,2,wheat/winter wheat,-0.2,5.5,10.3,0,9.387,34,2.2,0,0,2.1,0,1739.3,2.0613,1992-10-04,9,1.1794309596682293,True,13.245268640938136,0.26365755134376234
BKR101_P001,101,P001,1993,2,314,1993-04-06,96,184,133,488,0,0,234236,2,wheat/winter wheat,4.6,6.9,11,2,10.675,34,3.6,0,0,2.9,0,1815.8,2.1262,1992-10-04,9,1.1794309596682293,True,13.245268640938136,0.26365755134376234
BKR101_P001,101,P001,1993,2,314,1993-04-07,97,185,133,488,0,0,234236,2,wheat/winter wheat,4.9,6.7,9.9,3.8,9.719,34,3.2,0,0,2.6,0,1891.4,2.1977,1992-10-04,9,1.1794309596682293,True,13.245268640938136,0.26365755134376234
BKR101_P001,101,P001,1993,2,314,1993-04-08,98,186,133,488,0,0,234236,2,wheat/winter wheat,2.5,4.9,6.4,0,3.076,34,4.1,0,0,2.1,0,1949.6,2.2669,1992-10-04,9,1.1794309596682293,True,13.245268640938136,0.26365755134376234
BKR101_P001,101,P001,1993,2,314,1993-04-09,99,187,133,488,0,0,234236,2,wheat/winter wheat,-2.6,1.4,3.4,0,11.055,34,3.6,0,0,1.8,0,2016.9,2.3194,1992-10-04,9,1.1794309596682293,True,13.245268640938136,0.26365755134376234
BKR101_P001,101,P001,1993,2,314,1993-04-10,100,188,133,488,0,0,234236,2,wheat/winter wheat,-4.2,0.9,6.2,0,21.283,34,2.6,0,0,2.2,0,2096.5,2.3799,1992-10-04,9,1.1794309596682293,True,13.245268640938136,0.26365755134376234
BKR101_P001,101,P001,1993,2,314,1993-04-11,101,189,133,488,0,0,234236,2,wheat/winter wheat,-3.3,2.3,8.1,0,22.783,34,3.7,0,0,2.7,0,2186.4,2.4517,1992-10-04,9,1.1794309596682293,True,13.245268640938136,0.26365755134376234
BKR101_P001,101,P001,1993,2,314,1993-04-12,102,190,133,488,0,0,234236,2,wheat/winter wheat,-2.1,4,10.1,0,22.411,34,3.1,0,0,2.9,0,2289.2,2.5323,1992-10-04,9,1.1794309596682293,True,13.245268640938136,0.26365755134376234
BKR101_P001,101,P001,1993,2,314,1993-04-13,103,191,133,488,0,0,234236,2,wheat/winter wheat,-1,5.6,11.7,0,19.741,34,3,0,0,3.1,0,2402.9,2.6235,1992-10-04,9,1.1794309596682293,True,13.245268640938136,0.26365755134376234
BKR101_P001,101,P001,1993,2,314,1993-04-14,104,192,133,488,0,0,234236,2,wheat/winter wheat,1.5,8.1,14.5,0,17.22,34,3.5,0,0,3.6,0,2522.8,2.7228,1992-10-04,9,1.1794309596682293,True,13.245268640938136,0.26365755134376234
BKR101_P001,101,P001,1993,2,314,1993-04-15,105,193,133,488,0,0,234236,2,wheat/winter wheat,2.2,8.6,14.8,0,19.896,34,3.5,0,0,3.9,0,2659.5,2.8248,1992-10-04,9,1.1794309596682293,True,13.245268640938136,0.26365755134376234
BKR101_P001,101,P001,1993,2,314,1993-04-16,106,194,133,488,0,0,234236,2,wheat/winter wheat,0.3,7.2,13.9,0,21.499,33,1.3,0,0,2.8,0,2797.5,2.9377,1992-10-04,9,1.1794309596682293,True,13.245268640938136,0.26365755134376234
BKR101_P001,101,P001,1993,2,314,1993-04-17,107,195,133,488,0,0,234236,2,wheat/winter wheat,2,10.7,16.7,0,17.429,32,4,0,0,4.3,0,2939.7,3.0489,1992-10-04,9,1.1794309596682293,True,13.245268640938136,0.26365755134376234
BKR101_P001,101,P001,1993,2,314,1993-04-18,108,196,133,488,0,0,234236,2,wheat/winter wheat,8.1,9.9,13,7.5,9.979,32,5.3,0,0,4,0,3044.1,3.1592,1992-10-04,9,1.1794309596682293,True,13.245268640938136,0.26365755134376234
BKR101_P001,101,P001,1993,2,314,1993-04-19,109,197,133,488,0,0,234236,2,wheat/winter wheat,3.2,6.7,10.4,0,20.928,32,5.6,0,0,4.1,0,3189.7,3.2373,1992-10-04,9,1.1794309596682293,True,13.245268640938136,0.26365755134376234
BKR101_P001,101,P001,1993,2,314,1993-04-20,110,198,133,488,0,0,234236,2,wheat/winter wheat,0.4,7,12.6,0,19.444,32,2.4,0,0,3.2,0,3333.2,3.3435,1992-10-04,9,1.1794309596682293,True,13.245268640938136,0.26365755134376234
BKR101_P001,101,P001,1993,2,314,1993-04-21,111,199,133,488,0,0,234236,2,wheat/winter wheat,3.6,13.8,22.9,0,19.686,32,4.2,0,0,5.7,0,3502.8,3.4458,1992-10-04,9,1.1794309596682293,True,13.245268640938136,0.26365755134376234
BKR101_P001,101,P001,1993,2,314,1993-04-22,112,200,133,488,0,0,234236,2,wheat/winter wheat,9.6,16.1,22,0,20.481,32,2.4,0,0,4.7,0,3687.6,3.5602,1992-10-04,9,1.1794309596682293,True,13.245268640938136,0.26365755134376234
BKR101_P001,101,P001,1993,2,314,1993-04-23,113,201,133,488,0,0,234236,2,wheat/winter wheat,9.2,15.1,20,0,20.111,32,2.6,0,0,4.7,0,3876.1,3.6765,1992-10-04,9,1.1794309596682293,True,13.245268640938136,0.26365755134376234
BKR101_P001,101,P001,1993,2,314,1993-04-24,114,202,133,488,0,0,234236,2,wheat/winter wheat,9.4,18.1,26.9,0,21.857,30,4.7,0,0,7.4,0,4069.6,3.7875,1992-10-04,9,1.1794309596682293,True,13.245268640938136,0.26365755134376234
BKR101_P001,101,P001,1993,2,314,1993-04-25,115,203,133,488,0,0,234236,2,wheat/winter wheat,12.4,20.1,27.1,0,20.789,29,5.3,0,0,7.8,0,4256.6,3.8914,1992-10-04,9,1.1794309596682293,True,13.245268640938136,0.26365755134376234
BKR101_P001,101,P001,1993,2,314,1993-04-26,116,204,133,488,0,0,234236,2,wheat/winter wheat,12,20.2,27.6,0,23.425,29,4.4,0,0,7.6,0,4463,3.9859,1992-10-04,9,1.1794309596682293,True,13.245268640938136,0.26365755134376234
BKR101_P001,101,P001,1993,2,314,1993-04-27,117,205,133,488,0,0,234236,2,wheat/winter wheat,9.8,18.7,26.7,0,21.178,28,1.7,0,0,4.8,0,4657.6,4.0892,1992-10-04,9,1.1794309596682293,True,13.245268640938136,0.26365755134376234
BKR101_P001,101,P001,1993,2,314,1993-04-28,118,206,133,488,0,0,234236,2,wheat/winter wheat,11.9,19.5,27.2,0,21.598,27,2.9,0,0,6.2,0,4852.1,4.1857,1992-10-04,9,1.1794309596682293,True,13.245268640938136,0.26365755134376234
BKR101_P001,101,P001,1993,2,314,1993-04-29,119,207,133,488,0,0,234236,2,wheat/winter wheat,11.3,19.3,26.7,0,22.531,27,3.6,0,0,6.8,0,5057.5,4.2811,1992-10-04,9,1.1794309596682293,True,13.245268640938136,0.26365755134376234
BKR101_P001,101,P001,1993,2,314,1993-04-30,120,208,133,488,0,0,234236,2,wheat/winter wheat,11.9,19.2,26.4,3.3,23.03,27,3.9,0,0,7.2,0,5267.4,4.3808,1992-10-04,9,1.1794309596682293,True,13.245268640938136,0.26365755134376234
BKR101_P001,101,P001,1993,2,314,1993-05-01,121,209,133,488,0,0,234236,2,wheat/winter wheat,10.8,18.6,25.9,0,22.96,27,2.8,0,0,6.1,0,5480,4.4816,1992-10-04,9,1.1794309596682293,True,13.245268640938136,0.26365755134376234
BKR101_P001,101,P001,1993,2,314,1993-05-02,122,210,133,488,0,0,234236,2,wheat/winter wheat,10.9,16.7,25,0.1,18.738,27,2.9,0,0,5.7,0,5657.7,4.5828,1992-10-04,9,1.1794309596682293,True,13.245268640938136,0.26365755134376234
BKR101_P001,101,P001,1993,2,314,1993-05-03,123,211,133,488,0,0,234236,2,wheat/winter wheat,7.6,11.2,14,0,5.458,27,3,0,0,3.2,0,5756.2,4.6668,1992-10-04,9,1.1794309596682293,True,13.245268640938136,0.26365755134376234
BKR101_P001,101,P001,1993,2,314,1993-05-04,124,212,133,488,0,0,234236,2,wheat/winter wheat,2.8,8.9,13.5,0,25.992,27,2.4,0,0,4.2,0,5979.9,4.7131,1992-10-04,9,1.1794309596682293,True,13.245268640938136,0.26365755134376234
BKR101_P001,101,P001,1993,2,314,1993-05-05,125,213,133,488,0,0,234236,2,wheat/winter wheat,1.1,8.7,14.1,0,24.505,27,2.2,0,0,4,0,6196.4,4.8178,1992-10-04,9,1.1794309596682293,True,13.245268640938136,0.26365755134376234
BKR101_P001,101,P001,1993,2,314,1993-05-06,126,214,133,488,0,0,234236,2,wheat/winter wheat,5.8,8.3,11.2,0.4,5.824,27,2.7,0,0,2.8,0,6299.5,4.9186,1992-10-04,9,1.1794309596682293,True,13.245268640938136,0.26365755134376234
BKR101_P001,101,P001,1993,2,314,1993-05-07,127,215,133,488,0,0,234236,2,wheat/winter wheat,8,14.9,23.6,0.3,19.952,27,2,0,0,4.8,0,6490.8,4.9663,1992-10-04,9,1.1794309596682293,True,13.245268640938136,0.26365755134376234
BKR101_P001,101,P001,1993,2,314,1993-05-08,128,216,133,488,0,0,234236,2,wheat/winter wheat,10.3,17.9,24.8,0,21.539,26,2.8,0,0,5.9,0,6708.5,5.054,1992-10-04,9,1.1794309596682293,True,13.245268640938136,0.26365755134376234
BKR101_P001,101,P001,1993,2,314,1993-05-09,129,217,133,488,0,0,234236,2,wheat/winter wheat,12.1,18.7,26,0,22.127,26,3.5,0,0,6.9,0,6922.3,5.1526,1992-10-04,9,1.1794309596682293,True,13.245268640938136,0.26365755134376234
BKR101_P001,101,P001,1993,2,314,1993-05-10,130,218,133,488,0,0,234236,2,wheat/winter wheat,11.4,18.2,24.5,0,21.646,25,2.5,0,0,5.8,0,7134.7,5.2484,1992-10-04,9,1.1794309596682293,True,13.245268640938136,0.26365755134376234
BKR101_P001,101,P001,1993,2,314,1993-05-11,131,219,133,488,0,0,234236,2,wheat/winter wheat,13.1,19.7,26.6,0,21.752,25,3.4,0,0,6.9,0,7264.5,5.3425,1992-10-04,9,1.1794309596682293,True,13.245268640938136,0.26365755134376234
BKR101_P001,101,P001,1993,2,314,1993-05-12,132,220,133,488,0,0,234236,2,wheat/winter wheat,11.3,19.5,26.1,0,23.897,24,3.2,0,13.245,6.9,0,7284.3,5.3994,1992-10-04,9,1.1794309596682293,True,13.245268640938136,0.26365755134376234
BKR101_P001,101,P001,1993,2,314,1993-05-13,133,221,133,488,0,0,234236,2,wheat/winter wheat,10.5,19.6,27.8,0,24.034,24,2.4,0,13.245,6.3,0,7278.7,5.408,1992-10-04,9,1.1794309596682293,True,13.245268640938136,0.26365755134376234
BKR101_P001,101,P001,1993,2,314,1993-05-14,134,222,133,488,0,0,234236,2,wheat/winter wheat,13.1,19.8,25.8,0,25.746,24,2.2,0,0,6.2,0,7431.2,5.4029,1992-10-04,9,1.1794309596682293,True,13.245268640938136,0.26365755134376234
BKR101_P001,101,P001,1993,2,314,1993-05-15,135,223,133,488,0,0,234236,2,wheat/winter wheat,11.2,16,19.9,0,18.465,24,2.1,0,0,4.7,0,7573.8,5.4673,1992-10-04,9,1.1794309596682293,True,13.245268640938136,0.26365755134376234
BKR101_P001,101,P001,1993,2,314,1993-05-16,136,224,133,488,0,0,234236,2,wheat/winter wheat,5.7,12.6,16.4,0.5,17.823,24,2.6,0,13.245,4.4,0,7710,5.5271,1992-10-04,9,1.1794309596682293,True,13.245268640938136,0.26365755134376234
BKR101_P001,101,P001,1993,2,314,1993-05-17,137,225,133,488,0,0,234236,2,wheat/winter wheat,5.3,14.2,21.5,0,28.344,24,2.8,0,0,6.1,0,7891.3,5.5837,1992-10-04,9,1.1794309596682293,True,13.245268640938136,0.26365755134376234
BKR101_P001,101,P001,1993,2,314,1993-05-18,138,226,133,488,0,0,234236,2,wheat/winter wheat,8.3,17,24.4,0,28.503,24,3.7,0,0,7.5,0,8086.8,5.6583,1992-10-04,9,1.1794309596682293,True,13.245268640938136,0.26365755134376234
BKR101_P001,101,P001,1993,2,314,1993-05-19,139,227,133,488,0,0,234236,2,wheat/winter wheat,12.2,20.4,27.5,0,26.14,24,3.5,0,13.245,7.7,0,8242.2,5.7376,1992-10-04,9,1.1794309596682293,True,13.245268640938136,0.26365755134376234
BKR101_P001,101,P001,1993,2,314,1993-05-20,140,228,133,488,0,0,234236,2,wheat/winter wheat,13.7,22.1,29.2,0,24.667,24,3,0,0,7.3,0,8368.6,5.7998,1992-10-04,9,1.1794309596682293,True,13.245268640938136,0.26365755134376234
BKR101_P001,101,P001,1993,2,314,1993-05-21,141,229,133,488,0,0,234236,2,wheat/winter wheat,15.3,19.2,28.7,8.6,16.847,24,3,0,0,6.7,8.2,8465.5,5.85,1992-10-04,9,1.1794309596682293,True,13.245268640938136,0.26365755134376234
BKR101_P001,101,P001,1993,2,314,1993-05-22,142,230,133,488,0,0,234236,2,wheat/winter wheat,11.8,13.2,15.5,2.6,3.272,24,2.7,0,0,3.5,18.8,8525.7,5.8845,1992-10-04,9,1.1794309596682293,True,13.245268640938136,0.26365755134376234
BKR101_P001,101,P001,1993,2,314,1993-05-23,143,231,133,488,0,0,234236,2,wheat/winter wheat,12.1,15.2,19,0,12.748,24,1.8,0,0,3.9,46.2,8623.7,5.9033,1992-10-04,9,1.1794309596682293,True,13.245268640938136,0.26365755134376234
BKR101_P001,101,P001,1993,2,314,1993-05-24,144,232,133,488,0,0,234236,2,wheat/winter wheat,11.6,16,22.1,0,18.983,24,1.7,0,0,4.7,96.9,8754.8,5.929,1992-10-04,9,1.1794309596682293,True,13.245268640938136,0.26365755134376234
BKR101_P001,101,P001,1993,2,314,1993-05-25,145,233,133,488,0,0,234236,2,wheat/winter wheat,10.5,17.2,23.3,0,22.38,24,1.9,0,13.245,5.3,173.1,8907.5,5.9566,1992-10-04,9,1.1794309596682293,True,13.245268640938136,0.26365755134376234
BKR101_P001,101,P001,1993,2,314,1993-05-26,146,234,133,488,0,0,234236,2,wheat/winter wheat,9.8,12.5,15.9,0,12.802,24,2.5,0,0,4.1,230.4,9006.7,5.9805,1992-10-04,9,1.1794309596682293,True,13.245268640938136,0.26365755134376234
BKR101_P001,101,P001,1993,2,314,1993-05-27,147,235,133,488,0,0,234236,2,wheat/winter wheat,8.6,10.7,12.4,7.1,5.53,24,2.6,0,0,3.2,281.1,9085.9,5.9922,1992-10-04,9,1.1794309596682293,True,13.245268640938136,0.26365755134376234
BKR101_P001,101,P001,1993,2,314,1993-05-28,148,236,133,488,0,0,234236,2,wheat/winter wheat,11.1,14,19.1,0.7,12.002,24,2.5,0,0,4.5,352.8,9184.9,5.9993,1992-10-04,9,1.1794309596682293,True,13.245268640938136,0.26365755134376234
BKR101_P001,101,P001,1993,2,314,1993-05-29,149,237,133,488,0,0,234236,2,wheat/winter wheat,8.8,11.5,15.5,0.1,13.475,24,5,0,0,5.5,445.3,9302.1,6.0041,1992-10-04,9,1.1794309596682293,True,13.245268640938136,0.26365755134376234
BKR101_P001,101,P001,1993,2,314,1993-05-30,150,238,133,488,0,0,234236,2,wheat/winter wheat,7.9,16.1,22.9,10.2,25.627,24,2.3,0,13.245,5.9,602.2,9491.2,6.006,1992-10-04,9,1.1794309596682293,True,13.245268640938136,0.26365755134376234
BKR101_P001,101,P001,1993,2,314,1993-05-31,151,239,133,488,0,0,234236,2,wheat/winter wheat,10.8,14.7,19.1,2.3,21.851,24,4.4,0,0,6.7,735.1,9650.7,5.9998,1992-10-04,9,1.1794309596682293,True,13.245268640938136,0.26365755134376234
BKR101_P001,101,P001,1993,2,314,1993-06-01,152,240,133,488,0,0,234236,2,wheat/winter wheat,9.3,14.5,18.9,0,22.29,24,3.8,0,0,6.3,922.4,9875.4,5.9894,1992-10-04,9,1.1794309596682293,True,13.245268640938136,0.26365755134376234
BKR101_P001,101,P001,1993,2,314,1993-06-02,153,241,133,488,0,0,234236,2,wheat/winter wheat,8.6,16.3,21.9,0,22.668,24,1.7,0,0,5,1109,10098.5,5.9753,1992-10-04,9,1.1794309596682293,True,13.245268640938136,0.26365755134376234
BKR101_P001,101,P001,1993,2,314,1993-06-03,154,242,133,488,0,0,234236,2,wheat/winter wheat,12.1,14.8,18.3,1.8,10.01,24,2.6,0,0,4.3,1207.2,10213.8,5.9563,1992-10-04,9,1.1794309596682293,True,13.245268640938136,0.26365755134376234
BKR101_P001,101,P001,1993,2,314,1993-06-04,155,243,133,488,0,0,234236,2,wheat/winter wheat,9.6,15.4,21.5,0,29.05,24,2.8,0,0,6.6,1415.4,10461.6,5.9333,1992-10-04,9,1.1794309596682293,True,13.245268640938136,0.26365755134376234
BKR101_P001,101,P001,1993,2,314,1993-06-05,156,244,133,488,0,0,234236,2,wheat/winter wheat,5.6,15.8,23.5,0,30.434,24,1,0,13.245,5.1,1624.7,10709.8,5.9061,1992-10-04,9,1.1794309596682293,True,13.245268640938136,0.26365755134376234
BKR101_P001,101,P001,1993,2,314,1993-06-06,157,245,133,488,0,0,234236,2,wheat/winter wheat,9.8,18.1,24.1,0,19.492,24,1.2,0,0,4.4,1724.2,10824.3,5.8743,1992-10-04,9,1.1794309596682293,True,13.245268640938136,0.26365755134376234
BKR101_P001,101,P001,1993,2,314,1993-06-07,158,246,133,488,0,0,234236,2,wheat/winter wheat,10,16.5,21,0,28.235,24,2.7,0,0,6.4,1904.4,11035.4,5.8359,1992-10-04,9,1.1794309596682293,True,13.245268640938136,0.26365755134376234
BKR101_P001,101,P001,1993,2,314,1993-06-08,159,247,133,488,0,0,234236,2,wheat/winter wheat,9.4,16.8,22.7,0,26.325,24,1.6,0,13.245,5.4,2064.3,11221.2,5.7924,1992-10-04,9,1.1794309596682293,True,13.245268640938136,0.26365755134376234
BKR101_P001,101,P001,1993,2,314,1993-06-09,160,248,133,488,0,0,234236,2,wheat/winter wheat,9.8,18.6,25.4,0,30.017,24,2.5,0,0,7,2230.8,11413.7,5.7438,1992-10-04,9,1.1794309596682293,True,13.245268640938136,0.26365755134376234
BKR101_P001,101,P001,1993,2,314,1993-06-10,161,249,133,488,0,0,234236,2,wheat/winter wheat,12.8,22,29.8,0,27.872,24,3,0,0,8,2385.8,11590.9,5.6887,1992-10-04,9,1.1794309596682293,True,13.245268640938136,0.26365755134376234
BKR101_P001,101,P001,1993,2,314,1993-06-11,162,250,133,488,0,0,234236,2,wheat/winter wheat,16,21.6,25.1,0,18.194,24,2.8,0,13.245,6.1,2488.8,11704.3,5.6254,1992-10-04,9,1.1794309596682293,True,13.245268640938136,0.26365755134376234
BKR101_P001,101,P001,1993,2,314,1993-06-12,163,251,133,488,0,0,234236,2,wheat/winter wheat,11.5,14.1,17.8,32,3.43,24,4.7,0,0,5,2539.4,11754.1,5.5541,1992-10-04,9,1.1794309596682293,True,13.245268640938136,0.26365755134376234
BKR101_P001,101,P001,1993,2,314,1993-06-13,164,252,133,488,0,0,234236,2,wheat/winter wheat,11.5,12.1,13.5,27.1,3.859,24,6.3,0,0,5.2,2608.9,11826.5,5.4802,1992-10-04,9,1.1794309596682293,True,13.245268640938136,0.26365755134376234
BKR101_P001,101,P001,1993,2,314,1993-06-14,165,253,133,488,0,0,234236,2,wheat/winter wheat,10.4,13.2,16.5,0,17.388,24,4.1,0,0,5.8,2770.9,12009.9,5.4052,1992-10-04,9,1.1794309596682293,True,13.245268640938136,0.26365755134376234
BKR101_P001,101,P001,1993,2,314,1993-06-15,166,254,133,488,0,0,234236,2,wheat/winter wheat,8.9,12.5,15.8,0.1,18.312,24,3.9,0,0,5.5,2938.1,12199.4,5.3286,1992-10-04,9,1.1794309596682293,True,13.245268640938136,0.26365755134376234
BKR101_P001,101,P001,1993,2,314,1993-06-16,167,255,133,488,0,0,234236,2,wheat/winter wheat,7,12.5,17.3,0.4,15.356,24,3.9,0,0,5.3,3119.9,12406.3,5.2508,1992-10-04,9,1.1794309596682293,True,13.245268640938136,0.26365755134376234
BKR101_P001,101,P001,1993,2,314,1993-06-17,168,256,133,488,0,0,234236,2,wheat/winter wheat,12.2,14.2,17.4,4.2,17.787,24,4.7,0,0,6.4,3297.1,12607.2,5.172,1992-10-04,9,1.1794309596682293,True,13.245268640938136,0.26365755134376234
BKR101_P001,101,P001,1993,2,314,1993-06-18,169,257,133,488,0,0,234236,2,wheat/winter wheat,10.1,14.8,17.8,0.5,14.115,24,3.8,0,0,5.4,3470.8,12803.4,5.0913,1992-10-04,9,1.1794309596682293,True,13.245268640938136,0.26365755134376234
BKR101_P001,101,P001,1993,2,314,1993-06-19,170,258,133,488,0,0,234236,2,wheat/winter wheat,13.8,15,16.1,6.4,7.833,24,3.2,0,0,4.5,3591.7,12936,5.0085,1992-10-04,9,1.1794309596682293,True,13.245268640938136,0.26365755134376234
BKR101_P001,101,P001,1993,2,314,1993-06-20,171,259,133,488,0,0,234236,2,wheat/winter wheat,11,14.4,17.5,7.5,17.771,24,3.8,0,0,5.8,3760.7,13126,4.9235,1992-10-04,9,1.1794309596682293,True,13.245268640938136,0.26365755134376234
BKR101_P001,101,P001,1993,2,314,1993-06-21,172,260,133,488,0,0,234236,2,wheat/winter wheat,8.5,14,17.6,0,24.021,24,2.9,0,0,5.7,3973.7,13368.6,4.8368,1992-10-04,9,1.1794309596682293,True,13.245268640938136,0.26365755134376234
BKR101_P001,101,P001,1993,2,314,1993-06-22,173,261,133,488,0,0,234236,2,wheat/winter wheat,11.1,14.4,17.7,0,18.736,24,1.4,0,0,4.1,4146.8,13562.9,4.7488,1992-10-04,9,1.1794309596682293,True,13.245268640938136,0.26365755134376234
BKR101_P001,101,P001,1993,2,314,1993-06-23,174,262,133,488,0,0,234236,2,wheat/winter wheat,10.5,14.6,18.4,1,16.044,24,1.5,0,0,4,4299.6,13732.6,4.6594,1992-10-04,9,1.1794309596682293,True,13.245268640938136,0.26365755134376234
BKR101_P001,101,P001,1993,2,314,1993-06-24,175,263,133,488,0,0,234236,2,wheat/winter wheat,9.7,11.7,14.5,5.6,19.642,24,5.4,0,0,6.3,4475.5,13930,4.5686,1992-10-04,9,1.1794309596682293,True,13.245268640938136,0.26365755134376234
BKR101_P001,101,P001,1993,2,314,1993-06-25,176,264,133,488,0,0,234236,2,wheat/winter wheat,8.5,11.2,14.2,0.1,18.637,52,5.5,0,0,4.6,4643.6,14118.1,4.4779,1992-10-04,9,1.1794309596682293,True,13.245268640938136,0.26365755134376234
BKR101_P001,101,P001,1993,2,314,1993-06-26,177,265,133,488,0,0,234236,2,wheat/winter wheat,8.1,11.6,15,0,16.292,76,4.6,0,0,3.1,4796.7,14288.3,4.3879,1992-10-04,9,1.1794309596682293,True,13.245268640938136,0.26365755134376234
BKR101_P001,101,P001,1993,2,314,1993-06-27,178,266,133,488,0,0,234236,2,wheat/winter wheat,9.6,12.4,16.1,0.7,12.49,80,3.3,0,0,2.5,4919.3,14421.8,4.2981,1992-10-04,9,1.1794309596682293,True,13.245268640938136,0.26365755134376234
BKR101_P001,101,P001,1993,2,314,1993-06-28,179,267,133,488,0,0,234236,2,wheat/winter wheat,8.6,13,17.7,2,18.62,77,2.8,0,0,3.3,5071.4,14590.8,4.2084,1992-10-04,9,1.1794309596682293,True,13.245268640938136,0.26365755134376234
BKR101_P001,101,P001,1993,2,314,1993-06-29,180,268,133,488,0,0,234236,2,wheat/winter wheat,7.8,15.3,21.1,0,20.573,75,2.1,0,0,3.7,5230,14767.2,4.1184,1992-10-04,9,1.1794309596682293,True,13.245268640938136,0.26365755134376234
BKR101_P001,101,P001,1993,2,314,1993-06-30,181,269,133,488,0,0,234236,2,wheat/winter wheat,9.5,14.6,19.7,0,27.386,69,3.3,0,0,4.9,5424.3,14986.1,4.0272,1992-10-04,9,1.1794309596682293,True,13.245268640938136,0.26365755134376234
BKR101_P001,101,P001,1993,2,314,1993-07-01,182,270,133,488,0,0,234236,2,wheat/winter wheat,6.8,14.5,21.1,0,24.757,73,1,0,0,3.9,5587.6,15167.7,3.9352,1992-10-04,9,1.1794309596682293,True,13.245268640938136,0.26365755134376234
BKR101_P001,101,P001,1993,2,314,1993-07-02,183,271,133,488,0,0,234236,2,wheat/winter wheat,8.6,18.4,26.4,0,29.751,63,1.2,0,13.245,5.3,5745.1,15341.9,3.8425,1992-10-04,9,1.1794309596682293,True,13.245268640938136,0.26365755134376234
BKR101_P001,101,P001,1993,2,314,1993-07-03,184,272,133,488,0,0,234236,2,wheat/winter wheat,11.8,18.8,22.9,0,21.365,66,3.5,0,0,4.8,5848,15450.4,3.7474,1992-10-04,9,1.1794309596682293,True,13.245268640938136,0.26365755134376234
BKR101_P001,101,P001,1993,2,314,1993-07-04,185,273,133,488,0,0,234236,2,wheat/winter wheat,16.5,19.9,22.8,0,15.749,75,4,0,0,4,5931.1,15534.8,3.6497,1992-10-04,9,1.1794309596682293,True,13.245268640938136,0.26365755134376234
BKR101_P001,101,P001,1993,2,314,1993-07-05,186,274,133,488,0,0,234236,2,wheat/winter wheat,12.9,17.1,22.5,0.1,13.653,81,2.1,0,0,2.8,6002.7,15605.2,3.5494,1992-10-04,9,1.1794309596682293,True,13.245268640938136,0.26365755134376234
BKR101_P001,101,P001,1993,2,314,1993-07-06,187,275,133,488,0,0,234236,2,wheat/winter wheat,10.9,13.3,16,14,14.541,74,4.6,0,13.245,3.2,6090.5,15695,3.4479,1992-10-04,9,1.1794309596682293,True,13.245268640938136,0.26365755134376234
BKR101_P001,101,P001,1993,2,314,1993-07-07,188,276,133,488,0,0,234236,2,wheat/winter wheat,10.6,12.6,16.6,4.1,18.009,81,6.2,0,0,3.3,6185,15793,3.3473,1992-10-04,9,1.1794309596682293,True,13.245268640938136,0.26365755134376234
BKR101_P001,101,P001,1993,2,314,1993-07-08,189,277,133,488,0,0,234236,2,wheat/winter wheat,10.2,14.2,18.7,0,20.314,72,4.1,0,0,4,6319.5,15938.7,3.2477,1992-10-04,9,1.1794309596682293,True,13.245268640938136,0.26365755134376234
BKR101_P001,101,P001,1993,2,314,1993-07-09,190,278,133,488,0,0,234236,2,wheat/winter wheat,11.9,20.1,26.6,0,27.742,57,4.2,0,0,6.8,6474.7,16108.8,3.1487,1992-10-04,9,1.1794309596682293,True,13.245268640938136,0.26365755134376234
BKR101_P001,101,P001,1993,2,314,1993-07-10,191,279,133,488,0,0,234236,2,wheat/winter wheat,12,17,26.7,0.8,14.7,82,2.3,0,0,3.1,6549.9,16183.5,3.0482,1992-10-04,9,1.1794309596682293,True,13.245268640938136,0.26365755134376234
BKR101_P001,101,P001,1993,2,314,1993-07-11,192,280,133,488,0,0,234236,2,wheat/winter wheat,9.9,11.7,13.4,21,3.996,97,2.2,0,0,0.9,6620.1,16252.5,2.9476,1992-10-04,9,1.1794309596682293,True,13.245268640938136,0.26365755134376234
BKR101_P001,101,P001,1993,2,314,1993-07-12,193,281,133,488,0,0,234236,2,wheat/winter wheat,9.7,12.5,16.3,2.7,16.86,81,4,0,0,2.9,6765.5,16411.3,2.849,1992-10-04,9,1.1794309596682293,True,13.245268640938136,0.26365755134376234
BKR101_P001,101,P001,1993,2,314,1993-07-13,194,282,133,488,0,0,234236,2,wheat/winter wheat,8.8,11.9,15.4,0.3,19.201,82,3.9,0,0,3,6893.5,16549.5,2.7521,1992-10-04,9,1.1794309596682293,True,13.245268640938136,0.26365755134376234
BKR101_P001,101,P001,1993,2,314,1993-07-14,195,283,133,488,0,0,234236,2,wheat/winter wheat,7.8,14.5,19.2,0,20.239,70,2.1,0,0,3.6,7033.6,16702.5,2.6571,1992-10-04,9,1.1794309596682293,True,13.245268640938136,0.26365755134376234
BKR101_P001,101,P001,1993,2,314,1993-07-15,196,284,133,488,0,0,234236,2,wheat/winter wheat,12.5,15,18.2,8,10.2,91,2,0,0,1.9,7116.5,16787.3,2.5633,1992-10-04,9,1.1794309596682293,True,13.245268640938136,0.26365755134376234
BKR101_P001,101,P001,1993,2,314,1993-07-16,197,285,133,488,0,0,234236,2,wheat/winter wheat,12.8,16.5,21.3,4.6,19.456,78,1.3,0,0,3.4,7235.8,16915.5,2.4705,1992-10-04,9,1.1794309596682293,True,13.245268640938136,0.26365755134376234
BKR101_P001,101,P001,1993,2,314,1993-07-17,198,286,133,488,0,0,234236,2,wheat/winter wheat,12.9,18,22.3,1.8,16.721,85,3.1,0,0,3.2,7337.5,17022.8,2.3783,1992-10-04,9,1.1794309596682293,True,13.245268640938136,0.26365755134376234
BKR101_P001,101,P001,1993,2,314,1993-07-18,199,287,133,488,0,0,234236,2,wheat/winter wheat,13,17.1,22,0.3,20.36,79,3,0,0,3.9,7470.5,17167.3,2.2865,1992-10-04,9,1.1794309596682293,True,13.245268640938136,0.26365755134376234
BKR101_P001,101,P001,1993,2,314,1993-07-19,200,288,133,488,0,0,234236,2,wheat/winter wheat,12.1,17.1,21.8,0.1,12.997,82,1.2,0,0,2.5,7562.5,17263.2,2.1955,1992-10-04,9,1.1794309596682293,True,13.245268640938136,0.26365755134376234
BKR101_P001,101,P001,1993,2,314,1993-07-20,201,289,133,488,0,0,234236,2,wheat/winter wheat,12.3,16.8,21.1,2.4,17.06,78,2.5,0,0,3.3,7673.1,17381.3,2.1053,1992-10-04,9,1.1794309596682293,True,13.245268640938136,0.26365755134376234
BKR101_P001,101,P001,1993,2,314,1993-07-21,202,290,133,488,0,0,234236,2,wheat/winter wheat,10.7,13.8,17,0.1,10.507,84,4,0,0,2.2,7756.6,17467.6,2.0163,1992-10-04,9,1.1794309596682293,True,13.245268640938136,0.26365755134376234
BKR101_P001,101,P001,1993,2,314,1993-07-22,203,291,133,488,0,0,234236,2,wheat/winter wheat,10.7,14.7,18.8,0.4,19.637,75,3.8,0,0,3.7,7873.8,17593.9,1.9293,1992-10-04,9,1.1794309596682293,True,13.245268640938136,0.26365755134376234
BKR101_P001,101,P001,1993,2,314,1993-07-23,204,292,133,488,0,0,234236,2,wheat/winter wheat,11.6,14.6,18.3,1.2,15.162,79,4.4,0,0,3.1,7966,17690.9,1.844,1992-10-04,9,1.1794309596682293,True,13.245268640938136,0.26365755134376234
BKR101_P001,101,P001,1993,2,314,1993-07-24,205,293,133,488,0,0,234236,2,wheat/winter wheat,14.2,18.2,22.8,6.7,15.473,83,4.5,0,0,3.3,8029.8,17754.4,1.7606,1992-10-04,9,1.1794309596682293,True,13.245268640938136,0.26365755134376234
BKR101_P001,101,P001,1993,2,314,1993-07-25,206,294,133,488,0,0,234236,2,wheat/winter wheat,11.9,17.3,22.9,0.4,17.755,75,4.6,0,0,4,8100.5,17826.2,1.6782,1992-10-04,9,1.1794309596682293,True,13.245268640938136,0.26365755134376234
BKR101_P001,101,P001,1993,2,314,1993-07-26,207,295,133,488,0,0,234236,2,wheat/winter wheat,10.1,13.8,20.2,2.3,19.286,80,4.9,0,0,3.5,8173.9,17901.5,1.5971,1992-10-04,9,1.1794309596682293,True,13.245268640938136,0.26365755134376234
BKR101_P001,101,P001,1993,2,314,1993-07-27,208,296,133,488,0,0,234236,2,wheat/winter wheat,10,13.8,18.9,2.3,16.76,85,4.6,0,0,2.9,8238.4,17966.4,1.5183,1992-10-04,9,1.1794309596682293,True,13.245268640938136,0.26365755134376234
BKR101_P001,101,P001,1993,2,314,1993-07-28,209,297,133,488,0,0,234236,2,wheat/winter wheat,13.3,16,19.2,0.5,13.993,89,4.4,0,0,2.5,8288.3,18014.5,1.4416,1992-10-04,9,1.1794309596682293,True,13.245268640938136,0.26365755134376234
BKR101_P001,101,P001,1993,2,314,1993-07-29,210,298,133,488,0,0,234236,2,wheat/winter wheat,11.8,17.2,21.3,0,16.15,78,2.5,0,0,3.2,8339.2,18063.8,1.3666,1992-10-04,9,1.1794309596682293,True,13.245268640938136,0.26365755134376234
BKR101_P001,101,P001,1993,2,314,1993-07-30,211,299,133,488,0,0,234236,2,wheat/winter wheat,15.9,22.8,28.8,0,20.372,69,2.4,0,0,4.7,8370.6,18090.2,1.2932,1992-10-04,9,1.1794309596682293,True,13.245268640938136,0.26365755134376234
BKR101_P001,101,P001,1993,2,314,1993-07-31,212,300,133,488,0,0,234236,2,wheat/winter wheat,12.6,16.9,21.7,3.4,9.037,89,3.4,0,0,1.9,8387.4,18099.6,1.2204,1992-10-04,9,1.1794309596682293,True,13.245268640938136,0.26365755134376234
BKR101_P001,101,P001,1993,2,314,1993-08-01,213,301,133,488,0,0,234236,2,wheat/winter wheat,10.6,15.5,20,0,18.513,76,2.7,0,0,3.4,8432,18142.2,1.1494,1992-10-04,9,1.1794309596682293,True,13.245268640938136,0.26365755134376234
BKR101_P001,101,P001,1993,2,314,1993-08-02,214,302,133,488,0,0,234236,2,wheat/winter wheat,10.6,18.2,25.1,0.1,21.643,68,2.5,0,0,4.4,8469.4,18176.4,1.0805,1992-10-04,9,1.1794309596682293,True,13.245268640938136,0.26365755134376234
BKR101_P001,101,P001,1993,2,314,1993-08-03,215,303,133,488,0,0,234236,2,wheat/winter wheat,13,20.8,27.3,1.6,21.539,67,2.2,0,0,4.6,8491.8,18193.1,1.0132,1992-10-04,9,1.1794309596682293,True,13.245268640938136,0.26365755134376234
BKR101_P001,101,P001,1993,2,314,1993-08-04,216,304,133,488,0,0,234236,2,wheat/winter wheat,14.2,18.8,24,0,18.199,79,1.3,0,0,3.3,8506.1,18200.6,0.9473,1992-10-04,9,1.1794309596682293,True,13.245268640938136,0.26365755134376234
BKR101_P001,101,P001,1993,2,314,1993-08-05,217,305,133,488,0,0,234236,2,wheat/winter wheat,13.5,17.4,21.3,0.1,8.849,91,1.3,0,0,1.7,8513.9,18198.8,0.8831,1992-10-04,9,1.1794309596682293,True,13.245268640938136,0.26365755134376234
BKR101_P001,101,P001,1993,2,314,1993-08-06,218,306,133,488,0,0,234236,2,wheat/winter wheat,13.5,15.2,16.9,10.4,10.963,87,5.9,0,0,2.2,8521.3,18198.2,0.8194,1992-10-04,9,1.1794309596682293,True,13.245268640938136,0.26365755134376234
BKR101_P001,101,P001,1993,2,314,1993-08-07,219,307,133,488,0,0,234236,2,wheat/winter wheat,12.6,15.6,19.3,0.3,15.078,78,5.4,0,0,3.3,8533.2,18203.7,0.759,1992-10-04,9,1.1794309596682293,True,13.245268640938136,0.26365755134376234
BKR101_P001,101,P001,1993,2,314,1993-08-08,220,308,133,488,0,0,234236,2,wheat/winter wheat,13.3,16.4,19.3,1.5,9.35,88,1.6,0,0,1.8,8540,18202.1,0.7016,1992-10-04,9,1.1794309596682293,True,13.245268640938136,0.26365755134376234
BKR101_P001,101,P001,1993,2,314,1993-08-09,221,309,133,488,0,0,234236,2,wheat/winter wheat,11.9,16.7,20.9,2.2,16.654,85,2.1,0,0,2.8,8540,18202.1,0.6457,1992-10-04,9,1.1794309596682293,True,13.245268640938136,0.26365755134376234
BKR101_P001,101,P001,1993,2,314,1993-08-10,222,310,133,488,0,0,234236,2,wheat/winter wheat,10.9,14.9,18.6,8.6,9.591,90,3.9,0,0,1.8,8540,18202.1,0.6457,1992-10-04,9,1.1794309596682293,True,13.245268640938136,0.26365755134376234
BKR101_P001,101,P001,1993,2,314,1993-08-11,223,311,133,488,0,0,234236,2,wheat/winter wheat,9.1,13.8,17.6,0.8,18.868,71,4.2,0,0,3.6,8540,18202.1,0.6457,1992-10-04,9,1.1794309596682293,True,13.245268640938136,0.26365755134376234
BKR101_P001,101,P001,1993,2,314,1993-08-12,224,312,133,488,0,0,234236,2,wheat/winter wheat,12.9,19.5,24.6,0,17.459,67,4.4,0,0,4.5,8540,18202.1,0.6457,1992-10-04,9,1.1794309596682293,True,13.245268640938136,0.26365755134376234
BKR101_P001,101,P001,1993,2,314,1993-08-13,225,313,133,488,0,0,234236,2,wheat/winter wheat,9.7,15.5,19.2,0.1,19.674,70,4.1,0,0,4.5,8540,18202.1,0.6457,1992-10-04,9,1.1794309596682293,True,13.245268640938136,0.26365755134376234
BKR101_P001,101,P001,1994,3,298,1993-10-04,277,0,133,488,0,0,234236,3,wheat/winter wheat,10,13,17.8,0,12.197,78,4.6,0,0,1.9,0,53,0.0972,1993-10-04,9,1.1794309596682293,True,13.245268640938136,0.26365755134376234
BKR101_P001,101,P001,1994,3,298,1993-10-05,278,1,133,488,0,0,234236,3,wheat/winter wheat,9.4,14.2,19.7,0,10.89,82,2.4,0,0,1.4,0,53,0.0972,1993-10-04,9,1.1794309596682293,True,13.245268640938136,0.26365755134376234
BKR101_P001,101,P001,1994,3,298,1993-10-06,279,2,133,488,0,0,234236,3,wheat/winter wheat,8.4,12.1,16.3,0,7.302,91,2.3,0,0,0.9,0,53,0.0972,1993-10-04,9,1.1794309596682293,True,13.245268640938136,0.26365755134376234
BKR101_P001,101,P001,1994,3,298,1993-10-07,280,3,133,488,0,0,234236,3,wheat/winter wheat,8.4,12.7,17.5,0,8.501,89,2,0,0,1,0,53,0.0972,1993-10-04,9,1.1794309596682293,True,13.245268640938136,0.26365755134376234
BKR101_P001,101,P001,1994,3,298,1993-10-08,281,4,133,488,0,0,234236,3,wheat/winter wheat,4,10.8,17.1,0.1,8.45,90,3.2,0,0,0.9,0,53,0.0972,1993-10-04,9,1.1794309596682293,True,13.245268640938136,0.26365755134376234
BKR101_P001,101,P001,1994,3,298,1993-10-09,282,5,133,488,0,0,234236,3,wheat/winter wheat,8.6,12.4,14.2,6,2.903,96,3.3,0,0,0.6,0,53,0.0972,1993-10-04,9,1.1794309596682293,True,13.245268640938136,0.26365755134376234
BKR101_P001,101,P001,1994,3,298,1993-10-10,283,6,133,488,0,0,234236,3,wheat/winter wheat,7.8,11,15.5,0,10.693,82,3.4,0,0,1.3,0,53,0.0972,1993-10-04,9,1.1794309596682293,True,13.245268640938136,0.26365755134376234
BKR101_P001,101,P001,1994,3,298,1993-10-11,284,7,133,488,0,0,234236,3,wheat/winter wheat,6.2,11.1,15.5,0.4,4.848,94,2.6,0,0,0.6,0,53,0.0972,1993-10-04,9,1.1794309596682293,True,13.245268640938136,0.26365755134376234
BKR101_P001,101,P001,1994,3,298,1993-10-12,285,8,133,488,0,0,234236,3,wheat/winter wheat,7.6,13.4,18.9,0.3,5.227,86,4.1,0,0,1.1,0,53,0.0972,1993-10-04,9,1.1794309596682293,True,13.245268640938136,0.26365755134376234
BKR101_P001,101,P001,1994,3,298,1993-10-13,286,9,133,488,0,0,234236,3,wheat/winter wheat,10.9,13.6,17.3,0,9.625,80,5.3,0,0,1.6,0,53,0.0972,1993-10-04,9,1.1794309596682293,True,13.245268640938136,0.26365755134376234
BKR101_P001,101,P001,1994,3,298,1993-10-14,287,10,133,488,0,0,234236,3,wheat/winter wheat,9.4,12,13.6,1.4,3.564,91,3.7,0,0,0.6,0,55.5,0.0972,1993-10-04,9,1.1794309596682293,True,13.245268640938136,0.26365755134376234
BKR101_P001,101,P001,1994,3,298,1993-10-15,288,11,133,488,0,0,234236,3,wheat/winter wheat,2.5,6.2,8.8,1.4,3.109,95,3.1,0,0,0.3,0,57.7,0.1017,1993-10-04,9,1.1794309596682293,True,13.245268640938136,0.26365755134376234
BKR101_P001,101,P001,1994,3,298,1993-10-16,289,12,133,488,0,0,234236,3,wheat/winter wheat,1.6,4.9,8.6,0,8.287,88,3.6,0,0,0.6,0,60.9,0.1057,1993-10-04,9,1.1794309596682293,True,13.245268640938136,0.26365755134376234
BKR101_P001,101,P001,1994,3,298,1993-10-17,290,13,133,488,0,0,234236,3,wheat/winter wheat,0.7,4.4,9.3,0,10.777,82,3,0,0,0.6,0,64.2,0.1116,1993-10-04,9,1.1794309596682293,True,13.245268640938136,0.26365755134376234
BKR101_P001,101,P001,1994,3,298,1993-10-18,291,14,133,488,0,0,234236,3,wheat/winter wheat,-2.5,1.5,7.8,0,9.734,85,1.8,0,0,0.4,0,67.1,0.1175,1993-10-04,9,1.1794309596682293,True,13.245268640938136,0.26365755134376234
BKR101_P001,101,P001,1994,3,298,1993-10-19,292,15,133,488,0,0,234236,3,wheat/winter wheat,-2.9,1.2,9.5,0,9,79,1.1,0,0,0.4,0,69.9,0.1227,1993-10-04,9,1.1794309596682293,True,13.245268640938136,0.26365755134376234
BKR101_P001,101,P001,1994,3,298,1993-10-20,293,16,133,488,0,0,234236,3,wheat/winter wheat,5,5.2,8.7,1,5.7,85,3.1,0,0,0.6,0,73.1,0.1279,1993-10-04,9,1.1794309596682293,True,13.245268640938136,0.26365755134376234
BKR101_P001,101,P001,1994,3,298,1993-10-21,294,17,133,488,0,0,234236,3,wheat/winter wheat,4.3,6.2,8.1,0.3,4.2,86,1.1,0,0,0.4,0,76.2,0.1337,1993-10-04,9,1.1794309596682293,True,13.245268640938136,0.26365755134376234
BKR101_P001,101,P001,1994,3,298,1993-10-22,295,18,133,488,0,0,234236,3,wheat/winter wheat,5,6.8,9,0,4,88,8.6,0,0,0.5,0,79.4,0.1393,1993-10-04,9,1.1794309596682293,True,13.245268640938136,0.26365755134376234
BKR101_P001,101,P001,1994,3,298,1993-10-23,296,19,133,488,0,0,234236,3,wheat/winter wheat,4.8,5.6,6.3,0,2.4,82,6.1,0,0,0.5,0,81.9,0.145,1993-10-04,9,1.1794309596682293,True,13.245268640938136,0.26365755134376234
BKR101_P001,101,P001,1994,3,298,1993-10-24,297,20,133,488,0,0,234236,3,wheat/winter wheat,1,5.7,7.5,0,2.3,81,4.2,0,0,0.5,0,84.6,0.1497,1993-10-04,9,1.1794309596682293,True,13.245268640938136,0.26365755134376234
BKR101_P001,101,P001,1994,3,298,1993-10-25,298,21,133,488,0,0,234236,3,wheat/winter wheat,1.8,4.7,8.9,0,3.8,87,2.5,0,0,0.4,0,87.6,0.1545,1993-10-04,9,1.1794309596682293,True,13.245268640938136,0.26365755134376234
BKR101_P001,101,P001,1994,3,298,1993-10-26,299,22,133,488,0,0,234236,3,wheat/winter wheat,5.5,5.4,7.8,0,2.1,93,1.1,0,0,0.3,0,90.2,0.1601,1993-10-04,9,1.1794309596682293,True,13.245268640938136,0.26365755134376234
BKR101_P001,101,P001,1994,3,298,1993-10-27,300,23,133,488,0,0,234236,3,wheat/winter wheat,6.4,7.2,8.6,0,2,93,0,0,0,0.4,0,92.8,0.1647,1993-10-04,9,1.1794309596682293,True,13.245268640938136,0.26365755134376234
BKR101_P001,101,P001,1994,3,298,1993-10-28,301,24,133,488,0,0,234236,3,wheat/winter wheat,5.3,6.9,8.1,0,2,87,3.1,0,0,0.4,0,95.5,0.1695,1993-10-04,9,1.1794309596682293,True,13.245268640938136,0.26365755134376234
BKR101_P001,101,P001,1994,3,298,1993-10-29,302,25,133,488,0,0,234236,3,wheat/winter wheat,0.1,3.6,5.5,1.5,1.314,90,2.1,0,0,0.3,0,97.8,0.1744,1993-10-04,9,1.1794309596682293,True,13.245268640938136,0.26365755134376234
BKR101_P001,101,P001,1994,3,298,1993-10-30,303,26,133,488,0,0,234236,3,wheat/winter wheat,-1.2,1.9,7.8,0,8.225,89,2,0,0,0.2,0,101.5,0.1785,1993-10-04,9,1.1794309596682293,True,13.245268640938136,0.26365755134376234
BKR101_P001,101,P001,1994,3,298,1993-10-31,304,27,133,488,0,0,234236,3,wheat/winter wheat,-3.1,0.3,5.8,0,5.64,95,0.8,0,0,0.1,0,105,0.1853,1993-10-04,9,1.1794309596682293,True,13.245268640938136,0.26365755134376234
BKR101_P001,101,P001,1994,3,298,1993-11-01,305,28,133,488,0,0,234236,3,wheat/winter wheat,-2.7,-0.5,4.6,0,4.966,98,0.6,0,0,0,0,105,0.1915,1993-10-04,9,1.1794309596682293,True,13.245268640938136,0.26365755134376234
BKR101_P001,101,P001,1994,3,298,1993-11-02,306,29,133,488,0,0,234236,3,wheat/winter wheat,-3,0,1.6,0,2.861,99,1.8,0,0,0.1,0,107.6,0.1915,1993-10-04,9,1.1794309596682293,True,13.245268640938136,0.26365755134376234
BKR101_P001,101,P001,1994,3,298,1993-11-03,307,30,133,488,0,0,234236,3,wheat/winter wheat,-1,0.3,1.2,0,2.53,99,2.1,0,0,0.1,0,110.2,0.1963,1993-10-04,9,1.1794309596682293,True,13.245268640938136,0.26365755134376234
BKR101_P001,101,P001,1994,3,298,1993-11-04,308,31,133,488,0,0,234236,3,wheat/winter wheat,0.2,1.3,2.7,0,1.455,99,1.8,0,0,0.1,0,112.5,0.201,1993-10-04,9,1.1794309596682293,True,13.245268640938136,0.26365755134376234
BKR101_P001,101,P001,1994,3,298,1993-11-05,309,32,133,488,0,0,234236,3,wheat/winter wheat,0.6,2.6,5,0,2.049,99,3.3,0,0,0.1,0,115.2,0.2051,1993-10-04,9,1.1794309596682293,True,13.245268640938136,0.26365755134376234
BKR101_P001,101,P001,1994,3,298,1993-11-06,310,33,133,488,0,0,234236,3,wheat/winter wheat,0.6,2.2,4.1,0,1.28,98,5.4,0,0,0.1,0,117.4,0.21,1993-10-04,9,1.1794309596682293,True,13.245268640938136,0.26365755134376234
BKR101_P001,101,P001,1994,3,298,1993-11-07,311,34,133,488,0,0,234236,3,wheat/winter wheat,4.5,4.9,5.2,4.8,1.14,98,2.3,0,0,0.2,0,119.7,0.214,1993-10-04,9,1.1794309596682293,True,13.245268640938136,0.26365755134376234
BKR101_P001,101,P001,1994,3,298,1993-11-08,312,35,133,488,0,0,234236,3,wheat/winter wheat,4.8,5.5,6.2,1.1,1.811,98,1.6,0,0,0.2,0,122.5,0.2181,1993-10-04,9,1.1794309596682293,True,13.245268640938136,0.26365755134376234
BKR101_P001,101,P001,1994,3,298,1993-11-09,313,36,133,488,0,0,234236,3,wheat/winter wheat,4.8,5.5,6.2,3.1,1.411,97,3.4,0,0,0.1,0,125,0.2232,1993-10-04,9,1.1794309596682293,True,13.245268640938136,0.26365755134376234
BKR101_P001,101,P001,1994,3,298,1993-11-10,314,37,133,488,0,0,234236,3,wheat/winter wheat,4,5.1,6.9,0,2.404,96,2.3,0,0,0.2,0,128.4,0.2277,1993-10-04,9,1.1794309596682293,True,13.245268640938136,0.26365755134376234
BKR101_P001,101,P001,1994,3,298,1993-11-11,315,38,133,488,0,0,234236,3,wheat/winter wheat,1.2,2.5,5.5,0.5,2.24,91,4.8,0,0,0.2,0,131.4,0.2337,1993-10-04,9,1.1794309596682293,True,13.245268640938136,0.26365755134376234
BKR101_P001,101,P001,1994,3,298,1993-11-12,316,39,133,488,0,0,234236,3,wheat/winter wheat,0.8,3.7,6.4,0,3.454,94,3.2,0,0,0.1,0,135.6,0.2391,1993-10-04,9,1.1794309596682293,True,13.245268640938136,0.26365755134376234
BKR101_P001,101,P001,1994,3,298,1993-11-13,317,40,133,488,0,0,234236,3,wheat/winter wheat,-2.7,1.5,6.3,0,5.101,95,1.6,0,0,0,0,139.8,0.2467,1993-10-04,9,1.1794309596682293,True,13.245268640938136,0.26365755134376234
BKR101_P001,101,P001,1994,3,298,1993-11-14,318,41,133,488,0,0,234236,3,wheat/winter wheat,-1.4,0.8,2.7,7.5,1.753,97,4.1,0,0,0.1,0,142.5,0.2541,1993-10-04,9,1.1794309596682293,True,13.245268640938136,0.26365755134376234
BKR101_P001,101,P001,1994,3,298,1993-11-15,319,42,133,488,0,0,234236,3,wheat/winter wheat,-0.1,1.2,3.3,1.1,0.76,97,3.5,0,0,0.1,0,144.4,0.2589,1993-10-04,9,1.1794309596682293,True,13.245268640938136,0.26365755134376234
BKR101_P001,101,P001,1994,3,298,1993-11-16,320,43,133,488,0,0,234236,3,wheat/winter wheat,0.6,1.1,1.7,0,1.342,93,2,0,0,0.1,0,146.8,0.2623,1993-10-04,9,1.1794309596682293,True,13.245268640938136,0.26365755134376234
BKR101_P001,101,P001,1994,3,298,1993-11-17,321,44,133,488,0,0,234236,3,wheat/winter wheat,-2.6,-0.1,1.2,0,1.838,93,0.7,0,0,0,0,146.8,0.2666,1993-10-04,9,1.1794309596682293,True,13.245268640938136,0.26365755134376234
BKR101_P001,101,P001,1994,3,298,1993-11-18,322,45,133,488,0,0,234236,3,wheat/winter wheat,-4.2,-2.5,-1.4,0,3.576,94,0.9,0,0,0,0,146.7,0.2666,1993-10-04,9,1.1794309596682293,True,13.245268640938136,0.26365755134376234
BKR101_P001,101,P001,1994,3,298,1993-11-19,323,46,133,488,0,0,234236,3,wheat/winter wheat,-3.1,-1.3,0.2,0.5,1.585,94,2.6,0,0,0,0,146.6,0.2665,1993-10-04,9,1.1794309596682293,True,13.245268640938136,0.26365755134376234
BKR101_P001,101,P001,1994,3,298,1993-11-20,324,47,133,488,0,0,234236,3,wheat/winter wheat,-8.1,-4.5,-0.4,0.3,3.456,88,4.9,0,0,0,0,146.5,0.2664,1993-10-04,9,1.1794309596682293,True,13.245268640938136,0.26365755134376234
BKR101_P001,101,P001,1994,3,298,1993-11-21,325,48,133,488,0,0,234236,3,wheat/winter wheat,-8.4,-7.3,-5.8,0,2.412,83,5.9,0,0,0,0,146.5,0.2664,1993-10-04,9,1.1794309596682293,True,13.245268640938136,0.26365755134376234
BKR101_P001,101,P001,1994,3,298,1993-11-22,326,49,133,488,0,0,234236,3,wheat/winter wheat,-5.5,-4.4,-3.3,6,1.811,94,3.1,0,0,0,0,146.4,0.2663,1993-10-04,9,1.1794309596682293,True,13.245268640938136,0.26365755134376234
BKR101_P001,101,P001,1994,3,298,1993-11-23,327,50,133,488,0,0,234236,3,wheat/winter wheat,-10.3,-4.8,-3.2,0,4.063,92,3.3,0,0,0,0,146.4,0.2662,1993-10-04,9,1.1794309596682293,True,13.245268640938136,0.26365755134376234
BKR101_P001,101,P001,1994,3,298,1993-11-24,328,51,133,488,0,0,234236,3,wheat/winter wheat,-13,-8.6,-5.3,0,2.734,96,1.8,0,0,0,0,146.3,0.2662,1993-10-04,9,1.1794309596682293,True,13.245268640938136,0.26365755134376234
BKR101_P001,101,P001,1994,3,298,1993-11-25,329,52,133,488,0,0,234236,3,wheat/winter wheat,-7.6,-5.6,-2.7,0,4.025,98,0.8,0,0,0,0,146.3,0.2662,1993-10-04,9,1.1794309596682293,True,13.245268640938136,0.26365755134376234
BKR101_P001,101,P001,1994,3,298,1993-11-26,330,53,133,488,0,0,234236,3,wheat/winter wheat,-8.3,-5.3,-2.6,0,1.52,99,0.8,0,0,0,0,146.2,0.2661,1993-10-04,9,1.1794309596682293,True,13.245268640938136,0.26365755134376234
BKR101_P001,101,P001,1994,3,298,1993-11-27,331,54,133,488,0,0,234236,3,wheat/winter wheat,-3.6,-2.9,-2.1,0,1.513,92,2.5,0,0,0,0,146.1,0.266,1993-10-04,9,1.1794309596682293,True,13.245268640938136,0.26365755134376234
BKR101_P001,101,P001,1994,3,298,1993-11-28,332,55,133,488,0,0,234236,3,wheat/winter wheat,-5,-3.1,-1.7,0.1,2.446,92,2.9,0,0,0,0,146.1,0.266,1993-10-04,9,1.1794309596682293,True,13.245268640938136,0.26365755134376234
BKR101_P001,101,P001,1994,3,298,1993-11-29,333,56,133,488,0,0,234236,3,wheat/winter wheat,-6.9,-5.1,-4.6,0,1.768,94,1.5,0,0,0,0,146,0.2659,1993-10-04,9,1.1794309596682293,True,13.245268640938136,0.26365755134376234
BKR101_P001,101,P001,1994,3,298,1993-11-30,334,57,133,488,0,0,234236,3,wheat/winter wheat,-10.3,-8.3,-6.4,0,1.753,97,2.9,0,0,0,0,146,0.2659,1993-10-04,9,1.1794309596682293,True,13.245268640938136,0.26365755134376234
BKR101_P001,101,P001,1994,3,298,1993-12-01,335,58,133,488,0,0,234236,3,wheat/winter wheat,-7.6,-6.6,-5.7,0,2.265,96,5.2,0,0,0,0,145.9,0.2658,1993-10-04,9,1.1794309596682293,True,13.245268640938136,0.26365755134376234
BKR101_P001,101,P001,1994,3,298,1993-12-02,336,59,133,488,0,0,234236,3,wheat/winter wheat,-6.4,-0.7,3.9,0.8,2.069,94,5.7,0,0,0,0,145.8,0.2658,1993-10-04,9,1.1794309596682293,True,13.245268640938136,0.26365755134376234
BKR101_P001,101,P001,1994,3,298,1993-12-03,337,60,133,488,0,0,234236,3,wheat/winter wheat,3.6,6.2,8.5,0,1.145,94,6.6,0,0,0.1,0,148.1,0.2657,1993-10-04,9,1.1794309596682293,True,13.245268640938136,0.26365755134376234
BKR101_P001,101,P001,1994,3,298,1993-12-04,338,61,133,488,0,0,234236,3,wheat/winter wheat,4.9,6.9,8.8,0,3.03,82,6.3,0,0,0.4,0,152.3,0.2697,1993-10-04,9,1.1794309596682293,True,13.245268640938136,0.26365755134376234
BKR101_P001,101,P001,1994,3,298,1993-12-05,339,62,133,488,0,0,234236,3,wheat/winter wheat,3.3,5.1,8.4,0,1.966,85,6.1,0,0,0.3,0,156,0.2771,1993-10-04,9,1.1794309596682293,True,13.245268640938136,0.26365755134376234
BKR101_P001,101,P001,1994,3,298,1993-12-06,340,63,133,488,0,0,234236,3,wheat/winter wheat,4.9,6.1,6.9,0,1.094,91,4.6,0,0,0.2,0,158.3,0.2836,1993-10-04,9,1.1794309596682293,True,13.245268640938136,0.26365755134376234
BKR101_P001,101,P001,1994,3,298,1993-12-07,341,64,133,488,0,0,234236,3,wheat/winter wheat,1.3,3.2,4.9,3.1,3.218,87,5.8,0,0,0.2,0,162.2,0.2876,1993-10-04,9,1.1794309596682293,True,13.245268640938136,0.26365755134376234
BKR101_P001,101,P001,1994,3,298,1993-12-08,342,65,133,488,0,0,234236,3,wheat/winter wheat,1,2.4,3.3,3.5,1.393,90,5.7,0,0,0.1,0,164.9,0.2944,1993-10-04,9,1.1794309596682293,True,13.245268640938136,0.26365755134376234
BKR101_P001,101,P001,1994,3,298,1993-12-09,343,66,133,488,0,0,234236,3,wheat/winter wheat,3,5.8,7.7,19,1.198,88,9.2,0,0,0.2,0,167.6,0.2991,1993-10-04,9,1.1794309596682293,True,13.245268640938136,0.26365755134376234
BKR101_P001,101,P001,1994,3,298,1993-12-10,344,67,133,488,0,0,234236,3,wheat/winter wheat,1.2,4.1,5.6,3.4,2.845,90,6.3,0,0,0.1,0,171.7,0.3037,1993-10-04,9,1.1794309596682293,True,13.245268640938136,0.26365755134376234
BKR101_P001,101,P001,1994,3,298,1993-12-11,345,68,133,488,0,0,234236,3,wheat/winter wheat,2.3,4,5.6,0.5,1.841,82,7.3,0,0,0.3,0,175.7,0.3109,1993-10-04,9,1.1794309596682293,True,13.245268640938136,0.26365755134376234
BKR101_P001,101,P001,1994,3,298,1993-12-12,346,69,133,488,0,0,234236,3,wheat/winter wheat,2.1,3.1,3.9,1.5,1.617,91,6.9,0,0,0.1,0,179.1,0.3176,1993-10-04,9,1.1794309596682293,True,13.245268640938136,0.26365755134376234
BKR101_P001,101,P001,1994,3,298,1993-12-13,347,70,133,488,0,0,234236,3,wheat/winter wheat,-0.1,1.9,6.3,5.3,0.787,98,3.5,0,0,0.1,0,180.9,0.3235,1993-10-04,9,1.1794309596682293,True,13.245268640938136,0.26365755134376234
BKR101_P001,101,P001,1994,3,298,1993-12-14,348,71,133,488,0,0,234236,3,wheat/winter wheat,-1.1,2.3,5.8,1.6,1.03,96,3.3,0,0,0.1,0,183.3,0.3266,1993-10-04,9,1.1794309596682293,True,13.245268640938136,0.26365755134376234
BKR101_P001,101,P001,1994,3,298,1993-12-15,349,72,133,488,0,0,234236,3,wheat/winter wheat,-1.1,1,2.9,0.8,2.026,92,2.7,0,0,0.1,0,187.2,0.3306,1993-10-04,9,1.1794309596682293,True,13.245268640938136,0.26365755134376234
BKR101_P001,101,P001,1994,3,298,1993-12-16,350,73,133,488,0,0,234236,3,wheat/winter wheat,2.6,4.3,5.5,2.4,2.06,79,6.8,0,0,0.4,0,191.6,0.3372,1993-10-04,9,1.1794309596682293,True,13.245268640938136,0.26365755134376234
BKR101_P001,101,P001,1994,3,298,1993-12-17,351,74,133,488,0,0,234236,3,wheat/winter wheat,3,4.2,5.2,1.4,1.666,81,8.2,0,0,0.3,0,195.7,0.3448,1993-10-04,9,1.1794309596682293,True,13.245268640938136,0.26365755134376234
BKR101_P001,101,P001,1994,3,298,1993-12-18,352,75,133,488,0,0,234236,3,wheat/winter wheat,0.3,3.5,6.5,0.3,2.42,95,5,0,0,0,0,200.2,0.3516,1993-10-04,9,1.1794309596682293,True,13.245268640938136,0.26365755134376234
BKR101_P001,101,P001,1994,3,298,1993-12-19,353,76,133,488,0,0,234236,3,wheat/winter wheat,6.3,8.5,10.9,7.4,1.27,83,9.3,0,0,0.4,0,203.6,0.3592,1993-10-04,9,1.1794309596682293,True,13.245268640938136,0.26365755134376234
BKR101_P001,101,P001,1994,3,298,1993-12-20,354,77,133,488,0,0,234236,3,wheat/winter wheat,2.1,4,7.2,0,1.495,77,6.2,0,0,0.4,0,207.4,0.3649,1993-10-04,9,1.1794309596682293,True,13.245268640938136,0.26365755134376234
BKR101_P001,101,P001,1994,3,298,1993-12-21,355,78,133,488,0,0,234236,3,wheat/winter wheat,-1.5,0.3,2.1,0.1,2.236,98,1.2,0,0,0,0,211.6,0.3712,1993-10-04,9,1.1794309596682293,True,13.245268640938136,0.26365755134376234
BKR101_P001,101,P001,1994,3,298,1993-12-22,356,79,133,488,0,0,234236,3,wheat/winter wheat,-1.1,0.5,1.2,1.6,1.781,93,5.5,0,0,0.1,0,215.7,0.3781,1993-10-04,9,1.1794309596682293,True,13.245268640938136,0.26365755134376234
BKR101_P001,101,P001,1994,3,298,1993-12-23,357,80,133,488,0,0,234236,3,wheat/winter wheat,0.8,2.4,3.6,5.1,1.938,88,6.5,0,0,0.2,0,220.5,0.3849,1993-10-04,9,1.1794309596682293,True,13.245268640938136,0.26365755134376234
BKR101_P001,101,P001,1994,3,298,1993-12-24,358,81,133,488,0,0,234236,3,wheat/winter wheat,0.1,0.7,1.2,2.4,0.857,98,2.9,0,0,0.1,0,222.8,0.3928,1993-10-04,9,1.1794309596682293,True,13.245268640938136,0.26365755134376234
BKR101_P001,101,P001,1994,3,298,1993-12-25,359,82,133,488,0,0,234236,3,wheat/winter wheat,-0.4,-0.1,0.5,9,0.599,99,0.2,0,0,0,0,222.7,0.3966,1993-10-04,9,1.1794309596682293,True,13.245268640938136,0.26365755134376234
BKR101_P001,101,P001,1994,3,298,1993-12-26,360,83,133,488,0,0,234236,3,wheat/winter wheat,-0.5,0.1,0.5,3.2,0.61,99,1.2,0,0,0.1,0,224.5,0.3965,1993-10-04,9,1.1794309596682293,True,13.245268640938136,0.26365755134376234
BKR101_P001,101,P001,1994,3,298,1993-12-27,361,84,133,488,0,0,234236,3,wheat/winter wheat,-1.9,-1.1,0.3,0,2.352,98,1.8,0,0,0,0,224.4,0.3995,1993-10-04,9,1.1794309596682293,True,13.245268640938136,0.26365755134376234
BKR101_P001,101,P001,1994,3,298,1993-12-28,362,85,133,488,0,0,234236,3,wheat/winter wheat,-5.7,-1.9,-0.6,0,2.444,97,2.2,0,0,0,0,224.3,0.3994,1993-10-04,9,1.1794309596682293,True,13.245268640938136,0.26365755134376234
BKR101_P001,101,P001,1994,3,298,1993-12-29,363,86,133,488,0,0,234236,3,wheat/winter wheat,-6.5,-4.8,-1.4,0,3.578,96,1.4,0,0,0,0,224.2,0.3993,1993-10-04,9,1.1794309596682293,True,13.245268640938136,0.26365755134376234
BKR101_P001,101,P001,1994,3,298,1993-12-30,364,87,133,488,0,0,234236,3,wheat/winter wheat,-0.7,2.3,5.5,2.5,3.075,93,6.2,0,0,0.1,0,229.2,0.3992,1993-10-04,9,1.1794309596682293,True,13.245268640938136,0.26365755134376234
BKR101_P001,101,P001,1994,3,298,1993-12-31,365,88,133,488,0,0,234236,3,wheat/winter wheat,4.4,6,8.5,2.2,2.297,88,6,0,0,0.2,0,234.9,0.4074,1993-10-04,9,1.1794309596682293,True,13.245268640938136,0.26365755134376234
BKR101_P001,101,P001,1994,3,298,1994-01-01,1,89,133,488,0,0,234236,3,wheat/winter wheat,1.9,3,4.4,3.3,2.156,93,4.7,0,0,0.1,0,240.4,0.4168,1993-10-04,9,1.1794309596682293,True,13.245268640938136,0.26365755134376234
BKR101_P001,101,P001,1994,3,298,1994-01-02,2,90,133,488,0,0,234236,3,wheat/winter wheat,-0.9,0.8,2.2,0.6,2.635,93,4,0,0,0,0,245.5,0.4256,1993-10-04,9,1.1794309596682293,True,13.245268640938136,0.26365755134376234
BKR101_P001,101,P001,1994,3,298,1994-01-03,3,91,133,488,0,0,234236,3,wheat/winter wheat,-0.5,0.1,1.1,0.3,1.532,97,2.3,0,0,0,0,249.4,0.4339,1993-10-04,9,1.1794309596682293,True,13.245268640938136,0.26365755134376234
BKR101_P001,101,P001,1994,3,298,1994-01-04,4,92,133,488,0,0,234236,3,wheat/winter wheat,0,2.6,6.4,1.2,3.977,92,3.9,0,0,0,0,255.2,0.4403,1993-10-04,9,1.1794309596682293,True,13.245268640938136,0.26365755134376234
BKR101_P001,101,P001,1994,3,298,1994-01-05,5,93,133,488,0,0,234236,3,wheat/winter wheat,3.3,4.3,5.3,4.2,1.796,88,5,0,0,0.2,0,260.6,0.4496,1993-10-04,9,1.1794309596682293,True,13.245268640938136,0.26365755134376234
BKR101_P001,101,P001,1994,3,298,1994-01-06,6,94,133,488,0,0,234236,3,wheat/winter wheat,2.1,5,6.8,1.5,2.132,93,3.8,0,0,0.1,0,267.2,0.4583,1993-10-04,9,1.1794309596682293,True,13.245268640938136,0.26365755134376234
BKR101_P001,101,P001,1994,3,298,1994-01-07,7,95,133,488,0,0,234236,3,wheat/winter wheat,0.7,1.7,2.8,0,1.853,98,2.2,0,0,0,0,272.4,0.4689,1993-10-04,9,1.1794309596682293,True,13.245268640938136,0.26365755134376234
BKR101_P001,101,P001,1994,3,298,1994-01-08,8,96,133,488,0,0,234236,3,wheat/winter wheat,-1.5,2.1,5.2,0,2.466,94,2.5,0,0,0,0,278.9,0.4773,1993-10-04,9,1.1794309596682293,True,13.245268640938136,0.26365755134376234
BKR101_P001,101,P001,1994,3,298,1994-01-09,9,97,133,488,0,0,234236,3,wheat/winter wheat,-2.5,-0.5,1.1,0.3,1.165,99,1.2,0,0,0,0,278.7,0.4875,1993-10-04,9,1.1794309596682293,True,13.245268640938136,0.26365755134376234
BKR101_P001,101,P001,1994,3,298,1994-01-10,10,98,133,488,0,0,234236,3,wheat/winter wheat,1,1.5,2,0,0.974,99,4.4,0,0,0,0,282,0.4873,1993-10-04,9,1.1794309596682293,True,13.245268640938136,0.26365755134376234
BKR101_P001,101,P001,1994,3,298,1994-01-11,11,99,133,488,0,0,234236,3,wheat/winter wheat,0.8,1.3,2,0.3,0.715,99,2.3,0,0,0.1,0,284.7,0.4925,1993-10-04,9,1.1794309596682293,True,13.245268640938136,0.26365755134376234
BKR101_P001,101,P001,1994,3,298,1994-01-12,12,100,133,488,0,0,234236,3,wheat/winter wheat,2,4.2,6.3,1.1,2.054,93,4.6,0,0,0.1,0,291.2,0.4968,1993-10-04,9,1.1794309596682293,True,13.245268640938136,0.26365755134376234
BKR101_P001,101,P001,1994,3,298,1994-01-13,13,101,133,488,0,0,234236,3,wheat/winter wheat,6,7.9,9.5,7.3,2.339,80,7.5,0,0,0.5,0,299.3,0.5071,1993-10-04,9,1.1794309596682293,True,13.245268640938136,0.26365755134376234
BKR101_P001,101,P001,1994,3,298,1994-01-14,14,102,133,488,0,0,234236,3,wheat/winter wheat,4.7,6.1,7.5,0.1,2.546,76,7,0,0,0.6,0,307.9,0.5197,1993-10-04,9,1.1794309596682293,True,13.245268640938136,0.26365755134376234
BKR101_P001,101,P001,1994,3,298,1994-01-15,15,103,133,488,0,0,234236,3,wheat/winter wheat,1.8,4.2,5.6,1.7,2.626,87,5.8,0,0,0.3,0,316.4,0.533,1993-10-04,9,1.1794309596682293,True,13.245268640938136,0.26365755134376234
BKR101_P001,101,P001,1994,3,298,1994-01-16,16,104,133,488,0,0,234236,3,wheat/winter wheat,-1.2,0.8,2.6,0.2,1.989,91,3.1,0,0,0.1,0,322.4,0.546,1993-10-04,9,1.1794309596682293,True,13.245268640938136,0.26365755134376234
BKR101_P001,101,P001,1994,3,298,1994-01-17,17,105,133,488,0,0,234236,3,wheat/winter wheat,-4,-2.3,-0.9,0,5.002,73,2.7,0,0,0,0,322.2,0.5552,1993-10-04,9,1.1794309596682293,True,13.245268640938136,0.26365755134376234
BKR101_P001,101,P001,1994,3,298,1994-01-18,18,106,133,488,0,0,234236,3,wheat/winter wheat,-3,-0.7,1.6,0,1.403,89,6.6,0,0,0,0,322,0.5551,1993-10-04,9,1.1794309596682293,True,13.245268640938136,0.26365755134376234
BKR101_P001,101,P001,1994,3,298,1994-01-19,19,107,133,488,0,0,234236,3,wheat/winter wheat,0.8,1.7,2.4,0.3,2.183,85,5.3,0,0,0.2,0,328.8,0.5549,1993-10-04,9,1.1794309596682293,True,13.245268640938136,0.26365755134376234
BKR101_P001,101,P001,1994,3,298,1994-01-20,20,108,133,488,0,0,234236,3,wheat/winter wheat,-0.3,0.4,1,1,1.673,98,3.8,0,0,0.1,0,334.2,0.5652,1993-10-04,9,1.1794309596682293,True,13.245268640938136,0.26365755134376234
BKR101_P001,101,P001,1994,3,298,1994-01-21,21,109,133,488,0,0,234236,3,wheat/winter wheat,0.1,1.7,3.7,0,1.717,87,5.7,0,0,0.2,0,340,0.5735,1993-10-04,9,1.1794309596682293,True,13.245268640938136,0.26365755134376234
BKR101_P001,101,P001,1994,3,298,1994-01-22,22,110,133,488,0,0,234236,3,wheat/winter wheat,2.1,4.1,5.8,0.1,1.541,95,6.1,0,0,0.1,0,345.9,0.5824,1993-10-04,9,1.1794309596682293,True,13.245268640938136,0.26365755134376234
BKR101_P001,101,P001,1994,3,298,1994-01-23,23,111,133,488,0,0,234236,3,wheat/winter wheat,2,4.7,7.8,8.6,1.117,86,7.7,0,0,0.3,0,350.8,0.5914,1993-10-04,9,1.1794309596682293,True,13.245268640938136,0.26365755134376234
BKR101_P001,101,P001,1994,3,298,1994-01-24,24,112,133,488,0,0,234236,3,wheat/winter wheat,1.1,2.6,3.8,0.8,2.86,81,8.4,0,0,0.4,0,359.8,0.5988,1993-10-04,9,1.1794309596682293,True,13.245268640938136,0.26365755134376234
BKR101_P001,101,P001,1994,3,298,1994-01-25,25,113,133,488,0,0,234236,3,wheat/winter wheat,0.9,3.3,7.6,6.9,1.509,90,6.3,0,0,0.2,0,365.8,0.6123,1993-10-04,9,1.1794309596682293,True,13.245268640938136,0.26365755134376234
BKR101_P001,101,P001,1994,3,298,1994-01-26,26,114,133,488,0,0,234236,3,wheat/winter wheat,2.6,3.8,5.2,8,3.092,88,6.6,0,0,0.3,0,376.1,0.6213,1993-10-04,9,1.1794309596682293,True,13.245268640938136,0.26365755134376234
BKR101_P001,101,P001,1994,3,298,1994-01-27,27,115,133,488,0,0,234236,3,wheat/winter wheat,2.9,4.5,6.9,18.6,1.091,89,7.8,0,0,0.2,0,381.5,0.6366,1993-10-04,9,1.1794309596682293,True,13.245268640938136,0.26365755134376234
BKR101_P001,101,P001,1994,3,298,1994-01-28,28,116,133,488,0,0,234236,3,wheat/winter wheat,1.7,2.9,4.1,16.9,0.648,92,8,0,0,0.1,0,386.3,0.6446,1993-10-04,9,1.1794309596682293,True,13.245268640938136,0.26365755134376234
BKR101_P001,101,P001,1994,3,298,1994-01-29,29,117,133,488,0,0,234236,3,wheat/winter wheat,0.6,1.6,3.6,1,1.37,93,7.2,0,0,0.1,0,392.4,0.6516,1993-10-04,9,1.1794309596682293,True,13.245268640938136,0.26365755134376234
BKR101_P001,101,P001,1994,3,298,1994-01-30,30,118,133,488,0,0,234236,3,wheat/winter wheat,0.6,3.8,7.1,2,1.73,92,12.2,0,0,0.2,0,399.7,0.6605,1993-10-04,9,1.1794309596682293,True,13.245268640938136,0.26365755134376234
BKR101_P001,101,P001,1994,3,298,1994-01-31,31,119,133,488,0,0,234236,3,wheat/winter wheat,2.2,3.8,5.4,0,1.3,79,5.8,0,0,0.4,0,406.3,0.6713,1993-10-04,9,1.1794309596682293,True,13.245268640938136,0.26365755134376234
BKR101_P001,101,P001,1994,3,298,1994-02-01,32,120,133,488,0,0,234236,3,wheat/winter wheat,1.9,3.2,5.9,0,1.28,93,6.1,0,0,0.2,0,412.8,0.6808,1993-10-04,9,1.1794309596682293,True,13.245268640938136,0.26365755134376234
BKR101_P001,101,P001,1994,3,298,1994-02-02,33,121,133,488,0,0,234236,3,wheat/winter wheat,1.9,3.6,5.1,0,0.928,70,6.7,0,0,0.5,0,418.8,0.6902,1993-10-04,9,1.1794309596682293,True,13.245268640938136,0.26365755134376234
BKR101_P001,101,P001,1994,3,298,1994-02-03,34,122,133,488,0,0,234236,3,wheat/winter wheat,0.5,1.4,2.7,0,3.015,87,3.2,0,0,0.2,0,428.8,0.6988,1993-10-04,9,1.1794309596682293,True,13.245268640938136,0.26365755134376234
BKR101_P001,101,P001,1994,3,298,1994-02-04,35,123,133,488,0,0,234236,3,wheat/winter wheat,-1.3,0,1.9,0,3.572,88,4.5,0,0,0.2,0,439.2,0.7132,1993-10-04,9,1.1794309596682293,True,13.245268640938136,0.26365755134376234
BKR101_P001,101,P001,1994,3,298,1994-02-05,36,124,133,488,0,0,234236,3,wheat/winter wheat,-1,0,1.6,0,5.594,81,6.1,0,0,0.3,0,451.8,0.7282,1993-10-04,9,1.1794309596682293,True,13.245268640938136,0.26365755134376234
BKR101_P001,101,P001,1994,3,298,1994-02-06,37,125,133,488,0,0,234236,3,wheat/winter wheat,-0.5,0.1,0.8,0,1.83,93,1.7,0,0,0.2,0,460,0.7462,1993-10-04,9,1.1794309596682293,True,13.245268640938136,0.26365755134376234
BKR101_P001,101,P001,1994,3,298,1994-02-07,38,126,133,488,0,0,234236,3,wheat/winter wheat,-0.1,0.4,1.3,0,1.672,98,0.3,0,0,0.2,0,468.1,0.7579,1993-10-04,9,1.1794309596682293,True,13.245268640938136,0.26365755134376234
BKR101_P001,101,P001,1994,3,298,1994-02-08,39,127,133,488,0,0,234236,3,wheat/winter wheat,0.1,0.4,0.9,0,1.294,98,0.4,0,0,0.2,0,475.8,0.7696,1993-10-04,9,1.1794309596682293,True,13.245268640938136,0.26365755134376234
BKR101_P001,101,P001,1994,3,298,1994-02-09,40,128,133,488,0,0,234236,3,wheat/winter wheat,-0.2,2,4.7,0,3.93,90,3.5,0,0,0.2,0,489,0.7807,1993-10-04,9,1.1794309596682293,True,13.245268640938136,0.26365755134376234
BKR101_P001,101,P001,1994,3,298,1994-02-10,41,129,133,488,0,0,234236,3,wheat/winter wheat,1,2.8,5.4,0.1,4.726,93,2.7,0,0,0.2,0,504.4,0.7995,1993-10-04,9,1.1794309596682293,True,13.245268640938136,0.26365755134376234
BKR101_P001,101,P001,1994,3,298,1994-02-11,42,130,133,488,0,0,234236,3,wheat/winter wheat,-0.4,1.1,2.8,0,3.548,95,2.2,0,0,0.2,0,516.9,0.8216,1993-10-04,9,1.1794309596682293,True,13.245268640938136,0.26365755134376234
BKR101_P001,101,P001,1994,3,298,1994-02-12,43,131,133,488,0,0,234236,3,wheat/winter wheat,-7.9,-2.6,-0.2,0.5,1.192,92,4.1,0,0,0,0,516.7,0.8394,1993-10-04,9,1.1794309596682293,True,13.245268640938136,0.26365755134376234
BKR101_P001,101,P001,1994,3,298,1994-02-13,44,132,133,488,0,0,234236,3,wheat/winter wheat,-13.3,-10.7,-8.1,0,9.314,62,7,0,0,0,0,516.6,0.8392,1993-10-04,9,1.1794309596682293,True,13.245268640938136,0.26365755134376234
BKR101_P001,101,P001,1994,3,298,1994-02-14,45,133,133,488,0,0,234236,3,wheat/winter wheat,-12,-8.4,-3.4,0,9.574,51,6.9,0,0,0,0,516.4,0.8391,1993-10-04,9,1.1794309596682293,True,13.245268640938136,0.26365755134376234
BKR101_P001,101,P001,1994,3,298,1994-02-15,46,134,133,488,0,0,234236,3,wheat/winter wheat,-9.4,-6.3,-1.5,0,9.371,70,5.2,0,0,0,0,516.2,0.8389,1993-10-04,9,1.1794309596682293,True,13.245268640938136,0.26365755134376234
BKR101_P001,101,P001,1994,3,298,1994-02-16,47,135,133,488,0,0,234236,3,wheat/winter wheat,-9.8,-5.3,-0.1,0,9.136,68,3.6,0,0,0,0,516,0.8388,1993-10-04,9,1.1794309596682293,True,13.245268640938136,0.26365755134376234
BKR101_P001,101,P001,1994,3,298,1994-02-17,48,136,133,488,0,0,234236,3,wheat/winter wheat,-7.5,-4.9,-2.8,0,7.374,72,2.3,0,0,0,0,515.8,0.8386,1993-10-04,9,1.1794309596682293,True,13.245268640938136,0.26365755134376234
BKR101_P001,101,P001,1994,3,298,1994-02-18,49,137,133,488,0,0,234236,3,wheat/winter wheat,-9.7,-5.2,-1.9,0,7.811,72,1.4,0,0,0,0,515.7,0.8384,1993-10-04,9,1.1794309596682293,True,13.245268640938136,0.26365755134376234
BKR101_P001,101,P001,1994,3,298,1994-02-19,50,138,133,488,0,0,234236,3,wheat/winter wheat,-8.4,-5,-2.9,0.3,3.548,93,2.7,0,0,0,0,515.5,0.8382,1993-10-04,9,1.1794309596682293,True,13.245268640938136,0.26365755134376234
BKR101_P001,101,P001,1994,3,298,1994-02-20,51,139,133,488,0,0,234236,3,wheat/winter wheat,-8.8,-5.5,-2.1,0,6.655,87,5.1,0,0,0,0,515.3,0.838,1993-10-04,9,1.1794309596682293,True,13.245268640938136,0.26365755134376234
BKR101_P001,101,P001,1994,3,298,1994-02-21,52,140,133,488,0,0,234236,3,wheat/winter wheat,-3.6,-1.9,0.4,1.6,5.183,91,4,0,0,0,0,515,0.8379,1993-10-04,9,1.1794309596682293,True,13.245268640938136,0.26365755134376234
BKR101_P001,101,P001,1994,3,298,1994-02-22,53,141,133,488,0,0,234236,3,wheat/winter wheat,-4,-3,-1.4,3,4.744,88,2,0,0,0,0,514.8,0.8376,1993-10-04,9,1.1794309596682293,True,13.245268640938136,0.26365755134376234
BKR101_P001,101,P001,1994,3,298,1994-02-23,54,142,133,488,0,0,234236,3,wheat/winter wheat,-8.1,-4.1,-2.1,3,4.266,91,2.8,0,0,0,0,514.6,0.8374,1993-10-04,9,1.1794309596682293,True,13.245268640938136,0.26365755134376234
BKR101_P001,101,P001,1994,3,298,1994-02-24,55,143,133,488,0,0,234236,3,wheat/winter wheat,-14,-7,-1,0,8.695,92,0.7,0,0,0,0,514.4,0.8372,1993-10-04,9,1.1794309596682293,True,13.245268640938136,0.26365755134376234
BKR101_P001,101,P001,1994,3,298,1994-02-25,56,144,133,488,0,0,234236,3,wheat/winter wheat,-7.9,-3.4,0.6,0,9.377,83,0.7,0,0,0,0,514.2,0.8371,1993-10-04,9,1.1794309596682293,True,13.245268640938136,0.26365755134376234
BKR101_P001,101,P001,1994,3,298,1994-02-26,57,145,133,488,0,0,234236,3,wheat/winter wheat,-10.5,-3.8,1.5,0,5.314,95,2.8,0,0,0,0,514,0.8369,1993-10-04,9,1.1794309596682293,True,13.245268640938136,0.26365755134376234
BKR101_P001,101,P001,1994,3,298,1994-02-27,58,146,133,488,0,0,234236,3,wheat/winter wheat,-0.7,1.6,5.6,0,6.531,94,2.2,0,0,0.3,0,532,0.8367,1993-10-04,9,1.1794309596682293,True,13.245268640938136,0.26365755134376234
BKR101_P001,101,P001,1994,3,298,1994-02-28,59,147,133,488,0,0,234236,3,wheat/winter wheat,0,4,8.1,0.2,5.701,88,3.2,0,0,0.5,0,551.9,0.8624,1993-10-04,9,1.1794309596682293,True,13.245268640938136,0.26365755134376234
BKR101_P001,101,P001,1994,3,298,1994-03-01,60,148,133,488,0,0,234236,3,wheat/winter wheat,-1.2,-0.7,-0.1,3.2,1.823,94,3.4,0,0,0,0,551.6,0.8904,1993-10-04,9,1.1794309596682293,True,13.245268640938136,0.26365755134376234
BKR101_P001,101,P001,1994,3,298,1994-03-02,61,149,133,488,0,0,234236,3,wheat/winter wheat,-1.1,-0.1,1.7,1.4,2.61,99,0.9,0,0,0,0,551.3,0.8901,1993-10-04,9,1.1794309596682293,True,13.245268640938136,0.26365755134376234
BKR101_P001,101,P001,1994,3,298,1994-03-03,62,150,133,488,0,0,234236,3,wheat/winter wheat,0.7,3.1,4.9,1.2,3.409,92,3.3,0,0,0.4,0,568.2,0.8899,1993-10-04,9,1.1794309596682293,True,13.245268640938136,0.26365755134376234
BKR101_P001,101,P001,1994,3,298,1994-03-04,63,151,133,488,0,0,234236,3,wheat/winter wheat,-0.3,2.5,5.3,2.1,5.927,87,3.9,0,0,0.5,0,588.3,0.9136,1993-10-04,9,1.1794309596682293,True,13.245268640938136,0.26365755134376234
BKR101_P001,101,P001,1994,3,298,1994-03-05,64,152,133,488,0,0,234236,3,wheat/winter wheat,-2.1,3,9.2,0,10.979,77,2.9,0,0,0.9,0,614.8,0.9418,1993-10-04,9,1.1794309596682293,True,13.245268640938136,0.26365755134376234
BKR101_P001,101,P001,1994,3,298,1994-03-06,65,153,133,488,0,0,234236,3,wheat/winter wheat,1.1,5.2,7.3,3.4,8.072,74,5.7,0,0,1.1,0,642.8,0.9788,1993-10-04,9,1.1794309596682293,True,13.245268640938136,0.26365755134376234
BKR101_P001,101,P001,1994,3,298,1994-03-07,66,154,133,488,0,0,234236,3,wheat/winter wheat,4,5.8,7.5,3.7,2.687,88,7,0,0,0.5,0,662.2,1.0174,1993-10-04,9,1.1794309596682293,True,13.245268640938136,0.26365755134376234
BKR101_P001,101,P001,1994,3,298,1994-03-08,67,155,133,488,0,0,234236,3,wheat/winter wheat,3.8,7.7,10.5,0,4.575,94,4.1,0,0,0.5,0,687,1.0439,1993-10-04,9,1.1794309596682293,True,13.245268640938136,0.26365755134376234
BKR101_P001,101,P001,1994,3,298,1994-03-09,68,156,133,488,0,0,234236,3,wheat/winter wheat,10.2,11.1,12.5,0,3.661,87,4.2,0,0,0.8,0,711.1,1.0771,1993-10-04,9,1.1794309596682293,True,13.245268640938136,0.26365755134376234
BKR101_P001,101,P001,1994,3,298,1994-03-10,69,157,133,488,0,0,234236,3,wheat/winter wheat,3.2,8,11.1,0,7.648,69,5.7,0,0,1.5,0,744.8,1.1086,1993-10-04,9,1.1794309596682293,True,13.245268640938136,0.26365755134376234
BKR101_P001,101,P001,1994,3,298,1994-03-11,70,158,133,488,0,0,234236,3,wheat/winter wheat,-0.5,5.2,10.9,0,13.649,72,3.1,0,0,1.3,0,782.8,1.1517,1993-10-04,9,1.1794309596682293,True,13.245268640938136,0.26365755134376234
BKR101_P001,101,P001,1994,3,298,1994-03-12,71,159,133,488,0,0,234236,3,wheat/winter wheat,1.7,5.7,9.4,0,6.062,82,3.5,0,0,0.8,0,812.2,1.1997,1993-10-04,9,1.1794309596682293,True,13.245268640938136,0.26365755134376234
BKR101_P001,101,P001,1994,3,298,1994-03-13,72,160,133,488,0,0,234236,3,wheat/winter wheat,2.4,3.9,6.6,11.6,2.563,91,8.1,0,0,0.4,0,834.5,1.2363,1993-10-04,9,1.1794309596682293,True,13.245268640938136,0.26365755134376234
BKR101_P001,101,P001,1994,3,298,1994-03-14,73,161,133,488,0,0,234236,3,wheat/winter wheat,4,6.1,8.2,6.4,5.8,82,9.9,0,0,0.9,0,865.1,1.264,1993-10-04,9,1.1794309596682293,True,13.245268640938136,0.26365755134376234
BKR101_P001,101,P001,1994,3,298,1994-03-15,74,162,133,488,0,0,234236,3,wheat/winter wheat,3.5,5.6,7.6,0.9,8.357,77,5.4,0,0,1.1,0,900.8,1.3013,1993-10-04,9,1.1794309596682293,True,13.245268640938136,0.26365755134376234
BKR101_P001,101,P001,1994,3,298,1994-03-16,75,163,133,488,0,0,234236,3,wheat/winter wheat,0.6,2.8,5.3,3.1,8.939,90,6.1,0,0,0.6,0,933.3,1.3443,1993-10-04,9,1.1794309596682293,True,13.245268640938136,0.26365755134376234
BKR101_P001,101,P001,1994,3,298,1994-03-17,76,164,133,488,0,0,234236,3,wheat/winter wheat,0.3,2.2,4.9,1.2,8.131,86,8.1,0,0,0.6,0,964.1,1.3833,1993-10-04,9,1.1794309596682293,True,13.245268640938136,0.26365755134376234
BKR101_P001,101,P001,1994,3,298,1994-03-18,77,165,133,488,0,0,234236,3,wheat/winter wheat,0.9,2.2,4.5,1.2,7.468,89,6.1,0,0,0.6,0,994.5,1.4201,1993-10-04,9,1.1794309596682293,True,13.245268640938136,0.26365755134376234
BKR101_P001,101,P001,1994,3,298,1994-03-19,78,166,133,488,0,0,234236,3,wheat/winter wheat,0.3,3.7,7.3,10.1,7.877,80,7.4,0,0,0.9,0,1028,1.4562,1993-10-04,9,1.1794309596682293,True,13.245268640938136,0.26365755134376234
BKR101_P001,101,P001,1994,3,298,1994-03-20,79,167,133,488,0,0,234236,3,wheat/winter wheat,0.1,2,4.4,1.1,11.383,76,5.1,0,0,1,0,1063.8,1.4959,1993-10-04,9,1.1794309596682293,True,13.245268640938136,0.26365755134376234
BKR101_P001,101,P001,1994,3,298,1994-03-21,80,168,133,488,0,0,234236,3,wheat/winter wheat,-0.5,1.6,4.3,0,8.739,80,1.7,0,0,0.8,0,1095.8,1.538,1993-10-04,9,1.1794309596682293,True,13.245268640938136,0.26365755134376234
BKR101_P001,101,P001,1994,3,298,1994-03-22,81,169,133,488,0,0,234236,3,wheat/winter wheat,-2.7,3,7.3,0.3,12.155,80,3.2,0,0,1,0,1135.4,1.5755,1993-10-04,9,1.1794309596682293,True,13.245268640938136,0.26365755134376234
BKR101_P001,101,P001,1994,3,298,1994-03-23,82,170,133,488,0,0,234236,3,wheat/winter wheat,4,8.5,11.8,1.3,3.794,91,7.3,0,0,0.7,0,1166.8,1.6219,1993-10-04,9,1.1794309596682293,True,13.245268640938136,0.26365755134376234
BKR101_P001,101,P001,1994,3,298,1994-03-24,83,171,133,488,0,0,234236,3,wheat/winter wheat,5.4,9.2,11.3,3.8,13.753,64,9.7,0,0,2.7,0,1224.8,1.6579,1993-10-04,9,1.1794309596682293,True,13.245268640938136,0.26365755134376234
BKR101_P001,101,P001,1994,3,298,1994-03-25,84,172,133,488,0,0,234236,3,wheat/winter wheat,4.8,7.4,9.3,7.6,5.051,81,6.9,0,0,1.1,0,1259.7,1.7226,1993-10-04,9,1.1794309596682293,True,13.245268640938136,0.26365755134376234
BKR101_P001,101,P001,1994,3,298,1994-03-26,85,173,133,488,0,0,234236,3,wheat/winter wheat,2.8,4.4,6.3,1.2,12.037,88,6.2,0,0,0.9,0,1304,1.7607,1993-10-04,9,1.1794309596682293,True,13.245268640938136,0.26365755134376234
BKR101_P001,101,P001,1994,3,298,1994-03-27,86,174,133,488,0,0,234236,3,wheat/winter wheat,0.9,4.2,8.2,1,14.882,77,4,0,0,1.4,0,1352.1,1.8086,1993-10-04,9,1.1794309596682293,True,13.245268640938136,0.26365755134376234
BKR101_P001,101,P001,1994,3,298,1994-03-28,87,175,133,488,0,0,234236,3,wheat/winter wheat,-1.3,4.6,10.5,0,15.279,68,3.5,0,0,1.7,0,1401.6,1.8602,1993-10-04,9,1.1794309596682293,True,13.245268640938136,0.26365755134376234
BKR101_P001,101,P001,1994,3,298,1994-03-29,88,176,133,488,0,0,234236,3,wheat/winter wheat,4.8,9,13.6,1.3,6.457,82,5.4,0,0,1.3,0,1440.7,1.9128,1993-10-04,9,1.1794309596682293,True,13.245268640938136,0.26365755134376234
BKR101_P001,101,P001,1994,3,298,1994-03-30,89,177,133,488,0,0,234236,3,wheat/winter wheat,3.4,9.9,15.1,0,15.113,74,3,0,0,2.1,0,1503.1,1.9532,1993-10-04,9,1.1794309596682293,True,13.245268640938136,0.26365755134376234
BKR101_P001,101,P001,1994,3,298,1994-03-31,90,178,133,488,0,0,234236,3,wheat/winter wheat,3.5,9.2,20.1,0.5,10.073,83,3.8,0,0,1.7,0,1548.4,2.0158,1993-10-04,9,1.1794309596682293,True,13.245268640938136,0.26365755134376234
BKR101_P001,101,P001,1994,3,298,1994-04-01,91,179,133,488,0,0,234236,3,wheat/winter wheat,2.6,9.2,16.9,5.5,8.091,80,5.4,0,0,1.6,0,1591,2.0601,1993-10-04,9,1.1794309596682293,True,13.245268640938136,0.26365755134376234
BKR101_P001,101,P001,1994,3,298,1994-04-02,92,180,133,488,0,0,234236,3,wheat/winter wheat,2.3,6.6,9,0,12.111,79,4.4,0,0,1.5,0,1648.7,2.1006,1993-10-04,9,1.1794309596682293,True,13.245268640938136,0.26365755134376234
BKR101_P001,101,P001,1994,3,298,1994-04-03,93,181,133,488,0,0,234236,3,wheat/winter wheat,0.5,4.1,8.7,0,13.959,78,3.9,0,0,1.4,0,1709.3,2.1544,1993-10-04,9,1.1794309596682293,True,13.245268640938136,0.26365755134376234
BKR101_P001,101,P001,1994,3,298,1994-04-04,94,182,133,488,0,0,234236,3,wheat/winter wheat,0.5,5.2,10.1,2.3,11.719,79,6.5,0,0,1.4,0,1773.5,2.2102,1993-10-04,9,1.1794309596682293,True,13.245268640938136,0.26365755134376234
BKR101_P001,101,P001,1994,3,298,1994-04-05,95,183,133,488,0,0,234236,3,wheat/winter wheat,1.9,4.8,9,0.9,13.688,76,5.9,0,0,1.6,0,1845.4,2.2686,1993-10-04,9,1.1794309596682293,True,13.245268640938136,0.26365755134376234
BKR101_P001,101,P001,1994,3,298,1994-04-06,96,184,133,488,0,0,234236,3,wheat/winter wheat,-1.2,4.8,9.7,0,15.652,72,2.2,0,0,1.6,0,1926.7,2.3331,1993-10-04,9,1.1794309596682293,True,13.245268640938136,0.26365755134376234
BKR101_P001,101,P001,1994,3,298,1994-04-07,97,185,133,488,0,0,234236,3,wheat/winter wheat,-0.1,4.5,8.8,0,12.82,75,2.3,0,0,1.4,0,2003.2,2.405,1993-10-04,9,1.1794309596682293,True,13.245268640938136,0.26365755134376234
BKR101_P001,101,P001,1994,3,298,1994-04-08,98,186,133,488,0,0,234236,3,wheat/winter wheat,-1,4.8,11.3,0.5,13.938,79,1.8,0,0,1.5,0,2085.8,2.4718,1993-10-04,9,1.1794309596682293,True,13.245268640938136,0.26365755134376234
BKR101_P001,101,P001,1994,3,298,1994-04-09,99,187,133,488,0,0,234236,3,wheat/winter wheat,2.9,5.8,10.4,1.4,11.731,85,4.5,0,0,1.3,0,2168.5,2.543,1993-10-04,9,1.1794309596682293,True,13.245268640938136,0.26365755134376234
BKR101_P001,101,P001,1994,3,298,1994-04-10,100,188,133,488,0,0,234236,3,wheat/winter wheat,1.8,5.9,12.4,0.6,6.037,91,2,0,0,0.9,0,2235,2.613,1993-10-04,9,1.1794309596682293,True,13.245268640938136,0.26365755134376234
BKR101_P001,101,P001,1994,3,298,1994-04-11,101,189,133,488,0,0,234236,3,wheat/winter wheat,3.6,8.4,13.1,7.3,9.947,88,3.2,0,0,1.3,0,2323.6,2.6684,1993-10-04,9,1.1794309596682293,True,13.245268640938136,0.26365755134376234
BKR101_P001,101,P001,1994,3,298,1994-04-12,102,190,133,488,0,0,234236,3,wheat/winter wheat,7.5,10.6,14.6,8.6,8.173,88,4.5,0,0,1.3,0,2409.4,2.74,1993-10-04,9,1.1794309596682293,True,13.245268640938136,0.26365755134376234
BKR101_P001,101,P001,1994,3,298,1994-04-13,103,191,133,488,0,0,234236,3,wheat/winter wheat,5.9,8.8,11.8,14.2,15.437,80,3.6,0,0,2,0,2529.1,2.8069,1993-10-04,9,1.1794309596682293,True,13.245268640938136,0.26365755134376234
BKR101_P001,101,P001,1994,3,298,1994-04-14,104,192,133,488,0,0,234236,3,wheat/winter wheat,5.2,5.7,6.6,4,4.3,94,4.1,0,0,0.6,0,2600.3,2.8973,1993-10-04,9,1.1794309596682293,True,13.245268640938136,0.26365755134376234
BKR101_P001,101,P001,1994,3,298,1994-04-15,105,193,133,488,0,0,234236,3,wheat/winter wheat,0.9,6.8,10.6,0,17.461,69,1.9,0,0,2.1,0,2726.2,2.9501,1993-10-04,9,1.1794309596682293,True,13.245268640938136,0.26365755134376234
BKR101_P001,101,P001,1994,3,298,1994-04-16,106,194,133,488,0,0,234236,3,wheat/winter wheat,4.1,7.4,11.1,0,18.533,81,3.1,0,0,2.1,0,2861.3,3.0411,1993-10-04,9,1.1794309596682293,True,13.245268640938136,0.26365755134376234
BKR101_P001,101,P001,1994,3,298,1994-04-17,107,195,133,488,0,0,234236,3,wheat/winter wheat,2.1,6.2,10.8,0,15.406,83,3.6,0,0,1.7,0,2979.9,3.1363,1993-10-04,9,1.1794309596682293,True,13.245268640938136,0.26365755134376234
BKR101_P001,101,P001,1994,3,298,1994-04-18,108,196,133,488,0,0,234236,3,wheat/winter wheat,-0.6,4.7,7.8,0,15.067,67,3.7,0,0,1.9,0,3094.4,3.2179,1993-10-04,9,1.1794309596682293,True,13.245268640938136,0.26365755134376234
BKR101_P001,101,P001,1994,3,298,1994-04-19,109,197,133,488,0,0,234236,3,wheat/winter wheat,-1.8,4.8,10.3,0,18.481,66,2.2,0,0,2.1,0,3221.7,3.2955,1993-10-04,9,1.1794309596682293,True,13.245268640938136,0.26365755134376234
BKR101_P001,101,P001,1994,3,298,1994-04-20,110,198,133,488,0,0,234236,3,wheat/winter wheat,0.4,8.2,15.1,0,23.001,63,2.4,0,0,3,0,3387.4,3.3804,1993-10-04,9,1.1794309596682293,True,13.245268640938136,0.26365755134376234
BKR101_P001,101,P001,1994,3,298,1994-04-21,111,199,133,488,0,0,234236,3,wheat/winter wheat,2.7,10.8,17.1,0,18.986,67,1.6,0,0,2.7,0,3553.2,3.4875,1993-10-04,9,1.1794309596682293,True,13.245268640938136,0.26365755134376234
BKR101_P001,101,P001,1994,3,298,1994-04-22,112,200,133,488,0,0,234236,3,wheat/winter wheat,5.2,12.5,18.3,0,16.699,64,0.9,0,0,2.5,0,3714.1,3.5899,1993-10-04,9,1.1794309596682293,True,13.245268640938136,0.26365755134376234
BKR101_P001,101,P001,1994,3,298,1994-04-23,113,201,133,488,0,0,234236,3,wheat/winter wheat,6.1,13.7,20.8,0,19.229,63,3.2,0,0,3.7,0,3894.5,3.684,1993-10-04,9,1.1794309596682293,True,13.245268640938136,0.26365755134376234
BKR101_P001,101,P001,1994,3,298,1994-04-24,114,202,133,488,0,0,234236,3,wheat/winter wheat,7.6,14.3,20.7,0,21.815,58,3.8,0,0,4.5,0,4097.9,3.783,1993-10-04,9,1.1794309596682293,True,13.245268640938136,0.26365755134376234
BKR101_P001,101,P001,1994,3,298,1994-04-25,115,203,133,488,0,0,234236,3,wheat/winter wheat,5.8,13,19.7,0,23.913,66,2.6,0,0,3.8,0,4311.7,3.8867,1993-10-04,9,1.1794309596682293,True,13.245268640938136,0.26365755134376234
BKR101_P001,101,P001,1994,3,298,1994-04-26,116,204,133,488,0,0,234236,3,wheat/winter wheat,5.1,10.8,17.5,0,15.881,75,2.9,0,0,2.6,0,4468.9,3.9951,1993-10-04,9,1.1794309596682293,True,13.245268640938136,0.26365755134376234
BKR101_P001,101,P001,1994,3,298,1994-04-27,117,205,133,488,0,0,234236,3,wheat/winter wheat,6.9,13,18.6,0,17.462,76,2.2,0,0,2.8,0,4644.4,4.0743,1993-10-04,9,1.1794309596682293,True,13.245268640938136,0.26365755134376234
BKR101_P001,101,P001,1994,3,298,1994-04-28,118,206,133,488,0,0,234236,3,wheat/winter wheat,8.8,13.1,18.4,0,10.682,86,2.5,0,0,1.9,0,4771.4,4.1622,1993-10-04,9,1.1794309596682293,True,13.245268640938136,0.26365755134376234
BKR101_P001,101,P001,1994,3,298,1994-04-29,119,207,133,488,0,0,234236,3,wheat/winter wheat,10.1,15.9,19.3,0,8.143,68,2.3,0,0,2.3,0,4882.2,4.2252,1993-10-04,9,1.1794309596682293,True,13.245268640938136,0.26365755134376234
BKR101_P001,101,P001,1994,3,298,1994-04-30,120,208,133,488,0,0,234236,3,wheat/winter wheat,8.4,15.3,22.5,1,17.849,75,3.7,0,0,3.5,0,5059.8,4.2798,1993-10-04,9,1.1794309596682293,True,13.245268640938136,0.26365755134376234
BKR101_P001,101,P001,1994,3,298,1994-05-01,121,209,133,488,0,0,234236,3,wheat/winter wheat,4.4,7.2,8.2,0.4,7.91,84,3.8,0,0,1.3,0,5174.7,4.3668,1993-10-04,9,1.1794309596682293,True,13.245268640938136,0.26365755134376234
BKR101_P001,101,P001,1994,3,298,1994-05-02,122,210,133,488,0,0,234236,3,wheat/winter wheat,0.3,8.2,14.2,0,25.514,67,2.1,0,0,3.2,0,5385,4.4229,1993-10-04,9,1.1794309596682293,True,13.245268640938136,0.26365755134376234
BKR101_P001,101,P001,1994,3,298,1994-05-03,123,211,133,488,0,0,234236,3,wheat/winter wheat,2.3,9.7,16.3,0,26.71,57,4,0,0,4.2,0,5605.8,4.5251,1993-10-04,9,1.1794309596682293,True,13.245268640938136,0.26365755134376234
BKR101_P001,101,P001,1994,3,298,1994-05-04,124,212,133,488,0,0,234236,3,wheat/winter wheat,2.6,11.2,17.9,0.6,22.364,49,4.6,0,0,4.7,0,5816.5,4.6317,1993-10-04,9,1.1794309596682293,True,13.245268640938136,0.26365755134376234
BKR101_P001,101,P001,1994,3,298,1994-05-05,125,213,133,488,0,0,234236,3,wheat/winter wheat,6.1,9.3,13.1,3.6,10.432,90,1.9,0,0,1.5,0,5946.2,4.7329,1993-10-04,9,1.1794309596682293,True,13.245268640938136,0.26365755134376234
BKR101_P001,101,P001,1994,3,298,1994-05-06,126,214,133,488,0,0,234236,3,wheat/winter wheat,3.5,10.2,15.4,0,21.588,66,1.6,0,0,3.1,0,6150.8,4.7949,1993-10-04,9,1.1794309596682293,True,13.245268640938136,0.26365755134376234
BKR101_P001,101,P001,1994,3,298,1994-05-07,127,215,133,488,0,0,234236,3,wheat/winter wheat,5.7,12.3,18.7,0,26.675,55,3.3,0,0,4.7,0,6392.6,4.8921,1993-10-04,9,1.1794309596682293,True,13.245268640938136,0.26365755134376234
BKR101_P001,101,P001,1994,3,298,1994-05-08,128,216,133,488,0,0,234236,3,wheat/winter wheat,5.5,13.7,20.7,0,27.607,52,3.9,0,0,5.4,0,6656.9,5.006,1993-10-04,9,1.1794309596682293,True,13.245268640938136,0.26365755134376234
BKR101_P001,101,P001,1994,3,298,1994-05-09,129,217,133,488,0,0,234236,3,wheat/winter wheat,6,14.7,21.7,0,25.79,58,2.3,0,0,4.6,0,6916.9,5.1296,1993-10-04,9,1.1794309596682293,True,13.245268640938136,0.26365755134376234
BKR101_P001,101,P001,1994,3,298,1994-05-10,130,218,133,488,0,0,234236,3,wheat/winter wheat,8.5,13.8,19.7,0,22.147,61,2.5,0,0,4.1,0,7144.2,5.2501,1993-10-04,9,1.1794309596682293,True,13.245268640938136,0.26365755134376234
BKR101_P001,101,P001,1994,3,298,1994-05-11,131,219,133,488,0,0,234236,3,wheat/winter wheat,6.5,14.5,21.2,0,21.957,62,2.5,0,0,4.1,0,7370.9,5.3547,1993-10-04,9,1.1794309596682293,True,13.245268640938136,0.26365755134376234
BKR101_P001,101,P001,1994,3,298,1994-05-12,132,220,133,488,0,0,234236,3,wheat/winter wheat,6.9,13.1,17.4,1,16.935,68,3.4,0,0,3.3,0,7561.4,5.4581,1993-10-04,9,1.1794309596682293,True,13.245268640938136,0.26365755134376234
BKR101_P001,101,P001,1994,3,298,1994-05-13,133,221,133,488,0,0,234236,3,wheat/winter wheat,10.1,14,20.2,6,17.687,84,2.4,0,0,2.9,0,7747,5.5443,1993-10-04,9,1.1794309596682293,True,13.245268640938136,0.26365755134376234
BKR101_P001,101,P001,1994,3,298,1994-05-14,134,222,133,488,0,0,234236,3,wheat/winter wheat,8.3,16.6,23.5,0,24.021,67,4.2,0,0,5,0,7986.4,5.6275,1993-10-04,9,1.1794309596682293,True,13.245268640938136,0.26365755134376234
BKR101_P001,101,P001,1994,3,298,1994-05-15,135,223,133,488,0,0,234236,3,wheat/winter wheat,12.2,15.6,19.9,0,15.574,73,4,0,0,3.5,0,8156.7,5.7337,1993-10-04,9,1.1794309596682293,True,13.245268640938136,0.26365755134376234
BKR101_P001,101,P001,1994,3,298,1994-05-16,136,224,133,488,0,0,234236,3,wheat/winter wheat,12.5,15.7,21.3,0,19.104,75,2.8,0,0,3.7,0,8351,5.8086,1993-10-04,9,1.1794309596682293,True,13.245268640938136,0.26365755134376234
BKR101_P001,101,P001,1994,3,298,1994-05-17,137,225,133,488,0,0,234236,3,wheat/winter wheat,12.2,16.4,21.9,6.9,17.575,81,2.4,0,13.245,3.2,0,8532.2,5.8931,1993-10-04,9,1.1794309596682293,True,13.245268640938136,0.26365755134376234
BKR101_P001,101,P001,1994,3,298,1994-05-18,138,226,133,488,0,0,234236,3,wheat/winter wheat,9.5,15.8,20.6,0,17.977,71,2,0,0,3.4,0,8725.4,5.9712,1993-10-04,9,1.1794309596682293,True,13.245268640938136,0.26365755134376234
BKR101_P001,101,P001,1994,3,298,1994-05-19,139,227,133,488,0,0,234236,3,wheat/winter wheat,7.5,10.1,14.3,31,3.231,96,4,0,0,0.7,0,8824.8,6.0538,1993-10-04,9,1.1794309596682293,True,13.245268640938136,0.26365755134376234
BKR101_P001,101,P001,1994,3,298,1994-05-20,140,228,133,488,0,0,234236,3,wheat/winter wheat,6.8,7.8,8.5,10,3.671,98,3.6,0,0,0.6,0,8934.1,6.096,1993-10-04,9,1.1794309596682293,True,13.245268640938136,0.26365755134376234
BKR101_P001,101,P001,1994,3,298,1994-05-21,141,229,133,488,0,0,234236,3,wheat/winter wheat,6.6,11.2,15.4,0.7,21.259,73,2.2,0,0,3.2,0,9154.6,6.1423,1993-10-04,9,1.1794309596682293,True,13.245268640938136,0.26365755134376234
BKR101_P001,101,P001,1994,3,298,1994-05-22,142,230,133,488,0,0,234236,3,wheat/winter wheat,8.7,12.1,17.7,15.7,13.718,92,2.8,0,0,2,0,9309.1,6.2348,1993-10-04,9,1.1794309596682293,True,13.245268640938136,0.26365755134376234
BKR101_P001,101,P001,1994,3,298,1994-05-23,143,231,133,488,0,0,234236,3,wheat/winter wheat,8.9,12.3,14.8,2.4,9.751,95,1.2,0,0,1.6,0,9441.5,6.2991,1993-10-04,9,1.1794309596682293,True,13.245268640938136,0.26365755134376234
BKR101_P001,101,P001,1994,3,298,1994-05-24,144,232,133,488,0,0,234236,3,wheat/winter wheat,10.3,14.5,18.7,0.1,20.106,80,1.8,0,0,3.3,0,9652.7,6.3537,1993-10-04,9,1.1794309596682293,True,13.245268640938136,0.26365755134376234
BKR101_P001,101,P001,1994,3,298,1994-05-25,145,233,133,488,0,0,234236,3,wheat/winter wheat,10.9,13.1,15.6,0,6.846,96,2,0,0,1.2,0,9756.9,6.44,1993-10-04,9,1.1794309596682293,True,13.245268640938136,0.26365755134376234
BKR101_P001,101,P001,1994,3,298,1994-05-26,146,234,133,488,0,0,234236,3,wheat/winter wheat,11.6,13.9,16.5,0.4,17.204,80,2.6,0,0,3,0,9946.9,6.4822,1993-10-04,9,1.1794309596682293,True,13.245268640938136,0.26365755134376234
BKR101_P001,101,P001,1994,3,298,1994-05-27,147,235,133,488,0,0,234236,3,wheat/winter wheat,4.9,10.4,12.8,0.5,12.199,78,2.2,0,0,2.1,0,10103.5,6.5586,1993-10-04,9,1.1794309596682293,True,13.245268640938136,0.26365755134376234
BKR101_P001,101,P001,1994,3,298,1994-05-28,148,236,133,488,0,0,234236,3,wheat/winter wheat,2.2,9.2,14.6,0.1,19,78,1.7,0,0,2.7,0,10301.4,6.6211,1993-10-04,9,1.1794309596682293,True,13.245268640938136,0.26365755134376234
BKR101_P001,101,P001,1994,3,298,1994-05-29,149,237,133,488,0,0,234236,3,wheat/winter wheat,6.1,9.5,12.5,0.4,12.701,81,2.1,0,0,2,1.5,10458.6,6.6998,1993-10-04,9,1.1794309596682293,True,13.245268640938136,0.26365755134376234
BKR101_P001,101,P001,1994,3,298,1994-05-30,150,238,133,488,0,0,234236,3,wheat/winter wheat,4.8,9.4,12.9,0.8,18.966,80,3.1,0,0,2.7,16.2,10663.4,6.7614,1993-10-04,9,1.1794309596682293,True,13.245268640938136,0.26365755134376234
BKR101_P001,101,P001,1994,3,298,1994-05-31,151,239,133,488,0,0,234236,3,wheat/winter wheat,4.8,10.2,13,0.8,15.613,77,3.5,0,0,2.6,42.2,10849.2,6.8355,1993-10-04,9,1.1794309596682293,True,13.245268640938136,0.26365755134376234
BKR101_P001,101,P001,1994,3,298,1994-06-01,152,240,133,488,0,0,234236,3,wheat/winter wheat,8.8,14.6,20,0,27.734,70,3.2,0,0,4.8,109.9,11135,6.8968,1993-10-04,9,1.1794309596682293,True,13.245268640938136,0.26365755134376234
BKR101_P001,101,P001,1994,3,298,1994-06-02,153,241,133,488,0,0,234236,3,wheat/winter wheat,9,17.2,24.4,0.7,13.595,76,2.9,0,0,3.2,160.6,11280.1,6.9776,1993-10-04,9,1.1794309596682293,True,13.245268640938136,0.26365755134376234
BKR101_P001,101,P001,1994,3,298,1994-06-03,154,242,133,488,0,0,234236,3,wheat/winter wheat,12.1,16.3,19.2,1.6,15.714,78,4,0,0,3.3,244,11464.3,7.0107,1993-10-04,9,1.1794309596682293,True,13.245268640938136,0.26365755134376234
BKR101_P001,101,P001,1994,3,298,1994-06-04,155,243,133,488,0,0,234236,3,wheat/winter wheat,9.2,12.9,15.2,1.5,17.046,77,4,0,0,3.1,354.4,11672.5,7.0437,1993-10-04,9,1.1794309596682293,True,13.245268640938136,0.26365755134376234
BKR101_P001,101,P001,1994,3,298,1994-06-05,156,244,133,488,0,0,234236,3,wheat/winter wheat,7.4,10.7,14.2,4.5,11.633,88,1.9,0,0,1.9,448,11830.3,7.0731,1993-10-04,9,1.1794309596682293,True,13.245268640938136,0.26365755134376234
BKR101_P001,101,P001,1994,3,298,1994-06-06,157,245,133,488,0,0,234236,3,wheat/winter wheat,5.8,10.8,15.7,0,21.371,74,3.5,0,0,3.4,605.4,12070.8,7.0907,1993-10-04,9,1.1794309596682293,True,13.245268640938136,0.26365755134376234
BKR101_P001,101,P001,1994,3,298,1994-06-07,158,246,133,488,0,0,234236,3,wheat/winter wheat,8,13.5,17.9,0.7,10.297,92,3.4,0,0,1.8,709.7,12213.3,7.1103,1993-10-04,9,1.1794309596682293,True,13.245268640938136,0.26365755134376234
BKR101_P001,101,P001,1994,3,298,1994-06-08,159,247,133,488,0,0,234236,3,wheat/winter wheat,11.3,16.3,20.8,0,20.782,76,2.6,0,0,3.9,906.4,12452,7.1167,1993-10-04,9,1.1794309596682293,True,13.245268640938136,0.26365755134376234
BKR101_P001,101,P001,1994,3,298,1994-06-09,160,248,133,488,0,0,234236,3,wheat/winter wheat,5.9,11.3,15.5,0.4,10.696,88,3.1,0,0,1.8,1034.8,12606.6,7.1168,1993-10-04,9,1.1794309596682293,True,13.245268640938136,0.26365755134376234
BKR101_P001,101,P001,1994,3,298,1994-06-10,161,249,133,488,0,0,234236,3,wheat/winter wheat,6,11,16.6,0.2,17.026,81,2.1,0,0,2.7,1204.8,12811.2,7.1092,1993-10-04,9,1.1794309596682293,True,13.245268640938136,0.26365755134376234
BKR101_P001,101,P001,1994,3,298,1994-06-11,162,250,133,488,0,0,234236,3,wheat/winter wheat,5.8,12.2,17.4,0,19.963,79,1.2,0,0,3,1401,13047.2,7.1001,1993-10-04,9,1.1794309596682293,True,13.245268640938136,0.26365755134376234
BKR101_P001,101,P001,1994,3,298,1994-06-12,163,251,133,488,0,0,234236,3,wheat/winter wheat,7.8,14.5,20.3,0,26.416,63,1.9,0,0,4.6,1646.1,13341.6,7.0884,1993-10-04,9,1.1794309596682293,True,13.245268640938136,0.26365755134376234
BKR101_P001,101,P001,1994,3,298,1994-06-13,164,252,133,488,0,0,234236,3,wheat/winter wheat,10.2,12.4,14.1,0,6.489,93,2.5,0,0,1.3,1742.6,13455.7,7.0724,1993-10-04,9,1.1794309596682293,True,13.245268640938136,0.26365755134376234
BKR101_P001,101,P001,1994,3,298,1994-06-14,165,253,133,488,0,0,234236,3,wheat/winter wheat,12.3,15.7,20.8,0,23.375,75,2.6,0,0,4.3,1956.5,13711,7.0537,1993-10-04,9,1.1794309596682293,True,13.245268640938136,0.26365755134376234
BKR101_P001,101,P001,1994,3,298,1994-06-15,166,254,133,488,0,0,234236,3,wheat/winter wheat,9.1,12.1,15.3,0,15.473,67,3.6,0,0,3.3,2120,13905,7.0297,1993-10-04,9,1.1794309596682293,True,13.245268640938136,0.26365755134376234
BKR101_P001,101,P001,1994,3,298,1994-06-16,167,255,133,488,0,0,234236,3,wheat/winter wheat,8.5,10.4,14.5,2,8,85,6.1,0,0,1.8,2225.6,14028.6,7.0034,1993-10-04,9,1.1794309596682293,True,13.245268640938136,0.26365755134376234
BKR101_P001,101,P001,1994,3,298,1994-06-17,168,256,133,488,0,0,234236,3,wheat/winter wheat,5.1,10.8,15.3,0,16.6,71,3.1,0,0,3,2397.7,14232.5,6.9761,1993-10-04,9,1.1794309596682293,True,13.245268640938136,0.26365755134376234
BKR101_P001,101,P001,1994,3,298,1994-06-18,169,257,133,488,0,0,234236,3,wheat/winter wheat,6,13.4,18.4,5,8,84,5.8,0,0,2.1,2500.2,14351.7,6.9475,1993-10-04,9,1.1794309596682293,True,13.245268640938136,0.26365755134376234
BKR101_P001,101,P001,1994,3,298,1994-06-19,170,258,133,488,0,0,234236,3,wheat/winter wheat,11.6,16.4,20.7,0,13.6,77,6.7,0,0,3.6,2636,14510.3,6.9155,1993-10-04,9,1.1794309596682293,True,13.245268640938136,0.26365755134376234
BKR101_P001,101,P001,1994,3,298,1994-06-20,171,259,133,488,0,0,234236,3,wheat/winter wheat,10.8,14.8,19.8,0,28.1,67,0,0,0,4.3,2892.9,14814.5,6.878,1993-10-04,9,1.1794309596682293,True,13.245268640938136,0.26365755134376234
BKR101_P001,101,P001,1994,3,298,1994-06-21,172,260,133,488,0,0,234236,3,wheat/winter wheat,7.7,18.8,22.1,0,16.5,71,5.8,0,0,4.2,3061.7,15011,6.8361,1993-10-04,9,1.1794309596682293,True,13.245268640938136,0.26365755134376234
BKR101_P001,101,P001,1994,3,298,1994-06-22,173,261,133,488,0,0,234236,3,wheat/winter wheat,13.5,19.4,22,0,11.263,57,6,0,13.245,4.9,3172.8,15136.6,6.787,1993-10-04,9,1.1794309596682293,True,13.245268640938136,0.26365755134376234
BKR101_P001,101,P001,1994,3,298,1994-06-23,174,262,133,488,0,0,234236,3,wheat/winter wheat,9.1,14.4,18.2,0,27.378,56,5.2,0,0,5.9,3434.7,15443.5,6.7302,1993-10-04,9,1.1794309596682293,True,13.245268640938136,0.26365755134376234
BKR101_P001,101,P001,1994,3,298,1994-06-24,175,263,133,488,0,0,234236,3,wheat/winter wheat,6.5,13.7,19.9,0,31.597,64,2.4,0,0,5.2,3719.1,15777.1,6.6698,1993-10-04,9,1.1794309596682293,True,13.245268640938136,0.26365755134376234
BKR101_P001,101,P001,1994,3,298,1994-06-25,176,264,133,488,0,0,234236,3,wheat/winter wheat,7.1,18.8,27.6,0,30.852,54,3.2,0,0,6.8,3980.1,16081.2,6.6064,1993-10-04,9,1.1794309596682293,True,13.245268640938136,0.26365755134376234
BKR101_P001,101,P001,1994,3,298,1994-06-26,177,265,133,488,0,0,234236,3,wheat/winter wheat,12.1,21.7,29.5,0,24.52,68,1.4,0,0,5,4166.4,16293.7,6.5363,1993-10-04,9,1.1794309596682293,True,13.245268640938136,0.26365755134376234
BKR101_P001,101,P001,1994,3,298,1994-06-27,178,266,133,488,0,0,234236,3,wheat/winter wheat,15.6,21.6,27.4,0,19.126,74,1.1,0,13.245,3.9,4312.2,16456.2,6.4575,1993-10-04,9,1.1794309596682293,True,13.245268640938136,0.26365755134376234
BKR101_P001,101,P001,1994,3,298,1994-06-28,179,267,133,488,0,0,234236,3,wheat/winter wheat,13.3,21.7,28,0,28.01,63,1.4,0,0,5.5,4536.8,16712,6.3703,1993-10-04,9,1.1794309596682293,True,13.245268640938136,0.26365755134376234
BKR101_P001,101,P001,1994,3,298,1994-06-29,180,268,133,488,0,0,234236,3,wheat/winter wheat,17.6,23.2,33.7,3.7,16.837,76,2.4,0,0,4.4,4615.9,16791.5,6.2752,1993-10-04,9,1.1794309596682293,True,13.245268640938136,0.26365755134376234
BKR101_P001,101,P001,1994,3,298,1994-06-30,181,269,133,488,0,0,234236,3,wheat/winter wheat,12.5,17.8,21.3,0,28.028,65,2.4,0,0,5.3,4878.9,17091.2,6.1712,1993-10-04,9,1.1794309596682293,True,13.245268640938136,0.26365755134376234
BKR101_P001,101,P001,1994,3,298,1994-07-01,182,270,133,488,0,0,234236,3,wheat/winter wheat,9.8,16.6,22,0,28.679,68,1.6,0,0,4.9,5112.9,17355.3,6.0627,1993-10-04,9,1.1794309596682293,True,13.245268640938136,0.26365755134376234
BKR101_P001,101,P001,1994,3,298,1994-07-02,183,271,133,488,0,0,234236,3,wheat/winter wheat,10.1,18.6,25.7,0,30.555,61,2.1,0,13.245,5.9,5332.2,17600.9,5.9507,1993-10-04,9,1.1794309596682293,True,13.245268640938136,0.26365755134376234
BKR101_P001,101,P001,1994,3,298,1994-07-03,184,272,133,488,0,0,234236,3,wheat/winter wheat,13.1,21.2,28.4,0,29.85,56,2.5,0,0,6.6,5508.2,17793.5,5.834,1993-10-04,9,1.1794309596682293,True,13.245268640938136,0.26365755134376234
BKR101_P001,101,P001,1994,3,298,1994-07-04,185,273,133,488,0,0,234236,3,wheat/winter wheat,15.6,22.9,30.2,0,28.073,53,3.2,0,0,7.2,5650.7,17944.8,5.7111,1993-10-04,9,1.1794309596682293,True,13.245268640938136,0.26365755134376234
BKR101_P001,101,P001,1994,3,298,1994-07-05,186,274,133,488,0,0,234236,3,wheat/winter wheat,14.6,17.9,21.8,0.1,13.398,75,1.9,0,0,3,5729.5,18019.2,5.5811,1993-10-04,9,1.1794309596682293,True,13.245268640938136,0.26365755134376234
BKR101_P001,101,P001,1994,3,298,1994-07-06,187,275,133,488,0,0,234236,3,wheat/winter wheat,12.1,18.4,24,0,23.925,65,1.8,0,13.245,4.7,5863.4,18159,5.4479,1993-10-04,9,1.1794309596682293,True,13.245268640938136,0.26365755134376234
BKR101_P001,101,P001,1994,3,298,1994-07-07,188,276,133,488,0,0,234236,3,wheat/winter wheat,9.9,15.3,23.4,11.6,15.834,80,2.3,0,0,3.1,5942.9,18233.6,5.3113,1993-10-04,9,1.1794309596682293,True,13.245268640938136,0.26365755134376234
BKR101_P001,101,P001,1994,3,298,1994-07-08,189,277,133,488,0,0,234236,3,wheat/winter wheat,13,15,20.2,17.9,10.637,94,3.3,0,0,1.9,6005.8,18288.2,5.1737,1993-10-04,9,1.1794309596682293,True,13.245268640938136,0.26365755134376234
BKR101_P001,101,P001,1994,3,298,1994-07-09,190,278,133,488,0,0,234236,3,wheat/winter wheat,11.7,17.8,22.9,0.1,25.014,76,3,0,0,4.7,6185.2,18481.6,5.0355,1993-10-04,9,1.1794309596682293,True,13.245268640938136,0.26365755134376234
BKR101_P001,101,P001,1994,3,298,1994-07-10,191,279,133,488,0,0,234236,3,wheat/winter wheat,12.5,18.7,24.6,0,26.797,74,2.1,0,0,5,6354.9,18663.1,4.8954,1993-10-04,9,1.1794309596682293,True,13.245268640938136,0.26365755134376234
BKR101_P001,101,P001,1994,3,298,1994-07-11,192,280,133,488,0,0,234236,3,wheat/winter wheat,11.9,20.2,26.9,0,29.311,62,1.1,0,0,5.3,6547.5,18871.2,4.7532,1993-10-04,9,1.1794309596682293,True,13.245268640938136,0.26365755134376234
BKR101_P001,101,P001,1994,3,298,1994-07-12,193,281,133,488,0,0,234236,3,wheat/winter wheat,14.2,22.5,29.6,0,27.984,63,2.4,0,0,6.1,6705.5,19037.5,4.6085,1993-10-04,9,1.1794309596682293,True,13.245268640938136,0.26365755134376234
BKR101_P001,101,P001,1994,3,298,1994-07-13,194,282,133,488,0,0,234236,3,wheat/winter wheat,15.8,23.7,30.6,0,27.324,60,2.2,0,0,6.2,6840.9,19176.2,4.4604,1993-10-04,9,1.1794309596682293,True,13.245268640938136,0.26365755134376234
BKR101_P001,101,P001,1994,3,298,1994-07-14,195,283,133,488,0,0,234236,3,wheat/winter wheat,16.1,23.9,31.4,0,26.779,61,1.9,0,0,6,6961.9,19297.3,4.3087,1993-10-04,9,1.1794309596682293,True,13.245268640938136,0.26365755134376234
BKR101_P001,101,P001,1994,3,298,1994-07-15,196,284,133,488,0,0,234236,3,wheat/winter wheat,16.5,22.8,29.7,2.4,23.987,71,1.7,0,0,5.1,7072.2,19405.2,4.154,1993-10-04,9,1.1794309596682293,True,13.245268640938136,0.26365755134376234
BKR101_P001,101,P001,1994,3,298,1994-07-16,197,285,133,488,0,0,234236,3,wheat/winter wheat,16.6,21.2,25.9,0,23.634,66,1.2,0,0,4.6,7190.8,19522.7,3.9973,1993-10-04,9,1.1794309596682293,True,13.245268640938136,0.26365755134376234
BKR101_P001,101,P001,1994,3,298,1994-07-17,198,286,133,488,0,0,234236,3,wheat/winter wheat,14.6,19.5,23.6,0,22.301,72,1.7,0,0,4.3,7311.6,19642.9,3.8399,1993-10-04,9,1.1794309596682293,True,13.245268640938136,0.26365755134376234
BKR101_P001,101,P001,1994,3,298,1994-07-18,199,287,133,488,0,0,234236,3,wheat/winter wheat,14.6,18.6,23.3,0,24.461,65,1.7,0,13.245,4.7,7426.7,19756.3,3.6829,1993-10-04,9,1.1794309596682293,True,13.245268640938136,0.26365755134376234
BKR101_P001,101,P001,1994,3,298,1994-07-19,200,288,133,488,0,0,234236,3,wheat/winter wheat,12.7,18.5,23.1,0,24.557,63,2.7,0,0,5.1,7528.6,19854.3,3.527,1993-10-04,9,1.1794309596682293,True,13.245268640938136,0.26365755134376234
BKR101_P001,101,P001,1994,3,298,1994-07-20,201,289,133,488,0,0,234236,3,wheat/winter wheat,11.2,18.6,25.1,0,28.534,61,1.8,0,0,5.3,7665.2,19993.6,3.3725,1993-10-04,9,1.1794309596682293,True,13.245268640938136,0.26365755134376234
BKR101_P001,101,P001,1994,3,298,1994-07-21,202,290,133,488,0,0,234236,3,wheat/winter wheat,10.3,20.8,28.6,0,27.916,58,1.2,0,0,5.3,7777.6,20104.2,3.2197,1993-10-04,9,1.1794309596682293,True,13.245268640938136,0.26365755134376234
BKR101_P001,101,P001,1994,3,298,1994-07-22,203,291,133,488,0,0,234236,3,wheat/winter wheat,14.2,22.9,30.4,0,26.995,54,1.9,0,13.245,6,7858.1,20177,3.068,1993-10-04,9,1.1794309596682293,True,13.245268640938136,0.26365755134376234
BKR101_P001,101,P001,1994,3,298,1994-07-23,204,292,133,488,0,0,234236,3,wheat/winter wheat,15.4,24.1,31.3,0,25.798,52,1.8,0,0,5.9,7909,20215,2.9168,1993-10-04,9,1.1794309596682293,True,13.245268640938136,0.26365755134376234
BKR101_P001,101,P001,1994,3,298,1994-07-24,205,293,133,488,0,0,234236,3,wheat/winter wheat,15.9,24.6,31.9,0,25.184,55,1.7,0,0,5.7,7960.9,20254.3,2.7659,1993-10-04,9,1.1794309596682293,True,13.245268640938136,0.26365755134376234
BKR101_P001,101,P001,1994,3,298,1994-07-25,206,294,133,488,0,0,234236,3,wheat/winter wheat,16,25,32.9,0,24.619,56,1.3,0,0,5.4,7997.6,20275.6,2.6159,1993-10-04,9,1.1794309596682293,True,13.245268640938136,0.26365755134376234
BKR101_P001,101,P001,1994,3,298,1994-07-26,207,295,133,488,0,0,234236,3,wheat/winter wheat,18.3,26.5,34.4,0,23.13,56,2,0,13.245,5.9,8016,20273.7,2.467,1993-10-04,9,1.1794309596682293,True,13.245268640938136,0.26365755134376234
BKR101_P001,101,P001,1994,3,298,1994-07-27,208,296,133,488,0,0,234236,3,wheat/winter wheat,20.6,25.7,30.3,0.1,19.454,67,1.5,0,0,4.5,8033.7,20271.3,2.3177,1993-10-04,9,1.1794309596682293,True,13.245268640938136,0.26365755134376234
BKR101_P001,101,P001,1994,3,298,1994-07-28,209,297,133,488,0,0,234236,3,wheat/winter wheat,18,26.1,34,0,23.793,60,1.1,0,0,4.5,8033.7,20271.3,2.3177,1993-10-04,9,1.1794309596682293,True,13.245268640938136,0.26365755134376234
BKR101_P001,101,P001,1995,4,309,1994-10-04,277,0,133,488,0,0,234236,4,wheat/winter wheat,2,5.7,10,0.2,12.523,77,4.2,0,0,1.3,0,53,0.0972,1994-10-04,9,1.1794309596682293,True,13.245268640938136,0.26365755134376234
BKR101_P001,101,P001,1995,4,309,1994-10-05,278,1,133,488,0,0,234236,4,wheat/winter wheat,1,4,8.2,1.5,8.423,89,3.9,0,0,0.7,0,53,0.0972,1994-10-04,9,1.1794309596682293,True,13.245268640938136,0.26365755134376234
BKR101_P001,101,P001,1995,4,309,1994-10-06,279,2,133,488,0,0,234236,4,wheat/winter wheat,-0.5,4.2,10.8,0,13.361,80,2.5,0,0,1.1,0,53,0.0972,1994-10-04,9,1.1794309596682293,True,13.245268640938136,0.26365755134376234
BKR101_P001,101,P001,1995,4,309,1994-10-07,280,3,133,488,0,0,234236,4,wheat/winter wheat,-1.6,4.1,11.2,0,11.775,80,1.2,0,0,0.8,0,53,0.0972,1994-10-04,9,1.1794309596682293,True,13.245268640938136,0.26365755134376234
BKR101_P001,101,P001,1995,4,309,1994-10-08,281,4,133,488,0,0,234236,4,wheat/winter wheat,3.1,4.9,7.9,0,3.292,92,0.5,0,0,0.5,0,53,0.0972,1994-10-04,9,1.1794309596682293,True,13.245268640938136,0.26365755134376234
BKR101_P001,101,P001,1995,4,309,1994-10-09,282,5,133,488,0,0,234236,4,wheat/winter wheat,1,4.9,10.4,0,10.264,86,0.9,0,0,0.7,0,53,0.0972,1994-10-04,9,1.1794309596682293,True,13.245268640938136,0.26365755134376234
BKR101_P001,101,P001,1995,4,309,1994-10-10,283,6,133,488,0,0,234236,4,wheat/winter wheat,2.1,5.1,10.2,0,10.905,90,3,0,0,0.7,0,53,0.0972,1994-10-04,9,1.1794309596682293,True,13.245268640938136,0.26365755134376234
BKR101_P001,101,P001,1995,4,309,1994-10-11,284,7,133,488,0,0,234236,4,wheat/winter wheat,1.1,5.7,12.8,0,11.892,85,1.9,0,0,0.8,0,53,0.0972,1994-10-04,9,1.1794309596682293,True,13.245268640938136,0.26365755134376234
BKR101_P001,101,P001,1995,4,309,1994-10-12,285,8,133,488,0,0,234236,4,wheat/winter wheat,1.2,8.1,15,0,10.871,84,2.2,0,0,0.9,0,53,0.0972,1994-10-04,9,1.1794309596682293,True,13.245268640938136,0.26365755134376234
BKR101_P001,101,P001,1995,4,309,1994-10-13,286,9,133,488,0,0,234236,4,wheat/winter wheat,6.2,8.7,10.2,0,2.622,96,3.5,0,0,0.5,0,53,0.0972,1994-10-04,9,1.1794309596682293,True,13.245268640938136,0.26365755134376234
BKR101_P001,101,P001,1995,4,309,1994-10-14,287,10,133,488,0,0,234236,4,wheat/winter wheat,4.9,10.4,15.8,0,9.403,87,2,0,0,0.8,0,53,0.0972,1994-10-04,9,1.1794309596682293,True,13.245268640938136,0.26365755134376234
BKR101_P001,101,P001,1995,4,309,1994-10-15,288,11,133,488,0,0,234236,4,wheat/winter wheat,1.1,8.9,17.5,0,10.244,87,1.9,0,0,0.8,0,53,0.0972,1994-10-04,9,1.1794309596682293,True,13.245268640938136,0.26365755134376234
BKR101_P001,101,P001,1995,4,309,1994-10-16,289,12,133,488,0,0,234236,4,wheat/winter wheat,2.5,8.1,11.5,0,8.435,80,3.1,0,0,0.9,0,53,0.0972,1994-10-04,9,1.1794309596682293,True,13.245268640938136,0.26365755134376234
BKR101_P001,101,P001,1995,4,309,1994-10-17,290,13,133,488,0,0,234236,4,wheat/winter wheat,-3.1,2.7,7.4,0,10.946,72,2.4,0,0,0.8,0,53,0.0972,1994-10-04,9,1.1794309596682293,True,13.245268640938136,0.26365755134376234
BKR101_P001,101,P001,1995,4,309,1994-10-18,291,14,133,488,0,0,234236,4,wheat/winter wheat,-3.2,0.8,6.7,0,7.81,72,1.2,0,0,0.6,0,53,0.0972,1994-10-04,9,1.1794309596682293,True,13.245268640938136,0.26365755134376234
BKR101_P001,101,P001,1995,4,309,1994-10-19,292,15,133,488,0,0,234236,4,wheat/winter wheat,-3.6,2.2,9.2,0,9.137,65,4.9,0,0,1.4,0,53,0.0972,1994-10-04,9,1.1794309596682293,True,13.245268640938136,0.26365755134376234
BKR101_P001,101,P001,1995,4,309,1994-10-20,293,16,133,488,0,0,234236,4,wheat/winter wheat,0,4.4,10.5,0,9.817,60,6.9,0,0,1.5,0,55.7,0.0972,1994-10-04,9,1.1794309596682293,True,13.245268640938136,0.26365755134376234
BKR101_P001,101,P001,1995,4,309,1994-10-21,294,17,133,488,0,0,234236,4,wheat/winter wheat,-0.3,4.9,11.3,0,9.635,70,6.4,0,0,1.2,0,58.6,0.1021,1994-10-04,9,1.1794309596682293,True,13.245268640938136,0.26365755134376234
BKR101_P001,101,P001,1995,4,309,1994-10-22,295,18,133,488,0,0,234236,4,wheat/winter wheat,3.3,8.1,13.2,0,7.846,74,4.7,0,0,1.1,0,62.1,0.1074,1994-10-04,9,1.1794309596682293,True,13.245268640938136,0.26365755134376234
BKR101_P001,101,P001,1995,4,309,1994-10-23,296,19,133,488,0,0,234236,4,wheat/winter wheat,5.4,9.7,13.7,0.1,5.014,80,3.8,0,0,0.9,0,65.3,0.1138,1994-10-04,9,1.1794309596682293,True,13.245268640938136,0.26365755134376234
BKR101_P001,101,P001,1995,4,309,1994-10-24,297,20,133,488,0,0,234236,4,wheat/winter wheat,7.1,10.2,14.6,0,8.561,86,3.6,0,0,0.7,0,69.3,0.1195,1994-10-04,9,1.1794309596682293,True,13.245268640938136,0.26365755134376234
BKR101_P001,101,P001,1995,4,309,1994-10-25,298,21,133,488,0,0,234236,4,wheat/winter wheat,4.6,9.5,14,0,7.885,84,2.9,0,0,0.6,0,73.5,0.1269,1994-10-04,9,1.1794309596682293,True,13.245268640938136,0.26365755134376234
BKR101_P001,101,P001,1995,4,309,1994-10-26,299,22,133,488,0,0,234236,4,wheat/winter wheat,6.3,8.4,11.6,1,6.367,88,4.2,0,0,0.6,0,77.7,0.1345,1994-10-04,9,1.1794309596682293,True,13.245268640938136,0.26365755134376234
BKR101_P001,101,P001,1995,4,309,1994-10-27,300,23,133,488,0,0,234236,4,wheat/winter wheat,5.4,7.9,10.6,0.5,4.795,84,4.7,0,0,0.6,0,81.3,0.1421,1994-10-04,9,1.1794309596682293,True,13.245268640938136,0.26365755134376234
BKR101_P001,101,P001,1995,4,309,1994-10-28,301,24,133,488,0,0,234236,4,wheat/winter wheat,3.3,6.7,10.2,0.3,5.113,90,3.4,0,0,0.4,0,85,0.1487,1994-10-04,9,1.1794309596682293,True,13.245268640938136,0.26365755134376234
BKR101_P001,101,P001,1995,4,309,1994-10-29,302,25,133,488,0,0,234236,4,wheat/winter wheat,2.1,5.8,10.3,0.1,6.833,87,4,0,0,0.4,0,89.2,0.1556,1994-10-04,9,1.1794309596682293,True,13.245268640938136,0.26365755134376234
BKR101_P001,101,P001,1995,4,309,1994-10-30,303,26,133,488,0,0,234236,4,wheat/winter wheat,6.6,9.5,13.1,5,2.495,96,4.5,0,0,0.3,0,92,0.1631,1994-10-04,9,1.1794309596682293,True,13.245268640938136,0.26365755134376234
BKR101_P001,101,P001,1995,4,309,1994-10-31,304,27,133,488,0,0,234236,4,wheat/winter wheat,12.1,13.9,15.5,5.8,2.456,86,6.9,0,0,0.7,0,95,0.1683,1994-10-04,9,1.1794309596682293,True,13.245268640938136,0.26365755134376234
BKR101_P001,101,P001,1995,4,309,1994-11-01,305,28,133,488,0,0,234236,4,wheat/winter wheat,8.2,11.1,12.9,0.8,4.937,69,7.5,0,0,1.5,0,100,0.1738,1994-10-04,9,1.1794309596682293,True,13.245268640938136,0.26365755134376234
BKR101_P001,101,P001,1995,4,309,1994-11-02,306,29,133,488,0,0,234236,4,wheat/winter wheat,1.5,6.7,10.1,0,6.293,84,3.9,0,0,0.5,0,104.8,0.1828,1994-10-04,9,1.1794309596682293,True,13.245268640938136,0.26365755134376234
BKR101_P001,101,P001,1995,4,309,1994-11-03,307,30,133,488,0,0,234236,4,wheat/winter wheat,-2.6,2.4,9.5,0,6.335,93,2.4,0,0,0.1,0,108.6,0.1916,1994-10-04,9,1.1794309596682293,True,13.245268640938136,0.26365755134376234
BKR101_P001,101,P001,1995,4,309,1994-11-04,308,31,133,488,0,0,234236,4,wheat/winter wheat,2.2,5.1,9.6,0,6.268,80,6.1,0,0,0.6,0,113.2,0.1986,1994-10-04,9,1.1794309596682293,True,13.245268640938136,0.26365755134376234
BKR101_P001,101,P001,1995,4,309,1994-11-05,309,32,133,488,0,0,234236,4,wheat/winter wheat,2.7,7.3,13.9,0,5.674,85,4.5,0,0,0.5,0,118.3,0.207,1994-10-04,9,1.1794309596682293,True,13.245268640938136,0.26365755134376234
BKR101_P001,101,P001,1995,4,309,1994-11-06,310,33,133,488,0,0,234236,4,wheat/winter wheat,3.1,7.7,13.5,0,5.727,91,2.3,0,0,0.2,0,123.7,0.2164,1994-10-04,9,1.1794309596682293,True,13.245268640938136,0.26365755134376234
BKR101_P001,101,P001,1995,4,309,1994-11-07,311,34,133,488,0,0,234236,4,wheat/winter wheat,6.5,7.3,8.2,0.1,1.211,98,0.6,0,0,0.3,0,126.1,0.2261,1994-10-04,9,1.1794309596682293,True,13.245268640938136,0.26365755134376234
BKR101_P001,101,P001,1995,4,309,1994-11-08,312,35,133,488,0,0,234236,4,wheat/winter wheat,5.5,6,6.6,0.2,1.351,95,0.7,0,0,0.3,0,128.7,0.2306,1994-10-04,9,1.1794309596682293,True,13.245268640938136,0.26365755134376234
BKR101_P001,101,P001,1995,4,309,1994-11-09,313,36,133,488,0,0,234236,4,wheat/winter wheat,0.4,5.4,8.4,0,2.818,96,0.9,0,0,0.2,0,132.6,0.2352,1994-10-04,9,1.1794309596682293,True,13.245268640938136,0.26365755134376234
BKR101_P001,101,P001,1995,4,309,1994-11-10,314,37,133,488,0,0,234236,4,wheat/winter wheat,1,4.7,6.8,0,2.584,93,3.5,0,0,0.2,0,136.3,0.2423,1994-10-04,9,1.1794309596682293,True,13.245268640938136,0.26365755134376234
BKR101_P001,101,P001,1995,4,309,1994-11-11,315,38,133,488,0,0,234236,4,wheat/winter wheat,-0.1,2.9,6.3,0,6.486,78,3.9,0,0,0.3,0,141,0.249,1994-10-04,9,1.1794309596682293,True,13.245268640938136,0.26365755134376234
BKR101_P001,101,P001,1995,4,309,1994-11-12,316,39,133,488,0,0,234236,4,wheat/winter wheat,-2.5,-1.1,-0.1,0,2.56,83,4.4,0,0,0,0,140.9,0.2574,1994-10-04,9,1.1794309596682293,True,13.245268640938136,0.26365755134376234
BKR101_P001,101,P001,1995,4,309,1994-11-13,317,40,133,488,0,0,234236,4,wheat/winter wheat,-3.2,-1.8,0.7,0,4.451,81,3.1,0,0,0,0,140.8,0.2574,1994-10-04,9,1.1794309596682293,True,13.245268640938136,0.26365755134376234
BKR101_P001,101,P001,1995,4,309,1994-11-14,318,41,133,488,0,0,234236,4,wheat/winter wheat,-1.6,5.9,11.6,7.8,1.649,97,5.5,0,0,0.1,0,143.8,0.2573,1994-10-04,9,1.1794309596682293,True,13.245268640938136,0.26365755134376234
BKR101_P001,101,P001,1995,4,309,1994-11-15,319,42,133,488,0,0,234236,4,wheat/winter wheat,8.3,10.9,12.5,5.3,3.053,85,7.6,0,0,0.6,0,149.1,0.2627,1994-10-04,9,1.1794309596682293,True,13.245268640938136,0.26365755134376234
BKR101_P001,101,P001,1995,4,309,1994-11-16,320,43,133,488,0,0,234236,4,wheat/winter wheat,5.9,7.8,9.4,9.9,2.92,89,6.9,0,0,0.4,0,154,0.2722,1994-10-04,9,1.1794309596682293,True,13.245268640938136,0.26365755134376234
BKR101_P001,101,P001,1995,4,309,1994-11-17,321,44,133,488,0,0,234236,4,wheat/winter wheat,4.5,5.8,7.2,3.2,2.051,95,5.3,0,0,0.1,0,157.7,0.2812,1994-10-04,9,1.1794309596682293,True,13.245268640938136,0.26365755134376234
BKR101_P001,101,P001,1995,4,309,1994-11-18,322,45,133,488,0,0,234236,4,wheat/winter wheat,3.6,4.4,5.5,0.5,2.137,95,4.1,0,0,0.1,0,161.5,0.2878,1994-10-04,9,1.1794309596682293,True,13.245268640938136,0.26365755134376234
BKR101_P001,101,P001,1995,4,309,1994-11-19,323,46,133,488,0,0,234236,4,wheat/winter wheat,1.8,3.9,6.1,0.3,2.975,88,1.9,0,0,0.2,0,166.3,0.2945,1994-10-04,9,1.1794309596682293,True,13.245268640938136,0.26365755134376234
BKR101_P001,101,P001,1995,4,309,1994-11-20,324,47,133,488,0,0,234236,4,wheat/winter wheat,4.3,10.2,13.8,1.9,1.884,94,5.3,0,0,0.2,0,170.3,0.3032,1994-10-04,9,1.1794309596682293,True,13.245268640938136,0.26365755134376234
BKR101_P001,101,P001,1995,4,309,1994-11-21,325,48,133,488,0,0,234236,4,wheat/winter wheat,5.3,8.2,11.6,0.3,3.912,89,5.1,0,0,0.3,0,176.3,0.3103,1994-10-04,9,1.1794309596682293,True,13.245268640938136,0.26365755134376234
BKR101_P001,101,P001,1995,4,309,1994-11-22,326,49,133,488,0,0,234236,4,wheat/winter wheat,0.3,5,7.5,0,2.139,93,2.7,0,0,0.1,0,180.7,0.321,1994-10-04,9,1.1794309596682293,True,13.245268640938136,0.26365755134376234
BKR101_P001,101,P001,1995,4,309,1994-11-23,327,50,133,488,0,0,234236,4,wheat/winter wheat,0.9,2.1,3.4,0,2.168,99,2.9,0,0,0,0,184.7,0.3286,1994-10-04,9,1.1794309596682293,True,13.245268640938136,0.26365755134376234
BKR101_P001,101,P001,1995,4,309,1994-11-24,328,51,133,488,0,0,234236,4,wheat/winter wheat,3.9,7.7,10.4,0.9,1.13,92,6.4,0,0,0.2,0,187.5,0.3357,1994-10-04,9,1.1794309596682293,True,13.245268640938136,0.26365755134376234
BKR101_P001,101,P001,1995,4,309,1994-11-25,329,52,133,488,0,0,234236,4,wheat/winter wheat,2,5.7,7.5,0.8,4.229,78,4.6,0,0,0.3,0,193.3,0.3407,1994-10-04,9,1.1794309596682293,True,13.245268640938136,0.26365755134376234
BKR101_P001,101,P001,1995,4,309,1994-11-26,330,53,133,488,0,0,234236,4,wheat/winter wheat,1.4,4.8,6.7,2.1,1.213,99,1.5,0,0,0.1,0,196.4,0.3509,1994-10-04,9,1.1794309596682293,True,13.245268640938136,0.26365755134376234
BKR101_P001,101,P001,1995,4,309,1994-11-27,331,54,133,488,0,0,234236,4,wheat/winter wheat,4.7,6,7.7,0,1.147,98,2.6,0,0,0.1,0,199.3,0.3562,1994-10-04,9,1.1794309596682293,True,13.245268640938136,0.26365755134376234
BKR101_P001,101,P001,1995,4,309,1994-11-28,332,55,133,488,0,0,234236,4,wheat/winter wheat,6.1,7.3,8.6,0,4.585,90,4.8,0,0,0.1,0,205.4,0.3613,1994-10-04,9,1.1794309596682293,True,13.245268640938136,0.26365755134376234
BKR101_P001,101,P001,1995,4,309,1994-11-29,333,56,133,488,0,0,234236,4,wheat/winter wheat,4.5,6.4,8.9,0,1.535,92,4.5,0,0,0.2,0,209.3,0.3719,1994-10-04,9,1.1794309596682293,True,13.245268640938136,0.26365755134376234
BKR101_P001,101,P001,1995,4,309,1994-11-30,334,57,133,488,0,0,234236,4,wheat/winter wheat,-1.1,4.7,7.2,0.1,1.525,98,1.3,0,0,0.1,0,213.3,0.3787,1994-10-04,9,1.1794309596682293,True,13.245268640938136,0.26365755134376234
BKR101_P001,101,P001,1995,4,309,1994-12-01,335,58,133,488,0,0,234236,4,wheat/winter wheat,-3.5,-1.5,1,0,4.253,99,1.3,0,0,0,0,213.1,0.3855,1994-10-04,9,1.1794309596682293,True,13.245268640938136,0.26365755134376234
BKR101_P001,101,P001,1995,4,309,1994-12-02,336,59,133,488,0,0,234236,4,wheat/winter wheat,-4.3,-2.9,-1.7,0,2.06,99,2.8,0,0,0,0,213,0.3854,1994-10-04,9,1.1794309596682293,True,13.245268640938136,0.26365755134376234
BKR101_P001,101,P001,1995,4,309,1994-12-03,337,60,133,488,0,0,234236,4,wheat/winter wheat,-4.9,-1,4.6,0,3.029,97,1.5,0,0,0,0,212.9,0.3853,1994-10-04,9,1.1794309596682293,True,13.245268640938136,0.26365755134376234
BKR101_P001,101,P001,1995,4,309,1994-12-04,338,61,133,488,0,0,234236,4,wheat/winter wheat,3.7,5.9,8.2,0.9,3.721,92,4.6,0,0,0,0,218.7,0.3852,1994-10-04,9,1.1794309596682293,True,13.245268640938136,0.26365755134376234
BKR101_P001,101,P001,1995,4,309,1994-12-05,339,62,133,488,0,0,234236,4,wheat/winter wheat,4.6,7.7,9.9,1,1.853,91,4.8,0,0,0.2,0,223.9,0.395,1994-10-04,9,1.1794309596682293,True,13.245268640938136,0.26365755134376234
BKR101_P001,101,P001,1995,4,309,1994-12-06,340,63,133,488,0,0,234236,4,wheat/winter wheat,3.6,5.8,7.7,1,2.117,80,6.4,0,0,0.4,0,229.7,0.4039,1994-10-04,9,1.1794309596682293,True,13.245268640938136,0.26365755134376234
BKR101_P001,101,P001,1995,4,309,1994-12-07,341,64,133,488,0,0,234236,4,wheat/winter wheat,0.5,3.4,6.2,0,4.255,85,4.4,0,0,0.1,0,235.3,0.4138,1994-10-04,9,1.1794309596682293,True,13.245268640938136,0.26365755134376234
BKR101_P001,101,P001,1995,4,309,1994-12-08,342,65,133,488,0,0,234236,4,wheat/winter wheat,2.7,4.9,6.7,0.4,2.841,85,5.8,0,0,0.2,0,241.2,0.4232,1994-10-04,9,1.1794309596682293,True,13.245268640938136,0.26365755134376234
BKR101_P001,101,P001,1995,4,309,1994-12-09,343,66,133,488,0,0,234236,4,wheat/winter wheat,2.8,6.1,7.7,7,1.57,93,6.5,0,0,0.1,0,246,0.4332,1994-10-04,9,1.1794309596682293,True,13.245268640938136,0.26365755134376234
BKR101_P001,101,P001,1995,4,309,1994-12-10,344,67,133,488,0,0,234236,4,wheat/winter wheat,0.2,2.1,4.9,2.1,2.214,97,4.2,0,0,0,0,251.4,0.4412,1994-10-04,9,1.1794309596682293,True,13.245268640938136,0.26365755134376234
BKR101_P001,101,P001,1995,4,309,1994-12-11,345,68,133,488,0,0,234236,4,wheat/winter wheat,5.6,10.6,12.4,1.7,0.848,92,8.8,0,0,0.2,0,254.2,0.4503,1994-10-04,9,1.1794309596682293,True,13.245268640938136,0.26365755134376234
BKR101_P001,101,P001,1995,4,309,1994-12-12,346,69,133,488,0,0,234236,4,wheat/winter wheat,8.6,11.1,12.2,10.9,1.09,90,8.7,0,0,0.3,0,257.8,0.4549,1994-10-04,9,1.1794309596682293,True,13.245268640938136,0.26365755134376234
BKR101_P001,101,P001,1995,4,309,1994-12-13,347,70,133,488,0,0,234236,4,wheat/winter wheat,5.7,7.8,8.8,1.8,2.172,89,6.5,0,0,0.2,0,264.4,0.4608,1994-10-04,9,1.1794309596682293,True,13.245268640938136,0.26365755134376234
BKR101_P001,101,P001,1995,4,309,1994-12-14,348,71,133,488,0,0,234236,4,wheat/winter wheat,-0.4,2.1,5.1,0.8,2.026,86,4.4,0,0,0.2,0,270.1,0.4715,1994-10-04,9,1.1794309596682293,True,13.245268640938136,0.26365755134376234
BKR101_P001,101,P001,1995,4,309,1994-12-15,349,72,133,488,0,0,234236,4,wheat/winter wheat,-2.8,-0.9,1.9,0,4.366,95,3.4,0,0,0,0,270,0.4808,1994-10-04,9,1.1794309596682293,True,13.245268640938136,0.26365755134376234
BKR101_P001,101,P001,1995,4,309,1994-12-16,350,73,133,488,0,0,234236,4,wheat/winter wheat,-2.9,-1,2.4,0.1,1.91,97,4.9,0,0,0,0,269.8,0.4806,1994-10-04,9,1.1794309596682293,True,13.245268640938136,0.26365755134376234
BKR101_P001,101,P001,1995,4,309,1994-12-17,351,74,133,488,0,0,234236,4,wheat/winter wheat,0,1.6,3.5,0,3.298,96,4.6,0,0,0,0,275.5,0.4805,1994-10-04,9,1.1794309596682293,True,13.245268640938136,0.26365755134376234
BKR101_P001,101,P001,1995,4,309,1994-12-18,352,75,133,488,0,0,234236,4,wheat/winter wheat,-1.5,0.4,2.3,0,3.775,89,2.8,0,0,0,0,280.9,0.4896,1994-10-04,9,1.1794309596682293,True,13.245268640938136,0.26365755134376234
BKR101_P001,101,P001,1995,4,309,1994-12-19,353,76,133,488,0,0,234236,4,wheat/winter wheat,0.1,1.3,2.8,0,1.164,91,3.5,0,0,0.1,0,284.6,0.4984,1994-10-04,9,1.1794309596682293,True,13.245268640938136,0.26365755134376234
BKR101_P001,101,P001,1995,4,309,1994-12-20,354,77,133,488,0,0,234236,4,wheat/winter wheat,-3.5,-0.6,0.9,0,2.662,99,1.1,0,0,0,0,284.5,0.5045,1994-10-04,9,1.1794309596682293,True,13.245268640938136,0.26365755134376234
BKR101_P001,101,P001,1995,4,309,1994-12-21,355,78,133,488,0,0,234236,4,wheat/winter wheat,0.4,1.2,1.8,0,1.087,99,1.5,0,0,0.1,0,288.1,0.5043,1994-10-04,9,1.1794309596682293,True,13.245268640938136,0.26365755134376234
BKR101_P001,101,P001,1995,4,309,1994-12-22,356,79,133,488,0,0,234236,4,wheat/winter wheat,0.2,1.4,2.3,0,1.112,96,1.9,0,0,0.1,0,291.8,0.5101,1994-10-04,9,1.1794309596682293,True,13.245268640938136,0.26365755134376234
BKR101_P001,101,P001,1995,4,309,1994-12-23,357,80,133,488,0,0,234236,4,wheat/winter wheat,-1.8,0,1.7,0,2.348,96,0.4,0,0,0,0,297.3,0.5161,1994-10-04,9,1.1794309596682293,True,13.245268640938136,0.26365755134376234
BKR101_P001,101,P001,1995,4,309,1994-12-24,358,81,133,488,0,0,234236,4,wheat/winter wheat,-3.1,-2.6,-1.4,0,0.877,90,2.1,0,0,0,0,297.2,0.5251,1994-10-04,9,1.1794309596682293,True,13.245268640938136,0.26365755134376234
BKR101_P001,101,P001,1995,4,309,1994-12-25,359,82,133,488,0,0,234236,4,wheat/winter wheat,-3.4,-3.2,-2.8,0,0.853,99,3,0,0,0,0,297,0.525,1994-10-04,9,1.1794309596682293,True,13.245268640938136,0.26365755134376234
BKR101_P001,101,P001,1995,4,309,1994-12-26,360,83,133,488,0,0,234236,4,wheat/winter wheat,-2.9,-0.8,0.6,0,1.814,95,5.1,0,0,0,0,296.9,0.5248,1994-10-04,9,1.1794309596682293,True,13.245268640938136,0.26365755134376234
BKR101_P001,101,P001,1995,4,309,1994-12-27,361,84,133,488,0,0,234236,4,wheat/winter wheat,0.6,3.2,7.2,7,1.246,94,7.2,0,0,0.1,0,301.2,0.5247,1994-10-04,9,1.1794309596682293,True,13.245268640938136,0.26365755134376234
BKR101_P001,101,P001,1995,4,309,1994-12-28,362,85,133,488,0,0,234236,4,wheat/winter wheat,2.3,4.5,11.3,1.7,1.413,99,3.3,0,0,0,0,306,0.5316,1994-10-04,9,1.1794309596682293,True,13.245268640938136,0.26365755134376234
BKR101_P001,101,P001,1995,4,309,1994-12-29,363,86,133,488,0,0,234236,4,wheat/winter wheat,9.5,11,11.6,0.3,1.428,82,7.6,0,0,0.5,0,311.6,0.5394,1994-10-04,9,1.1794309596682293,True,13.245268640938136,0.26365755134376234
BKR101_P001,101,P001,1995,4,309,1994-12-30,364,87,133,488,0,0,234236,4,wheat/winter wheat,5.4,7.4,10.3,2.7,2.402,79,6.8,0,0,0.5,0,319.3,0.5482,1994-10-04,9,1.1794309596682293,True,13.245268640938136,0.26365755134376234
BKR101_P001,101,P001,1995,4,309,1994-12-31,365,88,133,488,0,0,234236,4,wheat/winter wheat,3.5,5.1,6.3,0.7,1.433,78,6.8,0,0,0.4,0,324.9,0.5602,1994-10-04,9,1.1794309596682293,True,13.245268640938136,0.26365755134376234
BKR101_P001,101,P001,1995,4,309,1995-01-01,1,89,133,488,0,0,234236,4,wheat/winter wheat,-0.5,1.3,3.7,2.5,2.187,86,6.9,0,0,0.2,0,331.7,0.5688,1994-10-04,9,1.1794309596682293,True,13.245268640938136,0.26365755134376234
BKR101_P001,101,P001,1995,4,309,1995-01-02,2,90,133,488,0,0,234236,4,wheat/winter wheat,-2.8,-0.9,0.1,0.7,1.779,94,3.5,0,0,0,0,331.5,0.5794,1994-10-04,9,1.1794309596682293,True,13.245268640938136,0.26365755134376234
BKR101_P001,101,P001,1995,4,309,1995-01-03,3,91,133,488,0,0,234236,4,wheat/winter wheat,-4.8,-1.8,-0.1,0.2,4.992,83,2.7,0,0,0,0,331.3,0.5792,1994-10-04,9,1.1794309596682293,True,13.245268640938136,0.26365755134376234
BKR101_P001,101,P001,1995,4,309,1995-01-04,4,92,133,488,0,0,234236,4,wheat/winter wheat,-9.6,-7.3,-3.7,0,5.04,93,0.6,0,0,0,0,331.2,0.579,1994-10-04,9,1.1794309596682293,True,13.245268640938136,0.26365755134376234
BKR101_P001,101,P001,1995,4,309,1995-01-05,5,93,133,488,0,0,234236,4,wheat/winter wheat,-8.7,-6.6,-4.4,0,2.899,94,2.9,0,0,0,0,331.1,0.5789,1994-10-04,9,1.1794309596682293,True,13.245268640938136,0.26365755134376234
BKR101_P001,101,P001,1995,4,309,1995-01-06,6,94,133,488,0,0,234236,4,wheat/winter wheat,-11.5,-8.8,-5,0,4.263,91,2.9,0,0,0,0,331,0.5788,1994-10-04,9,1.1794309596682293,True,13.245268640938136,0.26365755134376234
BKR101_P001,101,P001,1995,4,309,1995-01-07,7,95,133,488,0,0,234236,4,wheat/winter wheat,-9.7,-6.1,-4.2,0,1.882,97,0.3,0,0,0,0,330.9,0.5787,1994-10-04,9,1.1794309596682293,True,13.245268640938136,0.26365755134376234
BKR101_P001,101,P001,1995,4,309,1995-01-08,8,96,133,488,0,0,234236,4,wheat/winter wheat,-7,-5.7,-4.3,0,2.377,93,2.8,0,0,0,0,330.7,0.5786,1994-10-04,9,1.1794309596682293,True,13.245268640938136,0.26365755134376234
BKR101_P001,101,P001,1995,4,309,1995-01-09,9,97,133,488,0,0,234236,4,wheat/winter wheat,-6.3,-2.4,0.5,0.8,1.894,96,5.2,0,0,0,0,330.6,0.5785,1994-10-04,9,1.1794309596682293,True,13.245268640938136,0.26365755134376234
BKR101_P001,101,P001,1995,4,309,1995-01-10,10,98,133,488,0,0,234236,4,wheat/winter wheat,0.1,1.7,3.1,3.1,1.496,83,8.8,0,0,0.2,0,335.9,0.5783,1994-10-04,9,1.1794309596682293,True,13.245268640938136,0.26365755134376234
BKR101_P001,101,P001,1995,4,309,1995-01-11,11,99,133,488,0,0,234236,4,wheat/winter wheat,-0.1,0.3,0.7,0,1.628,89,7.3,0,0,0.1,0,341.3,0.5865,1994-10-04,9,1.1794309596682293,True,13.245268640938136,0.26365755134376234
BKR101_P001,101,P001,1995,4,309,1995-01-12,12,100,133,488,0,0,234236,4,wheat/winter wheat,-2.2,-0.9,0.1,0,1.753,87,5,0,0,0,0,341.1,0.5949,1994-10-04,9,1.1794309596682293,True,13.245268640938136,0.26365755134376234
BKR101_P001,101,P001,1995,4,309,1995-01-13,13,101,133,488,0,0,234236,4,wheat/winter wheat,-5.3,-2,-0.3,0,3.086,83,3.5,0,0,0,0,340.9,0.5947,1994-10-04,9,1.1794309596682293,True,13.245268640938136,0.26365755134376234
BKR101_P001,101,P001,1995,4,309,1995-01-14,14,102,133,488,0,0,234236,4,wheat/winter wheat,-5,-1.5,0.6,0,1.828,96,4.1,0,0,0,0,340.8,0.5945,1994-10-04,9,1.1794309596682293,True,13.245268640938136,0.26365755134376234
BKR101_P001,101,P001,1995,4,309,1995-01-15,15,103,133,488,0,0,234236,4,wheat/winter wheat,0.8,1.8,2.7,1,1.396,99,3.9,0,0,0,0,345.9,0.5944,1994-10-04,9,1.1794309596682293,True,13.245268640938136,0.26365755134376234
BKR101_P001,101,P001,1995,4,309,1995-01-16,16,104,133,488,0,0,234236,4,wheat/winter wheat,1.2,2.3,3.5,0,3.063,97,2.2,0,0,0,0,354.8,0.6023,1994-10-04,9,1.1794309596682293,True,13.245268640938136,0.26365755134376234
BKR101_P001,101,P001,1995,4,309,1995-01-17,17,105,133,488,0,0,234236,4,wheat/winter wheat,-1.8,0.3,3,0,5.423,82,3.3,0,0,0.1,0,363.1,0.6161,1994-10-04,9,1.1794309596682293,True,13.245268640938136,0.26365755134376234
BKR101_P001,101,P001,1995,4,309,1995-01-18,18,106,133,488,0,0,234236,4,wheat/winter wheat,-3,-0.5,3.7,0,5.147,75,3.9,0,0,0,0,362.9,0.6288,1994-10-04,9,1.1794309596682293,True,13.245268640938136,0.26365755134376234
BKR101_P001,101,P001,1995,4,309,1995-01-19,19,107,133,488,0,0,234236,4,wheat/winter wheat,-3.8,-2.5,-1.6,0.3,1.312,88,3.5,0,0,0,0,362.8,0.6286,1994-10-04,9,1.1794309596682293,True,13.245268640938136,0.26365755134376234
BKR101_P001,101,P001,1995,4,309,1995-01-20,20,108,133,488,0,0,234236,4,wheat/winter wheat,-4.9,-1.6,0.1,1.2,3.592,87,3.6,0,0,0,0,362.6,0.6285,1994-10-04,9,1.1794309596682293,True,13.245268640938136,0.26365755134376234
BKR101_P001,101,P001,1995,4,309,1995-01-21,21,109,133,488,0,0,234236,4,wheat/winter wheat,0,1.1,2.8,1.1,3.709,96,3.2,0,0,0,0,371.9,0.6283,1994-10-04,9,1.1794309596682293,True,13.245268640938136,0.26365755134376234
BKR101_P001,101,P001,1995,4,309,1995-01-22,22,110,133,488,0,0,234236,4,wheat/winter wheat,0,2.7,5.9,8.6,2.318,93,6.5,0,0,0.1,0,380,0.6427,1994-10-04,9,1.1794309596682293,True,13.245268640938136,0.26365755134376234
BKR101_P001,101,P001,1995,4,309,1995-01-23,23,111,133,488,0,0,234236,4,wheat/winter wheat,3,5.3,8.3,3,3.218,75,7.7,0,0,0.7,0,391.8,0.6552,1994-10-04,9,1.1794309596682293,True,13.245268640938136,0.26365755134376234
BKR101_P001,101,P001,1995,4,309,1995-01-24,24,112,133,488,0,0,234236,4,wheat/winter wheat,2.8,3.9,5.4,2,2.823,84,8,0,0,0.4,0,402.1,0.6731,1994-10-04,9,1.1794309596682293,True,13.245268640938136,0.26365755134376234
BKR101_P001,101,P001,1995,4,309,1995-01-25,25,113,133,488,0,0,234236,4,wheat/winter wheat,1.5,2.6,3.6,1.6,1.976,95,4.3,0,0,0.1,0,409.9,0.6886,1994-10-04,9,1.1794309596682293,True,13.245268640938136,0.26365755134376234
BKR101_P001,101,P001,1995,4,309,1995-01-26,26,114,133,488,0,0,234236,4,wheat/winter wheat,1.1,7.1,11.3,6.7,2.139,85,5.6,0,0,0.4,0,419.3,0.7004,1994-10-04,9,1.1794309596682293,True,13.245268640938136,0.26365755134376234
BKR101_P001,101,P001,1995,4,309,1995-01-27,27,115,133,488,0,0,234236,4,wheat/winter wheat,0.1,1.7,5.3,2.4,4.624,91,6.7,0,0,0.2,0,431.2,0.7144,1994-10-04,9,1.1794309596682293,True,13.245268640938136,0.26365755134376234
BKR101_P001,101,P001,1995,4,309,1995-01-28,28,116,133,488,0,0,234236,4,wheat/winter wheat,-0.2,3,7.4,2.5,1.777,90,6.6,0,0,0.2,0,438.9,0.732,1994-10-04,9,1.1794309596682293,True,13.245268640938136,0.26365755134376234
BKR101_P001,101,P001,1995,4,309,1995-01-29,29,117,133,488,0,0,234236,4,wheat/winter wheat,5.1,6,7.1,5.8,2.216,92,5.2,0,0,0.2,0,448.9,0.7435,1994-10-04,9,1.1794309596682293,True,13.245268640938136,0.26365755134376234
BKR101_P001,101,P001,1995,4,309,1995-01-30,30,118,133,488,0,0,234236,4,wheat/winter wheat,-2.1,2.9,6.8,1,2.353,92,4.4,0,0,0.2,0,458.7,0.758,1994-10-04,9,1.1794309596682293,True,13.245268640938136,0.26365755134376234
BKR101_P001,101,P001,1995,4,309,1995-01-31,31,119,133,488,0,0,234236,4,wheat/winter wheat,-2.2,-1,0.5,0,4.124,91,2.9,0,0,0,0,458.4,0.7723,1994-10-04,9,1.1794309596682293,True,13.245268640938136,0.26365755134376234
BKR101_P001,101,P001,1995,4,309,1995-02-01,32,120,133,488,0,0,234236,4,wheat/winter wheat,0.9,5.4,9.2,0.1,2.422,77,8.2,0,0,0.6,0,469.4,0.7721,1994-10-04,9,1.1794309596682293,True,13.245268640938136,0.26365755134376234
BKR101_P001,101,P001,1995,4,309,1995-02-02,33,121,133,488,0,0,234236,4,wheat/winter wheat,0.4,5,9.5,0.6,3.475,81,5.1,0,0,0.5,0,483.5,0.7879,1994-10-04,9,1.1794309596682293,True,13.245268640938136,0.26365755134376234
BKR101_P001,101,P001,1995,4,309,1995-02-03,34,122,133,488,0,0,234236,4,wheat/winter wheat,-2.4,0.4,2.8,0,4.811,84,3.7,0,0,0.3,0,497.4,0.8081,1994-10-04,9,1.1794309596682293,True,13.245268640938136,0.26365755134376234
BKR101_P001,101,P001,1995,4,309,1995-02-04,35,123,133,488,0,0,234236,4,wheat/winter wheat,1.3,4.2,6.5,5.5,2.346,90,6.2,0,0,0.3,0,508.6,0.8281,1994-10-04,9,1.1794309596682293,True,13.245268640938136,0.26365755134376234
BKR101_P001,101,P001,1995,4,309,1995-02-05,36,124,133,488,0,0,234236,4,wheat/winter wheat,3.6,4.9,6.9,0.1,5.123,82,6.1,0,0,0.5,0,527.5,0.844,1994-10-04,9,1.1794309596682293,True,13.245268640938136,0.26365755134376234
BKR101_P001,101,P001,1995,4,309,1995-02-06,37,125,133,488,0,0,234236,4,wheat/winter wheat,4.8,7.6,10.9,0,1.362,94,6.6,0,0,0.2,0,536.5,0.8707,1994-10-04,9,1.1794309596682293,True,13.245268640938136,0.26365755134376234
BKR101_P001,101,P001,1995,4,309,1995-02-07,38,126,133,488,0,0,234236,4,wheat/winter wheat,2.9,6.3,9.2,3.5,1.366,88,8.5,0,0,0.3,0,546,0.8832,1994-10-04,9,1.1794309596682293,True,13.245268640938136,0.26365755134376234
BKR101_P001,101,P001,1995,4,309,1995-02-08,39,127,133,488,0,0,234236,4,wheat/winter wheat,-1,0.6,2.4,2.2,2.24,98,5,0,0,0.1,0,556.9,0.8962,1994-10-04,9,1.1794309596682293,True,13.245268640938136,0.26365755134376234
BKR101_P001,101,P001,1995,4,309,1995-02-09,40,128,133,488,0,0,234236,4,wheat/winter wheat,-3.3,-1.2,1.2,0,7.553,86,4.5,0,0,0,0,556.6,0.9111,1994-10-04,9,1.1794309596682293,True,13.245268640938136,0.26365755134376234
BKR101_P001,101,P001,1995,4,309,1995-02-10,41,129,133,488,0,0,234236,4,wheat/winter wheat,-3.5,-1.2,1.6,0,6.329,90,3.4,0,0,0,0,556.3,0.9108,1994-10-04,9,1.1794309596682293,True,13.245268640938136,0.26365755134376234
BKR101_P001,101,P001,1995,4,309,1995-02-11,42,130,133,488,0,0,234236,4,wheat/winter wheat,-1.4,2.5,5.8,2.7,3.585,97,3.6,0,0,0.1,0,571.4,0.9106,1994-10-04,9,1.1794309596682293,True,13.245268640938136,0.26365755134376234
BKR101_P001,101,P001,1995,4,309,1995-02-12,43,131,133,488,0,0,234236,4,wheat/winter wheat,4.8,7.3,9.9,3.8,5.413,79,6.8,0,0,0.8,0,595.6,0.9313,1994-10-04,9,1.1794309596682293,True,13.245268640938136,0.26365755134376234
BKR101_P001,101,P001,1995,4,309,1995-02-13,44,132,133,488,0,0,234236,4,wheat/winter wheat,1.8,6.2,11.3,0,7.763,77,4.1,0,0,0.7,0,621.3,0.964,1994-10-04,9,1.1794309596682293,True,13.245268640938136,0.26365755134376234
BKR101_P001,101,P001,1995,4,309,1995-02-14,45,133,133,488,0,0,234236,4,wheat/winter wheat,3.6,6.8,10.8,1,4.282,87,5.3,0,0,0.5,0,642.6,0.9983,1994-10-04,9,1.1794309596682293,True,13.245268640938136,0.26365755134376234
BKR101_P001,101,P001,1995,4,309,1995-02-15,46,134,133,488,0,0,234236,4,wheat/winter wheat,3,5.5,7.7,4.9,3.118,89,6.4,0,0,0.4,0,660.2,1.0263,1994-10-04,9,1.1794309596682293,True,13.245268640938136,0.26365755134376234
BKR101_P001,101,P001,1995,4,309,1995-02-16,47,135,133,488,0,0,234236,4,wheat/winter wheat,3.7,6.9,10.1,2.4,7.931,82,6.2,0,0,0.8,0,690.6,1.0493,1994-10-04,9,1.1794309596682293,True,13.245268640938136,0.26365755134376234
BKR101_P001,101,P001,1995,4,309,1995-02-17,48,136,133,488,0,0,234236,4,wheat/winter wheat,3.1,5.7,8.2,3.6,4.447,80,7.6,0,0,0.7,0,713.7,1.0883,1994-10-04,9,1.1794309596682293,True,13.245268640938136,0.26365755134376234
BKR101_P001,101,P001,1995,4,309,1995-02-18,49,137,133,488,0,0,234236,4,wheat/winter wheat,2.5,4.2,6.5,0.6,4.64,86,5.4,0,0,0.5,0,736.7,1.1176,1994-10-04,9,1.1794309596682293,True,13.245268640938136,0.26365755134376234
BKR101_P001,101,P001,1995,4,309,1995-02-19,50,138,133,488,0,0,234236,4,wheat/winter wheat,1.7,4.5,7.1,1.5,4.868,94,5.6,0,0,0.3,0,761.2,1.1466,1994-10-04,9,1.1794309596682293,True,13.245268640938136,0.26365755134376234
BKR101_P001,101,P001,1995,4,309,1995-02-20,51,139,133,488,0,0,234236,4,wheat/winter wheat,2.1,6.6,9.5,9.6,7.976,76,6.9,0,0,1,0,797,1.1772,1994-10-04,9,1.1794309596682293,True,13.245268640938136,0.26365755134376234
BKR101_P001,101,P001,1995,4,309,1995-02-21,52,140,133,488,0,0,234236,4,wheat/winter wheat,2.2,7.9,13.5,5.2,8.247,81,4.8,0,0,0.9,0,835.8,1.2214,1994-10-04,9,1.1794309596682293,True,13.245268640938136,0.26365755134376234
BKR101_P001,101,P001,1995,4,309,1995-02-22,53,141,133,488,0,0,234236,4,wheat/winter wheat,2.6,4.9,8.6,0.1,10.218,77,6.5,0,0,0.9,0,871.9,1.2684,1994-10-04,9,1.1794309596682293,True,13.245268640938136,0.26365755134376234
BKR101_P001,101,P001,1995,4,309,1995-02-23,54,142,133,488,0,0,234236,4,wheat/winter wheat,0.4,3.1,5.6,0,5.484,72,5.5,0,0,0.8,0,899.8,1.3116,1994-10-04,9,1.1794309596682293,True,13.245268640938136,0.26365755134376234
BKR101_P001,101,P001,1995,4,309,1995-02-24,55,143,133,488,0,0,234236,4,wheat/winter wheat,0.7,3,6.1,0.2,6.533,88,3.4,0,0,0.4,0,930.9,1.345,1994-10-04,9,1.1794309596682293,True,13.245268640938136,0.26365755134376234
BKR101_P001,101,P001,1995,4,309,1995-02-25,56,144,133,488,0,0,234236,4,wheat/winter wheat,-0.2,2.3,5.2,7.4,5.251,92,1.8,0,0,0.3,0,958.5,1.3818,1994-10-04,9,1.1794309596682293,True,13.245268640938136,0.26365755134376234
BKR101_P001,101,P001,1995,4,309,1995-02-26,57,145,133,488,0,0,234236,4,wheat/winter wheat,-2.3,-0.7,0.3,8.6,2.857,98,0.3,0,0,0,0,958,1.4144,1994-10-04,9,1.1794309596682293,True,13.245268640938136,0.26365755134376234
BKR101_P001,101,P001,1995,4,309,1995-02-27,58,146,133,488,0,0,234236,4,wheat/winter wheat,-1.3,0.6,3.3,0,7.12,91,2.4,0,0,0.3,0,987.6,1.414,1994-10-04,9,1.1794309596682293,True,13.245268640938136,0.26365755134376234
BKR101_P001,101,P001,1995,4,309,1995-02-28,59,147,133,488,0,0,234236,4,wheat/winter wheat,0.3,5.3,9.3,2.6,1.653,94,7.6,0,0,0.3,0,1009.2,1.4491,1994-10-04,9,1.1794309596682293,True,13.245268640938136,0.26365755134376234
BKR101_P001,101,P001,1995,4,309,1995-03-01,60,148,133,488,0,0,234236,4,wheat/winter wheat,6.5,8.4,9.6,0,2.865,77,6.6,0,0,0.9,0,1035.9,1.4743,1994-10-04,9,1.1794309596682293,True,13.245268640938136,0.26365755134376234
BKR101_P001,101,P001,1995,4,309,1995-03-02,61,149,133,488,0,0,234236,4,wheat/winter wheat,1.9,4.6,8.7,2.6,7.521,76,4.8,0,0,0.9,0,1075.7,1.5049,1994-10-04,9,1.1794309596682293,True,13.245268640938136,0.26365755134376234
BKR101_P001,101,P001,1995,4,309,1995-03-03,62,150,133,488,0,0,234236,4,wheat/winter wheat,-0.1,3.8,7.9,1.2,5.394,89,3.9,0,0,0.5,0,1109.3,1.5503,1994-10-04,9,1.1794309596682293,True,13.245268640938136,0.26365755134376234
BKR101_P001,101,P001,1995,4,309,1995-03-04,63,151,133,488,0,0,234236,4,wheat/winter wheat,0,2,4.9,0,8.597,84,3.4,0,0,0.6,0,1148.7,1.5881,1994-10-04,9,1.1794309596682293,True,13.245268640938136,0.26365755134376234
BKR101_P001,101,P001,1995,4,309,1995-03-05,64,152,133,488,0,0,234236,4,wheat/winter wheat,-2.3,2.6,6.5,0,12.625,72,4,0,0,0.9,0,1194.5,1.6324,1994-10-04,9,1.1794309596682293,True,13.245268640938136,0.26365755134376234
BKR101_P001,101,P001,1995,4,309,1995-03-06,65,153,133,488,0,0,234236,4,wheat/winter wheat,1.1,3.7,7.4,1.2,8.152,84,4.8,0,0,0.7,0,1238.3,1.6837,1994-10-04,9,1.1794309596682293,True,13.245268640938136,0.26365755134376234
BKR101_P001,101,P001,1995,4,309,1995-03-07,66,154,133,488,0,0,234236,4,wheat/winter wheat,-0.1,2.6,6.4,0,10.74,85,3.7,0,0,0.7,0,1287,1.7324,1994-10-04,9,1.1794309596682293,True,13.245268640938136,0.26365755134376234
BKR101_P001,101,P001,1995,4,309,1995-03-08,67,155,133,488,0,0,234236,4,wheat/winter wheat,-2.9,2.2,8.3,0,13.031,71,3.2,0,0,1,0,1335.8,1.7863,1994-10-04,9,1.1794309596682293,True,13.245268640938136,0.26365755134376234
BKR101_P001,101,P001,1995,4,309,1995-03-09,68,156,133,488,0,0,234236,4,wheat/winter wheat,-1.9,2.1,6.8,0,10.053,85,2.2,0,0,0.7,0,1383.6,1.8402,1994-10-04,9,1.1794309596682293,True,13.245268640938136,0.26365755134376234
BKR101_P001,101,P001,1995,4,309,1995-03-10,69,157,133,488,0,0,234236,4,wheat/winter wheat,-2,3,8.9,0,14.236,76,1.4,0,0,0.9,0,1438.4,1.8927,1994-10-04,9,1.1794309596682293,True,13.245268640938136,0.26365755134376234
BKR101_P001,101,P001,1995,4,309,1995-03-11,70,158,133,488,0,0,234236,4,wheat/winter wheat,-1.8,1,4.7,0,13.697,93,3.7,0,0,0.5,0,1488.5,1.9525,1994-10-04,9,1.1794309596682293,True,13.245268640938136,0.26365755134376234
BKR101_P001,101,P001,1995,4,309,1995-03-12,71,159,133,488,0,0,234236,4,wheat/winter wheat,-2.6,1.6,6.8,0,9.782,88,3.5,0,0,0.6,0,1537.1,2.0074,1994-10-04,9,1.1794309596682293,True,13.245268640938136,0.26365755134376234
BKR101_P001,101,P001,1995,4,309,1995-03-13,72,160,133,488,0,0,234236,4,wheat/winter wheat,-0.8,2.2,4.2,0,3.463,82,4.6,0,0,0.6,0,1572.9,2.0604,1994-10-04,9,1.1794309596682293,True,13.245268640938136,0.26365755134376234
BKR101_P001,101,P001,1995,4,309,1995-03-14,73,161,133,488,0,0,234236,4,wheat/winter wheat,-6.1,-3.2,-1.3,0,9.278,66,5.8,0,0,0,0,1572.3,2.0993,1994-10-04,9,1.1794309596682293,True,13.245268640938136,0.26365755134376234
BKR101_P001,101,P001,1995,4,309,1995-03-15,74,162,133,488,0,0,234236,4,wheat/winter wheat,-4.7,-0.6,3.4,0.1,7.915,80,4.8,0,0,0,0,1571.6,2.0988,1994-10-04,9,1.1794309596682293,True,13.245268640938136,0.26365755134376234
BKR101_P001,101,P001,1995,4,309,1995-03-16,75,163,133,488,0,0,234236,4,wheat/winter wheat,-1.1,0.4,2,1.7,3.518,99,3.5,0,0,0.2,0,1607,2.0981,1994-10-04,9,1.1794309596682293,True,13.245268640938136,0.26365755134376234
BKR101_P001,101,P001,1995,4,309,1995-03-17,76,164,133,488,0,0,234236,4,wheat/winter wheat,-0.5,3.7,7.5,4.1,5.82,88,6.8,0,0,0.6,0,1653.2,2.1366,1994-10-04,9,1.1794309596682293,True,13.245268640938136,0.26365755134376234
BKR101_P001,101,P001,1995,4,309,1995-03-18,77,165,133,488,0,0,234236,4,wheat/winter wheat,3,5.4,8.8,1.5,7.31,74,8,0,0,1.3,0,1707.9,2.1865,1994-10-04,9,1.1794309596682293,True,13.245268640938136,0.26365755134376234
BKR101_P001,101,P001,1995,4,309,1995-03-19,78,166,133,488,0,0,234236,4,wheat/winter wheat,1.3,3.5,6.3,6.2,9.112,88,5.5,0,0,0.7,0,1765.5,2.2447,1994-10-04,9,1.1794309596682293,True,13.245268640938136,0.26365755134376234
BKR101_P001,101,P001,1995,4,309,1995-03-20,79,167,133,488,0,0,234236,4,wheat/winter wheat,0.7,3.1,5.6,4.2,7.041,84,7.8,0,0,0.7,0,1817.6,2.3056,1994-10-04,9,1.1794309596682293,True,13.245268640938136,0.26365755134376234
BKR101_P001,101,P001,1995,4,309,1995-03-21,80,168,133,488,0,0,234236,4,wheat/winter wheat,1,4.1,7.4,0,11.497,76,5.4,0,0,1.2,0,1886.5,2.3604,1994-10-04,9,1.1794309596682293,True,13.245268640938136,0.26365755134376234
BKR101_P001,101,P001,1995,4,309,1995-03-22,81,169,133,488,0,0,234236,4,wheat/winter wheat,-1.1,2.9,6.7,0.5,12.499,75,5,0,0,1.2,0,1955,2.4322,1994-10-04,9,1.1794309596682293,True,13.245268640938136,0.26365755134376234
BKR101_P001,101,P001,1995,4,309,1995-03-23,82,170,133,488,0,0,234236,4,wheat/winter wheat,3.6,7.1,10.9,0.1,13.321,78,5.5,0,0,1.6,0,2043,2.5031,1994-10-04,9,1.1794309596682293,True,13.245268640938136,0.26365755134376234
BKR101_P001,101,P001,1995,4,309,1995-03-24,83,171,133,488,0,0,234236,4,wheat/winter wheat,3.9,9.2,14.6,0,14.398,68,5.3,0,0,2.4,0,2144.4,2.5926,1994-10-04,9,1.1794309596682293,True,13.245268640938136,0.26365755134376234
BKR101_P001,101,P001,1995,4,309,1995-03-25,84,172,133,488,0,0,234236,4,wheat/winter wheat,2.1,5.9,8.5,8,7.574,83,8.2,0,0,1,0,2210.7,2.693,1994-10-04,9,1.1794309596682293,True,13.245268640938136,0.26365755134376234
BKR101_P001,101,P001,1995,4,309,1995-03-26,85,173,133,488,0,0,234236,4,wheat/winter wheat,2.2,4.6,8.2,1.1,11.465,77,6.9,0,0,1.4,0,2288.4,2.7576,1994-10-04,9,1.1794309596682293,True,13.245268640938136,0.26365755134376234
BKR101_P001,101,P001,1995,4,309,1995-03-27,86,174,133,488,0,0,234236,4,wheat/winter wheat,-0.7,2,5,13.4,7.958,86,6,0,0,0.7,0,2349,2.8323,1994-10-04,9,1.1794309596682293,True,13.245268640938136,0.26365755134376234
BKR101_P001,101,P001,1995,4,309,1995-03-28,87,175,133,488,0,0,234236,4,wheat/winter wheat,-1.3,-0.3,1.5,0.4,7.868,84,6.6,0,0,0,0,2347.9,2.8904,1994-10-04,9,1.1794309596682293,True,13.245268640938136,0.26365755134376234
BKR101_P001,101,P001,1995,4,309,1995-03-29,88,176,133,488,0,0,234236,4,wheat/winter wheat,-1,0.5,3.1,0.3,8.825,80,3.4,0,0,0.8,0,2407.4,2.8894,1994-10-04,9,1.1794309596682293,True,13.245268640938136,0.26365755134376234
BKR101_P001,101,P001,1995,4,309,1995-03-30,89,177,133,488,0,0,234236,4,wheat/winter wheat,-2.2,2,6.7,0,15.615,70,3.3,0,0,1.4,0,2489.9,2.9464,1994-10-04,9,1.1794309596682293,True,13.245268640938136,0.26365755134376234
BKR101_P001,101,P001,1995,4,309,1995-03-31,90,178,133,488,0,0,234236,4,wheat/winter wheat,-1.7,3,8.1,2,11.765,83,3.7,0,0,1,0,2566.9,3.0253,1994-10-04,9,1.1794309596682293,True,13.245268640938136,0.26365755134376234
BKR101_P001,101,P001,1995,4,309,1995-04-01,91,179,133,488,0,0,234236,4,wheat/winter wheat,3.1,7,10.3,0.3,15.201,77,6,0,0,1.8,0,2674.9,3.0986,1994-10-04,9,1.1794309596682293,True,13.245268640938136,0.26365755134376234
BKR101_P001,101,P001,1995,4,309,1995-04-02,92,180,133,488,0,0,234236,4,wheat/winter wheat,4.9,9.7,16.7,0.9,9.157,76,7.4,0,0,2.1,0,2758.8,3.1993,1994-10-04,9,1.1794309596682293,True,13.245268640938136,0.26365755134376234
BKR101_P001,101,P001,1995,4,309,1995-04-03,93,181,133,488,0,0,234236,4,wheat/winter wheat,7.3,9.5,11.6,0,6.266,81,6.6,0,0,1.4,0,2831.9,3.2752,1994-10-04,9,1.1794309596682293,True,13.245268640938136,0.26365755134376234
BKR101_P001,101,P001,1995,4,309,1995-04-04,94,182,133,488,0,0,234236,4,wheat/winter wheat,1.9,6.6,9.2,3.1,13.781,73,6.4,0,0,1.8,0,2938.4,3.3394,1994-10-04,9,1.1794309596682293,True,13.245268640938136,0.26365755134376234
BKR101_P001,101,P001,1995,4,309,1995-04-05,95,183,133,488,0,0,234236,4,wheat/winter wheat,-1.1,4.2,8.6,0,18.064,72,3,0,0,1.7,0,3050.6,3.431,1994-10-04,9,1.1794309596682293,True,13.245268640938136,0.26365755134376234
BKR101_P001,101,P001,1995,4,309,1995-04-06,96,184,133,488,0,0,234236,4,wheat/winter wheat,5.7,8.5,11.6,1.1,6.095,83,5.7,0,0,1.2,0,3125.3,3.5265,1994-10-04,9,1.1794309596682293,True,13.245268640938136,0.26365755134376234
BKR101_P001,101,P001,1995,4,309,1995-04-07,97,185,133,488,0,0,234236,4,wheat/winter wheat,4.7,7,9.9,5.8,4.115,85,8,0,0,1,0,3190.9,3.5883,1994-10-04,9,1.1794309596682293,True,13.245268640938136,0.26365755134376234
BKR101_P001,101,P001,1995,4,309,1995-04-08,98,186,133,488,0,0,234236,4,wheat/winter wheat,3,4.2,5.9,0.3,10.312,67,8.1,0,0,1.7,0,3280.2,3.6414,1994-10-04,9,1.1794309596682293,True,13.245268640938136,0.26365755134376234
BKR101_P001,101,P001,1995,4,309,1995-04-09,99,187,133,488,0,0,234236,4,wheat/winter wheat,-0.3,3.5,6.8,0,13.765,64,4.7,0,0,1.7,0,3380.6,3.7127,1994-10-04,9,1.1794309596682293,True,13.245268640938136,0.26365755134376234
BKR101_P001,101,P001,1995,4,309,1995-04-10,100,188,133,488,0,0,234236,4,wheat/winter wheat,-1.2,4.7,8.7,0,17.97,65,1.4,0,0,1.8,0,3505.1,3.7922,1994-10-04,9,1.1794309596682293,True,13.245268640938136,0.26365755134376234
BKR101_P001,101,P001,1995,4,309,1995-04-11,101,189,133,488,0,0,234236,4,wheat/winter wheat,2.3,4.5,6.3,0.4,8.551,90,0.8,0,0,1,0,3592.8,3.8893,1994-10-04,9,1.1794309596682293,True,13.245268640938136,0.26365755134376234
BKR101_P001,101,P001,1995,4,309,1995-04-12,102,190,133,488,0,0,234236,4,wheat/winter wheat,1.8,5.7,8.9,0,8.464,88,2.4,0,0,1,0,3683.6,3.9568,1994-10-04,9,1.1794309596682293,True,13.245268640938136,0.26365755134376234
BKR101_P001,101,P001,1995,4,309,1995-04-13,103,191,133,488,0,0,234236,4,wheat/winter wheat,0.3,3.2,6,0,6.833,89,3.6,0,0,0.8,0,3763.8,4.0255,1994-10-04,9,1.1794309596682293,True,13.245268640938136,0.26365755134376234
BKR101_P001,101,P001,1995,4,309,1995-04-14,104,192,133,488,0,0,234236,4,wheat/winter wheat,-1.4,6.4,13.6,0,21.218,72,2.9,0,0,2.4,0,3915.4,4.0855,1994-10-04,9,1.1794309596682293,True,13.245268640938136,0.26365755134376234
BKR101_P001,101,P001,1995,4,309,1995-04-15,105,193,133,488,0,0,234236,4,wheat/winter wheat,0.1,5.8,14.7,11.8,11.212,84,1.9,0,0,1.4,0,4017.8,4.1966,1994-10-04,9,1.1794309596682293,True,13.245268640938136,0.26365755134376234
BKR101_P001,101,P001,1995,4,309,1995-04-16,106,194,133,488,0,0,234236,4,wheat/winter wheat,1,4,8,3.1,8.048,90,3.3,0,0,0.9,0,4107.3,4.2701,1994-10-04,9,1.1794309596682293,True,13.245268640938136,0.26365755134376234
BKR101_P001,101,P001,1995,4,309,1995-04-17,107,195,133,488,0,0,234236,4,wheat/winter wheat,0.8,3.1,6,3.9,10.287,93,3.8,0,0,0.8,0,4204.2,4.3336,1994-10-04,9,1.1794309596682293,True,13.245268640938136,0.26365755134376234
BKR101_P001,101,P001,1995,4,309,1995-04-18,108,196,133,488,0,0,234236,4,wheat/winter wheat,3.5,7.4,12.6,13.2,8.859,90,5.1,0,0,1.1,0,4304.8,4.4018,1994-10-04,9,1.1794309596682293,True,13.245268640938136,0.26365755134376234
BKR101_P001,101,P001,1995,4,309,1995-04-19,109,197,133,488,0,0,234236,4,wheat/winter wheat,1.8,5.2,8.3,3,8.567,83,2.2,0,0,1.2,0,4403.4,4.4706,1994-10-04,9,1.1794309596682293,True,13.245268640938136,0.26365755134376234
BKR101_P001,101,P001,1995,4,309,1995-04-20,110,198,133,488,0,0,234236,4,wheat/winter wheat,2.9,5.2,7.6,9.8,8.12,89,3.5,0,0,1,0,4501.2,4.5368,1994-10-04,9,1.1794309596682293,True,13.245268640938136,0.26365755134376234
BKR101_P001,101,P001,1995,4,309,1995-04-21,111,199,133,488,0,0,234236,4,wheat/winter wheat,1.5,5.4,8.3,0,12.584,87,3,0,0,1.3,0,4621.6,4.6012,1994-10-04,9,1.1794309596682293,True,13.245268640938136,0.26365755134376234
BKR101_P001,101,P001,1995,4,309,1995-04-22,112,200,133,488,0,0,234236,4,wheat/winter wheat,4.5,16,25.9,0,22.876,62,4.8,0,0,5.2,0,4826.5,4.6792,1994-10-04,9,1.1794309596682293,True,13.245268640938136,0.26365755134376234
BKR101_P001,101,P001,1995,4,309,1995-04-23,113,201,133,488,0,0,234236,4,wheat/winter wheat,12.9,19.5,26.5,0,22.619,50,5.3,0,0,6.7,0,5028.7,4.8032,1994-10-04,9,1.1794309596682293,True,13.245268640938136,0.26365755134376234
BKR101_P001,101,P001,1995,4,309,1995-04-24,114,202,133,488,0,0,234236,4,wheat/winter wheat,12.3,17.3,22,0,22.091,62,4.9,0,0,5.1,0,5242.9,4.9145,1994-10-04,9,1.1794309596682293,True,13.245268640938136,0.26365755134376234
BKR101_P001,101,P001,1995,4,309,1995-04-25,115,203,133,488,0,0,234236,4,wheat/winter wheat,10.3,16.7,23,0,23.603,59,4.6,0,0,5.4,0,5478,5.0235,1994-10-04,9,1.1794309596682293,True,13.245268640938136,0.26365755134376234
BKR101_P001,101,P001,1995,4,309,1995-04-26,116,204,133,488,0,0,234236,4,wheat/winter wheat,6.3,11.7,18.1,0,21.667,80,3.5,0,0,3.1,0,5694,5.1422,1994-10-04,9,1.1794309596682293,True,13.245268640938136,0.26365755134376234
BKR101_P001,101,P001,1995,4,309,1995-04-27,117,205,133,488,0,0,234236,4,wheat/winter wheat,5.2,6.7,8.1,0,7.244,96,3.5,0,0,0.8,0,5803,5.2508,1994-10-04,9,1.1794309596682293,True,13.245268640938136,0.26365755134376234
BKR101_P001,101,P001,1995,4,309,1995-04-28,118,206,133,488,0,0,234236,4,wheat/winter wheat,4.1,7,8.8,0,7.969,76,3.9,0,0,1.5,0,5917.9,5.3055,1994-10-04,9,1.1794309596682293,True,13.245268640938136,0.26365755134376234
BKR101_P001,101,P001,1995,4,309,1995-04-29,119,207,133,488,0,0,234236,4,wheat/winter wheat,-1.1,6.5,12.4,0,24.08,65,1.9,0,0,2.8,0,6129,5.3629,1994-10-04,9,1.1794309596682293,True,13.245268640938136,0.26365755134376234
BKR101_P001,101,P001,1995,4,309,1995-04-30,120,208,133,488,0,0,234236,4,wheat/winter wheat,2.6,9.9,16.3,0,23.29,64,2.8,0,0,3.5,0,6352.5,5.4679,1994-10-04,9,1.1794309596682293,True,13.245268640938136,0.26365755134376234
BKR101_P001,101,P001,1995,4,309,1995-05-01,121,209,133,488,0,0,234236,4,wheat/winter wheat,6.7,10.6,15.4,0,23.159,61,2.9,0,0,3.7,0,6577.5,5.5786,1994-10-04,9,1.1794309596682293,True,13.245268640938136,0.26365755134376234
BKR101_P001,101,P001,1995,4,309,1995-05-02,122,210,133,488,0,0,234236,4,wheat/winter wheat,2.1,8.9,14.8,0,26.104,59,1.8,0,0,3.4,0,6809.1,5.6894,1994-10-04,9,1.1794309596682293,True,13.245268640938136,0.26365755134376234
BKR101_P001,101,P001,1995,4,309,1995-05-03,123,211,133,488,0,0,234236,4,wheat/winter wheat,2.2,11.7,19.1,0,25.051,62,1.2,0,0,3.5,0,7050.8,5.8028,1994-10-04,9,1.1794309596682293,True,13.245268640938136,0.26365755134376234
BKR101_P001,101,P001,1995,4,309,1995-05-04,124,212,133,488,0,0,234236,4,wheat/winter wheat,7.3,14.8,20.9,0,22.532,61,3,0,0,4.3,0,7276.5,5.9203,1994-10-04,9,1.1794309596682293,True,13.245268640938136,0.26365755134376234
BKR101_P001,101,P001,1995,4,309,1995-05-05,125,213,133,488,0,0,234236,4,wheat/winter wheat,7.8,15.4,22.6,0,22.624,72,2.4,0,0,3.9,0,7497.4,6.0291,1994-10-04,9,1.1794309596682293,True,13.245268640938136,0.26365755134376234
BKR101_P001,101,P001,1995,4,309,1995-05-06,126,214,133,488,0,0,234236,4,wheat/winter wheat,9.7,14.9,20.3,0,24.382,62,3.7,0,0,4.8,0,7736.3,6.1347,1994-10-04,9,1.1794309596682293,True,13.245268640938136,0.26365755134376234
BKR101_P001,101,P001,1995,4,309,1995-05-07,127,215,133,488,0,0,234236,4,wheat/winter wheat,6.1,10.7,15.7,0,19.547,74,3.5,0,0,3.1,0,7932.3,6.2482,1994-10-04,9,1.1794309596682293,True,13.245268640938136,0.26365755134376234
BKR101_P001,101,P001,1995,4,309,1995-05-08,128,216,133,488,0,0,234236,4,wheat/winter wheat,7.7,11.9,17.3,2.7,11.504,85,2.6,0,0,2,0,8064.9,6.3406,1994-10-04,9,1.1794309596682293,True,13.245268640938136,0.26365755134376234
BKR101_P001,101,P001,1995,4,309,1995-05-09,129,217,133,488,0,0,234236,4,wheat/winter wheat,5.9,8.7,12.2,5.9,9.23,89,4.3,0,0,1.4,0,8185.4,6.4029,1994-10-04,9,1.1794309596682293,True,13.245268640938136,0.26365755134376234
BKR101_P001,101,P001,1995,4,309,1995-05-10,130,218,133,488,0,0,234236,4,wheat/winter wheat,3.7,7.4,10.7,0,15.046,82,1.7,0,0,1.9,0,8344.5,6.4592,1994-10-04,9,1.1794309596682293,True,13.245268640938136,0.26365755134376234
BKR101_P001,101,P001,1995,4,309,1995-05-11,131,219,133,488,0,0,234236,4,wheat/winter wheat,2.2,7.6,12.3,0,17.521,77,2,0,0,2.3,0,8518.9,6.5332,1994-10-04,9,1.1794309596682293,True,13.245268640938136,0.26365755134376234
BKR101_P001,101,P001,1995,4,309,1995-05-12,132,220,133,488,0,0,234236,4,wheat/winter wheat,1.9,8.1,12.8,3.5,10.132,88,2.8,0,0,1.5,0,8646.7,6.614,1994-10-04,9,1.1794309596682293,True,13.245268640938136,0.26365755134376234
BKR101_P001,101,P001,1995,4,309,1995-05-13,133,221,133,488,0,0,234236,4,wheat/winter wheat,5.6,7.1,9.5,13.3,1.567,98,5.9,0,0,0.4,0,8744.4,6.673,1994-10-04,9,1.1794309596682293,True,13.245268640938136,0.26365755134376234
BKR101_P001,101,P001,1995,4,309,1995-05-14,134,222,133,488,0,0,234236,4,wheat/winter wheat,5.5,7.6,10.5,0,10.695,69,6.8,0,0,2.4,0,8875.3,6.7179,1994-10-04,9,1.1794309596682293,True,13.245268640938136,0.26365755134376234
BKR101_P001,101,P001,1995,4,309,1995-05-15,135,223,133,488,0,0,234236,4,wheat/winter wheat,2.8,8.2,12.6,0,20.719,69,3.8,0,0,3,0,9073.9,6.7778,1994-10-04,9,1.1794309596682293,True,13.245268640938136,0.26365755134376234
BKR101_P001,101,P001,1995,4,309,1995-05-16,136,224,133,488,0,0,234236,4,wheat/winter wheat,5.3,10.3,14.5,0.2,16.615,70,1.5,0,0,2.6,0,9249.3,6.8681,1994-10-04,9,1.1794309596682293,True,13.245268640938136,0.26365755134376234
BKR101_P001,101,P001,1995,4,309,1995-05-17,137,225,133,488,0,0,234236,4,wheat/winter wheat,8.1,11.5,15.6,1.1,8.042,91,3.3,0,0,1.4,0,9357.2,6.9474,1994-10-04,9,1.1794309596682293,True,13.245268640938136,0.26365755134376234
BKR101_P001,101,P001,1995,4,309,1995-05-18,138,226,133,488,0,0,234236,4,wheat/winter wheat,7.8,10.9,13.4,7.3,10.05,82,3.8,0,0,1.9,0,9485.7,6.9958,1994-10-04,9,1.1794309596682293,True,13.245268640938136,0.26365755134376234
BKR101_P001,101,P001,1995,4,309,1995-05-19,139,227,133,488,0,0,234236,4,wheat/winter wheat,5.3,8.5,11.8,0.5,17.648,77,3,0,0,2.5,0,9664.9,7.0532,1994-10-04,9,1.1794309596682293,True,13.245268640938136,0.26365755134376234
BKR101_P001,101,P001,1995,4,309,1995-05-20,140,228,133,488,0,0,234236,4,wheat/winter wheat,3.9,10.4,15.2,0,19.606,66,1.3,0,0,2.9,0,9862.9,7.1327,1994-10-04,9,1.1794309596682293,True,13.245268640938136,0.26365755134376234
BKR101_P001,101,P001,1995,4,309,1995-05-21,141,229,133,488,0,0,234236,4,wheat/winter wheat,2.7,9.1,13.6,0,22.9,71,2.8,0,0,3.2,0,10081.1,7.2201,1994-10-04,9,1.1794309596682293,True,13.245268640938136,0.26365755134376234
BKR101_P001,101,P001,1995,4,309,1995-05-22,142,230,133,488,0,0,234236,4,wheat/winter wheat,1.1,9.3,16.3,0,29.302,66,2.1,0,0,4,0,10335.7,7.3158,1994-10-04,9,1.1794309596682293,True,13.245268640938136,0.26365755134376234
BKR101_P001,101,P001,1995,4,309,1995-05-23,143,231,133,488,0,0,234236,4,wheat/winter wheat,4.2,13.3,20.1,0,24.409,63,1.6,0,0,4,0,10570.2,7.4267,1994-10-04,9,1.1794309596682293,True,13.245268640938136,0.26365755134376234
BKR101_P001,101,P001,1995,4,309,1995-05-24,144,232,133,488,0,0,234236,4,wheat/winter wheat,7.8,16,22.7,0,28.384,58,2.7,0,0,5.4,0,10833.1,7.5277,1994-10-04,9,1.1794309596682293,True,13.245268640938136,0.26365755134376234
BKR101_P001,101,P001,1995,4,309,1995-05-25,145,233,133,488,0,0,234236,4,wheat/winter wheat,8.4,16.7,23.6,0,29.225,59,2.4,0,0,5.5,0,11099.6,7.6399,1994-10-04,9,1.1794309596682293,True,13.245268640938136,0.26365755134376234
BKR101_P001,101,P001,1995,4,309,1995-05-26,146,234,133,488,0,0,234236,4,wheat/winter wheat,9.1,18.2,25.5,0,24.662,67,2.2,0,0,4.8,0,11318.4,7.7521,1994-10-04,9,1.1794309596682293,True,13.245268640938136,0.26365755134376234
BKR101_P001,101,P001,1995,4,309,1995-05-27,147,235,133,488,0,0,234236,4,wheat/winter wheat,15,20.3,27.6,0.8,20.7,77,3.8,0,0,4.7,0,11477.2,7.8431,1994-10-04,9,1.1794309596682293,True,13.245268640938136,0.26365755134376234
BKR101_P001,101,P001,1995,4,309,1995-05-28,148,236,133,488,0,0,234236,4,wheat/winter wheat,12.8,18.1,24.1,0,26.006,72,2.8,0,0,5,0,11705.4,7.9083,1994-10-04,9,1.1794309596682293,True,13.245268640938136,0.26365755134376234
BKR101_P001,101,P001,1995,4,309,1995-05-29,149,237,133,488,0,0,234236,4,wheat/winter wheat,12.6,20.6,27.1,0,27.388,70,3.2,0,0,5.8,0,11932.2,8.0007,1994-10-04,9,1.1794309596682293,True,13.245268640938136,0.26365755134376234
BKR101_P001,101,P001,1995,4,309,1995-05-30,150,238,133,488,0,0,234236,4,wheat/winter wheat,15.4,16.7,18.6,16,8.348,97,2.4,0,13.245,1.5,0,12021,8.0914,1994-10-04,9,1.1794309596682293,True,13.245268640938136,0.26365755134376234
BKR101_P001,101,P001,1995,4,309,1995-05-31,151,239,133,488,0,0,234236,4,wheat/winter wheat,13.7,14.9,16.5,3,5.56,98,2.1,0,0,1.1,4.7,12100.8,8.1266,1994-10-04,9,1.1794309596682293,True,13.245268640938136,0.26365755134376234
BKR101_P001,101,P001,1995,4,309,1995-06-01,152,240,133,488,0,0,234236,4,wheat/winter wheat,10.7,14.1,16.7,0.4,5.375,99,2,0,0,1,18,12186.2,8.156,1994-10-04,9,1.1794309596682293,True,13.245268640938136,0.26365755134376234
BKR101_P001,101,P001,1995,4,309,1995-06-02,153,241,133,488,0,0,234236,4,wheat/winter wheat,8.1,10,10.7,20.6,5.062,98,3.9,0,0,0.8,41.1,12291.1,8.1835,1994-10-04,9,1.1794309596682293,True,13.245268640938136,0.26365755134376234
BKR101_P001,101,P001,1995,4,309,1995-06-03,154,242,133,488,0,0,234236,4,wheat/winter wheat,7,13.1,18.5,0,20.926,76,1.7,0,0,3.4,107.5,12508.4,8.214,1994-10-04,9,1.1794309596682293,True,13.245268640938136,0.26365755134376234
BKR101_P001,101,P001,1995,4,309,1995-06-04,155,243,133,488,0,0,234236,4,wheat/winter wheat,10.5,14.9,21.2,0.2,18.575,84,1.7,0,0,3.1,182,12694.2,8.2682,1994-10-04,9,1.1794309596682293,True,13.245268640938136,0.26365755134376234
BKR101_P001,101,P001,1995,4,309,1995-06-05,156,244,133,488,0,0,234236,4,wheat/winter wheat,10.4,16,20.8,2,24.868,78,1.6,0,0,4.1,310.7,12951.1,8.3061,1994-10-04,9,1.1794309596682293,True,13.245268640938136,0.26365755134376234
BKR101_P001,101,P001,1995,4,309,1995-06-06,157,245,133,488,0,0,234236,4,wheat/winter wheat,12.4,14.6,17.8,7.7,9.76,95,0.7,0,0,1.7,379.8,13068.3,8.3461,1994-10-04,9,1.1794309596682293,True,13.245268640938136,0.26365755134376234
BKR101_P001,101,P001,1995,4,309,1995-06-07,158,246,133,488,0,0,234236,4,wheat/winter wheat,12.6,15,18.7,6.9,12.439,89,1.4,0,0,2.2,475.5,13209.5,8.3593,1994-10-04,9,1.1794309596682293,True,13.245268640938136,0.26365755134376234
BKR101_P001,101,P001,1995,4,309,1995-06-08,159,247,133,488,0,0,234236,4,wheat/winter wheat,9.8,13.3,17,2.2,23.656,76,2.8,0,0,3.9,671.2,13469.4,8.3693,1994-10-04,9,1.1794309596682293,True,13.245268640938136,0.26365755134376234
BKR101_P001,101,P001,1995,4,309,1995-06-09,160,248,133,488,0,0,234236,4,wheat/winter wheat,8.5,10.4,11.8,6.2,7.348,97,1,0,0,1.2,769.2,13590.4,8.3782,1994-10-04,9,1.1794309596682293,True,13.245268640938136,0.26365755134376234
BKR101_P001,101,P001,1995,4,309,1995-06-10,161,249,133,488,0,0,234236,4,wheat/winter wheat,6.5,13.2,18.8,0.2,19.52,81,1.3,0,0,3.1,951.6,13810.3,8.3791,1994-10-04,9,1.1794309596682293,True,13.245268640938136,0.26365755134376234
BKR101_P001,101,P001,1995,4,309,1995-06-11,162,250,133,488,0,0,234236,4,wheat/winter wheat,8.2,11.2,13.9,12,7.377,96,1.2,0,0,1.3,1048.3,13925.9,8.3706,1994-10-04,9,1.1794309596682293,True,13.245268640938136,0.26365755134376234
BKR101_P001,101,P001,1995,4,309,1995-06-12,163,251,133,488,0,0,234236,4,wheat/winter wheat,9.3,12.8,16.1,2.9,13.371,89,0.7,0,0,2.2,1186.2,14090.9,8.3602,1994-10-04,9,1.1794309596682293,True,13.245268640938136,0.26365755134376234
BKR101_P001,101,P001,1995,4,309,1995-06-13,164,252,133,488,0,0,234236,4,wheat/winter wheat,9.7,11.5,12.6,28.5,4.339,99,3.4,0,0,0.8,1276.8,14198.2,8.3461,1994-10-04,9,1.1794309596682293,True,13.245268640938136,0.26365755134376234
BKR101_P001,101,P001,1995,4,309,1995-06-14,165,253,133,488,0,0,234236,4,wheat/winter wheat,8.8,14.3,18.9,0,23.558,77,2.7,0,0,3.9,1493.2,14457,8.3298,1994-10-04,9,1.1794309596682293,True,13.245268640938136,0.26365755134376234
BKR101_P001,101,P001,1995,4,309,1995-06-15,166,254,133,488,0,0,234236,4,wheat/winter wheat,9.4,11.7,14,1.7,8.44,92,0.8,0,0,1.5,1597.4,14579.7,8.3086,1994-10-04,9,1.1794309596682293,True,13.245268640938136,0.26365755134376234
BKR101_P001,101,P001,1995,4,309,1995-06-16,167,255,133,488,0,0,234236,4,wheat/winter wheat,8.4,12.4,18,2.9,17.789,86,2.2,0,0,2.8,1762.3,14775.2,8.285,1994-10-04,9,1.1794309596682293,True,13.245268640938136,0.26365755134376234
BKR101_P001,101,P001,1995,4,309,1995-06-17,168,256,133,488,0,0,234236,4,wheat/winter wheat,9.4,12.9,17.8,2,15.56,83,2.8,0,0,2.7,1911,14950.7,8.2583,1994-10-04,9,1.1794309596682293,True,13.245268640938136,0.26365755134376234
BKR101_P001,101,P001,1995,4,309,1995-06-18,169,257,133,488,0,0,234236,4,wheat/winter wheat,11.3,14.2,17.2,1.7,13.732,91,3.3,0,0,2.3,2048.9,15112.3,8.2281,1994-10-04,9,1.1794309596682293,True,13.245268640938136,0.26365755134376234
BKR101_P001,101,P001,1995,4,309,1995-06-19,170,258,133,488,0,0,234236,4,wheat/winter wheat,8.1,14.3,19.3,0,24.117,71,3.2,0,0,4.3,2269.9,15373.6,8.1932,1994-10-04,9,1.1794309596682293,True,13.245268640938136,0.26365755134376234
BKR101_P001,101,P001,1995,4,309,1995-06-20,171,259,133,488,0,0,234236,4,wheat/winter wheat,9.8,18.3,23.9,0,21.925,75,1.1,0,0,3.9,2460.8,15597.2,8.1536,1994-10-04,9,1.1794309596682293,True,13.245268640938136,0.26365755134376234
BKR101_P001,101,P001,1995,4,309,1995-06-21,172,260,133,488,0,0,234236,4,wheat/winter wheat,12.9,17.7,21.4,20.8,12.198,95,1.8,0,0,2.2,2572.2,15723.3,8.1058,1994-10-04,9,1.1794309596682293,True,13.245268640938136,0.26365755134376234
BKR101_P001,101,P001,1995,4,309,1995-06-22,173,261,133,488,0,0,234236,4,wheat/winter wheat,8.7,10.7,12.7,2.6,11.816,91,3.6,0,0,1.8,2706.8,15877.4,8.0503,1994-10-04,9,1.1794309596682293,True,13.245268640938136,0.26365755134376234
BKR101_P001,101,P001,1995,4,309,1995-06-23,174,262,133,488,0,0,234236,4,wheat/winter wheat,7.9,11.8,14.3,0,8.889,93,2.1,0,0,1.5,2818.5,16003.6,7.9937,1994-10-04,9,1.1794309596682293,True,13.245268640938136,0.26365755134376234
BKR101_P001,101,P001,1995,4,309,1995-06-24,175,263,133,488,0,0,234236,4,wheat/winter wheat,11.5,15.1,19,1.7,19.432,83,3.1,0,0,3.4,3000.2,16213.3,7.9349,1994-10-04,9,1.1794309596682293,True,13.245268640938136,0.26365755134376234
BKR101_P001,101,P001,1995,4,309,1995-06-25,176,264,133,488,0,0,234236,4,wheat/winter wheat,13.6,17.7,22,0,27.158,73,3.8,0,0,5.3,3237.1,16488.5,7.8712,1994-10-04,9,1.1794309596682293,True,13.245268640938136,0.26365755134376234
BKR101_P001,101,P001,1995,4,309,1995-06-26,177,265,133,488,0,0,234236,4,wheat/winter wheat,13,18.2,22.9,0,29.868,75,3.7,0,0,5.6,3495.9,16788.8,7.8003,1994-10-04,9,1.1794309596682293,True,13.245268640938136,0.26365755134376234
BKR101_P001,101,P001,1995,4,309,1995-06-27,178,266,133,488,0,0,234236,4,wheat/winter wheat,12.5,18.4,24.6,0,29.506,70,2.9,0,0,5.7,3742.2,17072.8,7.7219,1994-10-04,9,1.1794309596682293,True,13.245268640938136,0.26365755134376234
BKR101_P001,101,P001,1995,4,309,1995-06-28,179,267,133,488,0,0,234236,4,wheat/winter wheat,9.7,17,23.2,0,30.073,63,1.4,0,0,5.2,4005.1,17375.7,7.6362,1994-10-04,9,1.1794309596682293,True,13.245268640938136,0.26365755134376234
BKR101_P001,101,P001,1995,4,309,1995-06-29,180,268,133,488,0,0,234236,4,wheat/winter wheat,14.2,19.8,25.7,0,30.015,65,3.1,0,0,6.3,4247.8,17652.9,7.5445,1994-10-04,9,1.1794309596682293,True,13.245268640938136,0.26365755134376234
BKR101_P001,101,P001,1995,4,309,1995-06-30,181,269,133,488,0,0,234236,4,wheat/winter wheat,13.1,18.1,24.6,0,28.064,73,2.6,0,0,5.3,4479.6,17915.8,7.4447,1994-10-04,9,1.1794309596682293,True,13.245268640938136,0.26365755134376234
BKR101_P001,101,P001,1995,4,309,1995-07-01,182,270,133,488,0,0,234236,4,wheat/winter wheat,9.5,16.9,21.5,0,26.37,70,2.8,0,0,4.9,4722.7,18191.5,7.3386,1994-10-04,9,1.1794309596682293,True,13.245268640938136,0.26365755134376234
BKR101_P001,101,P001,1995,4,309,1995-07-02,183,271,133,488,0,0,234236,4,wheat/winter wheat,7.1,15.5,21.3,0.4,23.146,73,1.6,0,0,3.9,4938.7,18433.9,7.2274,1994-10-04,9,1.1794309596682293,True,13.245268640938136,0.26365755134376234
BKR101_P001,101,P001,1995,4,309,1995-07-03,184,272,133,488,0,0,234236,4,wheat/winter wheat,14.4,17.8,21.5,7,14.516,89,3.3,0,0,2.8,5068.7,18572.1,7.1124,1994-10-04,9,1.1794309596682293,True,13.245268640938136,0.26365755134376234
BKR101_P001,101,P001,1995,4,309,1995-07-04,185,273,133,488,0,0,234236,4,wheat/winter wheat,11.5,15.2,17.2,0.1,18.916,72,4.7,0,0,4,5258.8,18781.9,6.9921,1994-10-04,9,1.1794309596682293,True,13.245268640938136,0.26365755134376234
BKR101_P001,101,P001,1995,4,309,1995-07-05,186,274,133,488,0,0,234236,4,wheat/winter wheat,10.8,14.4,18,0,20.524,69,3.9,0,0,4.1,5456.5,19000.5,6.8688,1994-10-04,9,1.1794309596682293,True,13.245268640938136,0.26365755134376234
BKR101_P001,101,P001,1995,4,309,1995-07-06,187,275,133,488,0,0,234236,4,wheat/winter wheat,10.9,16.9,22.1,0,21.182,70,1.6,0,0,3.9,5648.6,19211.6,6.7434,1994-10-04,9,1.1794309596682293,True,13.245268640938136,0.26365755134376234
BKR101_P001,101,P001,1995,4,309,1995-07-07,188,276,133,488,0,0,234236,4,wheat/winter wheat,12.3,20.5,27,0,27.908,66,1,0,0,5.1,5873.9,19461.5,6.614,1994-10-04,9,1.1794309596682293,True,13.245268640938136,0.26365755134376234
BKR101_P001,101,P001,1995,4,309,1995-07-08,189,277,133,488,0,0,234236,4,wheat/winter wheat,14.8,22.4,29.1,0,27.773,67,1.3,0,0,5.5,6076.7,19683,6.4783,1994-10-04,9,1.1794309596682293,True,13.245268640938136,0.26365755134376234
BKR101_P001,101,P001,1995,4,309,1995-07-09,190,278,133,488,0,0,234236,4,wheat/winter wheat,15.8,23.9,31.1,0,27.313,68,1.8,0,0,5.8,6251.5,19869.8,6.3354,1994-10-04,9,1.1794309596682293,True,13.245268640938136,0.26365755134376234
BKR101_P001,101,P001,1995,4,309,1995-07-10,191,279,133,488,0,0,234236,4,wheat/winter wheat,16.4,21.9,29.3,0,24.376,79,2.8,0,0,5.2,6419.4,20047.3,6.1846,1994-10-04,9,1.1794309596682293,True,13.245268640938136,0.26365755134376234
BKR101_P001,101,P001,1995,4,309,1995-07-11,192,280,133,488,0,0,234236,4,wheat/winter wheat,15.6,21,27.7,0,24.016,80,2.7,0,13.245,4.9,6598.9,20237.8,6.0281,1994-10-04,9,1.1794309596682293,True,13.245268640938136,0.26365755134376234
BKR101_P001,101,P001,1995,4,309,1995-07-12,193,281,133,488,0,0,234236,4,wheat/winter wheat,16.9,23.4,30,0,27.539,73,1.8,0,0,5.7,6785.7,20435.9,5.867,1994-10-04,9,1.1794309596682293,True,13.245268640938136,0.26365755134376234
BKR101_P001,101,P001,1995,4,309,1995-07-13,194,282,133,488,0,0,234236,4,wheat/winter wheat,17.7,23.3,31.9,4.8,23.723,77,1.4,0,0,5,6923.7,20575,5.7001,1994-10-04,9,1.1794309596682293,True,13.245268640938136,0.26365755134376234
BKR101_P001,101,P001,1995,4,309,1995-07-14,195,283,133,488,0,0,234236,4,wheat/winter wheat,17.1,22.8,28.1,0.1,23.222,78,0.8,0,0,4.5,7092.9,20750.6,5.5283,1994-10-04,9,1.1794309596682293,True,13.245268640938136,0.26365755134376234
BKR101_P001,101,P001,1995,4,309,1995-07-15,196,284,133,488,0,0,234236,4,wheat/winter wheat,18.2,21.4,25.7,1,19.535,85,1.7,0,0,3.8,7242.9,20902.7,5.3524,1994-10-04,9,1.1794309596682293,True,13.245268640938136,0.26365755134376234
BKR101_P001,101,P001,1995,4,309,1995-07-16,197,285,133,488,0,0,234236,4,wheat/winter wheat,16.1,19.9,24.9,15,16.246,85,2.2,0,0,3.3,7373.9,21032,5.1739,1994-10-04,9,1.1794309596682293,True,13.245268640938136,0.26365755134376234
BKR101_P001,101,P001,1995,4,309,1995-07-17,198,286,133,488,0,0,234236,4,wheat/winter wheat,15.1,18.2,23,0.9,20.675,82,2.7,0,0,3.9,7543.5,21207.1,4.9944,1994-10-04,9,1.1794309596682293,True,13.245268640938136,0.26365755134376234
BKR101_P001,101,P001,1995,4,309,1995-07-18,199,287,133,488,0,0,234236,4,wheat/winter wheat,15.5,18.1,21,5.2,13.43,86,2.5,0,0,2.7,7661.6,21321.1,4.8151,1994-10-04,9,1.1794309596682293,True,13.245268640938136,0.26365755134376234
BKR101_P001,101,P001,1995,4,309,1995-07-19,200,288,133,488,0,0,234236,4,wheat/winter wheat,15.6,19.6,23.4,0.1,20.059,79,3.2,0,0,4.1,7823,21486.4,4.6365,1994-10-04,9,1.1794309596682293,True,13.245268640938136,0.26365755134376234
BKR101_P001,101,P001,1995,4,309,1995-07-20,201,289,133,488,0,0,234236,4,wheat/winter wheat,14.5,20.1,25,0,24.859,77,1.8,0,0,4.6,8016.1,21689.2,4.4581,1994-10-04,9,1.1794309596682293,True,13.245268640938136,0.26365755134376234
BKR101_P001,101,P001,1995,4,309,1995-07-21,202,290,133,488,0,0,234236,4,wheat/winter wheat,15.9,24.6,31.9,0,26.288,68,1.7,0,0,5.6,8160.1,21833.5,4.28,1994-10-04,9,1.1794309596682293,True,13.245268640938136,0.26365755134376234
BKR101_P001,101,P001,1995,4,309,1995-07-22,203,291,133,488,0,0,234236,4,wheat/winter wheat,16.8,21,23.6,0.6,13.695,77,2.7,0,0,3.3,8261.8,21927.5,4.1004,1994-10-04,9,1.1794309596682293,True,13.245268640938136,0.26365755134376234
BKR101_P001,101,P001,1995,4,309,1995-07-23,204,292,133,488,0,0,234236,4,wheat/winter wheat,10.7,16.2,19.5,0,22.138,70,1.8,0,0,3.9,8453.4,22128.7,3.9216,1994-10-04,9,1.1794309596682293,True,13.245268640938136,0.26365755134376234
BKR101_P001,101,P001,1995,4,309,1995-07-24,205,293,133,488,0,0,234236,4,wheat/winter wheat,9.2,17.6,24.2,0,24.778,65,1.2,0,0,4.3,8645.4,22330.5,3.7463,1994-10-04,9,1.1794309596682293,True,13.245268640938136,0.26365755134376234
BKR101_P001,101,P001,1995,4,309,1995-07-25,206,294,133,488,0,0,234236,4,wheat/winter wheat,11.8,17.3,22.5,0,26.149,70,1.5,0,0,4.5,8844.3,22540.9,3.574,1994-10-04,9,1.1794309596682293,True,13.245268640938136,0.26365755134376234
BKR101_P001,101,P001,1995,4,309,1995-07-26,207,295,133,488,0,0,234236,4,wheat/winter wheat,9.4,17.9,25.3,0,27.82,62,1.7,0,0,5,9042.7,22751,3.405,1994-10-04,9,1.1794309596682293,True,13.245268640938136,0.26365755134376234
BKR101_P001,101,P001,1995,4,309,1995-07-27,208,296,133,488,0,0,234236,4,wheat/winter wheat,12.6,20.9,27.9,0,26.558,59,2.7,0,13.245,5.9,9209.5,22924.1,3.2392,1994-10-04,9,1.1794309596682293,True,13.245268640938136,0.26365755134376234
BKR101_P001,101,P001,1995,4,309,1995-07-28,209,297,133,488,0,0,234236,4,wheat/winter wheat,14.7,21,28.4,0,23.017,65,1.1,0,0,4.5,9336.5,23050.4,3.0757,1994-10-04,9,1.1794309596682293,True,13.245268640938136,0.26365755134376234
BKR101_P001,101,P001,1995,4,309,1995-07-29,210,298,133,488,0,0,234236,4,wheat/winter wheat,13.4,21.8,29,0,26.786,60,1.5,0,0,5.3,9484.9,23202.2,2.9147,1994-10-04,9,1.1794309596682293,True,13.245268640938136,0.26365755134376234
BKR101_P001,101,P001,1995,4,309,1995-07-30,211,299,133,488,0,0,234236,4,wheat/winter wheat,14.1,23,30.6,0,25.704,61,1.3,0,0,5.2,9607.4,23323.6,2.7561,1994-10-04,9,1.1794309596682293,True,13.245268640938136,0.26365755134376234
BKR101_P001,101,P001,1995,4,309,1995-07-31,212,300,133,488,0,0,234236,4,wheat/winter wheat,15.9,22.2,28.5,0,25.586,65,2.3,0,0,5.5,9730.6,23446.2,2.6,1994-10-04,9,1.1794309596682293,True,13.245268640938136,0.26365755134376234
BKR101_P001,101,P001,1995,4,309,1995-08-01,213,301,133,488,0,0,234236,4,wheat/winter wheat,14.6,20.6,26,0,26.759,65,2.5,0,0,5.4,9870.7,23589.1,2.4468,1994-10-04,9,1.1794309596682293,True,13.245268640938136,0.26365755134376234
BKR101_P001,101,P001,1995,4,309,1995-08-02,214,302,133,488,0,0,234236,4,wheat/winter wheat,13.6,19.2,25.1,0,24.535,65,1.7,0,13.245,4.6,9955.7,23668.3,2.2975,1994-10-04,9,1.1794309596682293,True,13.245268640938136,0.26365755134376234
BKR101_P001,101,P001,1995,4,309,1995-08-03,215,303,133,488,0,0,234236,4,wheat/winter wheat,10.1,19.9,27.7,0,23.499,62,1.9,0,0,4.8,9955.7,23668.3,2.1547,1994-10-04,9,1.1794309596682293,True,13.245268640938136,0.26365755134376234
BKR101_P001,101,P001,1995,4,309,1995-08-04,216,304,133,488,0,0,234236,4,wheat/winter wheat,15.9,19.1,23.5,4.9,12.104,85,2,0,0,2.5,9955.7,23668.3,2.1547,1994-10-04,9,1.1794309596682293,True,13.245268640938136,0.26365755134376234
BKR101_P001,101,P001,1995,4,309,1995-08-05,217,305,133,488,0,0,234236,4,wheat/winter wheat,14.6,19.9,25.8,0,22.493,70,1,0,0,4,9955.7,23668.3,2.1547,1994-10-04,9,1.1794309596682293,True,13.245268640938136,0.26365755134376234
BKR101_P001,101,P001,1995,4,309,1995-08-06,218,306,133,488,0,0,234236,4,wheat/winter wheat,11.8,20.2,27.8,0,25.477,63,1,0,0,4.5,9955.7,23668.3,2.1547,1994-10-04,9,1.1794309596682293,True,13.245268640938136,0.26365755134376234
BKR101_P001,101,P001,1995,4,309,1995-08-07,219,307,133,488,0,0,234236,4,wheat/winter wheat,14.4,20.3,26,0,24.653,62,2.5,0,0,5.2,9955.7,23668.3,2.1547,1994-10-04,9,1.1794309596682293,True,13.245268640938136,0.26365755134376234
BKR101_P001,101,P001,1995,4,309,1995-08-08,220,308,133,488,0,0,234236,4,wheat/winter wheat,11.5,17.6,22.8,0,23.488,62,3,0,0,5.2,9955.7,23668.3,2.1547,1994-10-04,9,1.1794309596682293,True,13.245268640938136,0.26365755134376234
BKR101_P001,101,P001,1996,5,318,1995-10-04,277,0,133,488,0,0,234236,5,wheat/winter wheat,12.7,16.4,21.4,0,9.677,88,2.5,0,0,1.3,0,53,0.0972,1995-10-04,9,1.1794309596682293,True,13.245268640938136,0.26365755134376234
BKR101_P001,101,P001,1996,5,318,1995-10-05,278,1,133,488,0,0,234236,5,wheat/winter wheat,10.9,15.6,21.7,0.1,9.065,86,1.8,0,0,1.3,0,53,0.0972,1995-10-04,9,1.1794309596682293,True,13.245268640938136,0.26365755134376234
BKR101_P001,101,P001,1996,5,318,1995-10-06,279,2,133,488,0,0,234236,5,wheat/winter wheat,12,14.7,18.1,0.5,8.957,88,0.6,0,0,1,0,53,0.0972,1995-10-04,9,1.1794309596682293,True,13.245268640938136,0.26365755134376234
BKR101_P001,101,P001,1996,5,318,1995-10-07,280,3,133,488,0,0,234236,5,wheat/winter wheat,11.7,15.6,20.4,0,9.496,86,2,0,0,1.2,0,53,0.0972,1995-10-04,9,1.1794309596682293,True,13.245268640938136,0.26365755134376234
BKR101_P001,101,P001,1996,5,318,1995-10-08,281,4,133,488,0,0,234236,5,wheat/winter wheat,12.7,16.1,19.8,1.5,5.789,91,1.6,0,0,0.9,0,53,0.0972,1995-10-04,9,1.1794309596682293,True,13.245268640938136,0.26365755134376234
BKR101_P001,101,P001,1996,5,318,1995-10-09,282,5,133,488,0,0,234236,5,wheat/winter wheat,8.9,14.8,23.7,0.1,11.353,86,0.4,0,0,1.1,0,53,0.0972,1995-10-04,9,1.1794309596682293,True,13.245268640938136,0.26365755134376234
BKR101_P001,101,P001,1996,5,318,1995-10-10,283,6,133,488,0,0,234236,5,wheat/winter wheat,8.4,15.3,25.2,0,11.434,87,0.3,0,0,1.1,0,53,0.0972,1995-10-04,9,1.1794309596682293,True,13.245268640938136,0.26365755134376234
BKR101_P001,101,P001,1996,5,318,1995-10-11,284,7,133,488,0,0,234236,5,wheat/winter wheat,9.9,13.2,20,0.2,7.596,96,0.2,0,0,0.8,0,53,0.0972,1995-10-04,9,1.1794309596682293,True,13.245268640938136,0.26365755134376234
BKR101_P001,101,P001,1996,5,318,1995-10-12,285,8,133,488,0,0,234236,5,wheat/winter wheat,10.2,12.6,14,0.2,2.923,99,1.4,0,0,0.5,0,53,0.0972,1995-10-04,9,1.1794309596682293,True,13.245268640938136,0.26365755134376234
BKR101_P001,101,P001,1996,5,318,1995-10-13,286,9,133,488,0,0,234236,5,wheat/winter wheat,14,14.6,16,0,2.287,98,0.3,0,0,0.5,0,55.1,0.0972,1995-10-04,9,1.1794309596682293,True,13.245268640938136,0.26365755134376234
BKR101_P001,101,P001,1996,5,318,1995-10-14,287,10,133,488,0,0,234236,5,wheat/winter wheat,12.5,13.7,15.4,0,2.394,96,0.4,0,0,0.5,0,57.3,0.1008,1995-10-04,9,1.1794309596682293,True,13.245268640938136,0.26365755134376234
BKR101_P001,101,P001,1996,5,318,1995-10-15,288,11,133,488,0,0,234236,5,wheat/winter wheat,10.1,13.1,16.4,0,7.1,86,1.5,0,0,0.8,0,61.3,0.1047,1995-10-04,9,1.1794309596682293,True,13.245268640938136,0.26365755134376234
BKR101_P001,101,P001,1996,5,318,1995-10-16,289,12,133,488,0,0,234236,5,wheat/winter wheat,6.3,11.5,16,0,6.647,94,0.5,0,0,0.6,0,65.3,0.1116,1995-10-04,9,1.1794309596682293,True,13.245268640938136,0.26365755134376234
BKR101_P001,101,P001,1996,5,318,1995-10-17,290,13,133,488,0,0,234236,5,wheat/winter wheat,10.3,12.3,13.5,0,4.141,97,2,0,0,0.4,0,68.5,0.1185,1995-10-04,9,1.1794309596682293,True,13.245268640938136,0.26365755134376234
BKR101_P001,101,P001,1996,5,318,1995-10-18,291,14,133,488,0,0,234236,5,wheat/winter wheat,8.3,11.8,16.1,0.8,4.97,87,4.3,0,0,0.8,0,72.2,0.1242,1995-10-04,9,1.1794309596682293,True,13.245268640938136,0.26365755134376234
BKR101_P001,101,P001,1996,5,318,1995-10-19,292,15,133,488,0,0,234236,5,wheat/winter wheat,6.6,10.4,13.4,0.1,5.944,80,5.5,0,0,1.1,0,76.4,0.1305,1995-10-04,9,1.1794309596682293,True,13.245268640938136,0.26365755134376234
BKR101_P001,101,P001,1996,5,318,1995-10-20,293,16,133,488,0,0,234236,5,wheat/winter wheat,6.7,10.4,12.6,1.4,3.179,89,5.3,0,0,0.6,0,79.6,0.1379,1995-10-04,9,1.1794309596682293,True,13.245268640938136,0.26365755134376234
BKR101_P001,101,P001,1996,5,318,1995-10-21,294,17,133,488,0,0,234236,5,wheat/winter wheat,0.1,5.5,10.2,0,9.45,83,3,0,0,0.6,0,83.9,0.1434,1995-10-04,9,1.1794309596682293,True,13.245268640938136,0.26365755134376234
BKR101_P001,101,P001,1996,5,318,1995-10-22,295,18,133,488,0,0,234236,5,wheat/winter wheat,-1.8,3.8,10.7,0,9.038,81,1.8,0,0,0.5,0,88,0.1509,1995-10-04,9,1.1794309596682293,True,13.245268640938136,0.26365755134376234
BKR101_P001,101,P001,1996,5,318,1995-10-23,296,19,133,488,0,0,234236,5,wheat/winter wheat,-0.6,5.3,12.7,0,8.116,84,2,0,0,0.5,0,92.5,0.1579,1995-10-04,9,1.1794309596682293,True,13.245268640938136,0.26365755134376234
BKR101_P001,101,P001,1996,5,318,1995-10-24,297,20,133,488,0,0,234236,5,wheat/winter wheat,1.9,7.8,16.6,0,9.246,77,1.4,0,0,0.6,0,97.6,0.1657,1995-10-04,9,1.1794309596682293,True,13.245268640938136,0.26365755134376234
BKR101_P001,101,P001,1996,5,318,1995-10-25,298,21,133,488,0,0,234236,5,wheat/winter wheat,1.8,9.4,15.6,0,8.864,70,2.8,0,0,1,0,103.4,0.1747,1995-10-04,9,1.1794309596682293,True,13.245268640938136,0.26365755134376234
BKR101_P001,101,P001,1996,5,318,1995-10-26,299,22,133,488,0,0,234236,5,wheat/winter wheat,3.2,6.9,11.1,0,5.91,99,1.6,0,0,0.2,0,108.6,0.1847,1995-10-04,9,1.1794309596682293,True,13.245268640938136,0.26365755134376234
BKR101_P001,101,P001,1996,5,318,1995-10-27,300,23,133,488,0,0,234236,5,wheat/winter wheat,7.3,13.5,17.8,1.3,6.166,78,3.7,0,0,1.1,0,115.4,0.1938,1995-10-04,9,1.1794309596682293,True,13.245268640938136,0.26365755134376234
BKR101_P001,101,P001,1996,5,318,1995-10-28,301,24,133,488,0,0,234236,5,wheat/winter wheat,4.4,10.1,13.7,0.1,7.568,86,2.8,0,0,0.5,0,122.1,0.2056,1995-10-04,9,1.1794309596682293,True,13.245268640938136,0.26365755134376234
BKR101_P001,101,P001,1996,5,318,1995-10-29,302,25,133,488,0,0,234236,5,wheat/winter wheat,1.4,4.9,10.2,0,6.373,95,1.1,0,0,0.2,0,127.7,0.2173,1995-10-04,9,1.1794309596682293,True,13.245268640938136,0.26365755134376234
BKR101_P001,101,P001,1996,5,318,1995-10-30,303,26,133,488,0,0,234236,5,wheat/winter wheat,0.2,5.6,9.7,0.1,3.357,96,0.8,0,0,0.2,0,132,0.2269,1995-10-04,9,1.1794309596682293,True,13.245268640938136,0.26365755134376234
BKR101_P001,101,P001,1996,5,318,1995-10-31,304,27,133,488,0,0,234236,5,wheat/winter wheat,-0.4,4.4,9.3,4.8,6.393,96,3.8,0,0,0.1,0,137.7,0.2345,1995-10-04,9,1.1794309596682293,True,13.245268640938136,0.26365755134376234
BKR101_P001,101,P001,1996,5,318,1995-11-01,305,28,133,488,0,0,234236,5,wheat/winter wheat,4.3,7.1,9.1,2.5,2.809,95,4.2,0,0,0.2,0,142.1,0.2444,1995-10-04,9,1.1794309596682293,True,13.245268640938136,0.26365755134376234
BKR101_P001,101,P001,1996,5,318,1995-11-02,306,29,133,488,0,0,234236,5,wheat/winter wheat,0.8,3,4.4,1.7,4.261,92,3.4,0,0,0.2,0,147.1,0.2521,1995-10-04,9,1.1794309596682293,True,13.245268640938136,0.26365755134376234
BKR101_P001,101,P001,1996,5,318,1995-11-03,307,30,133,488,0,0,234236,5,wheat/winter wheat,-0.4,2.3,5.4,4,4.065,93,5.1,0,0,0.2,0,151.8,0.2606,1995-10-04,9,1.1794309596682293,True,13.245268640938136,0.26365755134376234
BKR101_P001,101,P001,1996,5,318,1995-11-04,308,31,133,488,0,0,234236,5,wheat/winter wheat,-0.2,0.9,2.3,3.5,3.633,92,5.2,0,0,0.2,0,156.1,0.2688,1995-10-04,9,1.1794309596682293,True,13.245268640938136,0.26365755134376234
BKR101_P001,101,P001,1996,5,318,1995-11-05,309,32,133,488,0,0,234236,5,wheat/winter wheat,-1.9,0.2,2.8,0,8.423,78,3.3,0,0,0.2,0,160.9,0.2763,1995-10-04,9,1.1794309596682293,True,13.245268640938136,0.26365755134376234
BKR101_P001,101,P001,1996,5,318,1995-11-06,310,33,133,488,0,0,234236,5,wheat/winter wheat,-1,2.4,6.6,4.8,1.219,93,5.3,0,0,0.2,0,163.9,0.2847,1995-10-04,9,1.1794309596682293,True,13.245268640938136,0.26365755134376234
BKR101_P001,101,P001,1996,5,318,1995-11-07,311,34,133,488,0,0,234236,5,wheat/winter wheat,-2.4,3.4,6.8,2.7,7.42,80,2.1,0,0,0.2,0,170,0.2899,1995-10-04,9,1.1794309596682293,True,13.245268640938136,0.26365755134376234
BKR101_P001,101,P001,1996,5,318,1995-11-08,312,35,133,488,0,0,234236,5,wheat/winter wheat,-4.4,-0.6,3.8,0,6.514,88,0.7,0,0,0,0,169.9,0.3004,1995-10-04,9,1.1794309596682293,True,13.245268640938136,0.26365755134376234
BKR101_P001,101,P001,1996,5,318,1995-11-09,313,36,133,488,0,0,234236,5,wheat/winter wheat,0.3,2.7,4.2,0.4,1.487,98,1.1,0,0,0.2,0,173.2,0.3003,1995-10-04,9,1.1794309596682293,True,13.245268640938136,0.26365755134376234
BKR101_P001,101,P001,1996,5,318,1995-11-10,314,37,133,488,0,0,234236,5,wheat/winter wheat,3.4,5.9,9.3,0,2.151,99,1.6,0,0,0.1,0,177.4,0.306,1995-10-04,9,1.1794309596682293,True,13.245268640938136,0.26365755134376234
BKR101_P001,101,P001,1996,5,318,1995-11-11,315,38,133,488,0,0,234236,5,wheat/winter wheat,2.3,4.1,6.8,0,3.129,98,2.5,0,0,0.1,0,182.7,0.3133,1995-10-04,9,1.1794309596682293,True,13.245268640938136,0.26365755134376234
BKR101_P001,101,P001,1996,5,318,1995-11-12,316,39,133,488,0,0,234236,5,wheat/winter wheat,-1.4,3.4,6.8,0,3.697,89,3.6,0,0,0.2,0,188.6,0.3224,1995-10-04,9,1.1794309596682293,True,13.245268640938136,0.26365755134376234
BKR101_P001,101,P001,1996,5,318,1995-11-13,317,40,133,488,0,0,234236,5,wheat/winter wheat,-4,-1.7,0.2,0,5.087,98,1.3,0,0,0,0,188.5,0.3327,1995-10-04,9,1.1794309596682293,True,13.245268640938136,0.26365755134376234
BKR101_P001,101,P001,1996,5,318,1995-11-14,318,41,133,488,0,0,234236,5,wheat/winter wheat,-0.6,2,4,0,1.055,98,1.1,0,0,0.2,0,191.4,0.3326,1995-10-04,9,1.1794309596682293,True,13.245268640938136,0.26365755134376234
BKR101_P001,101,P001,1996,5,318,1995-11-15,319,42,133,488,0,0,234236,5,wheat/winter wheat,5.1,7.4,8.8,0,3.746,91,4.1,0,0,0.2,0,198.7,0.3375,1995-10-04,9,1.1794309596682293,True,13.245268640938136,0.26365755134376234
BKR101_P001,101,P001,1996,5,318,1995-11-16,320,43,133,488,0,0,234236,5,wheat/winter wheat,6.9,8.6,10,1.2,3.337,95,4.9,0,0,0.2,0,206,0.35,1995-10-04,9,1.1794309596682293,True,13.245268640938136,0.26365755134376234
BKR101_P001,101,P001,1996,5,318,1995-11-17,321,44,133,488,0,0,234236,5,wheat/winter wheat,-1.8,3,9.1,0.3,4.647,70,6.4,0,0,0.6,0,212.2,0.3625,1995-10-04,9,1.1794309596682293,True,13.245268640938136,0.26365755134376234
BKR101_P001,101,P001,1996,5,318,1995-11-18,322,45,133,488,0,0,234236,5,wheat/winter wheat,-2.9,-1.1,1.3,0,4.291,83,5.4,0,0,0,0,212,0.3731,1995-10-04,9,1.1794309596682293,True,13.245268640938136,0.26365755134376234
BKR101_P001,101,P001,1996,5,318,1995-11-19,323,46,133,488,0,0,234236,5,wheat/winter wheat,-0.3,1.7,3.9,2.4,3.922,95,4.4,0,0,0,0,217.9,0.373,1995-10-04,9,1.1794309596682293,True,13.245268640938136,0.26365755134376234
BKR101_P001,101,P001,1996,5,318,1995-11-20,324,47,133,488,0,0,234236,5,wheat/winter wheat,-4.5,-1.1,2.3,0,6.596,90,3,0,0,0,0,217.8,0.3829,1995-10-04,9,1.1794309596682293,True,13.245268640938136,0.26365755134376234
BKR101_P001,101,P001,1996,5,318,1995-11-21,325,48,133,488,0,0,234236,5,wheat/winter wheat,-6.9,-3.8,1.3,0,5.629,95,1.2,0,0,0,0,217.7,0.3828,1995-10-04,9,1.1794309596682293,True,13.245268640938136,0.26365755134376234
BKR101_P001,101,P001,1996,5,318,1995-11-22,326,49,133,488,0,0,234236,5,wheat/winter wheat,-6.5,-3.6,0.5,0,6.096,89,1.9,0,0,0,0,217.6,0.3827,1995-10-04,9,1.1794309596682293,True,13.245268640938136,0.26365755134376234
BKR101_P001,101,P001,1996,5,318,1995-11-23,327,50,133,488,0,0,234236,5,wheat/winter wheat,-3.1,0.7,3.5,0,1.307,98,3.4,0,0,0.1,0,220.8,0.3826,1995-10-04,9,1.1794309596682293,True,13.245268640938136,0.26365755134376234
BKR101_P001,101,P001,1996,5,318,1995-11-24,328,51,133,488,0,0,234236,5,wheat/winter wheat,0,4,6.1,0,1.818,97,4.4,0,0,0.1,0,225.3,0.3881,1995-10-04,9,1.1794309596682293,True,13.245268640938136,0.26365755134376234
BKR101_P001,101,P001,1996,5,318,1995-11-25,329,52,133,488,0,0,234236,5,wheat/winter wheat,-2.4,-0.7,3.2,0,3.674,99,0.8,0,0,0,0,225.1,0.3958,1995-10-04,9,1.1794309596682293,True,13.245268640938136,0.26365755134376234
BKR101_P001,101,P001,1996,5,318,1995-11-26,330,53,133,488,0,0,234236,5,wheat/winter wheat,-3.6,-1.8,1.4,0,4.297,99,1.1,0,0,0,0,225,0.3956,1995-10-04,9,1.1794309596682293,True,13.245268640938136,0.26365755134376234
BKR101_P001,101,P001,1996,5,318,1995-11-27,331,54,133,488,0,0,234236,5,wheat/winter wheat,-4.6,-2.4,0.1,0,4.493,97,1.6,0,0,0,0,224.9,0.3955,1995-10-04,9,1.1794309596682293,True,13.245268640938136,0.26365755134376234
BKR101_P001,101,P001,1996,5,318,1995-11-28,332,55,133,488,0,0,234236,5,wheat/winter wheat,-3.3,-1.4,0.7,0,0.972,99,3.1,0,0,0,0,224.8,0.3954,1995-10-04,9,1.1794309596682293,True,13.245268640938136,0.26365755134376234
BKR101_P001,101,P001,1996,5,318,1995-11-29,333,56,133,488,0,0,234236,5,wheat/winter wheat,-1,0,0.6,0,0.76,99,3.4,0,0,0.1,0,227.1,0.3953,1995-10-04,9,1.1794309596682293,True,13.245268640938136,0.26365755134376234
BKR101_P001,101,P001,1996,5,318,1995-11-30,334,57,133,488,0,0,234236,5,wheat/winter wheat,-3.9,-2.5,-1.2,0,1.203,97,2.7,0,0,0,0,227,0.3992,1995-10-04,9,1.1794309596682293,True,13.245268640938136,0.26365755134376234
BKR101_P001,101,P001,1996,5,318,1995-12-01,335,58,133,488,0,0,234236,5,wheat/winter wheat,-6.3,-4.4,-2.2,0,3.944,93,2.7,0,0,0,0,226.9,0.3991,1995-10-04,9,1.1794309596682293,True,13.245268640938136,0.26365755134376234
BKR101_P001,101,P001,1996,5,318,1995-12-02,336,59,133,488,0,0,234236,5,wheat/winter wheat,-3.5,-2.8,-2.1,0,0.973,91,3.2,0,0,0,0,226.8,0.399,1995-10-04,9,1.1794309596682293,True,13.245268640938136,0.26365755134376234
BKR101_P001,101,P001,1996,5,318,1995-12-03,337,60,133,488,0,0,234236,5,wheat/winter wheat,-5.2,-3.2,-1.2,0,2.301,95,2.5,0,0,0,0,226.6,0.3989,1995-10-04,9,1.1794309596682293,True,13.245268640938136,0.26365755134376234
BKR101_P001,101,P001,1996,5,318,1995-12-04,338,61,133,488,0,0,234236,5,wheat/winter wheat,-4.3,-2.2,-1,0,1.355,81,3.8,0,0,0,0,226.5,0.3988,1995-10-04,9,1.1794309596682293,True,13.245268640938136,0.26365755134376234
BKR101_P001,101,P001,1996,5,318,1995-12-05,339,62,133,488,0,0,234236,5,wheat/winter wheat,-7.9,-5.7,-3.4,0,3.667,74,5.6,0,0,0,0,226.4,0.3987,1995-10-04,9,1.1794309596682293,True,13.245268640938136,0.26365755134376234
BKR101_P001,101,P001,1996,5,318,1995-12-06,340,63,133,488,0,0,234236,5,wheat/winter wheat,-8.2,-6.9,-5,0,1.892,87,5.7,0,0,0,0,226.4,0.3986,1995-10-04,9,1.1794309596682293,True,13.245268640938136,0.26365755134376234
BKR101_P001,101,P001,1996,5,318,1995-12-07,341,64,133,488,0,0,234236,5,wheat/winter wheat,-5.1,-4.3,-2.9,3.7,0.967,94,5.5,0,0,0,0,226.3,0.3985,1995-10-04,9,1.1794309596682293,True,13.245268640938136,0.26365755134376234
BKR101_P001,101,P001,1996,5,318,1995-12-08,342,65,133,488,0,0,234236,5,wheat/winter wheat,-3.1,-2,-0.4,0,3.28,99,1.6,0,0,0,0,226.1,0.3984,1995-10-04,9,1.1794309596682293,True,13.245268640938136,0.26365755134376234
BKR101_P001,101,P001,1996,5,318,1995-12-09,343,66,133,488,0,0,234236,5,wheat/winter wheat,-2.1,-1.7,-1,0,0.957,99,1,0,0,0,0,226,0.3983,1995-10-04,9,1.1794309596682293,True,13.245268640938136,0.26365755134376234
BKR101_P001,101,P001,1996,5,318,1995-12-10,344,67,133,488,0,0,234236,5,wheat/winter wheat,-0.9,-0.2,0.1,0.3,1.262,99,2.9,0,0,0,0,225.9,0.3982,1995-10-04,9,1.1794309596682293,True,13.245268640938136,0.26365755134376234
BKR101_P001,101,P001,1996,5,318,1995-12-11,345,68,133,488,0,0,234236,5,wheat/winter wheat,-0.3,1,2.3,0.2,1.577,99,3.7,0,0,0,0,229.7,0.3981,1995-10-04,9,1.1794309596682293,True,13.245268640938136,0.26365755134376234
BKR101_P001,101,P001,1996,5,318,1995-12-12,346,69,133,488,0,0,234236,5,wheat/winter wheat,-0.6,0.5,1.6,0,1.358,88,3.5,0,0,0.1,0,233.1,0.4046,1995-10-04,9,1.1794309596682293,True,13.245268640938136,0.26365755134376234
BKR101_P001,101,P001,1996,5,318,1995-12-13,347,70,133,488,0,0,234236,5,wheat/winter wheat,-1.3,-1.1,-0.7,0.1,1.241,99,0.4,0,0,0,0,233,0.4103,1995-10-04,9,1.1794309596682293,True,13.245268640938136,0.26365755134376234
BKR101_P001,101,P001,1996,5,318,1995-12-14,348,71,133,488,0,0,234236,5,wheat/winter wheat,-5.5,-1,0.7,0,1.467,93,2.6,0,0,0,0,232.8,0.4102,1995-10-04,9,1.1794309596682293,True,13.245268640938136,0.26365755134376234
BKR101_P001,101,P001,1996,5,318,1995-12-15,349,72,133,488,0,0,234236,5,wheat/winter wheat,-7.5,-6.6,-5.6,0,3.778,97,0.8,0,0,0,0,232.7,0.4101,1995-10-04,9,1.1794309596682293,True,13.245268640938136,0.26365755134376234
BKR101_P001,101,P001,1996,5,318,1995-12-16,350,73,133,488,0,0,234236,5,wheat/winter wheat,-8.8,-7.2,-6,0,2.171,98,2.8,0,0,0,0,232.7,0.41,1995-10-04,9,1.1794309596682293,True,13.245268640938136,0.26365755134376234
BKR101_P001,101,P001,1996,5,318,1995-12-17,351,74,133,488,0,0,234236,5,wheat/winter wheat,-8.9,-6.4,-4,0,1.142,99,0.5,0,0,0,0,232.6,0.4099,1995-10-04,9,1.1794309596682293,True,13.245268640938136,0.26365755134376234
BKR101_P001,101,P001,1996,5,318,1995-12-18,352,75,133,488,0,0,234236,5,wheat/winter wheat,-3.8,-2.4,-1.6,0,1.045,99,0.5,0,0,0,0,232.5,0.4099,1995-10-04,9,1.1794309596682293,True,13.245268640938136,0.26365755134376234
BKR101_P001,101,P001,1996,5,318,1995-12-19,353,76,133,488,0,0,234236,5,wheat/winter wheat,-2.6,-1.1,0.4,0,1.158,99,2.7,0,0,0,0,232.3,0.4098,1995-10-04,9,1.1794309596682293,True,13.245268640938136,0.26365755134376234
BKR101_P001,101,P001,1996,5,318,1995-12-20,354,77,133,488,0,0,234236,5,wheat/winter wheat,-7.1,-1.5,1.1,0,1.878,90,2.8,0,0,0,0,232.2,0.4096,1995-10-04,9,1.1794309596682293,True,13.245268640938136,0.26365755134376234
BKR101_P001,101,P001,1996,5,318,1995-12-21,355,78,133,488,0,0,234236,5,wheat/winter wheat,-10.1,-7.5,-3.9,0,3.778,95,1.6,0,0,0,0,232.1,0.4095,1995-10-04,9,1.1794309596682293,True,13.245268640938136,0.26365755134376234
BKR101_P001,101,P001,1996,5,318,1995-12-22,356,79,133,488,0,0,234236,5,wheat/winter wheat,-10.9,-5.4,3.2,8.9,1.522,98,2,0,0,0,0,232,0.4095,1995-10-04,9,1.1794309596682293,True,13.245268640938136,0.26365755134376234
BKR101_P001,101,P001,1996,5,318,1995-12-23,357,80,133,488,0,0,234236,5,wheat/winter wheat,2.4,5.8,7.8,4.4,1.597,99,6,0,0,0,0,236.8,0.4094,1995-10-04,9,1.1794309596682293,True,13.245268640938136,0.26365755134376234
BKR101_P001,101,P001,1996,5,318,1995-12-24,358,81,133,488,0,0,234236,5,wheat/winter wheat,-5.3,-1.5,1.7,0.4,1.175,95,2.2,0,0,0,0,236.6,0.4173,1995-10-04,9,1.1794309596682293,True,13.245268640938136,0.26365755134376234
BKR101_P001,101,P001,1996,5,318,1995-12-25,359,82,133,488,0,0,234236,5,wheat/winter wheat,-6.4,-3.1,-0.9,0.6,0.931,98,3.1,0,0,0,0,236.5,0.4172,1995-10-04,9,1.1794309596682293,True,13.245268640938136,0.26365755134376234
BKR101_P001,101,P001,1996,5,318,1995-12-26,360,83,133,488,0,0,234236,5,wheat/winter wheat,-9.2,-3.6,-0.3,0.1,2.979,96,2.8,0,0,0,0,236.4,0.4171,1995-10-04,9,1.1794309596682293,True,13.245268640938136,0.26365755134376234
BKR101_P001,101,P001,1996,5,318,1995-12-27,361,84,133,488,0,0,234236,5,wheat/winter wheat,-12.1,-8.8,-6.8,0,3.079,98,0,0,0,0,0,236.3,0.417,1995-10-04,9,1.1794309596682293,True,13.245268640938136,0.26365755134376234
BKR101_P001,101,P001,1996,5,318,1995-12-28,362,85,133,488,0,0,234236,5,wheat/winter wheat,-10,-8,-6.7,0,1.233,99,1.2,0,0,0,0,236.3,0.417,1995-10-04,9,1.1794309596682293,True,13.245268640938136,0.26365755134376234
BKR101_P001,101,P001,1996,5,318,1995-12-29,363,86,133,488,0,0,234236,5,wheat/winter wheat,-13.8,-11.1,-9.1,0,2.856,96,0.5,0,0,0,0,236.2,0.4169,1995-10-04,9,1.1794309596682293,True,13.245268640938136,0.26365755134376234
BKR101_P001,101,P001,1996,5,318,1995-12-30,364,87,133,488,0,0,234236,5,wheat/winter wheat,-17.3,-14.2,-10.6,0,3.09,94,2.1,0,0,0,0,236.2,0.4168,1995-10-04,9,1.1794309596682293,True,13.245268640938136,0.26365755134376234
BKR101_P001,101,P001,1996,5,318,1995-12-31,365,88,133,488,0,0,234236,5,wheat/winter wheat,-15,-12.8,-10.6,0,2.215,91,5.2,0,0,0,0,236.1,0.4168,1995-10-04,9,1.1794309596682293,True,13.245268640938136,0.26365755134376234
BKR101_P001,101,P001,1996,5,318,1996-01-01,1,89,133,488,0,0,234236,5,wheat/winter wheat,-10.8,-9.4,-8,0,1.116,90,4.9,0,0,0,0,236,0.4167,1995-10-04,9,1.1794309596682293,True,13.245268640938136,0.26365755134376234
BKR101_P001,101,P001,1996,5,318,1996-01-02,2,90,133,488,0,0,234236,5,wheat/winter wheat,-9.4,-8.2,-6.8,0,1.585,91,2.7,0,0,0,0,235.9,0.4167,1995-10-04,9,1.1794309596682293,True,13.245268640938136,0.26365755134376234
BKR101_P001,101,P001,1996,5,318,1996-01-03,3,91,133,488,0,0,234236,5,wheat/winter wheat,-7.1,-3.6,-0.5,0,2.075,92,3,0,0,0,0,235.8,0.4166,1995-10-04,9,1.1794309596682293,True,13.245268640938136,0.26365755134376234
BKR101_P001,101,P001,1996,5,318,1996-01-04,4,92,133,488,0,0,234236,5,wheat/winter wheat,-7.8,-6.7,-4,0,2.51,88,1.8,0,0,0,0,235.7,0.4165,1995-10-04,9,1.1794309596682293,True,13.245268640938136,0.26365755134376234
BKR101_P001,101,P001,1996,5,318,1996-01-05,5,93,133,488,0,0,234236,5,wheat/winter wheat,-7.6,-5.4,-3.7,0,2.608,97,3.7,0,0,0,0,235.6,0.4164,1995-10-04,9,1.1794309596682293,True,13.245268640938136,0.26365755134376234
BKR101_P001,101,P001,1996,5,318,1996-01-06,6,94,133,488,0,0,234236,5,wheat/winter wheat,-6.4,-4,-3,0,1.376,90,5.4,0,0,0,0,235.5,0.4163,1995-10-04,9,1.1794309596682293,True,13.245268640938136,0.26365755134376234
BKR101_P001,101,P001,1996,5,318,1996-01-07,7,95,133,488,0,0,234236,5,wheat/winter wheat,-6.8,-3.2,-0.4,0.5,3.238,92,4,0,0,0,0,235.4,0.4162,1995-10-04,9,1.1794309596682293,True,13.245268640938136,0.26365755134376234
BKR101_P001,101,P001,1996,5,318,1996-01-08,8,96,133,488,0,0,234236,5,wheat/winter wheat,-0.6,0.1,0.9,0,1.5,99,1.5,0,0,0,0,239.1,0.4161,1995-10-04,9,1.1794309596682293,True,13.245268640938136,0.26365755134376234
BKR101_P001,101,P001,1996,5,318,1996-01-09,9,97,133,488,0,0,234236,5,wheat/winter wheat,-0.5,0.1,0.6,0,1.621,99,3.3,0,0,0,0,242.9,0.4222,1995-10-04,9,1.1794309596682293,True,13.245268640938136,0.26365755134376234
BKR101_P001,101,P001,1996,5,318,1996-01-10,10,98,133,488,0,0,234236,5,wheat/winter wheat,-0.6,0,0.6,0,1.731,99,3.3,0,0,0,0,247.1,0.4288,1995-10-04,9,1.1794309596682293,True,13.245268640938136,0.26365755134376234
BKR101_P001,101,P001,1996,5,318,1996-01-11,11,99,133,488,0,0,234236,5,wheat/winter wheat,-0.8,-0.5,-0.1,0,2.15,99,1.4,0,0,0,0,246.9,0.4358,1995-10-04,9,1.1794309596682293,True,13.245268640938136,0.26365755134376234
BKR101_P001,101,P001,1996,5,318,1996-01-12,12,100,133,488,0,0,234236,5,wheat/winter wheat,-1.5,-0.9,-0.4,0,2.297,99,0,0,0,0,0,246.8,0.4356,1995-10-04,9,1.1794309596682293,True,13.245268640938136,0.26365755134376234
BKR101_P001,101,P001,1996,5,318,1996-01-13,13,101,133,488,0,0,234236,5,wheat/winter wheat,-1.6,-1,-0.4,0,2.024,99,0,0,0,0,0,246.6,0.4355,1995-10-04,9,1.1794309596682293,True,13.245268640938136,0.26365755134376234
BKR101_P001,101,P001,1996,5,318,1996-01-14,14,102,133,488,0,0,234236,5,wheat/winter wheat,-1.6,-1,-0.4,0,1.04,99,0,0,0,0,0,246.5,0.4354,1995-10-04,9,1.1794309596682293,True,13.245268640938136,0.26365755134376234
BKR101_P001,101,P001,1996,5,318,1996-01-15,15,103,133,488,0,0,234236,5,wheat/winter wheat,-2.3,-1.5,-1,0,1.289,99,0,0,0,0,0,246.4,0.4353,1995-10-04,9,1.1794309596682293,True,13.245268640938136,0.26365755134376234
BKR101_P001,101,P001,1996,5,318,1996-01-16,16,104,133,488,0,0,234236,5,wheat/winter wheat,-4,-2.5,-1.1,0,1.598,99,0,0,0,0,0,246.2,0.4351,1995-10-04,9,1.1794309596682293,True,13.245268640938136,0.26365755134376234
BKR101_P001,101,P001,1996,5,318,1996-01-17,17,105,133,488,0,0,234236,5,wheat/winter wheat,-4.3,-4.1,-3.9,0,1.334,99,0,0,0,0,0,246.1,0.435,1995-10-04,9,1.1794309596682293,True,13.245268640938136,0.26365755134376234
BKR101_P001,101,P001,1996,5,318,1996-01-18,18,106,133,488,0,0,234236,5,wheat/winter wheat,-4.2,-2.9,-1.7,0,1.263,99,0,0,0,0,0,246,0.4349,1995-10-04,9,1.1794309596682293,True,13.245268640938136,0.26365755134376234
BKR101_P001,101,P001,1996,5,318,1996-01-19,19,107,133,488,0,0,234236,5,wheat/winter wheat,-2.5,-1.2,0,0.1,1.352,97,1.8,0,0,0,0,245.9,0.4348,1995-10-04,9,1.1794309596682293,True,13.245268640938136,0.26365755134376234
BKR101_P001,101,P001,1996,5,318,1996-01-20,20,108,133,488,0,0,234236,5,wheat/winter wheat,-8.3,-6.4,-3.1,0,2.339,87,5.4,0,0,0,0,245.8,0.4347,1995-10-04,9,1.1794309596682293,True,13.245268640938136,0.26365755134376234
BKR101_P001,101,P001,1996,5,318,1996-01-21,21,109,133,488,0,0,234236,5,wheat/winter wheat,-9.9,-8.1,-4.9,0,4.723,87,3.9,0,0,0,0,245.7,0.4346,1995-10-04,9,1.1794309596682293,True,13.245268640938136,0.26365755134376234
BKR101_P001,101,P001,1996,5,318,1996-01-22,22,110,133,488,0,0,234236,5,wheat/winter wheat,-8.2,-6.9,-5.4,0,2.927,83,5.9,0,0,0,0,245.6,0.4345,1995-10-04,9,1.1794309596682293,True,13.245268640938136,0.26365755134376234
BKR101_P001,101,P001,1996,5,318,1996-01-23,23,111,133,488,0,0,234236,5,wheat/winter wheat,-9.8,-7.7,-4.5,0,5.707,73,5.8,0,0,0,0,245.5,0.4344,1995-10-04,9,1.1794309596682293,True,13.245268640938136,0.26365755134376234
BKR101_P001,101,P001,1996,5,318,1996-01-24,24,112,133,488,0,0,234236,5,wheat/winter wheat,-12.9,-9.8,-6.5,0,5.702,72,6.5,0,0,0,0,245.5,0.4343,1995-10-04,9,1.1794309596682293,True,13.245268640938136,0.26365755134376234
BKR101_P001,101,P001,1996,5,318,1996-01-25,25,113,133,488,0,0,234236,5,wheat/winter wheat,-14.4,-12.2,-8.7,0,5.76,75,5.5,0,0,0,0,245.4,0.4343,1995-10-04,9,1.1794309596682293,True,13.245268640938136,0.26365755134376234
BKR101_P001,101,P001,1996,5,318,1996-01-26,26,114,133,488,0,0,234236,5,wheat/winter wheat,-14.7,-11.9,-9.3,0,3.701,76,5.4,0,0,0,0,245.3,0.4342,1995-10-04,9,1.1794309596682293,True,13.245268640938136,0.26365755134376234
BKR101_P001,101,P001,1996,5,318,1996-01-27,27,115,133,488,0,0,234236,5,wheat/winter wheat,-13.6,-10.9,-8.7,0,2.698,81,3.8,0,0,0,0,245.3,0.4342,1995-10-04,9,1.1794309596682293,True,13.245268640938136,0.26365755134376234
BKR101_P001,101,P001,1996,5,318,1996-01-28,28,116,133,488,0,0,234236,5,wheat/winter wheat,-11.1,-7.7,-2.8,0,6.312,86,3.1,0,0,0,0,245.2,0.4341,1995-10-04,9,1.1794309596682293,True,13.245268640938136,0.26365755134376234
BKR101_P001,101,P001,1996,5,318,1996-01-29,29,117,133,488,0,0,234236,5,wheat/winter wheat,-10.3,-7.2,-2.3,0,7.236,83,2.8,0,0,0,0,245.1,0.434,1995-10-04,9,1.1794309596682293,True,13.245268640938136,0.26365755134376234
BKR101_P001,101,P001,1996,5,318,1996-01-30,30,118,133,488,0,0,234236,5,wheat/winter wheat,-8.8,-4.3,-1.6,0,1.433,91,1.7,0,0,0,0,245,0.4339,1995-10-04,9,1.1794309596682293,True,13.245268640938136,0.26365755134376234
BKR101_P001,101,P001,1996,5,318,1996-01-31,31,119,133,488,0,0,234236,5,wheat/winter wheat,-5.4,-3.4,-1.8,0,4.063,79,2.4,0,0,0,0,244.9,0.4338,1995-10-04,9,1.1794309596682293,True,13.245268640938136,0.26365755134376234
BKR101_P001,101,P001,1996,5,318,1996-02-01,32,120,133,488,0,0,234236,5,wheat/winter wheat,-8.5,-5.1,-1.3,0,7.194,79,2.6,0,0,0,0,244.8,0.4337,1995-10-04,9,1.1794309596682293,True,13.245268640938136,0.26365755134376234
BKR101_P001,101,P001,1996,5,318,1996-02-02,33,121,133,488,0,0,234236,5,wheat/winter wheat,-12,-8,-3.7,0,4.762,92,1,0,0,0,0,244.7,0.4337,1995-10-04,9,1.1794309596682293,True,13.245268640938136,0.26365755134376234
BKR101_P001,101,P001,1996,5,318,1996-02-03,34,122,133,488,0,0,234236,5,wheat/winter wheat,-6.9,-5.4,-2.8,0,3.321,90,1.1,0,0,0,0,244.6,0.4336,1995-10-04,9,1.1794309596682293,True,13.245268640938136,0.26365755134376234
BKR101_P001,101,P001,1996,5,318,1996-02-04,35,123,133,488,0,0,234236,5,wheat/winter wheat,-6.4,-4.6,-3.7,0.3,1.673,94,2.6,0,0,0,0,244.5,0.4335,1995-10-04,9,1.1794309596682293,True,13.245268640938136,0.26365755134376234
BKR101_P001,101,P001,1996,5,318,1996-02-05,36,124,133,488,0,0,234236,5,wheat/winter wheat,-13.2,-7.1,-4.3,0.9,6.86,85,0.6,0,0,0,0,244.4,0.4334,1995-10-04,9,1.1794309596682293,True,13.245268640938136,0.26365755134376234
BKR101_P001,101,P001,1996,5,318,1996-02-06,37,125,133,488,0,0,234236,5,wheat/winter wheat,-16.2,-11.2,-5.5,0,7.824,85,1.9,0,0,0,0,244.3,0.4333,1995-10-04,9,1.1794309596682293,True,13.245268640938136,0.26365755134376234
BKR101_P001,101,P001,1996,5,318,1996-02-07,38,126,133,488,0,0,234236,5,wheat/winter wheat,-15.2,-11.4,-6.6,0,7.723,83,3,0,0,0,0,244.3,0.4333,1995-10-04,9,1.1794309596682293,True,13.245268640938136,0.26365755134376234
BKR101_P001,101,P001,1996,5,318,1996-02-08,39,127,133,488,0,0,234236,5,wheat/winter wheat,-15.1,-12.6,-8.8,0,8.173,80,3.4,0,0,0,0,244.2,0.4332,1995-10-04,9,1.1794309596682293,True,13.245268640938136,0.26365755134376234
BKR101_P001,101,P001,1996,5,318,1996-02-09,40,128,133,488,0,0,234236,5,wheat/winter wheat,-18,-13.9,-7.9,0,8.293,82,3,0,0,0,0,244.2,0.4331,1995-10-04,9,1.1794309596682293,True,13.245268640938136,0.26365755134376234
BKR101_P001,101,P001,1996,5,318,1996-02-10,41,129,133,488,0,0,234236,5,wheat/winter wheat,-15.6,-12.1,-8.8,0,5.087,79,5.3,0,0,0,0,244.1,0.4331,1995-10-04,9,1.1794309596682293,True,13.245268640938136,0.26365755134376234
BKR101_P001,101,P001,1996,5,318,1996-02-11,42,130,133,488,0,0,234236,5,wheat/winter wheat,-9.3,-5.8,-2.8,0.1,3.616,89,3.7,0,0,0,0,244,0.433,1995-10-04,9,1.1794309596682293,True,13.245268640938136,0.26365755134376234
BKR101_P001,101,P001,1996,5,318,1996-02-12,43,131,133,488,0,0,234236,5,wheat/winter wheat,-3.1,0.7,4.6,0,6.845,85,4.1,0,0,0.3,0,252.5,0.433,1995-10-04,9,1.1794309596682293,True,13.245268640938136,0.26365755134376234
BKR101_P001,101,P001,1996,5,318,1996-02-13,44,132,133,488,0,0,234236,5,wheat/winter wheat,-2.5,-1.1,0.5,0.7,2.83,92,4.3,0,0,0,0,252.4,0.4473,1995-10-04,9,1.1794309596682293,True,13.245268640938136,0.26365755134376234
BKR101_P001,101,P001,1996,5,318,1996-02-14,45,133,133,488,0,0,234236,5,wheat/winter wheat,-3.1,-1.8,-0.5,0,2.011,90,4,0,0,0,0,252.3,0.4472,1995-10-04,9,1.1794309596682293,True,13.245268640938136,0.26365755134376234
BKR101_P001,101,P001,1996,5,318,1996-02-15,46,134,133,488,0,0,234236,5,wheat/winter wheat,-4.3,-2.2,-0.7,0,7.489,81,4.8,0,0,0,0,252.1,0.4471,1995-10-04,9,1.1794309596682293,True,13.245268640938136,0.26365755134376234
BKR101_P001,101,P001,1996,5,318,1996-02-16,47,135,133,488,0,0,234236,5,wheat/winter wheat,-1.2,2.1,4.3,1.9,1.805,96,7.9,0,0,0.1,0,258.3,0.447,1995-10-04,9,1.1794309596682293,True,13.245268640938136,0.26365755134376234
BKR101_P001,101,P001,1996,5,318,1996-02-17,48,136,133,488,0,0,234236,5,wheat/winter wheat,-0.5,1.5,3,2.2,3.287,89,6.4,0,0,0.3,0,265.8,0.4574,1995-10-04,9,1.1794309596682293,True,13.245268640938136,0.26365755134376234
BKR101_P001,101,P001,1996,5,318,1996-02-18,49,137,133,488,0,0,234236,5,wheat/winter wheat,-1.3,0.4,1.8,5.2,3.391,95,4.5,0,0,0.2,0,273.1,0.4699,1995-10-04,9,1.1794309596682293,True,13.245268640938136,0.26365755134376234
BKR101_P001,101,P001,1996,5,318,1996-02-19,50,138,133,488,0,0,234236,5,wheat/winter wheat,0,1.4,3.5,0.1,3.787,96,2.9,0,0,0.2,0,281.4,0.4823,1995-10-04,9,1.1794309596682293,True,13.245268640938136,0.26365755134376234
BKR101_P001,101,P001,1996,5,318,1996-02-20,51,139,133,488,0,0,234236,5,wheat/winter wheat,-3.2,-1,0.7,0,1.361,93,5,0,0,0,0,281.2,0.4962,1995-10-04,9,1.1794309596682293,True,13.245268640938136,0.26365755134376234
BKR101_P001,101,P001,1996,5,318,1996-02-21,52,140,133,488,0,0,234236,5,wheat/winter wheat,-5.6,-3.7,-1.6,0.3,4.138,93,5.8,0,0,0,0,281.1,0.4961,1995-10-04,9,1.1794309596682293,True,13.245268640938136,0.26365755134376234
BKR101_P001,101,P001,1996,5,318,1996-02-22,53,141,133,488,0,0,234236,5,wheat/winter wheat,-6.7,-5.4,-3.8,0,6.578,89,4.2,0,0,0,0,281,0.4959,1995-10-04,9,1.1794309596682293,True,13.245268640938136,0.26365755134376234
BKR101_P001,101,P001,1996,5,318,1996-02-23,54,142,133,488,0,0,234236,5,wheat/winter wheat,-10.5,-6.7,-4,0,9.397,87,2.7,0,0,0,0,280.9,0.4958,1995-10-04,9,1.1794309596682293,True,13.245268640938136,0.26365755134376234
BKR101_P001,101,P001,1996,5,318,1996-02-24,55,143,133,488,0,0,234236,5,wheat/winter wheat,-12.8,-7.8,-0.9,0,9.746,89,1,0,0,0,0,280.8,0.4958,1995-10-04,9,1.1794309596682293,True,13.245268640938136,0.26365755134376234
BKR101_P001,101,P001,1996,5,318,1996-02-25,56,144,133,488,0,0,234236,5,wheat/winter wheat,-10.5,-1.8,6,0,7.462,82,3.2,0,0,0,0,280.7,0.4957,1995-10-04,9,1.1794309596682293,True,13.245268640938136,0.26365755134376234
BKR101_P001,101,P001,1996,5,318,1996-02-26,57,145,133,488,0,0,234236,5,wheat/winter wheat,0.4,4.2,9.5,0,10.92,62,3.9,0,0,1.2,0,294.9,0.4955,1995-10-04,9,1.1794309596682293,True,13.245268640938136,0.26365755134376234
BKR101_P001,101,P001,1996,5,318,1996-02-27,58,146,133,488,0,0,234236,5,wheat/winter wheat,-2.5,0.6,5.1,0,10.587,91,1.5,0,0,0.4,0,307.1,0.5194,1995-10-04,9,1.1794309596682293,True,13.245268640938136,0.26365755134376234
BKR101_P001,101,P001,1996,5,318,1996-02-28,59,147,133,488,0,0,234236,5,wheat/winter wheat,-2.2,-1,-0.3,0,3.139,99,2.3,0,0,0,0,306.9,0.5397,1995-10-04,9,1.1794309596682293,True,13.245268640938136,0.26365755134376234
BKR101_P001,101,P001,1996,5,318,1996-02-29,60,148,133,488,0,0,234236,5,wheat/winter wheat,-2.8,-1.2,0.5,0,5.314,95,3.6,0,0,0,0,306.8,0.5395,1995-10-04,9,1.1794309596682293,True,13.245268640938136,0.26365755134376234
BKR101_P001,101,P001,1996,5,318,1996-03-01,61,149,133,488,0,0,234236,5,wheat/winter wheat,-1.5,0.1,2.3,0,11.151,71,5.3,0,0,0.8,0,319.5,0.5394,1995-10-04,9,1.1794309596682293,True,13.245268640938136,0.26365755134376234
BKR101_P001,101,P001,1996,5,318,1996-03-02,62,150,133,488,0,0,234236,5,wheat/winter wheat,-2.4,-0.9,1,0,7.93,80,4.1,0,0,0,0,319.3,0.5606,1995-10-04,9,1.1794309596682293,True,13.245268640938136,0.26365755134376234
BKR101_P001,101,P001,1996,5,318,1996-03-03,63,151,133,488,0,0,234236,5,wheat/winter wheat,-3.7,-2.2,-0.8,0,5.608,86,2.9,0,0,0,0,319.2,0.5605,1995-10-04,9,1.1794309596682293,True,13.245268640938136,0.26365755134376234
BKR101_P001,101,P001,1996,5,318,1996-03-04,64,152,133,488,0,0,234236,5,wheat/winter wheat,-5.7,-2.9,-0.2,0,8.482,80,1.9,0,0,0,0,319,0.5603,1995-10-04,9,1.1794309596682293,True,13.245268640938136,0.26365755134376234
BKR101_P001,101,P001,1996,5,318,1996-03-05,65,153,133,488,0,0,234236,5,wheat/winter wheat,-6.3,-1,3.8,0,9.938,80,2.5,0,0,0,0,318.9,0.5602,1995-10-04,9,1.1794309596682293,True,13.245268640938136,0.26365755134376234
BKR101_P001,101,P001,1996,5,318,1996-03-06,66,154,133,488,0,0,234236,5,wheat/winter wheat,-0.9,-0.3,0.5,0,3.15,96,2.4,0,0,0,0,318.7,0.5601,1995-10-04,9,1.1794309596682293,True,13.245268640938136,0.26365755134376234
BKR101_P001,101,P001,1996,5,318,1996-03-07,67,155,133,488,0,0,234236,5,wheat/winter wheat,-2.2,0.2,3.3,0,11.285,72,4.8,0,0,0.8,0,332.8,0.5599,1995-10-04,9,1.1794309596682293,True,13.245268640938136,0.26365755134376234
BKR101_P001,101,P001,1996,5,318,1996-03-08,68,156,133,488,0,0,234236,5,wheat/winter wheat,-4.6,-1.3,2.8,0,13.946,72,4.6,0,0,0,0,332.7,0.5835,1995-10-04,9,1.1794309596682293,True,13.245268640938136,0.26365755134376234
BKR101_P001,101,P001,1996,5,318,1996-03-09,69,157,133,488,0,0,234236,5,wheat/winter wheat,-5.8,-2,3,0,13.757,69,5.3,0,0,0,0,332.5,0.5834,1995-10-04,9,1.1794309596682293,True,13.245268640938136,0.26365755134376234
BKR101_P001,101,P001,1996,5,318,1996-03-10,70,158,133,488,0,0,234236,5,wheat/winter wheat,-6.7,-3,-0.9,0,6.416,77,3.8,0,0,0,0,332.4,0.5832,1995-10-04,9,1.1794309596682293,True,13.245268640938136,0.26365755134376234
BKR101_P001,101,P001,1996,5,318,1996-03-11,71,159,133,488,0,0,234236,5,wheat/winter wheat,-5.5,-3.7,-2.1,0,6.484,80,5.4,0,0,0,0,332.2,0.5831,1995-10-04,9,1.1794309596682293,True,13.245268640938136,0.26365755134376234
BKR101_P001,101,P001,1996,5,318,1996-03-12,72,160,133,488,0,0,234236,5,wheat/winter wheat,-7.2,-4.1,-0.9,0,10.358,78,3.9,0,0,0,0,332.1,0.5829,1995-10-04,9,1.1794309596682293,True,13.245268640938136,0.26365755134376234
BKR101_P001,101,P001,1996,5,318,1996-03-13,73,161,133,488,0,0,234236,5,wheat/winter wheat,-5.5,-3.1,-1.4,0,6.443,86,4.3,0,0,0,0,331.9,0.5828,1995-10-04,9,1.1794309596682293,True,13.245268640938136,0.26365755134376234
BKR101_P001,101,P001,1996,5,318,1996-03-14,74,162,133,488,0,0,234236,5,wheat/winter wheat,-1.9,-1,-0.1,0,4.945,90,3.4,0,0,0,0,331.8,0.5827,1995-10-04,9,1.1794309596682293,True,13.245268640938136,0.26365755134376234
BKR101_P001,101,P001,1996,5,318,1996-03-15,75,163,133,488,0,0,234236,5,wheat/winter wheat,-2.2,-0.7,1.3,0,8.523,85,3.5,0,0,0,0,331.6,0.5825,1995-10-04,9,1.1794309596682293,True,13.245268640938136,0.26365755134376234
BKR101_P001,101,P001,1996,5,318,1996-03-16,76,164,133,488,0,0,234236,5,wheat/winter wheat,-0.4,0.2,0.6,0,2.851,91,6.1,0,0,0.3,0,343.2,0.5824,1995-10-04,9,1.1794309596682293,True,13.245268640938136,0.26365755134376234
BKR101_P001,101,P001,1996,5,318,1996-03-17,77,165,133,488,0,0,234236,5,wheat/winter wheat,-0.2,0.6,1.7,0,2.834,90,4.6,0,0,0.4,0,355.5,0.6017,1995-10-04,9,1.1794309596682293,True,13.245268640938136,0.26365755134376234
BKR101_P001,101,P001,1996,5,318,1996-03-18,78,166,133,488,0,0,234236,5,wheat/winter wheat,-1.6,1.1,5.1,0,12.527,78,2.8,0,0,0.9,0,373.3,0.6222,1995-10-04,9,1.1794309596682293,True,13.245268640938136,0.26365755134376234
BKR101_P001,101,P001,1996,5,318,1996-03-19,79,167,133,488,0,0,234236,5,wheat/winter wheat,-3.5,0,4.4,0,13.529,84,2.4,0,0,0.8,0,391.1,0.6521,1995-10-04,9,1.1794309596682293,True,13.245268640938136,0.26365755134376234
BKR101_P001,101,P001,1996,5,318,1996-03-20,80,168,133,488,0,0,234236,5,wheat/winter wheat,-4.2,0.3,6.6,0,16.996,79,3.6,0,0,1,0,410.3,0.6818,1995-10-04,9,1.1794309596682293,True,13.245268640938136,0.26365755134376234
BKR101_P001,101,P001,1996,5,318,1996-03-21,81,169,133,488,0,0,234236,5,wheat/winter wheat,-4.3,-0.3,4.5,0,15.217,86,3.3,0,0,0,0,410,0.7137,1995-10-04,9,1.1794309596682293,True,13.245268640938136,0.26365755134376234
BKR101_P001,101,P001,1996,5,318,1996-03-22,82,170,133,488,0,0,234236,5,wheat/winter wheat,-1.8,2.5,8.1,0,12.311,82,3.6,0,0,1,0,432.1,0.7135,1995-10-04,9,1.1794309596682293,True,13.245268640938136,0.26365755134376234
BKR101_P001,101,P001,1996,5,318,1996-03-23,83,171,133,488,0,0,234236,5,wheat/winter wheat,-0.1,3.9,9.1,1.2,11.443,83,4.1,0,0,1,0,456.5,0.7502,1995-10-04,9,1.1794309596682293,True,13.245268640938136,0.26365755134376234
BKR101_P001,101,P001,1996,5,318,1996-03-24,84,172,133,488,0,0,234236,5,wheat/winter wheat,-0.3,2.6,3.6,5.1,2.504,99,2.7,0,0,0.3,0,475.1,0.7905,1995-10-04,9,1.1794309596682293,True,13.245268640938136,0.26365755134376234
BKR101_P001,101,P001,1996,5,318,1996-03-25,85,173,133,488,0,0,234236,5,wheat/winter wheat,-1.1,-0.1,1.6,0,3.842,98,1.9,0,0,0,0,474.9,0.8211,1995-10-04,9,1.1794309596682293,True,13.245268640938136,0.26365755134376234
BKR101_P001,101,P001,1996,5,318,1996-03-26,86,174,133,488,0,0,234236,5,wheat/winter wheat,-0.6,2.4,7.3,0,10.367,86,3.1,0,0,0.9,0,498.8,0.8208,1995-10-04,9,1.1794309596682293,True,13.245268640938136,0.26365755134376234
BKR101_P001,101,P001,1996,5,318,1996-03-27,87,175,133,488,0,0,234236,5,wheat/winter wheat,-1.7,1.8,6.2,0,19.894,57,4,0,0,1.7,0,526.9,0.86,1995-10-04,9,1.1794309596682293,True,13.245268640938136,0.26365755134376234
BKR101_P001,101,P001,1996,5,318,1996-03-28,88,176,133,488,0,0,234236,5,wheat/winter wheat,-2.6,1.7,5.8,0,12.514,62,3.9,0,0,1.4,0,553.8,0.9058,1995-10-04,9,1.1794309596682293,True,13.245268640938136,0.26365755134376234
BKR101_P001,101,P001,1996,5,318,1996-03-29,89,177,133,488,0,0,234236,5,wheat/winter wheat,-0.6,1.3,4.2,1.8,6.565,83,3.5,0,0,0.7,0,577.4,0.9496,1995-10-04,9,1.1794309596682293,True,13.245268640938136,0.26365755134376234
BKR101_P001,101,P001,1996,5,318,1996-03-30,90,178,133,488,0,0,234236,5,wheat/winter wheat,-0.1,0.6,2.3,2.3,6.956,95,3.6,0,0,0.5,0,601.2,0.9879,1995-10-04,9,1.1794309596682293,True,13.245268640938136,0.26365755134376234
BKR101_P001,101,P001,1996,5,318,1996-03-31,91,179,133,488,0,0,234236,5,wheat/winter wheat,-2.2,-0.4,1.4,0.2,9.749,92,3.2,0,0,0,0,600.9,1.0268,1995-10-04,9,1.1794309596682293,True,13.245268640938136,0.26365755134376234
BKR101_P001,101,P001,1996,5,318,1996-04-01,92,180,133,488,0,0,234236,5,wheat/winter wheat,-3.8,-0.6,3.1,0,16.014,83,1.3,0,0,0.1,0,600.6,1.0265,1995-10-04,9,1.1794309596682293,True,13.245268640938136,0.26365755134376234
BKR101_P001,101,P001,1996,5,318,1996-04-02,93,181,133,488,0,0,234236,5,wheat/winter wheat,-4,-0.2,3.2,0,17.018,80,1.5,0,0,0.1,0,600.3,1.0262,1995-10-04,9,1.1794309596682293,True,13.245268640938136,0.26365755134376234
BKR101_P001,101,P001,1996,5,318,1996-04-03,94,182,133,488,0,0,234236,5,wheat/winter wheat,-2.6,1,4.2,0,8.224,80,4.5,0,0,0.8,0,627,1.0259,1995-10-04,9,1.1794309596682293,True,13.245268640938136,0.26365755134376234
BKR101_P001,101,P001,1996,5,318,1996-04-04,95,183,133,488,0,0,234236,5,wheat/winter wheat,-0.2,3,8.8,0,12.215,83,4.1,0,0,1.1,0,660.6,1.0694,1995-10-04,9,1.1794309596682293,True,13.245268640938136,0.26365755134376234
BKR101_P001,101,P001,1996,5,318,1996-04-05,96,184,133,488,0,0,234236,5,wheat/winter wheat,-0.3,3.4,6.7,0,3.695,94,2,0,0,0.5,0,689.5,1.1237,1995-10-04,9,1.1794309596682293,True,13.245268640938136,0.26365755134376234
BKR101_P001,101,P001,1996,5,318,1996-04-06,97,185,133,488,0,0,234236,5,wheat/winter wheat,2.3,8.9,16.3,0,18.541,69,3.3,0,0,2.6,0,747.5,1.1703,1995-10-04,9,1.1794309596682293,True,13.245268640938136,0.26365755134376234
BKR101_P001,101,P001,1996,5,318,1996-04-07,98,186,133,488,0,0,234236,5,wheat/winter wheat,1.1,9,17,0,21.008,62,3,0,0,3,0,811.1,1.2615,1995-10-04,9,1.1794309596682293,True,13.245268640938136,0.26365755134376234
BKR101_P001,101,P001,1996,5,318,1996-04-08,99,187,133,488,0,0,234236,5,wheat/winter wheat,1.3,8.6,15.8,0,19.478,68,1.6,0,0,2.4,0,878.9,1.3589,1995-10-04,9,1.1794309596682293,True,13.245268640938136,0.26365755134376234
BKR101_P001,101,P001,1996,5,318,1996-04-09,100,188,133,488,0,0,234236,5,wheat/winter wheat,1.7,7.2,12.5,0,14.745,80,1.9,0,0,1.7,0,939.2,1.4604,1995-10-04,9,1.1794309596682293,True,13.245268640938136,0.26365755134376234
BKR101_P001,101,P001,1996,5,318,1996-04-10,101,189,133,488,0,0,234236,5,wheat/winter wheat,0.1,5.7,11.4,2,13.567,82,0.9,0,0,1.5,0,996.5,1.5489,1995-10-04,9,1.1794309596682293,True,13.245268640938136,0.26365755134376234
BKR101_P001,101,P001,1996,5,318,1996-04-11,102,190,133,488,0,0,234236,5,wheat/winter wheat,-1.9,1.9,5.8,2.2,3.257,88,4.1,0,0,0.6,0,1035.9,1.6318,1995-10-04,9,1.1794309596682293,True,13.245268640938136,0.26365755134376234
BKR101_P001,101,P001,1996,5,318,1996-04-12,103,191,133,488,0,0,234236,5,wheat/winter wheat,-3.7,-0.6,2.1,0.3,14.16,77,5.1,0,0,0,0,1035.4,1.6885,1995-10-04,9,1.1794309596682293,True,13.245268640938136,0.26365755134376234
BKR101_P001,101,P001,1996,5,318,1996-04-13,104,192,133,488,0,0,234236,5,wheat/winter wheat,-1.9,0.7,2,0.7,7.316,92,4.1,0,0,0.6,0,1077.7,1.688,1995-10-04,9,1.1794309596682293,True,13.245268640938136,0.26365755134376234
BKR101_P001,101,P001,1996,5,318,1996-04-14,105,193,133,488,0,0,234236,5,wheat/winter wheat,0.4,4.7,9.2,0,20.893,65,4.1,0,0,2.3,0,1150.3,1.749,1995-10-04,9,1.1794309596682293,True,13.245268640938136,0.26365755134376234
BKR101_P001,101,P001,1996,5,318,1996-04-15,106,194,133,488,0,0,234236,5,wheat/winter wheat,-1.7,6.1,13.5,0,23.446,51,2.3,0,0,2.9,0,1232.5,1.8525,1995-10-04,9,1.1794309596682293,True,13.245268640938136,0.26365755134376234
BKR101_P001,101,P001,1996,5,318,1996-04-16,107,195,133,488,0,0,234236,5,wheat/winter wheat,-0.6,7.5,14,0,23.525,49,1.5,0,0,2.9,0,1326.3,1.9678,1995-10-04,9,1.1794309596682293,True,13.245268640938136,0.26365755134376234
BKR101_P001,101,P001,1996,5,318,1996-04-17,108,196,133,488,0,0,234236,5,wheat/winter wheat,-0.6,8.9,17.4,0,23.207,51,2,0,0,3.3,0,1430.6,2.0968,1995-10-04,9,1.1794309596682293,True,13.245268640938136,0.26365755134376234
BKR101_P001,101,P001,1996,5,318,1996-04-18,109,197,133,488,0,0,234236,5,wheat/winter wheat,1.6,11.7,21.1,0,22.283,49,1.8,0,0,3.6,0,1550.4,2.2365,1995-10-04,9,1.1794309596682293,True,13.245268640938136,0.26365755134376234
BKR101_P001,101,P001,1996,5,318,1996-04-19,110,198,133,488,0,0,234236,5,wheat/winter wheat,3.5,13.4,22.1,0,19.999,53,1.5,0,0,3.4,0,1673.8,2.3915,1995-10-04,9,1.1794309596682293,True,13.245268640938136,0.26365755134376234
BKR101_P001,101,P001,1996,5,318,1996-04-20,111,199,133,488,0,0,234236,5,wheat/winter wheat,5.3,15.2,24,0,19.543,53,1.8,0,0,3.7,0,1803.5,2.5448,1995-10-04,9,1.1794309596682293,True,13.245268640938136,0.26365755134376234
BKR101_P001,101,P001,1996,5,318,1996-04-21,112,200,133,488,0,0,234236,5,wheat/winter wheat,7.8,17.6,26.6,0,22.254,51,2.1,0,0,4.6,0,1952,2.6983,1995-10-04,9,1.1794309596682293,True,13.245268640938136,0.26365755134376234
BKR101_P001,101,P001,1996,5,318,1996-04-22,113,201,133,488,0,0,234236,5,wheat/winter wheat,9,18.7,27.7,0,21.338,51,1.8,0,0,4.4,0,2101.1,2.8641,1995-10-04,9,1.1794309596682293,True,13.245268640938136,0.26365755134376234
BKR101_P001,101,P001,1996,5,318,1996-04-23,114,202,133,488,0,0,234236,5,wheat/winter wheat,9.7,19.7,28.4,0,22.003,52,2.5,0,0,5.1,0,2259.6,3.0205,1995-10-04,9,1.1794309596682293,True,13.245268640938136,0.26365755134376234
BKR101_P001,101,P001,1996,5,318,1996-04-24,115,203,133,488,0,0,234236,5,wheat/winter wheat,7.2,12.9,17.2,4.2,6.477,89,3.2,0,0,1.3,0,2346.7,3.1751,1995-10-04,9,1.1794309596682293,True,13.245268640938136,0.26365755134376234
BKR101_P001,101,P001,1996,5,318,1996-04-25,116,204,133,488,0,0,234236,5,wheat/winter wheat,6.2,11.5,16.7,0,19.097,71,3,0,0,3.1,0,2499.5,3.2564,1995-10-04,9,1.1794309596682293,True,13.245268640938136,0.26365755134376234
BKR101_P001,101,P001,1996,5,318,1996-04-26,117,205,133,488,0,0,234236,5,wheat/winter wheat,5.4,10,14.6,0.1,13.043,81,4.1,0,0,2.1,0,2622.3,3.3931,1995-10-04,9,1.1794309596682293,True,13.245268640938136,0.26365755134376234
BKR101_P001,101,P001,1996,5,318,1996-04-27,118,206,133,488,0,0,234236,5,wheat/winter wheat,1.9,10.4,17.7,0,25.81,67,1.5,0,0,3.4,0,2803.6,3.499,1995-10-04,9,1.1794309596682293,True,13.245268640938136,0.26365755134376234
BKR101_P001,101,P001,1996,5,318,1996-04-28,119,207,133,488,0,0,234236,5,wheat/winter wheat,5.2,12.4,19.2,0,17.633,70,1.8,0,0,2.9,0,2960.4,3.6497,1995-10-04,9,1.1794309596682293,True,13.245268640938136,0.26365755134376234
BKR101_P001,101,P001,1996,5,318,1996-04-29,120,208,133,488,0,0,234236,5,wheat/winter wheat,6.2,9.5,13.3,3,16.542,72,2.1,0,0,2.5,0,3108.8,3.7738,1995-10-04,9,1.1794309596682293,True,13.245268640938136,0.26365755134376234
BKR101_P001,101,P001,1996,5,318,1996-04-30,121,209,133,488,0,0,234236,5,wheat/winter wheat,4.4,8.6,13.4,0,8.695,85,1.7,0,0,1.4,0,3217.1,3.887,1995-10-04,9,1.1794309596682293,True,13.245268640938136,0.26365755134376234
BKR101_P001,101,P001,1996,5,318,1996-05-01,122,210,133,488,0,0,234236,5,wheat/winter wheat,6.3,11,16.5,0,19.541,83,1.7,0,0,2.6,0,3390.6,3.967,1995-10-04,9,1.1794309596682293,True,13.245268640938136,0.26365755134376234
BKR101_P001,101,P001,1996,5,318,1996-05-02,123,211,133,488,0,0,234236,5,wheat/winter wheat,6.2,10,14,0.1,6.53,96,1.4,0,0,1.1,0,3492.4,4.0895,1995-10-04,9,1.1794309596682293,True,13.245268640938136,0.26365755134376234
BKR101_P001,101,P001,1996,5,318,1996-05-03,124,212,133,488,0,0,234236,5,wheat/winter wheat,5.1,11,19.1,20.4,13.698,92,2.1,0,0,1.9,0,3632.8,4.1585,1995-10-04,9,1.1794309596682293,True,13.245268640938136,0.26365755134376234
BKR101_P001,101,P001,1996,5,318,1996-05-04,125,213,133,488,0,0,234236,5,wheat/winter wheat,6.5,9,10.8,4.2,5.827,83,4.9,0,0,1.4,0,3736.1,4.249,1995-10-04,9,1.1794309596682293,True,13.245268640938136,0.26365755134376234
BKR101_P001,101,P001,1996,5,318,1996-05-05,126,214,133,488,0,0,234236,5,wheat/winter wheat,3.6,6.6,9.3,0,14.183,65,5.1,0,0,2.5,0,3878,4.313,1995-10-04,9,1.1794309596682293,True,13.245268640938136,0.26365755134376234
BKR101_P001,101,P001,1996,5,318,1996-05-06,127,215,133,488,0,0,234236,5,wheat/winter wheat,0.1,7.7,12.5,0,23.285,65,1.4,0,0,2.9,0,4072.6,4.3985,1995-10-04,9,1.1794309596682293,True,13.245268640938136,0.26365755134376234
BKR101_P001,101,P001,1996,5,318,1996-05-07,128,216,133,488,0,0,234236,5,wheat/winter wheat,6.8,8.4,11,0.1,8.644,80,2.4,0,0,1.6,0,4193.2,4.5118,1995-10-04,9,1.1794309596682293,True,13.245268640938136,0.26365755134376234
BKR101_P001,101,P001,1996,5,318,1996-05-08,129,217,133,488,0,0,234236,5,wheat/winter wheat,5.7,7,8.6,17,3.893,94,3.8,0,0,0.7,0,4297.9,4.5793,1995-10-04,9,1.1794309596682293,True,13.245268640938136,0.26365755134376234
BKR101_P001,101,P001,1996,5,318,1996-05-09,130,218,133,488,0,0,234236,5,wheat/winter wheat,4.6,5.3,6.1,0.3,2.341,95,5.3,0,0,0.5,0,4403.3,4.6359,1995-10-04,9,1.1794309596682293,True,13.245268640938136,0.26365755134376234
BKR101_P001,101,P001,1996,5,318,1996-05-10,131,219,133,488,0,0,234236,5,wheat/winter wheat,4.1,5.3,6.2,3.6,4.515,98,2,0,0,0.7,0,4510.1,4.6916,1995-10-04,9,1.1794309596682293,True,13.245268640938136,0.26365755134376234
BKR101_P001,101,P001,1996,5,318,1996-05-11,132,220,133,488,0,0,234236,5,wheat/winter wheat,5.5,8.8,12.5,0,11.225,89,0.9,0,0,1.6,0,4649.5,4.7464,1995-10-04,9,1.1794309596682293,True,13.245268640938136,0.26365755134376234
BKR101_P001,101,P001,1996,5,318,1996-05-12,133,221,133,488,0,0,234236,5,wheat/winter wheat,6.7,8.8,10.2,0,5.852,97,2.6,0,0,0.9,0,4760.7,4.8172,1995-10-04,9,1.1794309596682293,True,13.245268640938136,0.26365755134376234
BKR101_P001,101,P001,1996,5,318,1996-05-13,134,222,133,488,0,0,234236,5,wheat/winter wheat,8.2,13.4,19.2,0,17.335,88,2.5,0,0,2.6,0,4943.8,4.8733,1995-10-04,9,1.1794309596682293,True,13.245268640938136,0.26365755134376234
BKR101_P001,101,P001,1996,5,318,1996-05-14,135,223,133,488,0,0,234236,5,wheat/winter wheat,10.3,13.2,18.1,0,20.575,89,3.8,0,0,2.9,0,5150,4.965,1995-10-04,9,1.1794309596682293,True,13.245268640938136,0.26365755134376234
BKR101_P001,101,P001,1996,5,318,1996-05-15,136,224,133,488,0,0,234236,5,wheat/winter wheat,9.7,11.8,15.6,0.1,13.781,77,3,0,0,2.6,0,5317.7,5.0676,1995-10-04,9,1.1794309596682293,True,13.245268640938136,0.26365755134376234
BKR101_P001,101,P001,1996,5,318,1996-05-16,137,225,133,488,0,0,234236,5,wheat/winter wheat,7.1,9.3,11.4,0.4,12.032,80,1.5,0,0,1.9,0,5474.4,5.1506,1995-10-04,9,1.1794309596682293,True,13.245268640938136,0.26365755134376234
BKR101_P001,101,P001,1996,5,318,1996-05-17,138,226,133,488,0,0,234236,5,wheat/winter wheat,8.1,12.1,17.2,0.9,9.724,94,1.8,0,0,1.6,0,5609.7,5.2275,1995-10-04,9,1.1794309596682293,True,13.245268640938136,0.26365755134376234
BKR101_P001,101,P001,1996,5,318,1996-05-18,139,227,133,488,0,0,234236,5,wheat/winter wheat,10.5,16.6,22.1,4.8,21.699,76,2.2,0,0,3.9,0,5838,5.2934,1995-10-04,9,1.1794309596682293,True,13.245268640938136,0.26365755134376234
BKR101_P001,101,P001,1996,5,318,1996-05-19,140,228,133,488,0,0,234236,5,wheat/winter wheat,10.4,16.7,23.1,0.2,21.378,83,1.6,0,0,3.6,0,6059.3,5.4034,1995-10-04,9,1.1794309596682293,True,13.245268640938136,0.26365755134376234
BKR101_P001,101,P001,1996,5,318,1996-05-20,141,229,133,488,0,0,234236,5,wheat/winter wheat,7.6,11.2,15.7,18.6,7.498,88,3.5,0,0,1.5,0,6179.3,5.5092,1995-10-04,9,1.1794309596682293,True,13.245268640938136,0.26365755134376234
BKR101_P001,101,P001,1996,5,318,1996-05-21,142,230,133,488,0,0,234236,5,wheat/winter wheat,5.6,11.8,17.1,0,25.349,67,4.3,0,0,4.3,0,6435.5,5.5661,1995-10-04,9,1.1794309596682293,True,13.245268640938136,0.26365755134376234
BKR101_P001,101,P001,1996,5,318,1996-05-22,143,231,133,488,0,0,234236,5,wheat/winter wheat,8.1,11.9,15.1,0.5,14.548,73,2.3,0,0,2.6,0,6611.7,5.6868,1995-10-04,9,1.1794309596682293,True,13.245268640938136,0.26365755134376234
BKR101_P001,101,P001,1996,5,318,1996-05-23,144,232,133,488,0,0,234236,5,wheat/winter wheat,5.7,10.9,13.6,1.1,12.49,89,3.2,0,0,1.9,0,6774.7,5.7693,1995-10-04,9,1.1794309596682293,True,13.245268640938136,0.26365755134376234
BKR101_P001,101,P001,1996,5,318,1996-05-24,145,233,133,488,0,0,234236,5,wheat/winter wheat,10.5,14.9,19.6,1.7,18.011,84,3.9,0,0,3.1,0,6972.9,5.8449,1995-10-04,9,1.1794309596682293,True,13.245268640938136,0.26365755134376234
BKR101_P001,101,P001,1996,5,318,1996-05-25,146,234,133,488,0,0,234236,5,wheat/winter wheat,11.8,14.9,19.2,8.3,15.051,89,3.5,0,0,2.6,0,7145.5,5.9359,1995-10-04,9,1.1794309596682293,True,13.245268640938136,0.26365755134376234
BKR101_P001,101,P001,1996,5,318,1996-05-26,147,235,133,488,0,0,234236,5,wheat/winter wheat,8.3,12,15.7,5.4,20.084,80,4.4,0,0,3.2,0,7362.5,6.0146,1995-10-04,9,1.1794309596682293,True,13.245268640938136,0.26365755134376234
BKR101_P001,101,P001,1996,5,318,1996-05-27,148,236,133,488,0,0,234236,5,wheat/winter wheat,9.2,12.7,16.7,5.2,14.711,89,3.5,0,0,2.3,0,7536,6.1127,1995-10-04,9,1.1794309596682293,True,13.245268640938136,0.26365755134376234
BKR101_P001,101,P001,1996,5,318,1996-05-28,149,237,133,488,0,0,234236,5,wheat/winter wheat,5.8,8.1,11.3,3.3,9.803,87,5.6,0,0,1.6,0,7673.9,6.1906,1995-10-04,9,1.1794309596682293,True,13.245268640938136,0.26365755134376234
BKR101_P001,101,P001,1996,5,318,1996-05-29,150,238,133,488,0,0,234236,5,wheat/winter wheat,3.5,11.8,18.1,0,25.9,64,3.8,0,0,4.5,0,7932.5,6.2521,1995-10-04,9,1.1794309596682293,True,13.245268640938136,0.26365755134376234
BKR101_P001,101,P001,1996,5,318,1996-05-30,151,239,133,488,0,0,234236,5,wheat/winter wheat,13.6,18,22.1,0,14.866,78,1.8,0,0,3,0,8094,6.3663,1995-10-04,9,1.1794309596682293,True,13.245268640938136,0.26365755134376234
BKR101_P001,101,P001,1996,5,318,1996-05-31,152,240,133,488,0,0,234236,5,wheat/winter wheat,12.6,21.1,28.7,0,28.465,66,2.3,0,0,5.9,0,8342.7,6.4366,1995-10-04,9,1.1794309596682293,True,13.245268640938136,0.26365755134376234
BKR101_P001,101,P001,1996,5,318,1996-06-01,153,241,133,488,0,0,234236,5,wheat/winter wheat,11.2,15.9,21.5,0.3,21.989,82,2.8,0,0,3.8,0,8565.7,6.5436,1995-10-04,9,1.1794309596682293,True,13.245268640938136,0.26365755134376234
BKR101_P001,101,P001,1996,5,318,1996-06-02,154,242,133,488,0,0,234236,5,wheat/winter wheat,9.9,12.4,16.9,2.5,10.132,86,2.6,0,0,1.9,0,8697.9,6.6387,1995-10-04,9,1.1794309596682293,True,13.245268640938136,0.26365755134376234
BKR101_P001,101,P001,1996,5,318,1996-06-03,155,243,133,488,0,0,234236,5,wheat/winter wheat,10.7,12,14,3.9,7.394,92,2.2,0,0,1.4,0,8815,6.6945,1995-10-04,9,1.1794309596682293,True,13.245268640938136,0.26365755134376234
BKR101_P001,101,P001,1996,5,318,1996-06-04,156,244,133,488,0,0,234236,5,wheat/winter wheat,10.4,15.5,20.6,0,27.979,69,1.5,0,0,4.6,0,9092.7,6.7436,1995-10-04,9,1.1794309596682293,True,13.245268640938136,0.26365755134376234
BKR101_P001,101,P001,1996,5,318,1996-06-05,157,245,133,488,0,0,234236,5,wheat/winter wheat,11.4,17.6,23,0,25.865,69,1.1,0,0,4.5,0,9346.3,6.8584,1995-10-04,9,1.1794309596682293,True,13.245268640938136,0.26365755134376234
BKR101_P001,101,P001,1996,5,318,1996-06-06,158,246,133,488,0,0,234236,5,wheat/winter wheat,11.6,19.9,27.4,0,30.08,65,2.1,0,0,5.9,0,9614.2,6.9619,1995-10-04,9,1.1794309596682293,True,13.245268640938136,0.26365755134376234
BKR101_P001,101,P001,1996,5,318,1996-06-07,159,247,133,488,0,0,234236,5,wheat/winter wheat,13.4,22.2,29.1,0,28.922,66,1.3,0,0,5.6,0,9857.3,7.0695,1995-10-04,9,1.1794309596682293,True,13.245268640938136,0.26365755134376234
BKR101_P001,101,P001,1996,5,318,1996-06-08,160,248,133,488,0,0,234236,5,wheat/winter wheat,16.5,23.9,32,1.3,26.542,70,1.9,0,0,5.8,20,10053.9,7.1661,1995-10-04,9,1.1794309596682293,True,13.245268640938136,0.26365755134376234
BKR101_P001,101,P001,1996,5,318,1996-06-09,161,249,133,488,0,0,234236,5,wheat/winter wheat,16.5,21.4,26.9,0.2,20.415,79,1.3,0,0,4.1,67.3,10241.1,7.2345,1995-10-04,9,1.1794309596682293,True,13.245268640938136,0.26365755134376234
BKR101_P001,101,P001,1996,5,318,1996-06-10,162,250,133,488,0,0,234236,5,wheat/winter wheat,14.6,20.5,25.8,0.1,23.912,72,2.1,0,0,4.9,159.5,10476.8,7.2859,1995-10-04,9,1.1794309596682293,True,13.245268640938136,0.26365755134376234
BKR101_P001,101,P001,1996,5,318,1996-06-11,163,251,133,488,0,0,234236,5,wheat/winter wheat,14.1,21.7,28.4,0,26.692,70,1.2,0,0,5.2,293,10727.8,7.335,1995-10-04,9,1.1794309596682293,True,13.245268640938136,0.26365755134376234
BKR101_P001,101,P001,1996,5,318,1996-06-12,164,252,133,488,0,0,234236,5,wheat/winter wheat,13.1,20.9,26.1,0.1,21.316,69,3.5,0,0,5,438.8,10948.5,7.3704,1995-10-04,9,1.1794309596682293,True,13.245268640938136,0.26365755134376234
BKR101_P001,101,P001,1996,5,318,1996-06-13,165,253,133,488,0,0,234236,5,wheat/winter wheat,8.9,13,16.7,1.4,22.868,65,4.4,0,0,4.5,636.8,11217.5,7.3878,1995-10-04,9,1.1794309596682293,True,13.245268640938136,0.26365755134376234
BKR101_P001,101,P001,1996,5,318,1996-06-14,166,254,133,488,0,0,234236,5,wheat/winter wheat,9.5,12.7,16.9,0,20.599,68,3.7,0,0,4,834.9,11462.8,7.3993,1995-10-04,9,1.1794309596682293,True,13.245268640938136,0.26365755134376234
BKR101_P001,101,P001,1996,5,318,1996-06-15,167,255,133,488,0,0,234236,5,wheat/winter wheat,7.1,14.3,19.8,0,28.402,62,2.6,0,0,5,1103.4,11787,7.4013,1995-10-04,9,1.1794309596682293,True,13.245268640938136,0.26365755134376234
BKR101_P001,101,P001,1996,5,318,1996-06-16,168,256,133,488,0,0,234236,5,wheat/winter wheat,9.5,14.1,18,0,25.383,78,2.4,0,13.245,4.1,1349,12082.8,7.393,1995-10-04,9,1.1794309596682293,True,13.245268640938136,0.26365755134376234
BKR101_P001,101,P001,1996,5,318,1996-06-17,169,257,133,488,0,0,234236,5,wheat/winter wheat,7.1,15.2,22.7,0,23.484,68,1.9,0,0,4.3,1567.5,12344.7,7.3806,1995-10-04,9,1.1794309596682293,True,13.245268640938136,0.26365755134376234
BKR101_P001,101,P001,1996,5,318,1996-06-18,170,258,133,488,0,0,234236,5,wheat/winter wheat,11.7,15.6,18.4,0.3,19.684,64,3.9,0,0,4.4,1767.1,12583,7.363,1995-10-04,9,1.1794309596682293,True,13.245268640938136,0.26365755134376234
BKR101_P001,101,P001,1996,5,318,1996-06-19,171,259,133,488,0,0,234236,5,wheat/winter wheat,9.3,11.7,13.8,0.5,10.076,82,4.8,0,0,2.2,1895.9,12735,7.34,1995-10-04,9,1.1794309596682293,True,13.245268640938136,0.26365755134376234
BKR101_P001,101,P001,1996,5,318,1996-06-20,172,260,133,488,0,0,234236,5,wheat/winter wheat,8.4,11.4,14.4,0,15.757,73,3.6,0,0,3,2065.9,12936.8,7.3149,1995-10-04,9,1.1794309596682293,True,13.245268640938136,0.26365755134376234
BKR101_P001,101,P001,1996,5,318,1996-06-21,173,261,133,488,0,0,234236,5,wheat/winter wheat,6.7,11.2,16.5,1.1,15.022,77,3.1,0,0,2.7,2224.6,13124.5,7.2879,1995-10-04,9,1.1794309596682293,True,13.245268640938136,0.26365755134376234
BKR101_P001,101,P001,1996,5,318,1996-06-22,174,262,133,488,0,0,234236,5,wheat/winter wheat,7.1,11.8,15.5,0,14.182,75,2.2,0,0,2.6,2382.5,13310.9,7.2592,1995-10-04,9,1.1794309596682293,True,13.245268640938136,0.26365755134376234
BKR101_P001,101,P001,1996,5,318,1996-06-23,175,263,133,488,0,0,234236,5,wheat/winter wheat,10.3,12.1,14.4,0,8.993,82,2.5,0,13.245,1.9,2499.9,13447.9,7.2282,1995-10-04,9,1.1794309596682293,True,13.245268640938136,0.26365755134376234
BKR101_P001,101,P001,1996,5,318,1996-06-24,176,264,133,488,0,0,234236,5,wheat/winter wheat,9.8,12,14.2,0,10.783,79,2.3,0,0,2.2,2632.4,13602.8,7.1949,1995-10-04,9,1.1794309596682293,True,13.245268640938136,0.26365755134376234
BKR101_P001,101,P001,1996,5,318,1996-06-25,177,265,133,488,0,0,234236,5,wheat/winter wheat,10.4,13.9,17.1,0,10.474,82,1.2,0,0,2,2756.4,13746.7,7.1594,1995-10-04,9,1.1794309596682293,True,13.245268640938136,0.26365755134376234
BKR101_P001,101,P001,1996,5,318,1996-06-26,178,266,133,488,0,0,234236,5,wheat/winter wheat,9.5,14.5,19.6,0,19.873,77,1.8,0,0,3.4,2951.1,13975.5,7.12,1995-10-04,9,1.1794309596682293,True,13.245268640938136,0.26365755134376234
BKR101_P001,101,P001,1996,5,318,1996-06-27,179,267,133,488,0,0,234236,5,wheat/winter wheat,7,14.5,20.3,0,15.495,76,2.5,0,0,3,3111.6,14162.3,7.0764,1995-10-04,9,1.1794309596682293,True,13.245268640938136,0.26365755134376234
BKR101_P001,101,P001,1996,5,318,1996-06-28,180,268,133,488,0,0,234236,5,wheat/winter wheat,7.6,13.4,19.4,0,17.852,72,2.5,0,0,3.4,3289.5,14369.4,7.0287,1995-10-04,9,1.1794309596682293,True,13.245268640938136,0.26365755134376234
BKR101_P001,101,P001,1996,5,318,1996-06-29,181,269,133,488,0,0,234236,5,wheat/winter wheat,10.2,14.3,21.8,28.3,10.331,90,2.4,0,0,2,3394.4,14487.9,6.9778,1995-10-04,9,1.1794309596682293,True,13.245268640938136,0.26365755134376234
BKR101_P001,101,P001,1996,5,318,1996-06-30,182,270,133,488,0,0,234236,5,wheat/winter wheat,10.4,12.5,15.5,1.7,10.64,89,4.5,0,0,1.9,3522.1,14633.5,6.9231,1995-10-04,9,1.1794309596682293,True,13.245268640938136,0.26365755134376234
BKR101_P001,101,P001,1996,5,318,1996-07-01,183,271,133,488,0,0,234236,5,wheat/winter wheat,11,14.1,17.6,2.6,16.325,86,3.6,0,0,2.8,3692,14829.4,6.8661,1995-10-04,9,1.1794309596682293,True,13.245268640938136,0.26365755134376234
BKR101_P001,101,P001,1996,5,318,1996-07-02,184,272,133,488,0,0,234236,5,wheat/winter wheat,9.7,13,17.4,1.7,18.236,81,3.9,0,0,3.2,3875.7,15041.5,6.8055,1995-10-04,9,1.1794309596682293,True,13.245268640938136,0.26365755134376234
BKR101_P001,101,P001,1996,5,318,1996-07-03,185,273,133,488,0,0,234236,5,wheat/winter wheat,9.1,14.7,19.8,0,20.467,73,2.7,0,0,3.8,4076.4,15273.6,6.7424,1995-10-04,9,1.1794309596682293,True,13.245268640938136,0.26365755134376234
BKR101_P001,101,P001,1996,5,318,1996-07-04,186,274,133,488,0,0,234236,5,wheat/winter wheat,13.6,17.7,22.1,0.3,15.12,78,4.1,0,0,3.5,4220.4,15436.2,6.6754,1995-10-04,9,1.1794309596682293,True,13.245268640938136,0.26365755134376234
BKR101_P001,101,P001,1996,5,318,1996-07-05,187,275,133,488,0,0,234236,5,wheat/winter wheat,13.7,18.6,24.1,33.5,20.707,80,2.7,0,0,4.1,4404.4,15646,6.6025,1995-10-04,9,1.1794309596682293,True,13.245268640938136,0.26365755134376234
BKR101_P001,101,P001,1996,5,318,1996-07-06,188,276,133,488,0,0,234236,5,wheat/winter wheat,10.6,14.1,17.5,4.4,9.205,94,3.2,0,0,1.6,4517.1,15769.3,6.5232,1995-10-04,9,1.1794309596682293,True,13.245268640938136,0.26365755134376234
BKR101_P001,101,P001,1996,5,318,1996-07-07,189,277,133,488,0,0,234236,5,wheat/winter wheat,9.7,14,18.6,0.1,19.395,78,1.9,0,0,3.3,4710.9,15989.9,6.441,1995-10-04,9,1.1794309596682293,True,13.245268640938136,0.26365755134376234
BKR101_P001,101,P001,1996,5,318,1996-07-08,190,278,133,488,0,0,234236,5,wheat/winter wheat,11,12,13,15.5,3.157,97,3.2,0,0,0.8,4809.3,16095.5,6.3561,1995-10-04,9,1.1794309596682293,True,13.245268640938136,0.26365755134376234
BKR101_P001,101,P001,1996,5,318,1996-07-09,191,279,133,488,0,0,234236,5,wheat/winter wheat,11.3,12.1,14,5.8,7.888,88,6.4,0,0,1.7,4918.2,16213.5,6.27,1995-10-04,9,1.1794309596682293,True,13.245268640938136,0.26365755134376234
BKR101_P001,101,P001,1996,5,318,1996-07-10,192,280,133,488,0,0,234236,5,wheat/winter wheat,9.1,14.7,20,0,22.508,69,5.2,0,0,4.7,5136.1,16462,6.1828,1995-10-04,9,1.1794309596682293,True,13.245268640938136,0.26365755134376234
BKR101_P001,101,P001,1996,5,318,1996-07-11,193,281,133,488,0,0,234236,5,wheat/winter wheat,9.9,13.8,15.8,1.7,6.272,98,3.1,0,0,1.1,5230.6,16561.9,6.0928,1995-10-04,9,1.1794309596682293,True,13.245268640938136,0.26365755134376234
BKR101_P001,101,P001,1996,5,318,1996-07-12,194,282,133,488,0,0,234236,5,wheat/winter wheat,13.9,16.5,19.2,0.3,12.196,83,2.7,0,0,2.5,5359.7,16702.8,6.0006,1995-10-04,9,1.1794309596682293,True,13.245268640938136,0.26365755134376234
BKR101_P001,101,P001,1996,5,318,1996-07-13,195,283,133,488,0,0,234236,5,wheat/winter wheat,14.8,18.1,21.7,0.2,19.022,82,2.6,0,0,3.6,5539,16903,5.9045,1995-10-04,9,1.1794309596682293,True,13.245268640938136,0.26365755134376234
BKR101_P001,101,P001,1996,5,318,1996-07-14,196,284,133,488,0,0,234236,5,wheat/winter wheat,15.8,19.6,23.2,0,18.473,81,3.3,0,0,3.8,5706.2,17087.9,5.8037,1995-10-04,9,1.1794309596682293,True,13.245268640938136,0.26365755134376234
BKR101_P001,101,P001,1996,5,318,1996-07-15,197,285,133,488,0,0,234236,5,wheat/winter wheat,12.6,15.2,17.8,0,21.914,71,3.5,0,0,4.2,5925.6,17334.9,5.6975,1995-10-04,9,1.1794309596682293,True,13.245268640938136,0.26365755134376234
BKR101_P001,101,P001,1996,5,318,1996-07-16,198,286,133,488,0,0,234236,5,wheat/winter wheat,10.7,14.1,19.1,0,22.669,70,3.8,0,0,4.3,6143.1,17579.4,5.589,1995-10-04,9,1.1794309596682293,True,13.245268640938136,0.26365755134376234
BKR101_P001,101,P001,1996,5,318,1996-07-17,199,287,133,488,0,0,234236,5,wheat/winter wheat,8.1,14.5,19.8,0,26.44,69,3.7,0,0,4.7,6397,17867.3,5.4791,1995-10-04,9,1.1794309596682293,True,13.245268640938136,0.26365755134376234
BKR101_P001,101,P001,1996,5,318,1996-07-18,200,288,133,488,0,0,234236,5,wheat/winter wheat,9.9,12.1,16.4,14.8,12.504,88,2.9,0,0,2.1,6535,18016.1,5.3677,1995-10-04,9,1.1794309596682293,True,13.245268640938136,0.26365755134376234
BKR101_P001,101,P001,1996,5,318,1996-07-19,201,289,133,488,0,0,234236,5,wheat/winter wheat,7,12.5,17.6,0.1,24.091,74,1.9,0,0,3.7,6767.8,18278.6,5.2564,1995-10-04,9,1.1794309596682293,True,13.245268640938136,0.26365755134376234
BKR101_P001,101,P001,1996,5,318,1996-07-20,202,290,133,488,0,0,234236,5,wheat/winter wheat,5.8,13.4,19.1,0,26.296,70,0.9,0,0,3.9,7020.5,18564.8,5.1451,1995-10-04,9,1.1794309596682293,True,13.245268640938136,0.26365755134376234
BKR101_P001,101,P001,1996,5,318,1996-07-21,203,291,133,488,0,0,234236,5,wheat/winter wheat,6.6,14.9,21,0,22.054,68,0.7,0,0,3.5,7235.5,18805.4,5.0333,1995-10-04,9,1.1794309596682293,True,13.245268640938136,0.26365755134376234
BKR101_P001,101,P001,1996,5,318,1996-07-22,204,292,133,488,0,0,234236,5,wheat/winter wheat,8.3,16.3,22.9,0,25.847,69,1.1,0,0,4.2,7459.5,19056.5,4.9203,1995-10-04,9,1.1794309596682293,True,13.245268640938136,0.26365755134376234
BKR101_P001,101,P001,1996,5,318,1996-07-23,205,293,133,488,0,0,234236,5,wheat/winter wheat,9.9,18.6,25.4,0,25.556,63,3,0,0,5.4,7671.2,19292.3,4.8054,1995-10-04,9,1.1794309596682293,True,13.245268640938136,0.26365755134376234
BKR101_P001,101,P001,1996,5,318,1996-07-24,206,294,133,488,0,0,234236,5,wheat/winter wheat,13.5,16.7,19.3,19.9,9.894,93,2,0,0,1.8,7769.8,19392.5,4.6875,1995-10-04,9,1.1794309596682293,True,13.245268640938136,0.26365755134376234
BKR101_P001,101,P001,1996,5,318,1996-07-25,207,295,133,488,0,0,234236,5,wheat/winter wheat,14,15.8,18.1,1.9,11.104,95,2.4,0,0,1.8,7879.7,19505.8,4.568,1995-10-04,9,1.1794309596682293,True,13.245268640938136,0.26365755134376234
BKR101_P001,101,P001,1996,5,318,1996-07-26,208,296,133,488,0,0,234236,5,wheat/winter wheat,11.3,14.5,15.8,0,7.713,94,2.8,0,0,1.4,7973.6,19600.2,4.4475,1995-10-04,9,1.1794309596682293,True,13.245268640938136,0.26365755134376234
BKR101_P001,101,P001,1996,5,318,1996-07-27,209,297,133,488,0,0,234236,5,wheat/winter wheat,10.7,17.8,23.5,0.1,26.087,72,1.6,0,0,4.5,8189.8,19840.3,4.3271,1995-10-04,9,1.1794309596682293,True,13.245268640938136,0.26365755134376234
BKR101_P001,101,P001,1996,5,318,1996-07-28,210,298,133,488,0,0,234236,5,wheat/winter wheat,13,17.1,20.3,0,13.135,84,1,0,0,2.4,8308.2,19963.4,4.205,1995-10-04,9,1.1794309596682293,True,13.245268640938136,0.26365755134376234
BKR101_P001,101,P001,1996,5,318,1996-07-29,211,299,133,488,0,0,234236,5,wheat/winter wheat,12.9,17.1,21.6,0,20.915,80,1.9,0,0,3.6,8480.9,20151,4.082,1995-10-04,9,1.1794309596682293,True,13.245268640938136,0.26365755134376234
BKR101_P001,101,P001,1996,5,318,1996-07-30,212,300,133,488,0,0,234236,5,wheat/winter wheat,14.7,16.9,21.1,6.2,13.091,93,1.6,0,0,2.2,8587.8,20260,3.9582,1995-10-04,9,1.1794309596682293,True,13.245268640938136,0.26365755134376234
BKR101_P001,101,P001,1996,5,318,1996-07-31,213,301,133,488,0,0,234236,5,wheat/winter wheat,11.8,17,21.4,0,14.02,87,1.6,0,0,2.5,8706.2,20382.7,3.8341,1995-10-04,9,1.1794309596682293,True,13.245268640938136,0.26365755134376234
BKR101_P001,101,P001,1996,5,318,1996-08-01,214,302,133,488,0,0,234236,5,wheat/winter wheat,13.8,19.8,25.1,0.3,19.361,77,1.3,0,0,3.6,8847.1,20532,3.7096,1995-10-04,9,1.1794309596682293,True,13.245268640938136,0.26365755134376234
BKR101_P001,101,P001,1996,5,318,1996-08-02,215,303,133,488,0,0,234236,5,wheat/winter wheat,15.3,18.2,22.1,2.7,21.911,76,2.1,0,0,4,9013,20710.7,3.5839,1995-10-04,9,1.1794309596682293,True,13.245268640938136,0.26365755134376234
BKR101_P001,101,P001,1996,5,318,1996-08-03,216,304,133,488,0,0,234236,5,wheat/winter wheat,9.8,15.6,19.1,0,20.921,73,1.8,0,0,3.5,9185.9,20898,3.4579,1995-10-04,9,1.1794309596682293,True,13.245268640938136,0.26365755134376234
BKR101_P001,101,P001,1996,5,318,1996-08-04,217,305,133,488,0,0,234236,5,wheat/winter wheat,7.5,14.5,20,0,19.68,75,1.2,0,0,3.1,9342.2,21065.7,3.333,1995-10-04,9,1.1794309596682293,True,13.245268640938136,0.26365755134376234
BKR101_P001,101,P001,1996,5,318,1996-08-05,218,306,133,488,0,0,234236,5,wheat/winter wheat,8.9,15.4,21.6,0.8,24.347,78,1.8,0,0,3.8,9521.2,21260.4,3.2097,1995-10-04,9,1.1794309596682293,True,13.245268640938136,0.26365755134376234
BKR101_P001,101,P001,1996,5,318,1996-08-06,219,307,133,488,0,0,234236,5,wheat/winter wheat,12.4,16.5,21.6,0,20.329,78,1.8,0,0,3.5,9664.9,21413.4,3.0878,1995-10-04,9,1.1794309596682293,True,13.245268640938136,0.26365755134376234
BKR101_P001,101,P001,1996,5,318,1996-08-07,220,308,133,488,0,0,234236,5,wheat/winter wheat,11,17.5,23.4,0,21.769,73,2.3,0,0,4,9813.3,21572,2.967,1995-10-04,9,1.1794309596682293,True,13.245268640938136,0.26365755134376234
BKR101_P001,101,P001,1996,5,318,1996-08-08,221,309,133,488,0,0,234236,5,wheat/winter wheat,12.3,17.9,23.1,0,14.364,81,1.1,0,0,2.6,9906.2,21664.6,2.8471,1995-10-04,9,1.1794309596682293,True,13.245268640938136,0.26365755134376234
BKR101_P001,101,P001,1996,5,318,1996-08-09,222,310,133,488,0,0,234236,5,wheat/winter wheat,14.2,19.5,25.1,0,23.211,61,2.9,0,0,5.1,10044.5,21811.3,2.7281,1995-10-04,9,1.1794309596682293,True,13.245268640938136,0.26365755134376234
BKR101_P001,101,P001,1996,5,318,1996-08-10,223,311,133,488,0,0,234236,5,wheat/winter wheat,11.2,18.4,24.7,0,24.011,63,3.9,0,0,5.3,10190.2,21966.7,2.6096,1995-10-04,9,1.1794309596682293,True,13.245268640938136,0.26365755134376234
BKR101_P001,101,P001,1996,5,318,1996-08-11,224,312,133,488,0,0,234236,5,wheat/winter wheat,13.1,20.3,27,0,19.165,68,3.7,0,0,4.7,10287.1,22064.3,2.4924,1995-10-04,9,1.1794309596682293,True,13.245268640938136,0.26365755134376234
BKR101_P001,101,P001,1996,5,318,1996-08-12,225,313,133,488,0,0,234236,5,wheat/winter wheat,16.9,18.9,21.6,0,8.281,83,2.5,0,0,2.1,10323,22089.9,2.3758,1995-10-04,9,1.1794309596682293,True,13.245268640938136,0.26365755134376234
BKR101_P001,101,P001,1996,5,318,1996-08-13,226,314,133,488,0,0,234236,5,wheat/winter wheat,14.9,16.5,19.6,10.3,8.744,94,1.1,0,0,1.6,10368.3,22126.9,2.2607,1995-10-04,9,1.1794309596682293,True,13.245268640938136,0.26365755134376234
BKR101_P001,101,P001,1996,5,318,1996-08-14,227,315,133,488,0,0,234236,5,wheat/winter wheat,12.3,16.5,21.5,0,19.267,83,1.5,0,0,3.1,10468.8,22229.5,2.1479,1995-10-04,9,1.1794309596682293,True,13.245268640938136,0.26365755134376234
BKR101_P001,101,P001,1996,5,318,1996-08-15,228,316,133,488,0,0,234236,5,wheat/winter wheat,12.5,15.3,18.1,1.8,6.41,96,3,0,0,1.1,10502.8,22253.8,2.0375,1995-10-04,9,1.1794309596682293,True,13.245268640938136,0.26365755134376234
BKR101_P001,101,P001,1996,5,318,1996-08-16,229,317,133,488,0,0,234236,5,wheat/winter wheat,15.1,16.3,18.5,2.7,6.707,97,2.8,0,0,1.1,10502.8,22253.8,2.0375,1995-10-04,9,1.1794309596682293,True,13.245268640938136,0.26365755134376234
BKR101_P001,101,P001,1997,6,310,1996-10-04,278,0,133,488,0,0,234236,6,wheat/winter wheat,8.1,10.1,12.6,0.8,4.358,89,4.2,0,0,0.9,0,53,0.0972,1996-10-04,9,1.1794309596682293,True,13.245268640938136,0.26365755134376234
BKR101_P001,101,P001,1997,6,310,1996-10-05,279,1,133,488,0,0,234236,6,wheat/winter wheat,4.6,8.6,12.5,0.1,8.995,95,1.3,0,0,0.7,0,53,0.0972,1996-10-04,9,1.1794309596682293,True,13.245268640938136,0.26365755134376234
BKR101_P001,101,P001,1997,6,310,1996-10-06,280,2,133,488,0,0,234236,6,wheat/winter wheat,5.2,9.9,14.3,0.1,9.457,87,0.5,0,0,0.8,0,53,0.0972,1996-10-04,9,1.1794309596682293,True,13.245268640938136,0.26365755134376234
BKR101_P001,101,P001,1997,6,310,1996-10-07,281,3,133,488,0,0,234236,6,wheat/winter wheat,3.7,9.1,14.5,7.1,10.267,87,0.2,0,0,0.8,0,53,0.0972,1996-10-04,9,1.1794309596682293,True,13.245268640938136,0.26365755134376234
BKR101_P001,101,P001,1997,6,310,1996-10-08,282,4,133,488,0,0,234236,6,wheat/winter wheat,9.2,11.7,14.6,0.1,4.91,95,0.2,0,0,0.6,0,53,0.0972,1996-10-04,9,1.1794309596682293,True,13.245268640938136,0.26365755134376234
BKR101_P001,101,P001,1997,6,310,1996-10-09,283,5,133,488,0,0,234236,6,wheat/winter wheat,9.1,11.7,15.2,0.2,5.678,94,0.2,0,0,0.7,0,53,0.0972,1996-10-04,9,1.1794309596682293,True,13.245268640938136,0.26365755134376234
BKR101_P001,101,P001,1997,6,310,1996-10-10,284,6,133,488,0,0,234236,6,wheat/winter wheat,3.2,9.5,12.6,0,6.002,89,0.7,0,0,0.6,0,53,0.0972,1996-10-04,9,1.1794309596682293,True,13.245268640938136,0.26365755134376234
BKR101_P001,101,P001,1997,6,310,1996-10-11,285,7,133,488,0,0,234236,6,wheat/winter wheat,0.7,6,12,0,10.047,87,0.6,0,0,0.6,0,53,0.0972,1996-10-04,9,1.1794309596682293,True,13.245268640938136,0.26365755134376234
BKR101_P001,101,P001,1997,6,310,1996-10-12,286,8,133,488,0,0,234236,6,wheat/winter wheat,1.6,7.7,16.2,0,9.731,86,0.6,0,0,0.7,0,53,0.0972,1996-10-04,9,1.1794309596682293,True,13.245268640938136,0.26365755134376234
BKR101_P001,101,P001,1997,6,310,1996-10-13,287,9,133,488,0,0,234236,6,wheat/winter wheat,1.2,7.9,16.7,0,9.294,92,0.1,0,0,0.6,0,53,0.0972,1996-10-04,9,1.1794309596682293,True,13.245268640938136,0.26365755134376234
BKR101_P001,101,P001,1997,6,310,1996-10-14,288,10,133,488,0,0,234236,6,wheat/winter wheat,3.3,7.3,13.4,0.1,7.101,96,0.5,0,0,0.5,0,53,0.0972,1996-10-04,9,1.1794309596682293,True,13.245268640938136,0.26365755134376234
BKR101_P001,101,P001,1997,6,310,1996-10-15,289,11,133,488,0,0,234236,6,wheat/winter wheat,3.2,8.4,16.7,0.1,7.877,94,0.6,0,0,0.5,0,53,0.0972,1996-10-04,9,1.1794309596682293,True,13.245268640938136,0.26365755134376234
BKR101_P001,101,P001,1997,6,310,1996-10-16,290,12,133,488,0,0,234236,6,wheat/winter wheat,5.8,10.7,17.6,0.1,6.636,94,0.7,0,0,0.6,0,53,0.0972,1996-10-04,9,1.1794309596682293,True,13.245268640938136,0.26365755134376234
BKR101_P001,101,P001,1997,6,310,1996-10-17,291,13,133,488,0,0,234236,6,wheat/winter wheat,10.3,11.1,12.4,3.7,1.839,99,1.9,0,0,0.3,0,54.8,0.0972,1996-10-04,9,1.1794309596682293,True,13.245268640938136,0.26365755134376234
BKR101_P001,101,P001,1997,6,310,1996-10-18,292,14,133,488,0,0,234236,6,wheat/winter wheat,8.5,9.9,11.6,0,4.013,95,1.3,0,0,0.4,0,57.4,0.1004,1996-10-04,9,1.1794309596682293,True,13.245268640938136,0.26365755134376234
BKR101_P001,101,P001,1997,6,310,1996-10-19,293,15,133,488,0,0,234236,6,wheat/winter wheat,6.4,10.1,13.8,0.8,9.545,86,2.5,0,0,0.7,0,61.3,0.105,1996-10-04,9,1.1794309596682293,True,13.245268640938136,0.26365755134376234
BKR101_P001,101,P001,1997,6,310,1996-10-20,294,16,133,488,0,0,234236,6,wheat/winter wheat,5.9,8.1,11.9,11.3,4.343,96,3.5,0,0,0.3,0,64.1,0.1119,1996-10-04,9,1.1794309596682293,True,13.245268640938136,0.26365755134376234
BKR101_P001,101,P001,1997,6,310,1996-10-21,295,17,133,488,0,0,234236,6,wheat/winter wheat,6,7.5,8.8,3.4,3.277,98,1.5,0,0,0.3,0,66.6,0.1168,1996-10-04,9,1.1794309596682293,True,13.245268640938136,0.26365755134376234
BKR101_P001,101,P001,1997,6,310,1996-10-22,296,18,133,488,0,0,234236,6,wheat/winter wheat,6,9.1,11.1,1.4,2.773,95,4,0,0,0.3,0,69.1,0.1213,1996-10-04,9,1.1794309596682293,True,13.245268640938136,0.26365755134376234
BKR101_P001,101,P001,1997,6,310,1996-10-23,297,19,133,488,0,0,234236,6,wheat/winter wheat,3.9,6.2,10.4,0,5.731,96,1.8,0,0,0.3,0,72.5,0.1257,1996-10-04,9,1.1794309596682293,True,13.245268640938136,0.26365755134376234
BKR101_P001,101,P001,1997,6,310,1996-10-24,298,20,133,488,0,0,234236,6,wheat/winter wheat,3.7,6.2,9.9,0.1,4.703,92,1.3,0,0,0.3,0,75.6,0.1317,1996-10-04,9,1.1794309596682293,True,13.245268640938136,0.26365755134376234
BKR101_P001,101,P001,1997,6,310,1996-10-25,299,21,133,488,0,0,234236,6,wheat/winter wheat,0.2,4.4,10.1,0,8.905,87,3.2,0,0,0.4,0,79.2,0.1373,1996-10-04,9,1.1794309596682293,True,13.245268640938136,0.26365755134376234
BKR101_P001,101,P001,1997,6,310,1996-10-26,300,22,133,488,0,0,234236,6,wheat/winter wheat,0.1,4.6,9.8,0.2,7.869,92,2.3,0,0,0.2,0,83,0.1436,1996-10-04,9,1.1794309596682293,True,13.245268640938136,0.26365755134376234
BKR101_P001,101,P001,1997,6,310,1996-10-27,301,23,133,488,0,0,234236,6,wheat/winter wheat,4.4,8.7,11.8,5.4,4.477,94,3.2,0,0,0.3,0,86.8,0.1503,1996-10-04,9,1.1794309596682293,True,13.245268640938136,0.26365755134376234
BKR101_P001,101,P001,1997,6,310,1996-10-28,302,24,133,488,0,0,234236,6,wheat/winter wheat,9.8,11.6,13.2,5,1.891,96,4.8,0,0,0.3,0,89.3,0.1571,1996-10-04,9,1.1794309596682293,True,13.245268640938136,0.26365755134376234
BKR101_P001,101,P001,1997,6,310,1996-10-29,303,25,133,488,0,0,234236,6,wheat/winter wheat,8.3,10.5,12,6.7,2.797,86,6.8,0,0,0.6,0,92.5,0.1615,1996-10-04,9,1.1794309596682293,True,13.245268640938136,0.26365755134376234
BKR101_P001,101,P001,1997,6,310,1996-10-30,304,26,133,488,0,0,234236,6,wheat/winter wheat,6,7.6,9.1,4.7,4.291,80,8.1,0,0,0.8,0,96.5,0.1671,1996-10-04,9,1.1794309596682293,True,13.245268640938136,0.26365755134376234
BKR101_P001,101,P001,1997,6,310,1996-10-31,305,27,133,488,0,0,234236,6,wheat/winter wheat,7.4,8.5,10.5,0.3,4.331,85,5.2,0,0,0.6,0,100.8,0.1742,1996-10-04,9,1.1794309596682293,True,13.245268640938136,0.26365755134376234
BKR101_P001,101,P001,1997,6,310,1996-11-01,306,28,133,488,0,0,234236,6,wheat/winter wheat,6.2,8.6,11.6,0,2.275,86,2.3,0,0,0.4,0,103.7,0.1818,1996-10-04,9,1.1794309596682293,True,13.245268640938136,0.26365755134376234
BKR101_P001,101,P001,1997,6,310,1996-11-02,307,29,133,488,0,0,234236,6,wheat/winter wheat,8.1,10.6,12.7,1.9,2.134,93,0,0,0,0.3,0,106.7,0.1871,1996-10-04,9,1.1794309596682293,True,13.245268640938136,0.26365755134376234
BKR101_P001,101,P001,1997,6,310,1996-11-03,308,30,133,488,0,0,234236,6,wheat/winter wheat,12.6,13.2,14.4,0.5,2.105,94,0,0,0,0.3,0,109.7,0.1924,1996-10-04,9,1.1794309596682293,True,13.245268640938136,0.26365755134376234
BKR101_P001,101,P001,1997,6,310,1996-11-04,309,31,133,488,0,0,234236,6,wheat/winter wheat,10.6,12.6,15.3,0,6.308,81,0,0,0,0.1,0,115.5,0.1977,1996-10-04,9,1.1794309596682293,True,13.245268640938136,0.26365755134376234
BKR101_P001,101,P001,1997,6,310,1996-11-05,310,32,133,488,0,0,234236,6,wheat/winter wheat,8.5,11.6,14.7,0,4.357,66,0,0,0,0.3,0,121.1,0.2079,1996-10-04,9,1.1794309596682293,True,13.245268640938136,0.26365755134376234
BKR101_P001,101,P001,1997,6,310,1996-11-06,311,33,133,488,0,0,234236,6,wheat/winter wheat,6.6,9,11.1,0.8,2.814,77,0,0,0,0.3,0,125.1,0.2177,1996-10-04,9,1.1794309596682293,True,13.245268640938136,0.26365755134376234
BKR101_P001,101,P001,1997,6,310,1996-11-07,312,34,133,488,0,0,234236,6,wheat/winter wheat,5.9,9,11.4,4.3,2.479,83,0,0,0,0.3,0,128.9,0.2248,1996-10-04,9,1.1794309596682293,True,13.245268640938136,0.26365755134376234
BKR101_P001,101,P001,1997,6,310,1996-11-08,313,35,133,488,0,0,234236,6,wheat/winter wheat,2.2,5.1,7.7,0,5.025,87,0,0,0,0,0,134,0.2314,1996-10-04,9,1.1794309596682293,True,13.245268640938136,0.26365755134376234
BKR101_P001,101,P001,1997,6,310,1996-11-09,314,36,133,488,0,0,234236,6,wheat/winter wheat,0.4,4,7.6,0.8,3.79,95,0,0,0,0.1,0,138.6,0.2404,1996-10-04,9,1.1794309596682293,True,13.245268640938136,0.26365755134376234
BKR101_P001,101,P001,1997,6,310,1996-11-10,315,37,133,488,0,0,234236,6,wheat/winter wheat,3.2,4.7,6,0.4,3.892,96,0,0,0,0,0,143.6,0.2485,1996-10-04,9,1.1794309596682293,True,13.245268640938136,0.26365755134376234
BKR101_P001,101,P001,1997,6,310,1996-11-11,316,38,133,488,0,0,234236,6,wheat/winter wheat,3.8,5.9,9.4,9.9,4.063,95,1.2,0,0,0.1,0,149.1,0.2574,1996-10-04,9,1.1794309596682293,True,13.245268640938136,0.26365755134376234
BKR101_P001,101,P001,1997,6,310,1996-11-12,317,39,133,488,0,0,234236,6,wheat/winter wheat,3.4,4,4.4,0,0.533,99,2.3,0,0,0.1,0,151.3,0.2671,1996-10-04,9,1.1794309596682293,True,13.245268640938136,0.26365755134376234
BKR101_P001,101,P001,1997,6,310,1996-11-13,318,40,133,488,0,0,234236,6,wheat/winter wheat,4.3,6.2,10.8,0,0.56,88,2.7,0,0,0.3,0,153.3,0.2709,1996-10-04,9,1.1794309596682293,True,13.245268640938136,0.26365755134376234
BKR101_P001,101,P001,1997,6,310,1996-11-14,319,41,133,488,0,0,234236,6,wheat/winter wheat,0.6,2.8,5.4,0,3.88,90,1.5,0,0,0.1,0,158.1,0.2744,1996-10-04,9,1.1794309596682293,True,13.245268640938136,0.26365755134376234
BKR101_P001,101,P001,1997,6,310,1996-11-15,320,42,133,488,0,0,234236,6,wheat/winter wheat,-2.1,1.1,3.8,0,0.56,96,1.3,0,0,0.2,0,160.2,0.2829,1996-10-04,9,1.1794309596682293,True,13.245268640938136,0.26365755134376234
BKR101_P001,101,P001,1997,6,310,1996-11-16,321,43,133,488,0,0,234236,6,wheat/winter wheat,1.2,3.5,4.5,0,0.56,91,0.9,0,0,0.2,0,162.2,0.2865,1996-10-04,9,1.1794309596682293,True,13.245268640938136,0.26365755134376234
BKR101_P001,101,P001,1997,6,310,1996-11-17,322,44,133,488,0,0,234236,6,wheat/winter wheat,3.5,4.5,5,0,0.56,97,0.6,0,0,0.2,0,164.2,0.2901,1996-10-04,9,1.1794309596682293,True,13.245268640938136,0.26365755134376234
BKR101_P001,101,P001,1997,6,310,1996-11-18,323,45,133,488,0,0,234236,6,wheat/winter wheat,1.8,5.2,6.2,5,0.56,96,2,0,0,0.2,0,166.1,0.2935,1996-10-04,9,1.1794309596682293,True,13.245268640938136,0.26365755134376234
BKR101_P001,101,P001,1997,6,310,1996-11-19,324,46,133,488,0,0,234236,6,wheat/winter wheat,1.8,2.8,8.7,1,0.56,93,4.4,0,0,0.1,0,167.9,0.2969,1996-10-04,9,1.1794309596682293,True,13.245268640938136,0.26365755134376234
BKR101_P001,101,P001,1997,6,310,1996-11-20,325,47,133,488,0,0,234236,6,wheat/winter wheat,0.8,3.8,6.3,0,0.56,92,2.6,0,0,0.2,0,169.7,0.3,1996-10-04,9,1.1794309596682293,True,13.245268640938136,0.26365755134376234
BKR101_P001,101,P001,1997,6,310,1996-11-21,326,48,133,488,0,0,234236,6,wheat/winter wheat,2.1,4.4,5.5,0,0.4,88,4.8,0,0,0.2,0,171.5,0.3032,1996-10-04,9,1.1794309596682293,True,13.245268640938136,0.26365755134376234
BKR101_P001,101,P001,1997,6,310,1996-11-22,327,49,133,488,0,0,234236,6,wheat/winter wheat,2.7,4,5.5,0,1.27,78,4.9,0,0,0.3,0,174.3,0.3063,1996-10-04,9,1.1794309596682293,True,13.245268640938136,0.26365755134376234
BKR101_P001,101,P001,1997,6,310,1996-11-23,328,50,133,488,0,0,234236,6,wheat/winter wheat,-1,0.5,3.9,0,0.4,81,2.5,0,0,0.2,0,176,0.3111,1996-10-04,9,1.1794309596682293,True,13.245268640938136,0.26365755134376234
BKR101_P001,101,P001,1997,6,310,1996-11-24,329,51,133,488,0,0,234236,6,wheat/winter wheat,-4.4,-0.3,1.1,0,0.47,95,1.7,0,0,0,0,175.9,0.3141,1996-10-04,9,1.1794309596682293,True,13.245268640938136,0.26365755134376234
BKR101_P001,101,P001,1997,6,310,1996-11-25,330,52,133,488,0,0,234236,6,wheat/winter wheat,-2.8,-0.3,2,0,5.37,90,2.7,0,0,0,0,175.8,0.314,1996-10-04,9,1.1794309596682293,True,13.245268640938136,0.26365755134376234
BKR101_P001,101,P001,1997,6,310,1996-11-26,331,53,133,488,0,0,234236,6,wheat/winter wheat,-0.4,0.1,0.9,0,0.4,90,3.2,0,0,0.1,0,177.4,0.3139,1996-10-04,9,1.1794309596682293,True,13.245268640938136,0.26365755134376234
BKR101_P001,101,P001,1997,6,310,1996-11-27,332,54,133,488,0,0,234236,6,wheat/winter wheat,-1.9,-1.1,0.6,1,0.4,96,2.6,0,0,0,0,177.3,0.3167,1996-10-04,9,1.1794309596682293,True,13.245268640938136,0.26365755134376234
BKR101_P001,101,P001,1997,6,310,1996-11-28,333,55,133,488,0,0,234236,6,wheat/winter wheat,-2.2,0.4,1.7,3,0.4,97,1.9,0,0,0.1,0,178.9,0.3166,1996-10-04,9,1.1794309596682293,True,13.245268640938136,0.26365755134376234
BKR101_P001,101,P001,1997,6,310,1996-11-29,334,56,133,488,0,0,234236,6,wheat/winter wheat,-2.3,-0.2,1.4,1,1.63,90,3.4,0,0,0,0,178.8,0.3193,1996-10-04,9,1.1794309596682293,True,13.245268640938136,0.26365755134376234
BKR101_P001,101,P001,1997,6,310,1996-11-30,335,57,133,488,0,0,234236,6,wheat/winter wheat,-0.1,1,1.7,7,0.4,98,2.4,0,0,0.1,0,180.2,0.3192,1996-10-04,9,1.1794309596682293,True,13.245268640938136,0.26365755134376234
BKR101_P001,101,P001,1997,6,310,1996-12-01,336,58,133,488,0,0,234236,6,wheat/winter wheat,0.8,1.3,1.9,2,0.25,97,1.4,0,0,0.1,0,181.7,0.3217,1996-10-04,9,1.1794309596682293,True,13.245268640938136,0.26365755134376234
BKR101_P001,101,P001,1997,6,310,1996-12-02,337,59,133,488,0,0,234236,6,wheat/winter wheat,0.7,3.8,5.8,3,0.25,96,3,0,0,0.1,0,183,0.3242,1996-10-04,9,1.1794309596682293,True,13.245268640938136,0.26365755134376234
BKR101_P001,101,P001,1997,6,310,1996-12-03,338,60,133,488,0,0,234236,6,wheat/winter wheat,2.6,4.1,6.1,0,1.89,92,2.8,0,0,0.1,0,187.1,0.3266,1996-10-04,9,1.1794309596682293,True,13.245268640938136,0.26365755134376234
BKR101_P001,101,P001,1997,6,310,1996-12-04,339,61,133,488,0,0,234236,6,wheat/winter wheat,2.3,4.1,7.7,0,2.643,73,2.6,0,0,0.3,0,191.8,0.3336,1996-10-04,9,1.1794309596682293,True,13.245268640938136,0.26365755134376234
BKR101_P001,101,P001,1997,6,310,1996-12-05,340,62,133,488,0,0,234236,6,wheat/winter wheat,-2.3,-0.3,2.1,0,3.608,98,1.6,0,0,0,0,191.7,0.3416,1996-10-04,9,1.1794309596682293,True,13.245268640938136,0.26365755134376234
BKR101_P001,101,P001,1997,6,310,1996-12-06,341,63,133,488,0,0,234236,6,wheat/winter wheat,-3.6,-2.3,-0.5,0,3.163,99,1.4,0,0,0,0,191.6,0.3415,1996-10-04,9,1.1794309596682293,True,13.245268640938136,0.26365755134376234
BKR101_P001,101,P001,1997,6,310,1996-12-07,342,64,133,488,0,0,234236,6,wheat/winter wheat,-2.8,-1.8,-1.2,0,0.871,99,2.2,0,0,0,0,191.5,0.3414,1996-10-04,9,1.1794309596682293,True,13.245268640938136,0.26365755134376234
BKR101_P001,101,P001,1997,6,310,1996-12-08,343,65,133,488,0,0,234236,6,wheat/winter wheat,-2,-1.2,-0.6,0,0.723,99,1.9,0,0,0,0,191.4,0.3413,1996-10-04,9,1.1794309596682293,True,13.245268640938136,0.26365755134376234
BKR101_P001,101,P001,1997,6,310,1996-12-09,344,66,133,488,0,0,234236,6,wheat/winter wheat,-2.8,-1.9,-1.1,0,0.718,99,3.1,0,0,0,0,191.3,0.3412,1996-10-04,9,1.1794309596682293,True,13.245268640938136,0.26365755134376234
BKR101_P001,101,P001,1997,6,310,1996-12-10,345,67,133,488,0,0,234236,6,wheat/winter wheat,-1.5,-1,-0.6,0,0.695,99,3.3,0,0,0,0,191.1,0.3411,1996-10-04,9,1.1794309596682293,True,13.245268640938136,0.26365755134376234
BKR101_P001,101,P001,1997,6,310,1996-12-11,346,68,133,488,0,0,234236,6,wheat/winter wheat,-1.9,-1.4,-0.6,0,0.802,99,2,0,0,0,0,191,0.341,1996-10-04,9,1.1794309596682293,True,13.245268640938136,0.26365755134376234
BKR101_P001,101,P001,1997,6,310,1996-12-12,347,69,133,488,0,0,234236,6,wheat/winter wheat,-1,-0.3,0.2,0,0.674,98,3.1,0,0,0,0,190.9,0.3409,1996-10-04,9,1.1794309596682293,True,13.245268640938136,0.26365755134376234
BKR101_P001,101,P001,1997,6,310,1996-12-13,348,70,133,488,0,0,234236,6,wheat/winter wheat,-0.5,0.1,0.7,0,1.106,98,2.6,0,0,0,0,193.3,0.3408,1996-10-04,9,1.1794309596682293,True,13.245268640938136,0.26365755134376234
BKR101_P001,101,P001,1997,6,310,1996-12-14,349,71,133,488,0,0,234236,6,wheat/winter wheat,-5.4,-2.2,-0.4,0,4.291,83,2.4,0,0,0,0,193.3,0.345,1996-10-04,9,1.1794309596682293,True,13.245268640938136,0.26365755134376234
BKR101_P001,101,P001,1997,6,310,1996-12-15,350,72,133,488,0,0,234236,6,wheat/winter wheat,-2,0.9,4.7,1.5,1.093,83,6.8,0,0,0.2,0,195.7,0.3449,1996-10-04,9,1.1794309596682293,True,13.245268640938136,0.26365755134376234
BKR101_P001,101,P001,1997,6,310,1996-12-16,351,73,133,488,0,0,234236,6,wheat/winter wheat,-5.1,-2.4,-0.7,0,2.042,88,1.8,0,0,0,0,195.6,0.3491,1996-10-04,9,1.1794309596682293,True,13.245268640938136,0.26365755134376234
BKR101_P001,101,P001,1997,6,310,1996-12-17,352,74,133,488,0,0,234236,6,wheat/winter wheat,-1.6,-0.1,1.3,0,1.793,99,1.2,0,0,0,0,195.5,0.349,1996-10-04,9,1.1794309596682293,True,13.245268640938136,0.26365755134376234
BKR101_P001,101,P001,1997,6,310,1996-12-18,353,75,133,488,0,0,234236,6,wheat/winter wheat,0.1,0.9,2,0,0.897,99,1.8,0,0,0.1,0,197.6,0.3489,1996-10-04,9,1.1794309596682293,True,13.245268640938136,0.26365755134376234
BKR101_P001,101,P001,1997,6,310,1996-12-19,354,76,133,488,0,0,234236,6,wheat/winter wheat,-2.7,-0.3,1.6,1.3,2.119,91,2.8,0,0,0,0,197.5,0.3526,1996-10-04,9,1.1794309596682293,True,13.245268640938136,0.26365755134376234
BKR101_P001,101,P001,1997,6,310,1996-12-20,355,77,133,488,0,0,234236,6,wheat/winter wheat,-6.9,-4,-2.6,0,2.499,78,2.6,0,0,0,0,197.4,0.3525,1996-10-04,9,1.1794309596682293,True,13.245268640938136,0.26365755134376234
BKR101_P001,101,P001,1997,6,310,1996-12-21,356,78,133,488,0,0,234236,6,wheat/winter wheat,-9.1,-7.3,-3.5,0,4.963,89,0.9,0,0,0,0,197.4,0.3524,1996-10-04,9,1.1794309596682293,True,13.245268640938136,0.26365755134376234
BKR101_P001,101,P001,1997,6,310,1996-12-22,357,79,133,488,0,0,234236,6,wheat/winter wheat,-8.8,-5.6,-3.4,0,1.304,90,2,0,0,0,0,197.3,0.3523,1996-10-04,9,1.1794309596682293,True,13.245268640938136,0.26365755134376234
BKR101_P001,101,P001,1997,6,310,1996-12-23,358,80,133,488,0,0,234236,6,wheat/winter wheat,-6.4,-5.3,-3.2,0,1.342,95,2.3,0,0,0,0,197.2,0.3523,1996-10-04,9,1.1794309596682293,True,13.245268640938136,0.26365755134376234
BKR101_P001,101,P001,1997,6,310,1996-12-24,359,81,133,488,0,0,234236,6,wheat/winter wheat,-8.7,-6.9,-5.3,0,3.287,95,1.6,0,0,0,0,197.1,0.3522,1996-10-04,9,1.1794309596682293,True,13.245268640938136,0.26365755134376234
BKR101_P001,101,P001,1997,6,310,1996-12-25,360,82,133,488,0,0,234236,6,wheat/winter wheat,-9.1,-5.4,-1.1,0,4.456,89,1.8,0,0,0,0,197.1,0.3521,1996-10-04,9,1.1794309596682293,True,13.245268640938136,0.26365755134376234
BKR101_P001,101,P001,1997,6,310,1996-12-26,361,83,133,488,0,0,234236,6,wheat/winter wheat,-9.8,-7.4,-5.4,0,2.165,96,1.3,0,0,0,0,197,0.3521,1996-10-04,9,1.1794309596682293,True,13.245268640938136,0.26365755134376234
BKR101_P001,101,P001,1997,6,310,1996-12-27,362,84,133,488,0,0,234236,6,wheat/winter wheat,-12.4,-9.6,-7.7,0,2.068,93,2.3,0,0,0,0,196.9,0.352,1996-10-04,9,1.1794309596682293,True,13.245268640938136,0.26365755134376234
BKR101_P001,101,P001,1997,6,310,1996-12-28,363,85,133,488,0,0,234236,6,wheat/winter wheat,-16.1,-14.1,-11.7,0,3.288,91,1.5,0,0,0,0,196.9,0.3519,1996-10-04,9,1.1794309596682293,True,13.245268640938136,0.26365755134376234
BKR101_P001,101,P001,1997,6,310,1996-12-29,364,86,133,488,0,0,234236,6,wheat/winter wheat,-16.4,-12.1,-9.7,1.8,1.403,89,3.6,0,0,0,0,196.8,0.3519,1996-10-04,9,1.1794309596682293,True,13.245268640938136,0.26365755134376234
BKR101_P001,101,P001,1997,6,310,1996-12-30,365,87,133,488,0,0,234236,6,wheat/winter wheat,-16.2,-13.5,-10.7,0,4.822,90,1.9,0,0,0,0,196.8,0.3519,1996-10-04,9,1.1794309596682293,True,13.245268640938136,0.26365755134376234
BKR101_P001,101,P001,1997,6,310,1996-12-31,366,88,133,488,0,0,234236,6,wheat/winter wheat,-17.7,-15.5,-13.3,0,3.424,88,2.1,0,0,0,0,196.7,0.3518,1996-10-04,9,1.1794309596682293,True,13.245268640938136,0.26365755134376234
BKR101_P001,101,P001,1997,6,310,1997-01-01,1,89,133,488,0,0,234236,6,wheat/winter wheat,-21.1,-18.4,-14.3,0,4.115,90,0.5,0,0,0,0,196.7,0.3518,1996-10-04,9,1.1794309596682293,True,13.245268640938136,0.26365755134376234
BKR101_P001,101,P001,1997,6,310,1997-01-02,2,90,133,488,0,0,234236,6,wheat/winter wheat,-21.4,-18,-13.4,0,4.082,89,0.6,0,0,0,0,196.7,0.3517,1996-10-04,9,1.1794309596682293,True,13.245268640938136,0.26365755134376234
BKR101_P001,101,P001,1997,6,310,1997-01-03,3,91,133,488,0,0,234236,6,wheat/winter wheat,-14.4,-9.6,-6.9,0,1.703,95,3.6,0,0,0,0,196.6,0.3517,1996-10-04,9,1.1794309596682293,True,13.245268640938136,0.26365755134376234
BKR101_P001,101,P001,1997,6,310,1997-01-04,4,92,133,488,0,0,234236,6,wheat/winter wheat,-12.1,-9.3,-6,0,2.952,85,3.9,0,0,0,0,196.6,0.3517,1996-10-04,9,1.1794309596682293,True,13.245268640938136,0.26365755134376234
BKR101_P001,101,P001,1997,6,310,1997-01-05,5,93,133,488,0,0,234236,6,wheat/winter wheat,-17.2,-10.7,-6.7,0,2.158,94,1.4,0,0,0,0,196.5,0.3516,1996-10-04,9,1.1794309596682293,True,13.245268640938136,0.26365755134376234
BKR101_P001,101,P001,1997,6,310,1997-01-06,6,94,133,488,0,0,234236,6,wheat/winter wheat,-7.6,-5.8,-4.3,0,1.619,99,1.4,0,0,0,0,196.4,0.3516,1996-10-04,9,1.1794309596682293,True,13.245268640938136,0.26365755134376234
BKR101_P001,101,P001,1997,6,310,1997-01-07,7,95,133,488,0,0,234236,6,wheat/winter wheat,-7.2,-6.3,-5.2,0,2.041,99,0.6,0,0,0,0,196.4,0.3515,1996-10-04,9,1.1794309596682293,True,13.245268640938136,0.26365755134376234
BKR101_P001,101,P001,1997,6,310,1997-01-08,8,96,133,488,0,0,234236,6,wheat/winter wheat,-7.7,-7.1,-6.1,0,1.414,99,1.9,0,0,0,0,196.3,0.3514,1996-10-04,9,1.1794309596682293,True,13.245268640938136,0.26365755134376234
BKR101_P001,101,P001,1997,6,310,1997-01-09,9,97,133,488,0,0,234236,6,wheat/winter wheat,-6.7,-5.7,-4.8,0,2.086,95,2,0,0,0,0,196.2,0.3513,1996-10-04,9,1.1794309596682293,True,13.245268640938136,0.26365755134376234
BKR101_P001,101,P001,1997,6,310,1997-01-10,10,98,133,488,0,0,234236,6,wheat/winter wheat,-12,-8,-6.2,0,4.385,98,1.7,0,0,0,0,196.1,0.3513,1996-10-04,9,1.1794309596682293,True,13.245268640938136,0.26365755134376234
BKR101_P001,101,P001,1997,6,310,1997-01-11,11,99,133,488,0,0,234236,6,wheat/winter wheat,-7.9,-6.7,-5.8,0,1.651,99,1.4,0,0,0,0,196.1,0.3512,1996-10-04,9,1.1794309596682293,True,13.245268640938136,0.26365755134376234
BKR101_P001,101,P001,1997,6,310,1997-01-12,12,100,133,488,0,0,234236,6,wheat/winter wheat,-8.1,-6.5,-3.8,0,2.54,99,0.9,0,0,0,0,196,0.3511,1996-10-04,9,1.1794309596682293,True,13.245268640938136,0.26365755134376234
BKR101_P001,101,P001,1997,6,310,1997-01-13,13,101,133,488,0,0,234236,6,wheat/winter wheat,-5.1,-0.7,1.4,0,1.895,95,4.5,0,0,0,0,195.9,0.3511,1996-10-04,9,1.1794309596682293,True,13.245268640938136,0.26365755134376234
BKR101_P001,101,P001,1997,6,310,1997-01-14,14,102,133,488,0,0,234236,6,wheat/winter wheat,-0.4,1.8,5.1,0,4.565,90,3.2,0,0,0,0,200.8,0.351,1996-10-04,9,1.1794309596682293,True,13.245268640938136,0.26365755134376234
BKR101_P001,101,P001,1997,6,310,1997-01-15,15,103,133,488,0,0,234236,6,wheat/winter wheat,-4.8,-1,3.6,0,4.872,89,1.9,0,0,0,0,200.7,0.3595,1996-10-04,9,1.1794309596682293,True,13.245268640938136,0.26365755134376234
BKR101_P001,101,P001,1997,6,310,1997-01-16,16,104,133,488,0,0,234236,6,wheat/winter wheat,-6,-2.8,1.8,0,5.03,92,1.5,0,0,0,0,200.6,0.3594,1996-10-04,9,1.1794309596682293,True,13.245268640938136,0.26365755134376234
BKR101_P001,101,P001,1997,6,310,1997-01-17,17,105,133,488,0,0,234236,6,wheat/winter wheat,-8.3,-5.2,-1.3,0,4.675,97,0.8,0,0,0,0,200.5,0.3593,1996-10-04,9,1.1794309596682293,True,13.245268640938136,0.26365755134376234
BKR101_P001,101,P001,1997,6,310,1997-01-18,18,106,133,488,0,0,234236,6,wheat/winter wheat,-7.1,-0.6,2.7,0,1.583,90,3.4,0,0,0,0,200.4,0.3592,1996-10-04,9,1.1794309596682293,True,13.245268640938136,0.26365755134376234
BKR101_P001,101,P001,1997,6,310,1997-01-19,19,107,133,488,0,0,234236,6,wheat/winter wheat,-0.9,1.4,2.5,0,1.406,99,1.7,0,0,0.1,0,203.7,0.3591,1996-10-04,9,1.1794309596682293,True,13.245268640938136,0.26365755134376234
BKR101_P001,101,P001,1997,6,310,1997-01-20,20,108,133,488,0,0,234236,6,wheat/winter wheat,-1.1,-0.2,0.3,1.9,1.06,99,0.9,0,0,0,0,203.6,0.3647,1996-10-04,9,1.1794309596682293,True,13.245268640938136,0.26365755134376234
BKR101_P001,101,P001,1997,6,310,1997-01-21,21,109,133,488,0,0,234236,6,wheat/winter wheat,-1.2,0.1,2.2,0,4.423,96,1.4,0,0,0,0,208.7,0.3646,1996-10-04,9,1.1794309596682293,True,13.245268640938136,0.26365755134376234
BKR101_P001,101,P001,1997,6,310,1997-01-22,22,110,133,488,0,0,234236,6,wheat/winter wheat,-1,0.8,3.4,0,4.518,89,2.8,0,0,0.1,0,214.3,0.3734,1996-10-04,9,1.1794309596682293,True,13.245268640938136,0.26365755134376234
BKR101_P001,101,P001,1997,6,310,1997-01-23,23,111,133,488,0,0,234236,6,wheat/winter wheat,2,3.4,5.7,0.2,3.167,94,3.6,0,0,0.1,0,220.7,0.3829,1996-10-04,9,1.1794309596682293,True,13.245268640938136,0.26365755134376234
BKR101_P001,101,P001,1997,6,310,1997-01-24,24,112,133,488,0,0,234236,6,wheat/winter wheat,-0.8,1.7,4,0,2.468,97,1.7,0,0,0.1,0,225.8,0.3938,1996-10-04,9,1.1794309596682293,True,13.245268640938136,0.26365755134376234
BKR101_P001,101,P001,1997,6,310,1997-01-25,25,113,133,488,0,0,234236,6,wheat/winter wheat,-2.4,-0.7,0.2,0,1.846,92,3.2,0,0,0,0,225.7,0.4025,1996-10-04,9,1.1794309596682293,True,13.245268640938136,0.26365755134376234
BKR101_P001,101,P001,1997,6,310,1997-01-26,26,114,133,488,0,0,234236,6,wheat/winter wheat,-5.6,-2.9,0.1,0,4.686,91,3.6,0,0,0,0,225.5,0.4024,1996-10-04,9,1.1794309596682293,True,13.245268640938136,0.26365755134376234
BKR101_P001,101,P001,1997,6,310,1997-01-27,27,115,133,488,0,0,234236,6,wheat/winter wheat,-8.5,-4.7,-1.3,0,5.279,91,2.5,0,0,0,0,225.4,0.4023,1996-10-04,9,1.1794309596682293,True,13.245268640938136,0.26365755134376234
BKR101_P001,101,P001,1997,6,310,1997-01-28,28,116,133,488,0,0,234236,6,wheat/winter wheat,-4,0.1,2.5,0.1,1.577,99,4.9,0,0,0.1,0,229.4,0.4022,1996-10-04,9,1.1794309596682293,True,13.245268640938136,0.26365755134376234
BKR101_P001,101,P001,1997,6,310,1997-01-29,29,117,133,488,0,0,234236,6,wheat/winter wheat,0.6,1.2,2.2,0,1.652,99,3.7,0,0,0.1,0,233.6,0.4089,1996-10-04,9,1.1794309596682293,True,13.245268640938136,0.26365755134376234
BKR101_P001,101,P001,1997,6,310,1997-01-30,30,118,133,488,0,0,234236,6,wheat/winter wheat,1.7,2.2,3,0.1,1.687,98,4.8,0,0,0.1,0,238.1,0.4161,1996-10-04,9,1.1794309596682293,True,13.245268640938136,0.26365755134376234
BKR101_P001,101,P001,1997,6,310,1997-01-31,31,119,133,488,0,0,234236,6,wheat/winter wheat,-2,1.7,3.7,0,5.484,74,4.5,0,0,0.4,0,245.7,0.4237,1996-10-04,9,1.1794309596682293,True,13.245268640938136,0.26365755134376234
BKR101_P001,101,P001,1997,6,310,1997-02-01,32,120,133,488,0,0,234236,6,wheat/winter wheat,-4.7,-2,2,0,8.005,76,2.8,0,0,0,0,245.6,0.4366,1996-10-04,9,1.1794309596682293,True,13.245268640938136,0.26365755134376234
BKR101_P001,101,P001,1997,6,310,1997-02-02,33,121,133,488,0,0,234236,6,wheat/winter wheat,-6.8,-3.2,1.7,0,7.76,82,1.6,0,0,0,0,245.4,0.4365,1996-10-04,9,1.1794309596682293,True,13.245268640938136,0.26365755134376234
BKR101_P001,101,P001,1997,6,310,1997-02-03,34,122,133,488,0,0,234236,6,wheat/winter wheat,-7.6,-2.9,0.1,9.2,3.194,96,2.6,0,0,0,0,245.3,0.4364,1996-10-04,9,1.1794309596682293,True,13.245268640938136,0.26365755134376234
BKR101_P001,101,P001,1997,6,310,1997-02-04,35,123,133,488,0,0,234236,6,wheat/winter wheat,-0.4,1.2,2.7,0.6,3.61,88,6.1,0,0,0.2,0,252.2,0.4363,1996-10-04,9,1.1794309596682293,True,13.245268640938136,0.26365755134376234
BKR101_P001,101,P001,1997,6,310,1997-02-05,36,124,133,488,0,0,234236,6,wheat/winter wheat,-0.1,1.9,4.1,0.1,3.36,88,5,0,0,0.3,0,259.2,0.4479,1996-10-04,9,1.1794309596682293,True,13.245268640938136,0.26365755134376234
BKR101_P001,101,P001,1997,6,310,1997-02-06,37,125,133,488,0,0,234236,6,wheat/winter wheat,-0.7,1.4,4,0,4.658,92,4.8,0,0,0.2,0,267.5,0.4597,1996-10-04,9,1.1794309596682293,True,13.245268640938136,0.26365755134376234
BKR101_P001,101,P001,1997,6,310,1997-02-07,38,126,133,488,0,0,234236,6,wheat/winter wheat,1.4,4,7.7,0,7.077,73,6.2,0,0,0.7,0,278,0.4739,1996-10-04,9,1.1794309596682293,True,13.245268640938136,0.26365755134376234
BKR101_P001,101,P001,1997,6,310,1997-02-08,39,127,133,488,0,0,234236,6,wheat/winter wheat,1.5,4.2,6.8,0,8.363,73,5.2,0,0,0.6,0,289.2,0.4915,1996-10-04,9,1.1794309596682293,True,13.245268640938136,0.26365755134376234
BKR101_P001,101,P001,1997,6,310,1997-02-09,40,128,133,488,0,0,234236,6,wheat/winter wheat,-0.9,3.7,7.7,0,4.966,86,4.6,0,0,0.4,0,300.1,0.5102,1996-10-04,9,1.1794309596682293,True,13.245268640938136,0.26365755134376234
BKR101_P001,101,P001,1997,6,310,1997-02-10,41,129,133,488,0,0,234236,6,wheat/winter wheat,5.6,7.7,10.8,0.8,7.171,79,5.5,0,0,0.8,0,314.5,0.5283,1996-10-04,9,1.1794309596682293,True,13.245268640938136,0.26365755134376234
BKR101_P001,101,P001,1997,6,310,1997-02-11,42,130,133,488,0,0,234236,6,wheat/winter wheat,3.4,5.5,7.6,1,6.242,69,7.9,0,0,1.1,0,328.6,0.5518,1996-10-04,9,1.1794309596682293,True,13.245268640938136,0.26365755134376234
BKR101_P001,101,P001,1997,6,310,1997-02-12,43,131,133,488,0,0,234236,6,wheat/winter wheat,2,4,8.1,4.3,3.095,94,3.7,0,0,0.2,0,338,0.5746,1996-10-04,9,1.1794309596682293,True,13.245268640938136,0.26365755134376234
BKR101_P001,101,P001,1997,6,310,1997-02-13,44,132,133,488,0,0,234236,6,wheat/winter wheat,3.5,6.9,8.9,10,3.447,90,6.1,0,0,0.4,0,349.5,0.5898,1996-10-04,9,1.1794309596682293,True,13.245268640938136,0.26365755134376234
BKR101_P001,101,P001,1997,6,310,1997-02-14,45,133,133,488,0,0,234236,6,wheat/winter wheat,1.4,3.6,5.4,1,4.706,80,7.8,0,0,0.6,0,362.1,0.6081,1996-10-04,9,1.1794309596682293,True,13.245268640938136,0.26365755134376234
BKR101_P001,101,P001,1997,6,310,1997-02-15,46,134,133,488,0,0,234236,6,wheat/winter wheat,-1.1,-0.3,1.1,0.4,2.719,94,1.2,0,0,0,0,361.9,0.6279,1996-10-04,9,1.1794309596682293,True,13.245268640938136,0.26365755134376234
BKR101_P001,101,P001,1997,6,310,1997-02-16,47,135,133,488,0,0,234236,6,wheat/winter wheat,-5.9,-2.7,-1.1,0.1,2.995,90,1.3,0,0,0,0,361.7,0.6277,1996-10-04,9,1.1794309596682293,True,13.245268640938136,0.26365755134376234
BKR101_P001,101,P001,1997,6,310,1997-02-17,48,136,133,488,0,0,234236,6,wheat/winter wheat,-6.3,-3.2,0.6,0,6.658,80,3.5,0,0,0,0,361.5,0.6275,1996-10-04,9,1.1794309596682293,True,13.245268640938136,0.26365755134376234
BKR101_P001,101,P001,1997,6,310,1997-02-18,49,137,133,488,0,0,234236,6,wheat/winter wheat,-4.1,1,4.7,5.7,2.357,96,5,0,0,0.2,0,370.6,0.6274,1996-10-04,9,1.1794309596682293,True,13.245268640938136,0.26365755134376234
BKR101_P001,101,P001,1997,6,310,1997-02-19,50,138,133,488,0,0,234236,6,wheat/winter wheat,1.9,3.4,6.2,0,5.643,77,6.1,0,0,0.7,0,384.9,0.6416,1996-10-04,9,1.1794309596682293,True,13.245268640938136,0.26365755134376234
BKR101_P001,101,P001,1997,6,310,1997-02-20,51,139,133,488,0,0,234236,6,wheat/winter wheat,0.4,4.6,6.8,3.5,5.224,72,7.5,0,0,0.9,0,400.2,0.6641,1996-10-04,9,1.1794309596682293,True,13.245268640938136,0.26365755134376234
BKR101_P001,101,P001,1997,6,310,1997-02-21,52,140,133,488,0,0,234236,6,wheat/winter wheat,4.5,6.8,9.6,0.9,1.957,77,7.6,0,0,0.7,0,411.2,0.6879,1996-10-04,9,1.1794309596682293,True,13.245268640938136,0.26365755134376234
BKR101_P001,101,P001,1997,6,310,1997-02-22,53,141,133,488,0,0,234236,6,wheat/winter wheat,2.6,7.1,10.8,0,6.806,78,5.8,0,0,1,0,432.1,0.7047,1996-10-04,9,1.1794309596682293,True,13.245268640938136,0.26365755134376234
BKR101_P001,101,P001,1997,6,310,1997-02-23,54,142,133,488,0,0,234236,6,wheat/winter wheat,6.5,9.1,12.8,0,9.149,78,4.3,0,0,1.1,0,457.9,0.7364,1996-10-04,9,1.1794309596682293,True,13.245268640938136,0.26365755134376234
BKR101_P001,101,P001,1997,6,310,1997-02-24,55,143,133,488,0,0,234236,6,wheat/winter wheat,5.9,9.4,13.3,1.4,6.098,83,5.9,0,0,0.9,0,480.8,0.7748,1996-10-04,9,1.1794309596682293,True,13.245268640938136,0.26365755134376234
BKR101_P001,101,P001,1997,6,310,1997-02-25,56,144,133,488,0,0,234236,6,wheat/winter wheat,5.8,9.9,12.8,25.9,3.676,81,8.1,0,0,0.9,0,499.1,0.8081,1996-10-04,9,1.1794309596682293,True,13.245268640938136,0.26365755134376234
BKR101_P001,101,P001,1997,6,310,1997-02-26,57,145,133,488,0,0,234236,6,wheat/winter wheat,4.3,6.4,8.4,6.6,5.027,91,6,0,0,0.5,0,517.9,0.8341,1996-10-04,9,1.1794309596682293,True,13.245268640938136,0.26365755134376234
BKR101_P001,101,P001,1997,6,310,1997-02-27,58,146,133,488,0,0,234236,6,wheat/winter wheat,0.2,3.4,6,0,8.528,71,4.2,0,0,0.9,0,542.4,0.8606,1996-10-04,9,1.1794309596682293,True,13.245268640938136,0.26365755134376234
BKR101_P001,101,P001,1997,6,310,1997-02-28,59,147,133,488,0,0,234236,6,wheat/winter wheat,0,6,12.2,0,10.966,69,5.7,0,0,1.4,0,572,0.8947,1996-10-04,9,1.1794309596682293,True,13.245268640938136,0.26365755134376234
BKR101_P001,101,P001,1997,6,310,1997-03-01,60,148,133,488,0,0,234236,6,wheat/winter wheat,6.5,8.3,11.9,0,8.865,69,4.8,0,0,1.6,0,605.7,0.9356,1996-10-04,9,1.1794309596682293,True,13.245268640938136,0.26365755134376234
BKR101_P001,101,P001,1997,6,310,1997-03-02,61,149,133,488,0,0,234236,6,wheat/winter wheat,6.7,11.5,18.3,0.2,11.504,71,6.8,0,0,2.2,0,645.6,0.9813,1996-10-04,9,1.1794309596682293,True,13.245268640938136,0.26365755134376234
BKR101_P001,101,P001,1997,6,310,1997-03-03,62,150,133,488,0,0,234236,6,wheat/winter wheat,4.9,6.7,9.6,0,11.429,62,6.5,0,0,1.8,0,682.6,1.0339,1996-10-04,9,1.1794309596682293,True,13.245268640938136,0.26365755134376234
BKR101_P001,101,P001,1997,6,310,1997-03-04,63,151,133,488,0,0,234236,6,wheat/winter wheat,0.3,4.9,10,0,13.169,67,3.8,0,0,1.3,0,718.2,1.082,1996-10-04,9,1.1794309596682293,True,13.245268640938136,0.26365755134376234
BKR101_P001,101,P001,1997,6,310,1997-03-05,64,152,133,488,0,0,234236,6,wheat/winter wheat,-2.2,4.9,12.7,0,12.567,71,1,0,0,0.9,0,755.2,1.1277,1996-10-04,9,1.1794309596682293,True,13.245268640938136,0.26365755134376234
BKR101_P001,101,P001,1997,6,310,1997-03-06,65,153,133,488,0,0,234236,6,wheat/winter wheat,0.6,5.9,10.1,0,3.992,87,2.8,0,0,0.6,0,781.5,1.1748,1996-10-04,9,1.1794309596682293,True,13.245268640938136,0.26365755134376234
BKR101_P001,101,P001,1997,6,310,1997-03-07,66,154,133,488,0,0,234236,6,wheat/winter wheat,-1.9,3.9,10.9,0,13.965,76,1.4,0,0,0.9,0,819.7,1.2078,1996-10-04,9,1.1794309596682293,True,13.245268640938136,0.26365755134376234
BKR101_P001,101,P001,1997,6,310,1997-03-08,67,155,133,488,0,0,234236,6,wheat/winter wheat,-1.4,6,12,0,8.707,77,1.5,0,0,0.9,0,859.6,1.2555,1996-10-04,9,1.1794309596682293,True,13.245268640938136,0.26365755134376234
BKR101_P001,101,P001,1997,6,310,1997-03-09,68,156,133,488,0,0,234236,6,wheat/winter wheat,1,5.3,10,0,10.244,89,1,0,0,0.7,0,903.3,1.3045,1996-10-04,9,1.1794309596682293,True,13.245268640938136,0.26365755134376234
BKR101_P001,101,P001,1997,6,310,1997-03-10,69,157,133,488,0,0,234236,6,wheat/winter wheat,-2.4,4.1,13.6,0,11.394,86,1.3,0,0,0.8,0,946.9,1.3576,1996-10-04,9,1.1794309596682293,True,13.245268640938136,0.26365755134376234
BKR101_P001,101,P001,1997,6,310,1997-03-11,70,158,133,488,0,0,234236,6,wheat/winter wheat,0.1,6.6,14.8,0,12.539,81,1.9,0,0,1.1,0,999.2,1.4102,1996-10-04,9,1.1794309596682293,True,13.245268640938136,0.26365755134376234
BKR101_P001,101,P001,1997,6,310,1997-03-12,71,159,133,488,0,0,234236,6,wheat/winter wheat,1.3,3.8,6.3,0,3.956,95,1.5,0,0,0.4,0,1030.4,1.4723,1996-10-04,9,1.1794309596682293,True,13.245268640938136,0.26365755134376234
BKR101_P001,101,P001,1997,6,310,1997-03-13,72,160,133,488,0,0,234236,6,wheat/winter wheat,0.3,5,8.8,0,2.357,96,4.3,0,0,0.3,0,1059.7,1.509,1996-10-04,9,1.1794309596682293,True,13.245268640938136,0.26365755134376234
BKR101_P001,101,P001,1997,6,310,1997-03-14,73,161,133,488,0,0,234236,6,wheat/winter wheat,7.6,8.6,9.9,0,4.364,83,5.7,0,0,0.9,0,1097.5,1.5431,1996-10-04,9,1.1794309596682293,True,13.245268640938136,0.26365755134376234
BKR101_P001,101,P001,1997,6,310,1997-03-15,74,162,133,488,0,0,234236,6,wheat/winter wheat,4.2,8,9.9,3.2,3.866,95,5.5,0,0,0.5,0,1134.8,1.5862,1996-10-04,9,1.1794309596682293,True,13.245268640938136,0.26365755134376234
BKR101_P001,101,P001,1997,6,310,1997-03-16,75,163,133,488,0,0,234236,6,wheat/winter wheat,0.4,2.6,4.8,0,10.438,71,3.1,0,0,1,0,1182,1.6279,1996-10-04,9,1.1794309596682293,True,13.245268640938136,0.26365755134376234
BKR101_P001,101,P001,1997,6,310,1997-03-17,76,164,133,488,0,0,234236,6,wheat/winter wheat,-2.3,0.3,4,0.6,9.359,73,1.8,0,0,0.8,0,1222.1,1.6803,1996-10-04,9,1.1794309596682293,True,13.245268640938136,0.26365755134376234
BKR101_P001,101,P001,1997,6,310,1997-03-18,77,165,133,488,0,0,234236,6,wheat/winter wheat,-4.4,0.2,3.7,0,12.212,61,3.2,0,0,1.1,0,1267.4,1.7248,1996-10-04,9,1.1794309596682293,True,13.245268640938136,0.26365755134376234
BKR101_P001,101,P001,1997,6,310,1997-03-19,78,166,133,488,0,0,234236,6,wheat/winter wheat,-2.8,-1,0.9,5,3.9,97,4.5,0,0,0,0,1266.8,1.775,1996-10-04,9,1.1794309596682293,True,13.245268640938136,0.26365755134376234
BKR101_P001,101,P001,1997,6,310,1997-03-20,79,167,133,488,0,0,234236,6,wheat/winter wheat,-8,-2.7,0.6,0,11.807,76,2.1,0,0,0,0,1266.3,1.7745,1996-10-04,9,1.1794309596682293,True,13.245268640938136,0.26365755134376234
BKR101_P001,101,P001,1997,6,310,1997-03-21,80,168,133,488,0,0,234236,6,wheat/winter wheat,-6.8,-1.5,2.4,0,13.446,82,2.4,0,0,0,0,1265.8,1.774,1996-10-04,9,1.1794309596682293,True,13.245268640938136,0.26365755134376234
BKR101_P001,101,P001,1997,6,310,1997-03-22,81,169,133,488,0,0,234236,6,wheat/winter wheat,-2.4,0,2.9,0.1,9.448,91,1.9,0,0,0.6,0,1307.9,1.7735,1996-10-04,9,1.1794309596682293,True,13.245268640938136,0.26365755134376234
BKR101_P001,101,P001,1997,6,310,1997-03-23,82,170,133,488,0,0,234236,6,wheat/winter wheat,-4.5,0.2,4.8,0,12.512,79,3.3,0,0,0.8,0,1355.3,1.8202,1996-10-04,9,1.1794309596682293,True,13.245268640938136,0.26365755134376234
BKR101_P001,101,P001,1997,6,310,1997-03-24,83,171,133,488,0,0,234236,6,wheat/winter wheat,-2,1.5,5.8,0,14.596,68,4.2,0,0,1.3,0,1411.6,1.8729,1996-10-04,9,1.1794309596682293,True,13.245268640938136,0.26365755134376234
BKR101_P001,101,P001,1997,6,310,1997-03-25,84,172,133,488,0,0,234236,6,wheat/winter wheat,-1.3,1.8,6.1,0,15.1,68,3.5,0,0,1.3,0,1471.1,1.9353,1996-10-04,9,1.1794309596682293,True,13.245268640938136,0.26365755134376234
BKR101_P001,101,P001,1997,6,310,1997-03-26,85,173,133,488,0,0,234236,6,wheat/winter wheat,-3.1,4.2,10.3,0.9,14.916,72,3.6,0,0,1.5,0,1541.5,2.0012,1996-10-04,9,1.1794309596682293,True,13.245268640938136,0.26365755134376234
BKR101_P001,101,P001,1997,6,310,1997-03-27,86,174,133,488,0,0,234236,6,wheat/winter wheat,7.8,9.4,11.2,0.2,13.256,61,7.7,0,0,2.9,0,1627,2.0784,1996-10-04,9,1.1794309596682293,True,13.245268640938136,0.26365755134376234
BKR101_P001,101,P001,1997,6,310,1997-03-28,87,175,133,488,0,0,234236,6,wheat/winter wheat,3.2,5.9,8.4,9.8,8.692,84,7.8,0,0,1.1,0,1690.3,2.1698,1996-10-04,9,1.1794309596682293,True,13.245268640938136,0.26365755134376234
BKR101_P001,101,P001,1997,6,310,1997-03-29,88,176,133,488,0,0,234236,6,wheat/winter wheat,0.8,4.2,6.3,0,6.809,77,5.7,0,0,1,0,1746.7,2.2364,1996-10-04,9,1.1794309596682293,True,13.245268640938136,0.26365755134376234
BKR101_P001,101,P001,1997,6,310,1997-03-30,89,177,133,488,0,0,234236,6,wheat/winter wheat,-0.3,4.3,9.2,0,18.183,84,4.4,0,0,1.4,0,1830.1,2.2951,1996-10-04,9,1.1794309596682293,True,13.245268640938136,0.26365755134376234
BKR101_P001,101,P001,1997,6,310,1997-03-31,90,178,133,488,0,0,234236,6,wheat/winter wheat,4.5,8.3,12.5,0,15.233,77,4.6,0,0,1.9,0,1927.8,2.3811,1996-10-04,9,1.1794309596682293,True,13.245268640938136,0.26365755134376234
BKR101_P001,101,P001,1997,6,310,1997-04-01,91,179,133,488,0,0,234236,6,wheat/winter wheat,3.3,9.5,15.6,0,18.941,70,3.9,0,0,2.6,0,2040,2.4795,1996-10-04,9,1.1794309596682293,True,13.245268640938136,0.26365755134376234
BKR101_P001,101,P001,1997,6,310,1997-04-02,92,180,133,488,0,0,234236,6,wheat/winter wheat,4.1,8.2,12,0,9.24,78,3.1,0,0,1.4,0,2118.7,2.5893,1996-10-04,9,1.1794309596682293,True,13.245268640938136,0.26365755134376234
BKR101_P001,101,P001,1997,6,310,1997-04-03,93,181,133,488,0,0,234236,6,wheat/winter wheat,3.1,7.7,13.4,3,10.855,83,5.4,0,0,1.5,0,2203.7,2.6644,1996-10-04,9,1.1794309596682293,True,13.245268640938136,0.26365755134376234
BKR101_P001,101,P001,1997,6,310,1997-04-04,94,182,133,488,0,0,234236,6,wheat/winter wheat,1.3,3.8,7.6,0,14.348,75,6.3,0,0,1.5,0,2290.2,2.7436,1996-10-04,9,1.1794309596682293,True,13.245268640938136,0.26365755134376234
BKR101_P001,101,P001,1997,6,310,1997-04-05,95,183,133,488,0,0,234236,6,wheat/winter wheat,-0.6,2.3,7.4,9.4,5.77,95,5.2,0,0,0.5,0,2349.9,2.8235,1996-10-04,9,1.1794309596682293,True,13.245268640938136,0.26365755134376234
BKR101_P001,101,P001,1997,6,310,1997-04-06,96,184,133,488,0,0,234236,6,wheat/winter wheat,-0.8,1.6,5,2,12.817,82,5.2,0,0,1,0,2426,2.8783,1996-10-04,9,1.1794309596682293,True,13.245268640938136,0.26365755134376234
BKR101_P001,101,P001,1997,6,310,1997-04-07,97,185,133,488,0,0,234236,6,wheat/winter wheat,-2.4,1.8,6.2,0,19.178,62,3.3,0,0,1.7,0,2518.4,2.9481,1996-10-04,9,1.1794309596682293,True,13.245268640938136,0.26365755134376234
BKR101_P001,101,P001,1997,6,310,1997-04-08,98,186,133,488,0,0,234236,6,wheat/winter wheat,-3.6,2.7,7.8,0,12.857,57,2.3,0,0,1.6,0,2602.3,3.0326,1996-10-04,9,1.1794309596682293,True,13.245268640938136,0.26365755134376234
BKR101_P001,101,P001,1997,6,310,1997-04-09,99,187,133,488,0,0,234236,6,wheat/winter wheat,3.2,7.2,12.6,0,8.557,57,3.1,0,0,2,0,2685.3,3.109,1996-10-04,9,1.1794309596682293,True,13.245268640938136,0.26365755134376234
BKR101_P001,101,P001,1997,6,310,1997-04-10,100,188,133,488,0,0,234236,6,wheat/winter wheat,6.5,8.5,10.5,0,12.981,65,6,0,0,2.5,0,2796.2,3.1829,1996-10-04,9,1.1794309596682293,True,13.245268640938136,0.26365755134376234
BKR101_P001,101,P001,1997,6,310,1997-04-11,101,189,133,488,0,0,234236,6,wheat/winter wheat,3.2,5.9,8.1,1.1,10.618,69,8.8,0,0,1.9,0,2891.1,3.2789,1996-10-04,9,1.1794309596682293,True,13.245268640938136,0.26365755134376234
BKR101_P001,101,P001,1997,6,310,1997-04-12,102,190,133,488,0,0,234236,6,wheat/winter wheat,-2.7,2.7,6.2,0,13.887,65,4.2,0,0,1.6,0,2986.2,3.3594,1996-10-04,9,1.1794309596682293,True,13.245268640938136,0.26365755134376234
BKR101_P001,101,P001,1997,6,310,1997-04-13,103,191,133,488,0,0,234236,6,wheat/winter wheat,-3.4,3.6,8.1,0,15.914,63,3.6,0,0,1.8,0,3093.4,3.4398,1996-10-04,9,1.1794309596682293,True,13.245268640938136,0.26365755134376234
BKR101_P001,101,P001,1997,6,310,1997-04-14,104,192,133,488,0,0,234236,6,wheat/winter wheat,3.4,6.7,9.5,1.3,4.104,87,6.4,0,0,0.9,0,3165.8,3.5294,1996-10-04,9,1.1794309596682293,True,13.245268640938136,0.26365755134376234
BKR101_P001,101,P001,1997,6,310,1997-04-15,105,193,133,488,0,0,234236,6,wheat/winter wheat,-0.9,2.2,5.7,1.2,13.344,72,5.1,0,0,1.4,0,3260.3,3.5886,1996-10-04,9,1.1794309596682293,True,13.245268640938136,0.26365755134376234
BKR101_P001,101,P001,1997,6,310,1997-04-16,106,194,133,488,0,0,234236,6,wheat/winter wheat,-0.9,3.1,7.1,0,18.52,66,4.3,0,0,1.9,0,3376.4,3.6655,1996-10-04,9,1.1794309596682293,True,13.245268640938136,0.26365755134376234
BKR101_P001,101,P001,1997,6,310,1997-04-17,107,195,133,488,0,0,234236,6,wheat/winter wheat,3.1,6.3,11.5,0,12.115,56,3.7,0,0,2.4,0,3483.9,3.7593,1996-10-04,9,1.1794309596682293,True,13.245268640938136,0.26365755134376234
BKR101_P001,101,P001,1997,6,310,1997-04-18,108,196,133,488,0,0,234236,6,wheat/winter wheat,1.8,5.3,10.4,0.1,6.385,79,4.1,0,0,1.2,0,3566.9,3.8443,1996-10-04,9,1.1794309596682293,True,13.245268640938136,0.26365755134376234
BKR101_P001,101,P001,1997,6,310,1997-04-19,109,197,133,488,0,0,234236,6,wheat/winter wheat,0.4,3,6.2,0,17.206,73,2.7,0,0,1.7,0,3683,3.9087,1996-10-04,9,1.1794309596682293,True,13.245268640938136,0.26365755134376234
BKR101_P001,101,P001,1997,6,310,1997-04-20,110,198,133,488,0,0,234236,6,wheat/winter wheat,-3.3,2,6.3,0,17.99,66,1.6,0,0,1.7,0,3796.6,3.9981,1996-10-04,9,1.1794309596682293,True,13.245268640938136,0.26365755134376234
BKR101_P001,101,P001,1997,6,310,1997-04-21,111,199,133,488,0,0,234236,6,wheat/winter wheat,-4,3.1,9.7,0,20.728,61,2.5,0,0,2.2,0,3926,4.0853,1996-10-04,9,1.1794309596682293,True,13.245268640938136,0.26365755134376234
BKR101_P001,101,P001,1997,6,310,1997-04-22,112,200,133,488,0,0,234236,6,wheat/winter wheat,0.4,5.1,8.8,0,15.015,59,3.5,0,0,2.2,0,4049.7,4.1837,1996-10-04,9,1.1794309596682293,True,13.245268640938136,0.26365755134376234
BKR101_P001,101,P001,1997,6,310,1997-04-23,113,201,133,488,0,0,234236,6,wheat/winter wheat,-0.7,4.7,9.9,0,20.225,60,3.8,0,0,2.5,0,4192.3,4.2763,1996-10-04,9,1.1794309596682293,True,13.245268640938136,0.26365755134376234
BKR101_P001,101,P001,1997,6,310,1997-04-24,114,202,133,488,0,0,234236,6,wheat/winter wheat,1.8,10.4,16.7,0,21.11,49,6.6,0,0,4.6,0,4374.6,4.3815,1996-10-04,9,1.1794309596682293,True,13.245268640938136,0.26365755134376234
BKR101_P001,101,P001,1997,6,310,1997-04-25,115,203,133,488,0,0,234236,6,wheat/winter wheat,2.1,9.3,12.5,0,16.086,66,5.2,0,0,2.8,0,4529.5,4.5105,1996-10-04,9,1.1794309596682293,True,13.245268640938136,0.26365755134376234
BKR101_P001,101,P001,1997,6,310,1997-04-26,116,204,133,488,0,0,234236,6,wheat/winter wheat,-0.2,7,14.2,0,24.041,60,3.2,0,0,3.2,0,4709.4,4.6161,1996-10-04,9,1.1794309596682293,True,13.245268640938136,0.26365755134376234
BKR101_P001,101,P001,1997,6,310,1997-04-27,117,205,133,488,0,0,234236,6,wheat/winter wheat,3.4,11.4,18.1,0,19.618,48,4.3,0,0,4.3,0,4891.2,4.7356,1996-10-04,9,1.1794309596682293,True,13.245268640938136,0.26365755134376234
BKR101_P001,101,P001,1997,6,310,1997-04-28,118,206,133,488,0,0,234236,6,wheat/winter wheat,9,11.5,15.5,9.4,10.025,92,4.5,0,0,1.5,0,5010.8,4.8506,1996-10-04,9,1.1794309596682293,True,13.245268640938136,0.26365755134376234
BKR101_P001,101,P001,1997,6,310,1997-04-29,119,207,133,488,0,0,234236,6,wheat/winter wheat,9.2,11,13.7,3,11.221,94,4.8,0,0,1.4,0,5142,4.9225,1996-10-04,9,1.1794309596682293,True,13.245268640938136,0.26365755134376234
BKR101_P001,101,P001,1997,6,310,1997-04-30,120,208,133,488,0,0,234236,6,wheat/winter wheat,8.2,9.4,10.1,5.9,2.929,98,4.3,0,0,0.6,0,5235.8,4.9975,1996-10-04,9,1.1794309596682293,True,13.245268640938136,0.26365755134376234
BKR101_P001,101,P001,1997,6,310,1997-05-01,121,209,133,488,0,0,234236,6,wheat/winter wheat,7.6,9.5,12.5,0,9.5,99,1.6,0,0,1.2,0,5363,5.0488,1996-10-04,9,1.1794309596682293,True,13.245268640938136,0.26365755134376234
BKR101_P001,101,P001,1997,6,310,1997-05-02,122,210,133,488,0,0,234236,6,wheat/winter wheat,7.4,14.2,20.1,0,19.983,73,5.1,0,0,3.8,0,5573.5,5.1148,1996-10-04,9,1.1794309596682293,True,13.245268640938136,0.26365755134376234
BKR101_P001,101,P001,1997,6,310,1997-05-03,123,211,133,488,0,0,234236,6,wheat/winter wheat,7.1,12.8,16.2,0,22.204,64,3.7,0,0,3.9,0,5806.8,5.2215,1996-10-04,9,1.1794309596682293,True,13.245268640938136,0.26365755134376234
BKR101_P001,101,P001,1997,6,310,1997-05-04,124,212,133,488,0,0,234236,6,wheat/winter wheat,4.5,13.1,20,0,23.337,67,2.7,0,0,3.9,0,6042.3,5.3389,1996-10-04,9,1.1794309596682293,True,13.245268640938136,0.26365755134376234
BKR101_P001,101,P001,1997,6,310,1997-05-05,125,213,133,488,0,0,234236,6,wheat/winter wheat,10.9,15.2,19.5,3,11.696,86,4,0,0,2.2,0,6181.8,5.4564,1996-10-04,9,1.1794309596682293,True,13.245268640938136,0.26365755134376234
BKR101_P001,101,P001,1997,6,310,1997-05-06,126,214,133,488,0,0,234236,6,wheat/winter wheat,10.1,14.6,21.9,15.4,18.913,79,4.8,0,0,3.6,0,6372.7,5.5255,1996-10-04,9,1.1794309596682293,True,13.245268640938136,0.26365755134376234
BKR101_P001,101,P001,1997,6,310,1997-05-07,127,215,133,488,0,0,234236,6,wheat/winter wheat,2.3,6.9,10.2,0.1,19.457,71,4.2,0,0,2.6,0,6562,5.6196,1996-10-04,9,1.1794309596682293,True,13.245268640938136,0.26365755134376234
BKR101_P001,101,P001,1997,6,310,1997-05-08,128,216,133,488,0,0,234236,6,wheat/winter wheat,0,8.6,13.1,0,15.5,99,0.3,0,0,1.9,0,6733.6,5.7124,1996-10-04,9,1.1794309596682293,True,13.245268640938136,0.26365755134376234
BKR101_P001,101,P001,1997,6,310,1997-05-09,129,217,133,488,0,0,234236,6,wheat/winter wheat,3.5,11.1,16.5,0,18.4,70,2.9,0,0,3,0,6928.9,5.7962,1996-10-04,9,1.1794309596682293,True,13.245268640938136,0.26365755134376234
BKR101_P001,101,P001,1997,6,310,1997-05-10,130,218,133,488,0,0,234236,6,wheat/winter wheat,6.4,11,15.8,3,18.5,70,3.7,0,0,3.2,0,7122.3,5.8908,1996-10-04,9,1.1794309596682293,True,13.245268640938136,0.26365755134376234
BKR101_P001,101,P001,1997,6,310,1997-05-11,131,219,133,488,0,0,234236,6,wheat/winter wheat,6.6,16.4,22.3,0,24.2,58,3.1,0,0,4.9,0,7367.9,5.9838,1996-10-04,9,1.1794309596682293,True,13.245268640938136,0.26365755134376234
BKR101_P001,101,P001,1997,6,310,1997-05-12,132,220,133,488,0,0,234236,6,wheat/winter wheat,10.9,16.6,20.5,0,18.6,63,2.8,0,0,4,0,7564.7,6.1008,1996-10-04,9,1.1794309596682293,True,13.245268640938136,0.26365755134376234
BKR101_P001,101,P001,1997,6,310,1997-05-13,133,221,133,488,0,0,234236,6,wheat/winter wheat,12.4,16,20.5,0,18.448,82,3,0,0,3.3,0,7754.9,6.1936,1996-10-04,9,1.1794309596682293,True,13.245268640938136,0.26365755134376234
BKR101_P001,101,P001,1997,6,310,1997-05-14,134,222,133,488,0,0,234236,6,wheat/winter wheat,10.9,17.7,25.1,10,21.5,82,3.7,0,0,4,0,7958.5,6.2823,1996-10-04,9,1.1794309596682293,True,13.245268640938136,0.26365755134376234
BKR101_P001,101,P001,1997,6,310,1997-05-15,135,223,133,488,0,0,234236,6,wheat/winter wheat,12,15,20.4,0,15.9,80,3.8,0,0,3.1,0,8123.9,6.3764,1996-10-04,9,1.1794309596682293,True,13.245268640938136,0.26365755134376234
BKR101_P001,101,P001,1997,6,310,1997-05-16,136,224,133,488,0,0,234236,6,wheat/winter wheat,14.4,19.8,24.2,0,23.392,59,3.9,0,0,5.7,0,8345.8,6.4521,1996-10-04,9,1.1794309596682293,True,13.245268640938136,0.26365755134376234
BKR101_P001,101,P001,1997,6,310,1997-05-17,137,225,133,488,0,0,234236,6,wheat/winter wheat,13,19.4,26.2,0,25.332,64,4.8,0,0,6.2,0,8574.4,6.5522,1996-10-04,9,1.1794309596682293,True,13.245268640938136,0.26365755134376234
BKR101_P001,101,P001,1997,6,310,1997-05-18,138,226,133,488,0,0,234236,6,wheat/winter wheat,13.4,19.1,26.6,0,24.631,66,3.3,0,0,5.5,0,8791.8,6.6543,1996-10-04,9,1.1794309596682293,True,13.245268640938136,0.26365755134376234
BKR101_P001,101,P001,1997,6,310,1997-05-19,139,227,133,488,0,0,234236,6,wheat/winter wheat,13.2,16.8,20.7,7.2,13.37,92,2.5,0,0,2.3,0,8935.4,6.7502,1996-10-04,9,1.1794309596682293,True,13.245268640938136,0.26365755134376234
BKR101_P001,101,P001,1997,6,310,1997-05-20,140,228,133,488,0,0,234236,6,wheat/winter wheat,12.3,14.6,18.5,5.9,11.468,96,1.6,0,0,1.9,0,9067.2,6.8129,1996-10-04,9,1.1794309596682293,True,13.245268640938136,0.26365755134376234
BKR101_P001,101,P001,1997,6,310,1997-05-21,141,229,133,488,0,0,234236,6,wheat/winter wheat,9,13.4,16.1,14.5,15.23,89,3.4,0,0,2.3,0,9241.1,6.87,1996-10-04,9,1.1794309596682293,True,13.245268640938136,0.26365755134376234
BKR101_P001,101,P001,1997,6,310,1997-05-22,142,230,133,488,0,0,234236,6,wheat/winter wheat,7.4,8.6,10.2,0.9,5.47,94,2.7,0,0,1,0,9345.2,6.9449,1996-10-04,9,1.1794309596682293,True,13.245268640938136,0.26365755134376234
BKR101_P001,101,P001,1997,6,310,1997-05-23,143,231,133,488,0,0,234236,6,wheat/winter wheat,5,8.1,11.5,1.1,11.736,84,2,0,0,1.7,0,9488.1,6.9895,1996-10-04,9,1.1794309596682293,True,13.245268640938136,0.26365755134376234
BKR101_P001,101,P001,1997,6,310,1997-05-24,144,232,133,488,0,0,234236,6,wheat/winter wheat,2.2,7.5,12.7,0,23.888,69,2.4,0,0,3.1,0,9706.3,7.0504,1996-10-04,9,1.1794309596682293,True,13.245268640938136,0.26365755134376234
BKR101_P001,101,P001,1997,6,310,1997-05-25,145,233,133,488,0,0,234236,6,wheat/winter wheat,-0.3,9.4,16,0,28.564,56,1.3,0,0,3.9,0,9968.9,7.1429,1996-10-04,9,1.1794309596682293,True,13.245268640938136,0.26365755134376234
BKR101_P001,101,P001,1997,6,310,1997-05-26,146,234,133,488,0,0,234236,6,wheat/winter wheat,5.8,11.1,15.8,1.1,16.77,66,1.6,0,0,2.8,0,10148.7,7.2534,1996-10-04,9,1.1794309596682293,True,13.245268640938136,0.26365755134376234
BKR101_P001,101,P001,1997,6,310,1997-05-27,147,235,133,488,0,0,234236,6,wheat/winter wheat,7.5,9.6,12.1,9.9,8.418,97,3.2,0,0,1.1,0,10268,7.3286,1996-10-04,9,1.1794309596682293,True,13.245268640938136,0.26365755134376234
BKR101_P001,101,P001,1997,6,310,1997-05-28,148,236,133,488,0,0,234236,6,wheat/winter wheat,3.7,9.4,14.1,0,21.017,75,2.9,0,0,3,0,10476.6,7.3783,1996-10-04,9,1.1794309596682293,True,13.245268640938136,0.26365755134376234
BKR101_P001,101,P001,1997,6,310,1997-05-29,149,237,133,488,0,0,234236,6,wheat/winter wheat,5.1,9.7,13.5,0.1,14.092,82,4.5,0,0,2.3,0,10636.6,7.4644,1996-10-04,9,1.1794309596682293,True,13.245268640938136,0.26365755134376234
BKR101_P001,101,P001,1997,6,310,1997-05-30,150,238,133,488,0,0,234236,6,wheat/winter wheat,4.4,9,12.1,2.1,18.595,80,3.8,0,0,2.6,0,10829.9,7.5302,1996-10-04,9,1.1794309596682293,True,13.245268640938136,0.26365755134376234
BKR101_P001,101,P001,1997,6,310,1997-05-31,151,239,133,488,0,0,234236,6,wheat/winter wheat,1.3,8.4,13.6,0,25.105,67,3.5,0,0,3.6,0,11062.2,7.6091,1996-10-04,9,1.1794309596682293,True,13.245268640938136,0.26365755134376234
BKR101_P001,101,P001,1997,6,310,1997-06-01,152,240,133,488,0,0,234236,6,wheat/winter wheat,5.6,10.8,16.2,0.3,13.511,85,2.8,0,0,2.2,0,11212.2,7.7033,1996-10-04,9,1.1794309596682293,True,13.245268640938136,0.26365755134376234
BKR101_P001,101,P001,1997,6,310,1997-06-02,153,241,133,488,0,0,234236,6,wheat/winter wheat,6.4,13,18.7,0,30.012,62,3.1,0,0,5.1,0,11495.7,7.7636,1996-10-04,9,1.1794309596682293,True,13.245268640938136,0.26365755134376234
BKR101_P001,101,P001,1997,6,310,1997-06-03,154,242,133,488,0,0,234236,6,wheat/winter wheat,6.4,13.5,19.5,0,25.429,66,1.5,0,0,4.1,0,11740.5,7.8767,1996-10-04,9,1.1794309596682293,True,13.245268640938136,0.26365755134376234
BKR101_P001,101,P001,1997,6,310,1997-06-04,155,243,133,488,0,0,234236,6,wheat/winter wheat,9,16.5,21.5,0,24.245,61,2.2,0,0,4.6,23.9,11983.9,7.9738,1996-10-04,9,1.1794309596682293,True,13.245268640938136,0.26365755134376234
BKR101_P001,101,P001,1997,6,310,1997-06-05,156,244,133,488,0,0,234236,6,wheat/winter wheat,9.4,18.1,23.5,0,25.2,95,1.2,0,0,4.1,79.9,12234.1,8.0588,1996-10-04,9,1.1794309596682293,True,13.245268640938136,0.26365755134376234
BKR101_P001,101,P001,1997,6,310,1997-06-06,157,245,133,488,0,0,234236,6,wheat/winter wheat,9.9,16.8,25.2,2,28.1,58,2.6,0,0,5.7,167.6,12495.3,8.1311,1996-10-04,9,1.1794309596682293,True,13.245268640938136,0.26365755134376234
BKR101_P001,101,P001,1997,6,310,1997-06-07,158,246,133,488,0,0,234236,6,wheat/winter wheat,10.4,19,26.2,0,30.9,50,2,0,0,6.2,301.5,12787.1,8.1925,1996-10-04,9,1.1794309596682293,True,13.245268640938136,0.26365755134376234
BKR101_P001,101,P001,1997,6,310,1997-06-08,159,247,133,488,0,0,234236,6,wheat/winter wheat,11.4,19.7,25.7,0,25.2,52,3.2,0,0,6.1,443.8,13031.7,8.2439,1996-10-04,9,1.1794309596682293,True,13.245268640938136,0.26365755134376234
BKR101_P001,101,P001,1997,6,310,1997-06-09,160,248,133,488,0,0,234236,6,wheat/winter wheat,13.3,18.5,21.9,0,12.322,73,2.5,0,0,3.1,534.7,13162.9,8.2724,1996-10-04,9,1.1794309596682293,True,13.245268640938136,0.26365755134376234
BKR101_P001,101,P001,1997,6,310,1997-06-10,161,249,133,488,0,0,234236,6,wheat/winter wheat,11.6,17.1,21.7,0,27.458,72,2.2,0,0,4.9,767,13456.5,8.2807,1996-10-04,9,1.1794309596682293,True,13.245268640938136,0.26365755134376234
BKR101_P001,101,P001,1997,6,310,1997-06-11,162,250,133,488,0,0,234236,6,wheat/winter wheat,10.8,19,25.9,0,29.825,64,2.4,0,0,5.9,1014.7,13755,8.2854,1996-10-04,9,1.1794309596682293,True,13.245268640938136,0.26365755134376234
BKR101_P001,101,P001,1997,6,310,1997-06-12,163,251,133,488,0,0,234236,6,wheat/winter wheat,11.8,20.7,27,0,24.351,59,2.5,0,0,5.5,1209.7,13987.9,8.2746,1996-10-04,9,1.1794309596682293,True,13.245268640938136,0.26365755134376234
BKR101_P001,101,P001,1997,6,310,1997-06-13,164,252,133,488,0,0,234236,6,wheat/winter wheat,16.3,19.3,23.8,11.9,16.697,88,1.6,0,13.245,3.2,1343.7,14145.4,8.253,1996-10-04,9,1.1794309596682293,True,13.245268640938136,0.26365755134376234
BKR101_P001,101,P001,1997,6,310,1997-06-14,165,253,133,488,0,0,234236,6,wheat/winter wheat,13.6,17.8,22.2,8.2,17.484,90,2.6,0,0,3.1,1498,14326.3,8.222,1996-10-04,9,1.1794309596682293,True,13.245268640938136,0.26365755134376234
BKR101_P001,101,P001,1997,6,310,1997-06-15,166,254,133,488,0,0,234236,6,wheat/winter wheat,12.1,15,18,0.3,15.612,86,4.1,0,0,2.8,1652.7,14506.6,8.183,1996-10-04,9,1.1794309596682293,True,13.245268640938136,0.26365755134376234
BKR101_P001,101,P001,1997,6,310,1997-06-16,167,255,133,488,0,0,234236,6,wheat/winter wheat,8.4,12.6,15.6,0,18.401,70,3.6,0,0,3.5,1837.9,14723.4,8.1386,1996-10-04,9,1.1794309596682293,True,13.245268640938136,0.26365755134376234
BKR101_P001,101,P001,1997,6,310,1997-06-17,168,256,133,488,0,0,234236,6,wheat/winter wheat,6.9,13,18.7,0,29.554,69,2.8,0,0,4.8,2103.1,15036.2,8.0912,1996-10-04,9,1.1794309596682293,True,13.245268640938136,0.26365755134376234
BKR101_P001,101,P001,1997,6,310,1997-06-18,169,257,133,488,0,0,234236,6,wheat/winter wheat,7.6,12.3,17.4,0,20.789,79,2.6,0,0,3.3,2298.9,15264.8,8.0404,1996-10-04,9,1.1794309596682293,True,13.245268640938136,0.26365755134376234
BKR101_P001,101,P001,1997,6,310,1997-06-19,170,258,133,488,0,0,234236,6,wheat/winter wheat,8.8,14.7,19.2,0,26.818,64,1.7,0,0,4.5,2547.7,15556.5,7.987,1996-10-04,9,1.1794309596682293,True,13.245268640938136,0.26365755134376234
BKR101_P001,101,P001,1997,6,310,1997-06-20,171,259,133,488,0,0,234236,6,wheat/winter wheat,11,13.4,16.5,3.3,10.04,91,1.4,0,0,1.8,2660.2,15683,7.9288,1996-10-04,9,1.1794309596682293,True,13.245268640938136,0.26365755134376234
BKR101_P001,101,P001,1997,6,310,1997-06-21,172,260,133,488,0,0,234236,6,wheat/winter wheat,11.1,14,17.7,0,10.8,99,0.4,0,0,1.8,2775.6,15812.4,7.8671,1996-10-04,9,1.1794309596682293,True,13.245268640938136,0.26365755134376234
BKR101_P001,101,P001,1997,6,310,1997-06-22,173,261,133,488,0,0,234236,6,wheat/winter wheat,12,16.2,20.6,13,10.8,85,3.3,0,0,2.4,2881.3,15929.3,7.8014,1996-10-04,9,1.1794309596682293,True,13.245268640938136,0.26365755134376234
BKR101_P001,101,P001,1997,6,310,1997-06-23,174,262,133,488,0,0,234236,6,wheat/winter wheat,10.4,14.6,19,3.9,18.229,82,3.7,0,0,3.3,3056.8,16129.5,7.7299,1996-10-04,9,1.1794309596682293,True,13.245268640938136,0.26365755134376234
BKR101_P001,101,P001,1997,6,310,1997-06-24,175,263,133,488,0,0,234236,6,wheat/winter wheat,10.9,13.3,16.3,2.1,13.583,85,4.8,0,0,2.5,3200.3,16290.8,7.6541,1996-10-04,9,1.1794309596682293,True,13.245268640938136,0.26365755134376234
BKR101_P001,101,P001,1997,6,310,1997-06-25,176,264,133,488,0,0,234236,6,wheat/winter wheat,7.4,11.8,15.7,0,14.786,75,2.6,0,0,2.7,3356.6,16467.1,7.5754,1996-10-04,9,1.1794309596682293,True,13.245268640938136,0.26365755134376234
BKR101_P001,101,P001,1997,6,310,1997-06-26,177,265,133,488,0,0,234236,6,wheat/winter wheat,6.5,13.9,19.4,1.9,10.865,85,2.8,0,0,2.2,3475.7,16598.1,7.495,1996-10-04,9,1.1794309596682293,True,13.245268640938136,0.26365755134376234
BKR101_P001,101,P001,1997,6,310,1997-06-27,178,266,133,488,0,0,234236,6,wheat/winter wheat,13.1,15.8,18.9,10.1,10.454,96,1.3,0,0,1.9,3584.3,16715.7,7.4113,1996-10-04,9,1.1794309596682293,True,13.245268640938136,0.26365755134376234
BKR101_P001,101,P001,1997,6,310,1997-06-28,179,267,133,488,0,0,234236,6,wheat/winter wheat,14.9,19.9,24.7,0.5,23.148,73,1.1,0,0,4.3,3777.4,16933.6,7.3227,1996-10-04,9,1.1794309596682293,True,13.245268640938136,0.26365755134376234
BKR101_P001,101,P001,1997,6,310,1997-06-29,180,268,133,488,0,0,234236,6,wheat/winter wheat,16.3,23.9,31,0.6,25.44,72,3.8,0,0,6.2,3939.3,17112.2,7.2261,1996-10-04,9,1.1794309596682293,True,13.245268640938136,0.26365755134376234
BKR101_P001,101,P001,1997,6,310,1997-06-30,181,269,133,488,0,0,234236,6,wheat/winter wheat,15.1,21.2,27.1,0.3,15.375,80,2,0,0,3.4,4052.7,17231.1,7.1186,1996-10-04,9,1.1794309596682293,True,13.245268640938136,0.26365755134376234
BKR101_P001,101,P001,1997,6,310,1997-07-01,182,270,133,488,0,0,234236,6,wheat/winter wheat,13.1,16.5,19.8,0,14.584,80,2.1,0,0,2.9,4197.9,17387.6,7.0027,1996-10-04,9,1.1794309596682293,True,13.245268640938136,0.26365755134376234
BKR101_P001,101,P001,1997,6,310,1997-07-02,183,271,133,488,0,0,234236,6,wheat/winter wheat,11.1,18.4,24.5,0,25.315,70,2.2,0,0,4.9,4421.6,17637.4,6.8827,1996-10-04,9,1.1794309596682293,True,13.245268640938136,0.26365755134376234
BKR101_P001,101,P001,1997,6,310,1997-07-03,184,272,133,488,0,0,234236,6,wheat/winter wheat,13.7,18.3,25.5,2.2,15.575,81,1.8,0,0,3.2,4547.6,17769.1,6.7572,1996-10-04,9,1.1794309596682293,True,13.245268640938136,0.26365755134376234
BKR101_P001,101,P001,1997,6,310,1997-07-04,185,273,133,488,0,0,234236,6,wheat/winter wheat,12.7,17.2,22.1,1.8,15.272,89,1.7,0,0,2.8,4691.1,17921.1,6.6266,1996-10-04,9,1.1794309596682293,True,13.245268640938136,0.26365755134376234
BKR101_P001,101,P001,1997,6,310,1997-07-05,186,274,133,488,0,0,234236,6,wheat/winter wheat,13.1,17.2,21.8,0.1,22.174,76,2.6,0,0,4.2,4895.8,18145.8,6.4922,1996-10-04,9,1.1794309596682293,True,13.245268640938136,0.26365755134376234
BKR101_P001,101,P001,1997,6,310,1997-07-06,187,275,133,488,0,0,234236,6,wheat/winter wheat,12.2,15.8,18.1,0,11.774,75,4.1,0,0,3,5026.8,18281.8,6.3543,1996-10-04,9,1.1794309596682293,True,13.245268640938136,0.26365755134376234
BKR101_P001,101,P001,1997,6,310,1997-07-07,188,276,133,488,0,0,234236,6,wheat/winter wheat,13.4,18.5,23.2,0,25.543,70,4.4,0,0,5.5,5257.1,18536.1,6.2141,1996-10-04,9,1.1794309596682293,True,13.245268640938136,0.26365755134376234
BKR101_P001,101,P001,1997,6,310,1997-07-08,189,277,133,488,0,0,234236,6,wheat/winter wheat,12.9,18.4,23.4,0,26.982,67,3.5,0,0,5.6,5465.8,18763.8,6.07,1996-10-04,9,1.1794309596682293,True,13.245268640938136,0.26365755134376234
BKR101_P001,101,P001,1997,6,310,1997-07-09,190,278,133,488,0,0,234236,6,wheat/winter wheat,10.8,17,21.3,0,19.573,80,2.1,0,13.245,3.5,5615.8,18920.8,5.9223,1996-10-04,9,1.1794309596682293,True,13.245268640938136,0.26365755134376234
BKR101_P001,101,P001,1997,6,310,1997-07-10,191,279,133,488,0,0,234236,6,wheat/winter wheat,12.2,18.2,23.5,0,26.318,62,1.7,0,0,4.9,5777.7,19091.6,5.7724,1996-10-04,9,1.1794309596682293,True,13.245268640938136,0.26365755134376234
BKR101_P001,101,P001,1997,6,310,1997-07-11,192,280,133,488,0,0,234236,6,wheat/winter wheat,10.1,17.2,23.6,0.2,25.052,71,1.2,0,0,4.3,5944.8,19268.1,5.6195,1996-10-04,9,1.1794309596682293,True,13.245268640938136,0.26365755134376234
BKR101_P001,101,P001,1997,6,310,1997-07-12,193,281,133,488,0,0,234236,6,wheat/winter wheat,11.6,17.5,23.2,0,26.818,69,1.7,0,0,4.8,6114.3,19447.3,5.4647,1996-10-04,9,1.1794309596682293,True,13.245268640938136,0.26365755134376234
BKR101_P001,101,P001,1997,6,310,1997-07-13,194,282,133,488,0,0,234236,6,wheat/winter wheat,9.8,16.5,22,0,26.918,65,1.3,0,0,4.6,6284.1,19626.5,5.3082,1996-10-04,9,1.1794309596682293,True,13.245268640938136,0.26365755134376234
BKR101_P001,101,P001,1997,6,310,1997-07-14,195,283,133,488,0,0,234236,6,wheat/winter wheat,9.2,17.6,23.8,0,26.741,65,1,0,13.245,4.5,6440.2,19789.1,5.1508,1996-10-04,9,1.1794309596682293,True,13.245268640938136,0.26365755134376234
BKR101_P001,101,P001,1997,6,310,1997-07-15,196,284,133,488,0,0,234236,6,wheat/winter wheat,12.5,17.7,24.1,1,14.789,78,1,0,0,2.9,6489.9,19824.5,4.9921,1996-10-04,9,1.1794309596682293,True,13.245268640938136,0.26365755134376234
BKR101_P001,101,P001,1997,6,310,1997-07-16,197,285,133,488,0,0,234236,6,wheat/winter wheat,14.6,18,23.4,6.9,16.089,81,1.3,0,0,3.1,6558,19881.8,4.8321,1996-10-04,9,1.1794309596682293,True,13.245268640938136,0.26365755134376234
BKR101_P001,101,P001,1997,6,310,1997-07-17,198,286,133,488,0,0,234236,6,wheat/winter wheat,13.8,17.5,21.7,17.5,14.716,88,1.4,0,0,2.7,6625.5,19938.3,4.6712,1996-10-04,9,1.1794309596682293,True,13.245268640938136,0.26365755134376234
BKR101_P001,101,P001,1997,6,310,1997-07-18,199,287,133,488,0,0,234236,6,wheat/winter wheat,14.9,15.5,16.5,17,3.331,99,2.9,0,0,0.8,6662.9,19959.1,4.51,1996-10-04,9,1.1794309596682293,True,13.245268640938136,0.26365755134376234
BKR101_P001,101,P001,1997,6,310,1997-07-19,200,288,133,488,0,0,234236,6,wheat/winter wheat,14,16.9,19.9,9.8,15.139,84,3.2,0,0,2.9,6802.2,20101.2,4.3501,1996-10-04,9,1.1794309596682293,True,13.245268640938136,0.26365755134376234
BKR101_P001,101,P001,1997,6,310,1997-07-20,201,289,133,488,0,0,234236,6,wheat/winter wheat,14.8,15.7,17.1,47.6,3.359,99,3.6,0,0,0.8,6853.4,20138.8,4.1911,1996-10-04,9,1.1794309596682293,True,13.245268640938136,0.26365755134376234
BKR101_P001,101,P001,1997,6,310,1997-07-21,202,290,133,488,0,0,234236,6,wheat/winter wheat,15.7,16.3,18.2,5.4,3.101,99,3.4,0,0,0.7,6919,20193.7,4.0338,1996-10-04,9,1.1794309596682293,True,13.245268640938136,0.26365755134376234
BKR101_P001,101,P001,1997,6,310,1997-07-22,203,291,133,488,0,0,234236,6,wheat/winter wheat,16,22,25.6,0,13.259,63,1.9,0,0,3.5,7012.4,20281.5,3.8782,1996-10-04,9,1.1794309596682293,True,13.245268640938136,0.26365755134376234
BKR101_P001,101,P001,1997,6,310,1997-07-23,204,292,133,488,0,0,234236,6,wheat/winter wheat,12.2,17.9,23.8,0,22.47,81,0.8,0,0,3.8,7187.1,20465.9,3.7217,1996-10-04,9,1.1794309596682293,True,13.245268640938136,0.26365755134376234
BKR101_P001,101,P001,1997,6,310,1997-07-24,205,293,133,488,0,0,234236,6,wheat/winter wheat,14.6,19.2,24.3,0.1,18.768,81,1,0,0,3.4,7325.1,20606.8,3.5667,1996-10-04,9,1.1794309596682293,True,13.245268640938136,0.26365755134376234
BKR101_P001,101,P001,1997,6,310,1997-07-25,206,294,133,488,0,0,234236,6,wheat/winter wheat,14.5,19.2,24.7,0,19.775,74,1.1,0,0,3.7,7465.1,20750.3,3.4128,1996-10-04,9,1.1794309596682293,True,13.245268640938136,0.26365755134376234
BKR101_P001,101,P001,1997,6,310,1997-07-26,207,295,133,488,0,0,234236,6,wheat/winter wheat,15.3,18.4,22.6,18.4,17.968,84,2.9,0,0,3.4,7595.5,20882.5,3.2604,1996-10-04,9,1.1794309596682293,True,13.245268640938136,0.26365755134376234
BKR101_P001,101,P001,1997,6,310,1997-07-27,208,296,133,488,0,0,234236,6,wheat/winter wheat,12.7,19.2,24.6,0.1,18.576,73,4,0,0,4.3,7724.7,21013.6,3.11,1996-10-04,9,1.1794309596682293,True,13.245268640938136,0.26365755134376234
BKR101_P001,101,P001,1997,6,310,1997-07-28,209,297,133,488,0,0,234236,6,wheat/winter wheat,14.2,17.7,22,0,23.231,70,3.9,0,0,4.9,7886.7,21183.7,2.9615,1996-10-04,9,1.1794309596682293,True,13.245268640938136,0.26365755134376234
BKR101_P001,101,P001,1997,6,310,1997-07-29,210,298,133,488,0,0,234236,6,wheat/winter wheat,13.2,17.5,22.7,0.6,18.148,78,2.1,0,0,3.4,8007.6,21305.7,2.8157,1996-10-04,9,1.1794309596682293,True,13.245268640938136,0.26365755134376234
BKR101_P001,101,P001,1997,6,310,1997-07-30,211,299,133,488,0,0,234236,6,wheat/winter wheat,11.9,18.4,24,0.1,24.08,71,1,0,0,4.1,8161.3,21466.6,2.6729,1996-10-04,9,1.1794309596682293,True,13.245268640938136,0.26365755134376234
BKR101_P001,101,P001,1997,6,310,1997-07-31,212,300,133,488,0,0,234236,6,wheat/winter wheat,12.3,16.5,19.4,4.4,10.628,86,2.3,0,0,2.1,8239.3,21538.7,2.5329,1996-10-04,9,1.1794309596682293,True,13.245268640938136,0.26365755134376234
BKR101_P001,101,P001,1997,6,310,1997-08-01,213,301,133,488,0,0,234236,6,wheat/winter wheat,10.3,14.8,19.2,0,18.541,82,2.2,0,0,3,8358.8,21660.4,2.3964,1996-10-04,9,1.1794309596682293,True,13.245268640938136,0.26365755134376234
BKR101_P001,101,P001,1997,6,310,1997-08-02,214,302,133,488,0,0,234236,6,wheat/winter wheat,10.3,16.6,22.3,0,19.976,77,0.7,0,0,3.2,8473.8,21777.1,2.2641,1996-10-04,9,1.1794309596682293,True,13.245268640938136,0.26365755134376234
BKR101_P001,101,P001,1997,6,310,1997-08-03,215,303,133,488,0,0,234236,6,wheat/winter wheat,11.4,19.2,25.6,0,21.916,73,0.6,0,0,3.7,8582.2,21886.5,2.1353,1996-10-04,9,1.1794309596682293,True,13.245268640938136,0.26365755134376234
BKR101_P001,101,P001,1997,6,310,1997-08-04,216,304,133,488,0,0,234236,6,wheat/winter wheat,14.3,19.6,24.8,9.7,15.746,83,0.7,0,0,2.9,8647.3,21945.2,2.0095,1996-10-04,9,1.1794309596682293,True,13.245268640938136,0.26365755134376234
BKR101_P001,101,P001,1997,6,310,1997-08-05,217,305,133,488,0,0,234236,6,wheat/winter wheat,14.3,18.9,24,0,25.159,76,1.7,0,0,4.4,8757.1,22057,1.8866,1996-10-04,9,1.1794309596682293,True,13.245268640938136,0.26365755134376234
BKR101_P001,101,P001,1997,6,310,1997-08-06,218,306,133,488,0,0,234236,6,wheat/winter wheat,13.8,18.5,24.2,7,16.495,87,1.3,0,0,2.9,8815.4,22108.5,1.7669,1996-10-04,9,1.1794309596682293,True,13.245268640938136,0.26365755134376234
BKR101_P001,101,P001,1997,6,310,1997-08-07,219,307,133,488,0,0,234236,6,wheat/winter wheat,14.5,18.3,24.1,0,16.779,87,1.6,0,0,3,8869.1,22155.3,1.6506,1996-10-04,9,1.1794309596682293,True,13.245268640938136,0.26365755134376234
BKR101_P001,101,P001,1997,6,310,1997-08-08,220,308,133,488,0,0,234236,6,wheat/winter wheat,14.3,20.2,26.3,0,22.706,76,1.2,0,0,4.1,8890.3,22164.6,1.5384,1996-10-04,9,1.1794309596682293,True,13.245268640938136,0.26365755134376234
BKR101_P001,101,P001,1997,6,310,1997-08-09,221,309,133,488,0,0,234236,6,wheat/winter wheat,14.7,20.6,26.9,0,24.172,72,0.9,0,0,4.1,8890.3,22164.6,1.5384,1996-10-04,9,1.1794309596682293,True,13.245268640938136,0.26365755134376234
