ScenarioId,BKR_ID,ParameterId,GrowingYear,SeasonIndex,ValidLength,Date,DOY,DaysAfterSowing,Srow,Scol,Crow,Ccol,SoilId,CM-count,Crop,Tmin,Tavg,Tmax,Precip,Globrad,Relhumid,Wind,Sunhours,Irrig,ET0,Yield,AbBiom,LAI,SowingDate,SowingShiftDays,NFertilizerScale,IrrigationEnabled,IrrigationAmountMm,IrrigationThreshold
BKR101_P003,101,P003,1992,1,301,1991-09-28,271,0,133,488,0,0,234236,1,wheat/winter wheat,7.5,14.3,22.4,0,13.433,75,0.7,0,0,1.5,0,53,0.0775,1991-09-28,1,0.90488089106258,False,0,0.34079570958661415
BKR101_P003,101,P003,1992,1,301,1991-09-29,272,1,133,488,0,0,234236,1,wheat/winter wheat,7.8,13.2,21.1,0,12.349,81,1.7,0,0,1.6,0,53,0.0775,1991-09-28,1,0.90488089106258,False,0,0.34079570958661415
BKR101_P003,101,P003,1992,1,301,1991-09-30,273,2,133,488,0,0,234236,1,wheat/winter wheat,7.1,11.1,15.7,0,13.244,77,2.5,0,0,1.6,0,53,0.0775,1991-09-28,1,0.90488089106258,False,0,0.34079570958661415
BKR101_P003,101,P003,1992,1,301,1991-10-01,274,3,133,488,0,0,234236,1,wheat/winter wheat,9.5,11.1,14,0,5.684,81,0.7,0,0,0.9,0,53,0.0775,1991-09-28,1,0.90488089106258,False,0,0.34079570958661415
BKR101_P003,101,P003,1992,1,301,1991-10-02,275,4,133,488,0,0,234236,1,wheat/winter wheat,2.8,8.8,16.3,0,7.6,88,0,0,0,0.8,0,53,0.0775,1991-09-28,1,0.90488089106258,False,0,0.34079570958661415
BKR101_P003,101,P003,1992,1,301,1991-10-03,276,5,133,488,0,0,234236,1,wheat/winter wheat,3,8.7,16.4,0,9.4,82,2.2,0,0,1.2,0,53,0.0775,1991-09-28,1,0.90488089106258,False,0,0.34079570958661415
BKR101_P003,101,P003,1992,1,301,1991-10-04,277,6,133,488,0,0,234236,1,wheat/winter wheat,3.9,10.8,16.8,0,7.5,77,3.6,0,0,1.5,0,53,0.0775,1991-09-28,1,0.90488089106258,False,0,0.34079570958661415
BKR101_P003,101,P003,1992,1,301,1991-10-05,278,7,133,488,0,0,234236,1,wheat/winter wheat,5.1,9.3,15.5,0,11,70,9.2,0,0,2.5,0,53,0.0775,1991-09-28,1,0.90488089106258,False,0,0.34079570958661415
BKR101_P003,101,P003,1992,1,301,1991-10-06,279,8,133,488,0,0,234236,1,wheat/winter wheat,4.6,9,10.7,3,12.8,83,7.2,0,0,1.3,0,53,0.0775,1991-09-28,1,0.90488089106258,False,0,0.34079570958661415
BKR101_P003,101,P003,1992,1,301,1991-10-07,280,9,133,488,0,0,234236,1,wheat/winter wheat,9.8,11.3,12.3,1,3.4,99,5,0,0,0.3,0,54.9,0.0775,1991-09-28,1,0.90488089106258,False,0,0.34079570958661415
BKR101_P003,101,P003,1992,1,301,1991-10-08,281,10,133,488,0,0,234236,1,wheat/winter wheat,5.9,8.8,13.3,0,3.4,95,3.6,0,0,0.4,0,55.6,0.0803,1991-09-28,1,0.90488089106258,False,0,0.34079570958661415
BKR101_P003,101,P003,1992,1,301,1991-10-09,282,11,133,488,0,0,234236,1,wheat/winter wheat,2.9,9.4,11.3,0,3.3,93,6.7,0,0,0.5,0,56.6,0.0813,1991-09-28,1,0.90488089106258,False,0,0.34079570958661415
BKR101_P003,101,P003,1992,1,301,1991-10-10,283,12,133,488,0,0,234236,1,wheat/winter wheat,4.7,8,13.7,1,3.2,96,1.4,0,0,0.4,0,58.4,0.0827,1991-09-28,1,0.90488089106258,False,0,0.34079570958661415
BKR101_P003,101,P003,1992,1,301,1991-10-11,284,13,133,488,0,0,234236,1,wheat/winter wheat,1.7,4.9,12.6,0,5,88,4.7,0,0,0.6,0,60.2,0.0853,1991-09-28,1,0.90488089106258,False,0,0.34079570958661415
BKR101_P003,101,P003,1992,1,301,1991-10-12,285,14,133,488,0,0,234236,1,wheat/winter wheat,1.8,6,11.4,0,10,95,4.2,0,0,0.5,0,62.8,0.088,1991-09-28,1,0.90488089106258,False,0,0.34079570958661415
BKR101_P003,101,P003,1992,1,301,1991-10-13,286,15,133,488,0,0,234236,1,wheat/winter wheat,-1.9,4.1,8,0,7.943,61,2.5,0,0,1,0,65.2,0.0918,1991-09-28,1,0.90488089106258,False,0,0.34079570958661415
BKR101_P003,101,P003,1992,1,301,1991-10-14,287,16,133,488,0,0,234236,1,wheat/winter wheat,-3.1,1.9,8.6,0,11.197,62,1.8,0,0,0.8,0,67.4,0.0952,1991-09-28,1,0.90488089106258,False,0,0.34079570958661415
BKR101_P003,101,P003,1992,1,301,1991-10-15,288,17,133,488,0,0,234236,1,wheat/winter wheat,-3.2,0.6,8.1,0,5.564,61,2.3,0,0,0.8,0,69.1,0.0984,1991-09-28,1,0.90488089106258,False,0,0.34079570958661415
BKR101_P003,101,P003,1992,1,301,1991-10-16,289,18,133,488,0,0,234236,1,wheat/winter wheat,4.1,5.7,8.8,0,2.9,92,5,0,0,0.4,0,71,0.1009,1991-09-28,1,0.90488089106258,False,0,0.34079570958661415
BKR101_P003,101,P003,1992,1,301,1991-10-17,290,19,133,488,0,0,234236,1,wheat/winter wheat,2.1,4.7,7.1,0,1.002,80,4.2,0,0,0.6,0,72.6,0.1036,1991-09-28,1,0.90488089106258,False,0,0.34079570958661415
BKR101_P003,101,P003,1992,1,301,1991-10-18,291,20,133,488,0,0,234236,1,wheat/winter wheat,0.1,2.9,7.2,0,6.981,85,3.5,0,0,0.5,0,75,0.106,1991-09-28,1,0.90488089106258,False,0,0.34079570958661415
BKR101_P003,101,P003,1992,1,301,1991-10-19,292,21,133,488,0,0,234236,1,wheat/winter wheat,-1.9,2.9,8.9,0,8.501,84,2.1,0,0,0.5,0,77.5,0.1093,1991-09-28,1,0.90488089106258,False,0,0.34079570958661415
BKR101_P003,101,P003,1992,1,301,1991-10-20,293,22,133,488,0,0,234236,1,wheat/winter wheat,-0.2,5,11.9,0,8.693,79,3.7,0,0,0.8,0,80.3,0.113,1991-09-28,1,0.90488089106258,False,0,0.34079570958661415
BKR101_P003,101,P003,1992,1,301,1991-10-21,294,23,133,488,0,0,234236,1,wheat/winter wheat,-0.3,4.2,10.7,0,9.264,80,1.7,0,0,0.5,0,83.1,0.1171,1991-09-28,1,0.90488089106258,False,0,0.34079570958661415
BKR101_P003,101,P003,1992,1,301,1991-10-22,295,24,133,488,0,0,234236,1,wheat/winter wheat,-2,4.4,12.2,0,7.139,84,2.6,0,0,0.5,0,85.9,0.1211,1991-09-28,1,0.90488089106258,False,0,0.34079570958661415
BKR101_P003,101,P003,1992,1,301,1991-10-23,296,25,133,488,0,0,234236,1,wheat/winter wheat,1.2,4,6,0.6,3.761,88,5.1,0,0,0.4,0,88.2,0.1253,1991-09-28,1,0.90488089106258,False,0,0.34079570958661415
BKR101_P003,101,P003,1992,1,301,1991-10-24,297,26,133,488,0,0,234236,1,wheat/winter wheat,-0.4,3.5,6.5,1.2,7.319,81,3.4,0,0,0.5,0,91.1,0.1285,1991-09-28,1,0.90488089106258,False,0,0.34079570958661415
BKR101_P003,101,P003,1992,1,301,1991-10-25,298,27,133,488,0,0,234236,1,wheat/winter wheat,3.2,5.1,6.3,2.1,3.831,91,4.2,0,0,0.3,0,93.5,0.1327,1991-09-28,1,0.90488089106258,False,0,0.34079570958661415
BKR101_P003,101,P003,1992,1,301,1991-10-26,299,28,133,488,0,0,234236,1,wheat/winter wheat,3.6,4.6,6.9,2.7,4.105,85,3.8,0,0,0.5,0,96,0.1362,1991-09-28,1,0.90488089106258,False,0,0.34079570958661415
BKR101_P003,101,P003,1992,1,301,1991-10-27,300,29,133,488,0,0,234236,1,wheat/winter wheat,0,3.2,6,2.5,1.49,91,2.8,0,0,0.3,0,97.7,0.1398,1991-09-28,1,0.90488089106258,False,0,0.34079570958661415
BKR101_P003,101,P003,1992,1,301,1991-10-28,301,30,133,488,0,0,234236,1,wheat/winter wheat,1.8,0,1.7,0,3.076,94,2.1,0,0,0.2,0,99.6,0.1423,1991-09-28,1,0.90488089106258,False,0,0.34079570958661415
BKR101_P003,101,P003,1992,1,301,1991-10-29,302,31,133,488,0,0,234236,1,wheat/winter wheat,0.6,3.7,6.8,2.6,2.015,93,2.5,0,0,0.2,0,101.5,0.1449,1991-09-28,1,0.90488089106258,False,0,0.34079570958661415
BKR101_P003,101,P003,1992,1,301,1991-10-30,303,32,133,488,0,0,234236,1,wheat/winter wheat,2.6,4.9,7.2,3,3.581,91,4.5,0,0,0.3,0,104,0.1477,1991-09-28,1,0.90488089106258,False,0,0.34079570958661415
BKR101_P003,101,P003,1992,1,301,1991-10-31,304,33,133,488,0,0,234236,1,wheat/winter wheat,-1.7,3.7,5.8,0.1,4.263,76,2.9,0,0,0.5,0,106.7,0.1513,1991-09-28,1,0.90488089106258,False,0,0.34079570958661415
BKR101_P003,101,P003,1992,1,301,1991-11-01,305,34,133,488,0,0,234236,1,wheat/winter wheat,-3.7,-1.2,3.8,0,6.915,89,1,0,0,0,0,106.6,0.1552,1991-09-28,1,0.90488089106258,False,0,0.34079570958661415
BKR101_P003,101,P003,1992,1,301,1991-11-02,306,35,133,488,0,0,234236,1,wheat/winter wheat,-1.2,0.2,2.9,0,4.132,91,2.2,0,0,0.2,0,108.9,0.1552,1991-09-28,1,0.90488089106258,False,0,0.34079570958661415
BKR101_P003,101,P003,1992,1,301,1991-11-03,307,36,133,488,0,0,234236,1,wheat/winter wheat,-0.6,3,7.1,0.9,7.467,73,6.1,0,0,0.6,0,111.8,0.1584,1991-09-28,1,0.90488089106258,False,0,0.34079570958661415
BKR101_P003,101,P003,1992,1,301,1991-11-04,308,37,133,488,0,0,234236,1,wheat/winter wheat,4.2,7.2,9.6,2.4,3.516,57,6.3,0,0,1.3,0,114.8,0.1626,1991-09-28,1,0.90488089106258,False,0,0.34079570958661415
BKR101_P003,101,P003,1992,1,301,1991-11-05,309,38,133,488,0,0,234236,1,wheat/winter wheat,2.9,5.4,7.9,0.6,3.303,57,5.6,0,0,1.1,0,117.5,0.1668,1991-09-28,1,0.90488089106258,False,0,0.34079570958661415
BKR101_P003,101,P003,1992,1,301,1991-11-06,310,39,133,488,0,0,234236,1,wheat/winter wheat,5.2,7.7,10.9,1,1.879,57,4.4,0,0,1,0,119.6,0.1707,1991-09-28,1,0.90488089106258,False,0,0.34079570958661415
BKR101_P003,101,P003,1992,1,301,1991-11-07,311,40,133,488,0,0,234236,1,wheat/winter wheat,10.4,10.8,11.3,0,1.9,57,6.6,0,0,1.3,0,121.9,0.1737,1991-09-28,1,0.90488089106258,False,0,0.34079570958661415
BKR101_P003,101,P003,1992,1,301,1991-11-08,312,41,133,488,0,0,234236,1,wheat/winter wheat,6.8,10.8,12.4,1.8,1.165,57,7.4,0,0,1,0,123.6,0.1769,1991-09-28,1,0.90488089106258,False,0,0.34079570958661415
BKR101_P003,101,P003,1992,1,301,1991-11-09,313,42,133,488,0,0,234236,1,wheat/winter wheat,-1.8,3.6,6.1,0,6.319,68,3.1,0,0,0.4,0,126.9,0.1793,1991-09-28,1,0.90488089106258,False,0,0.34079570958661415
BKR101_P003,101,P003,1992,1,301,1991-11-10,314,43,133,488,0,0,234236,1,wheat/winter wheat,-6.5,-1.6,3.8,0,6.639,79,1.8,0,0,0,0,126.8,0.1839,1991-09-28,1,0.90488089106258,False,0,0.34079570958661415
BKR101_P003,101,P003,1992,1,301,1991-11-11,315,44,133,488,0,0,234236,1,wheat/winter wheat,0.4,4.5,7.2,0.6,1.816,84,4.8,0,0,0.3,0,128.9,0.1838,1991-09-28,1,0.90488089106258,False,0,0.34079570958661415
BKR101_P003,101,P003,1992,1,301,1991-11-12,316,45,133,488,0,0,234236,1,wheat/winter wheat,4.4,6.2,8.9,0.4,3.555,87,5,0,0,0.4,0,132.2,0.1867,1991-09-28,1,0.90488089106258,False,0,0.34079570958661415
BKR101_P003,101,P003,1992,1,301,1991-11-13,317,46,133,488,0,0,234236,1,wheat/winter wheat,3.6,5.2,9.3,3,1.45,87,6.1,0,0,0.3,0,134.1,0.1914,1991-09-28,1,0.90488089106258,False,0,0.34079570958661415
BKR101_P003,101,P003,1992,1,301,1991-11-14,318,47,133,488,0,0,234236,1,wheat/winter wheat,1.7,3,4.6,1,0.56,96,5.8,0,0,0.1,0,135.5,0.1939,1991-09-28,1,0.90488089106258,False,0,0.34079570958661415
BKR101_P003,101,P003,1992,1,301,1991-11-15,319,48,133,488,0,0,234236,1,wheat/winter wheat,0.5,2,3.9,1,1.37,99,1.4,0,0,0.1,0,137.2,0.1959,1991-09-28,1,0.90488089106258,False,0,0.34079570958661415
BKR101_P003,101,P003,1992,1,301,1991-11-16,320,49,133,488,0,0,234236,1,wheat/winter wheat,-0.6,1.2,2.4,1,0.56,100,3.1,0,0,0.1,0,138.5,0.1982,1991-09-28,1,0.90488089106258,False,0,0.34079570958661415
BKR101_P003,101,P003,1992,1,301,1991-11-17,321,50,133,488,0,0,234236,1,wheat/winter wheat,0.6,4.1,6.3,2,0.56,100,4.7,0,0,0.1,0,139.8,0.2001,1991-09-28,1,0.90488089106258,False,0,0.34079570958661415
BKR101_P003,101,P003,1992,1,301,1991-11-18,322,51,133,488,0,0,234236,1,wheat/winter wheat,3.5,5.9,8.4,0,2.402,80,3.8,0,0,0.4,0,142.6,0.2019,1991-09-28,1,0.90488089106258,False,0,0.34079570958661415
BKR101_P003,101,P003,1992,1,301,1991-11-19,323,52,133,488,0,0,234236,1,wheat/winter wheat,2.6,3.8,5,4.3,1.606,89,5.4,0,0,0.2,0,144.6,0.2057,1991-09-28,1,0.90488089106258,False,0,0.34079570958661415
BKR101_P003,101,P003,1992,1,301,1991-11-20,324,53,133,488,0,0,234236,1,wheat/winter wheat,2.5,4.1,5.7,1.9,2.515,88,7.5,0,0,0.3,0,147.4,0.2084,1991-09-28,1,0.90488089106258,False,0,0.34079570958661415
BKR101_P003,101,P003,1992,1,301,1991-11-21,325,54,133,488,0,0,234236,1,wheat/winter wheat,2.8,4.3,5.4,0.2,2.651,77,9.2,0,0,0.5,0,150.4,0.2122,1991-09-28,1,0.90488089106258,False,0,0.34079570958661415
BKR101_P003,101,P003,1992,1,301,1991-11-22,326,55,133,488,0,0,234236,1,wheat/winter wheat,1.4,3.3,5.2,1.8,3.506,87,6.4,0,0,0.2,0,153.6,0.2163,1991-09-28,1,0.90488089106258,False,0,0.34079570958661415
BKR101_P003,101,P003,1992,1,301,1991-11-23,327,56,133,488,0,0,234236,1,wheat/winter wheat,-0.6,1.6,4.5,0,2.859,95,1.9,0,0,0,0,156.5,0.2206,1991-09-28,1,0.90488089106258,False,0,0.34079570958661415
BKR101_P003,101,P003,1992,1,301,1991-11-24,328,57,133,488,0,0,234236,1,wheat/winter wheat,-1.4,0.7,2.5,0.7,1.222,97,1.5,0,0,0.1,0,158.1,0.2245,1991-09-28,1,0.90488089106258,False,0,0.34079570958661415
BKR101_P003,101,P003,1992,1,301,1991-11-25,329,58,133,488,0,0,234236,1,wheat/winter wheat,2.6,5.6,7.2,0.6,1.897,96,2.4,0,0,0.1,0,160.8,0.2268,1991-09-28,1,0.90488089106258,False,0,0.34079570958661415
BKR101_P003,101,P003,1992,1,301,1991-11-26,330,59,133,488,0,0,234236,1,wheat/winter wheat,5.6,7,8.9,1.8,1.505,90,4.8,0,0,0.2,0,163,0.2303,1991-09-28,1,0.90488089106258,False,0,0.34079570958661415
BKR101_P003,101,P003,1992,1,301,1991-11-27,331,60,133,488,0,0,234236,1,wheat/winter wheat,5.8,7.3,10.6,4,0.518,88,7.6,0,0,0.2,0,163.9,0.2333,1991-09-28,1,0.90488089106258,False,0,0.34079570958661415
BKR101_P003,101,P003,1992,1,301,1991-11-28,332,61,133,488,0,0,234236,1,wheat/winter wheat,2.3,3.9,6.6,2,2.49,94,4.2,0,0,0.1,0,167.1,0.2345,1991-09-28,1,0.90488089106258,False,0,0.34079570958661415
BKR101_P003,101,P003,1992,1,301,1991-11-29,333,62,133,488,0,0,234236,1,wheat/winter wheat,1.7,3.9,6.6,2,0.4,99,7.2,0,0,0,0,168.1,0.2387,1991-09-28,1,0.90488089106258,False,0,0.34079570958661415
BKR101_P003,101,P003,1992,1,301,1991-11-30,334,63,133,488,0,0,234236,1,wheat/winter wheat,1.1,2,3.6,0,0.4,100,5.8,0,0,0,0,169.1,0.2401,1991-09-28,1,0.90488089106258,False,0,0.34079570958661415
BKR101_P003,101,P003,1992,1,301,1991-12-01,335,64,133,488,0,0,234236,1,wheat/winter wheat,-0.1,3.8,5,0,0.83,92,7.2,0,0,0.1,0,170.6,0.2414,1991-09-28,1,0.90488089106258,False,0,0.34079570958661415
BKR101_P003,101,P003,1992,1,301,1991-12-02,336,65,133,488,0,0,234236,1,wheat/winter wheat,4.6,6.4,10.1,0,1.854,89,5.5,0,0,0.3,0,173.4,0.2433,1991-09-28,1,0.90488089106258,False,0,0.34079570958661415
BKR101_P003,101,P003,1992,1,301,1991-12-03,337,66,133,488,0,0,234236,1,wheat/winter wheat,2.7,4.9,7.4,3.9,3.422,88,6.5,0,0,0.2,0,176.8,0.247,1991-09-28,1,0.90488089106258,False,0,0.34079570958661415
BKR101_P003,101,P003,1992,1,301,1991-12-04,338,67,133,488,0,0,234236,1,wheat/winter wheat,3.4,6.7,10,1.5,2.988,81,5.6,0,0,0.4,0,180.5,0.2514,1991-09-28,1,0.90488089106258,False,0,0.34079570958661415
BKR101_P003,101,P003,1992,1,301,1991-12-05,339,68,133,488,0,0,234236,1,wheat/winter wheat,1.8,4.9,6.3,3.1,3.053,84,5.3,0,0,0.2,0,184,0.2561,1991-09-28,1,0.90488089106258,False,0,0.34079570958661415
BKR101_P003,101,P003,1992,1,301,1991-12-06,340,69,133,488,0,0,234236,1,wheat/winter wheat,0.2,2.5,4.7,0,2.215,90,3.9,0,0,0.1,0,187.2,0.2606,1991-09-28,1,0.90488089106258,False,0,0.34079570958661415
BKR101_P003,101,P003,1992,1,301,1991-12-07,341,70,133,488,0,0,234236,1,wheat/winter wheat,0.3,1.6,3.1,0,2.225,94,2.4,0,0,0,0,190.2,0.2646,1991-09-28,1,0.90488089106258,False,0,0.34079570958661415
BKR101_P003,101,P003,1992,1,301,1991-12-08,342,71,133,488,0,0,234236,1,wheat/winter wheat,0.3,0.8,1.6,0,2.146,92,4.7,0,0,0.1,0,193.2,0.2685,1991-09-28,1,0.90488089106258,False,0,0.34079570958661415
BKR101_P003,101,P003,1992,1,301,1991-12-09,343,72,133,488,0,0,234236,1,wheat/winter wheat,0.5,1.7,2.9,0,1.097,96,2.3,0,0,0.1,0,195,0.2723,1991-09-28,1,0.90488089106258,False,0,0.34079570958661415
BKR101_P003,101,P003,1992,1,301,1991-12-10,344,73,133,488,0,0,234236,1,wheat/winter wheat,1.7,2.4,3.5,0,1.025,94,2.3,0,0,0.1,0,196.8,0.2746,1991-09-28,1,0.90488089106258,False,0,0.34079570958661415
BKR101_P003,101,P003,1992,1,301,1991-12-11,345,74,133,488,0,0,234236,1,wheat/winter wheat,2.3,2.8,3.3,0,0.966,95,1.6,0,0,0.1,0,198.5,0.2768,1991-09-28,1,0.90488089106258,False,0,0.34079570958661415
BKR101_P003,101,P003,1992,1,301,1991-12-12,346,75,133,488,0,0,234236,1,wheat/winter wheat,0.5,2.3,3.3,2.7,1.226,93,4,0,0,0.1,0,200.6,0.279,1991-09-28,1,0.90488089106258,False,0,0.34079570958661415
BKR101_P003,101,P003,1992,1,301,1991-12-13,347,76,133,488,0,0,234236,1,wheat/winter wheat,0.2,3.3,4.8,5.1,1.958,92,6.4,0,0,0.1,0,204,0.2817,1991-09-28,1,0.90488089106258,False,0,0.34079570958661415
BKR101_P003,101,P003,1992,1,301,1991-12-14,348,77,133,488,0,0,234236,1,wheat/winter wheat,1.5,2.8,4.1,0,2.032,87,6,0,0,0.2,0,207.3,0.286,1991-09-28,1,0.90488089106258,False,0,0.34079570958661415
BKR101_P003,101,P003,1992,1,301,1991-12-15,349,78,133,488,0,0,234236,1,wheat/winter wheat,2.7,6.3,8.5,2.2,1.161,91,6.1,0,0,0.2,0,209.6,0.2902,1991-09-28,1,0.90488089106258,False,0,0.34079570958661415
BKR101_P003,101,P003,1992,1,301,1991-12-16,350,79,133,488,0,0,234236,1,wheat/winter wheat,0.4,5.4,7.6,0,2.963,88,2.8,0,0,0,0,213.5,0.293,1991-09-28,1,0.90488089106258,False,0,0.34079570958661415
BKR101_P003,101,P003,1992,1,301,1991-12-17,351,80,133,488,0,0,234236,1,wheat/winter wheat,-2.4,0,3.6,0,3.842,94,1.1,0,0,0,0,216.4,0.2978,1991-09-28,1,0.90488089106258,False,0,0.34079570958661415
BKR101_P003,101,P003,1992,1,301,1991-12-18,352,81,133,488,0,0,234236,1,wheat/winter wheat,-3.9,-0.8,2.5,0,3.449,94,0.5,0,0,0,0,216.3,0.3014,1991-09-28,1,0.90488089106258,False,0,0.34079570958661415
BKR101_P003,101,P003,1992,1,301,1991-12-19,353,82,133,488,0,0,234236,1,wheat/winter wheat,-3.8,-1.5,0,0,2.892,95,2.7,0,0,0,0,216.2,0.3013,1991-09-28,1,0.90488089106258,False,0,0.34079570958661415
BKR101_P003,101,P003,1992,1,301,1991-12-20,354,83,133,488,0,0,234236,1,wheat/winter wheat,-1.5,1.8,3,1.3,1.202,85,5.4,0,0,0.2,0,218.4,0.3013,1991-09-28,1,0.90488089106258,False,0,0.34079570958661415
BKR101_P003,101,P003,1992,1,301,1991-12-21,355,84,133,488,0,0,234236,1,wheat/winter wheat,0.3,1.8,2.5,7.3,0.895,93,1.9,0,0,0.1,0,220.2,0.3041,1991-09-28,1,0.90488089106258,False,0,0.34079570958661415
BKR101_P003,101,P003,1992,1,301,1991-12-22,356,85,133,488,0,0,234236,1,wheat/winter wheat,-2.4,-0.2,1.3,0,1.566,93,1.4,0,0,0,0,220.1,0.3062,1991-09-28,1,0.90488089106258,False,0,0.34079570958661415
BKR101_P003,101,P003,1992,1,301,1991-12-23,357,86,133,488,0,0,234236,1,wheat/winter wheat,-3.8,-3.2,-2.7,0,1.861,91,2.3,0,0,0,0,220,0.3061,1991-09-28,1,0.90488089106258,False,0,0.34079570958661415
BKR101_P003,101,P003,1992,1,301,1991-12-24,358,87,133,488,0,0,234236,1,wheat/winter wheat,-7.8,-4.8,-2.2,0,4.003,83,4.9,0,0,0,0,219.9,0.306,1991-09-28,1,0.90488089106258,False,0,0.34079570958661415
BKR101_P003,101,P003,1992,1,301,1991-12-25,359,88,133,488,0,0,234236,1,wheat/winter wheat,-9.6,-8.2,-6.2,0,3.198,88,3.2,0,0,0,0,219.8,0.306,1991-09-28,1,0.90488089106258,False,0,0.34079570958661415
BKR101_P003,101,P003,1992,1,301,1991-12-26,360,89,133,488,0,0,234236,1,wheat/winter wheat,-11.3,-9.8,-7.7,0,2.785,89,2.5,0,0,0,0,219.7,0.3059,1991-09-28,1,0.90488089106258,False,0,0.34079570958661415
BKR101_P003,101,P003,1992,1,301,1991-12-27,361,90,133,488,0,0,234236,1,wheat/winter wheat,-12.1,-9,-4.7,0,2.96,88,0.7,0,0,0,0,219.6,0.3059,1991-09-28,1,0.90488089106258,False,0,0.34079570958661415
BKR101_P003,101,P003,1992,1,301,1991-12-28,362,91,133,488,0,0,234236,1,wheat/winter wheat,-4.5,-2.3,0.9,0,3.384,90,1.5,0,0,0,0,219.5,0.3058,1991-09-28,1,0.90488089106258,False,0,0.34079570958661415
BKR101_P003,101,P003,1992,1,301,1991-12-29,363,92,133,488,0,0,234236,1,wheat/winter wheat,-8.5,-6,-2.4,0,3.633,92,2.2,0,0,0,0,219.4,0.3057,1991-09-28,1,0.90488089106258,False,0,0.34079570958661415
BKR101_P003,101,P003,1992,1,301,1991-12-30,364,93,133,488,0,0,234236,1,wheat/winter wheat,-5.3,-4.1,-3,0,1.039,92,4.3,0,0,0,0,219.3,0.3057,1991-09-28,1,0.90488089106258,False,0,0.34079570958661415
BKR101_P003,101,P003,1992,1,301,1991-12-31,365,94,133,488,0,0,234236,1,wheat/winter wheat,-2.8,-1.6,-0.6,0,1.33,92,2.3,0,0,0,0,219.2,0.3056,1991-09-28,1,0.90488089106258,False,0,0.34079570958661415
BKR101_P003,101,P003,1992,1,301,1992-01-01,1,95,133,488,0,0,234236,1,wheat/winter wheat,-1.5,-0.6,1,0,0.52,90,6.7,0,0,0,0,219.1,0.3055,1991-09-28,1,0.90488089106258,False,0,0.34079570958661415
BKR101_P003,101,P003,1992,1,301,1992-01-02,2,96,133,488,0,0,234236,1,wheat/winter wheat,0,2.8,6,0,0.52,85,12.8,0,0,0.1,0,220.2,0.3054,1991-09-28,1,0.90488089106258,False,0,0.34079570958661415
BKR101_P003,101,P003,1992,1,301,1992-01-03,3,97,133,488,0,0,234236,1,wheat/winter wheat,6,7,8,0,1.63,77,11.4,0,0,0.5,0,223.6,0.3068,1991-09-28,1,0.90488089106258,False,0,0.34079570958661415
BKR101_P003,101,P003,1992,1,301,1992-01-04,4,98,133,488,0,0,234236,1,wheat/winter wheat,4,5.7,8,0,0.52,70,8.6,0,0,0.3,0,224.7,0.3109,1991-09-28,1,0.90488089106258,False,0,0.34079570958661415
BKR101_P003,101,P003,1992,1,301,1992-01-05,5,99,133,488,0,0,234236,1,wheat/winter wheat,4,5.6,7,1,0.52,76,7.8,0,0,0.3,0,225.9,0.3123,1991-09-28,1,0.90488089106258,False,0,0.34079570958661415
BKR101_P003,101,P003,1992,1,301,1992-01-06,6,100,133,488,0,0,234236,1,wheat/winter wheat,3.5,4,5,1,0.52,85,1.1,0,0,0.2,0,227.1,0.3137,1991-09-28,1,0.90488089106258,False,0,0.34079570958661415
BKR101_P003,101,P003,1992,1,301,1992-01-07,7,101,133,488,0,0,234236,1,wheat/winter wheat,3,4.7,8,0,0.69,79,7.2,0,0,0.3,0,228.6,0.3151,1991-09-28,1,0.90488089106258,False,0,0.34079570958661415
BKR101_P003,101,P003,1992,1,301,1992-01-08,8,102,133,488,0,0,234236,1,wheat/winter wheat,0.2,3.9,7,1,0.75,67,3.1,0,0,0.4,0,230.3,0.3169,1991-09-28,1,0.90488089106258,False,0,0.34079570958661415
BKR101_P003,101,P003,1992,1,301,1992-01-09,9,103,133,488,0,0,234236,1,wheat/winter wheat,2.5,5.7,9,1,0.52,71,6.1,0,0,0.3,0,231.6,0.319,1991-09-28,1,0.90488089106258,False,0,0.34079570958661415
BKR101_P003,101,P003,1992,1,301,1992-01-10,10,104,133,488,0,0,234236,1,wheat/winter wheat,-3.5,-0.1,2,0,4.79,71,4.2,0,0,0,0,231.4,0.3204,1991-09-28,1,0.90488089106258,False,0,0.34079570958661415
BKR101_P003,101,P003,1992,1,301,1992-01-11,11,105,133,488,0,0,234236,1,wheat/winter wheat,-7,-3.2,1,0,3.77,74,0,0,0,0,0,231.3,0.3203,1991-09-28,1,0.90488089106258,False,0,0.34079570958661415
BKR101_P003,101,P003,1992,1,301,1992-01-12,12,106,133,488,0,0,234236,1,wheat/winter wheat,-3,1,3.5,0,1.94,77,7.8,0,0,0.3,0,234.7,0.3203,1991-09-28,1,0.90488089106258,False,0,0.34079570958661415
BKR101_P003,101,P003,1992,1,301,1992-01-13,13,107,133,488,0,0,234236,1,wheat/winter wheat,-1.5,-1,0,1,0.72,79,2.5,0,0,0,0,234.5,0.3242,1991-09-28,1,0.90488089106258,False,0,0.34079570958661415
BKR101_P003,101,P003,1992,1,301,1992-01-14,14,108,133,488,0,0,234236,1,wheat/winter wheat,0,3.6,6,0,0.72,78,8.3,0,0,0.3,0,236.4,0.3241,1991-09-28,1,0.90488089106258,False,0,0.34079570958661415
BKR101_P003,101,P003,1992,1,301,1992-01-15,15,109,133,488,0,0,234236,1,wheat/winter wheat,5,5.7,6,0,0.72,70,8.6,0,0,0.4,0,238.2,0.3263,1991-09-28,1,0.90488089106258,False,0,0.34079570958661415
BKR101_P003,101,P003,1992,1,301,1992-01-16,16,110,133,488,0,0,234236,1,wheat/winter wheat,3,4.6,6,1,0.72,69,8.3,0,0,0.4,0,240.1,0.3284,1991-09-28,1,0.90488089106258,False,0,0.34079570958661415
BKR101_P003,101,P003,1992,1,301,1992-01-17,17,111,133,488,0,0,234236,1,wheat/winter wheat,-1,2.8,4,0,5.36,59,7.8,0,0,0.6,0,245,0.3306,1991-09-28,1,0.90488089106258,False,0,0.34079570958661415
BKR101_P003,101,P003,1992,1,301,1992-01-18,18,112,133,488,0,0,234236,1,wheat/winter wheat,-1,2.8,6,3,0.72,76,6.1,0,0,0.3,0,247.1,0.3363,1991-09-28,1,0.90488089106258,False,0,0.34079570958661415
BKR101_P003,101,P003,1992,1,301,1992-01-19,19,113,133,488,0,0,234236,1,wheat/winter wheat,0,4.4,6,12,0.72,78,6.1,0,0,0.3,0,249.2,0.3387,1991-09-28,1,0.90488089106258,False,0,0.34079570958661415
BKR101_P003,101,P003,1992,1,301,1992-01-20,20,114,133,488,0,0,234236,1,wheat/winter wheat,-5,-0.4,4.5,0,1.03,81,7.8,0,0,0,0,249.1,0.3411,1991-09-28,1,0.90488089106258,False,0,0.34079570958661415
BKR101_P003,101,P003,1992,1,301,1992-01-21,21,115,133,488,0,0,234236,1,wheat/winter wheat,-9,-6.2,-3,0,2.6,73,0,0,0,0,0,249,0.341,1991-09-28,1,0.90488089106258,False,0,0.34079570958661415
BKR101_P003,101,P003,1992,1,301,1992-01-22,22,116,133,488,0,0,234236,1,wheat/winter wheat,-10.5,-7.5,-4,0,5.79,71,2.2,0,0,0,0,248.9,0.3409,1991-09-28,1,0.90488089106258,False,0,0.34079570958661415
BKR101_P003,101,P003,1992,1,301,1992-01-23,23,117,133,488,0,0,234236,1,wheat/winter wheat,-13,-8.2,-4,0,3.68,68,3.6,0,0,0,0,248.8,0.3409,1991-09-28,1,0.90488089106258,False,0,0.34079570958661415
BKR101_P003,101,P003,1992,1,301,1992-01-24,24,118,133,488,0,0,234236,1,wheat/winter wheat,-9,-6.9,-4,0,3.54,70,2.2,0,0,0,0,248.7,0.3408,1991-09-28,1,0.90488089106258,False,0,0.34079570958661415
BKR101_P003,101,P003,1992,1,301,1992-01-25,25,119,133,488,0,0,234236,1,wheat/winter wheat,-9,-7.5,-6.5,0,0.79,79,0,0,0,0,0,248.6,0.3407,1991-09-28,1,0.90488089106258,False,0,0.34079570958661415
BKR101_P003,101,P003,1992,1,301,1992-01-26,26,120,133,488,0,0,234236,1,wheat/winter wheat,-7,-4.3,-2,0,0.79,79,1.1,0,0,0,0,248.5,0.3407,1991-09-28,1,0.90488089106258,False,0,0.34079570958661415
BKR101_P003,101,P003,1992,1,301,1992-01-27,27,121,133,488,0,0,234236,1,wheat/winter wheat,-1.5,0,1,0,0.79,80,1.4,0,0,0.2,0,251,0.3406,1991-09-28,1,0.90488089106258,False,0,0.34079570958661415
BKR101_P003,101,P003,1992,1,301,1992-01-28,28,122,133,488,0,0,234236,1,wheat/winter wheat,-2.5,-1.2,0,0,0.79,79,2.5,0,0,0,0,250.9,0.3435,1991-09-28,1,0.90488089106258,False,0,0.34079570958661415
BKR101_P003,101,P003,1992,1,301,1992-01-29,29,123,133,488,0,0,234236,1,wheat/winter wheat,-1,-0.3,0.5,0,0.79,79,2.2,0,0,0,0,250.7,0.3434,1991-09-28,1,0.90488089106258,False,0,0.34079570958661415
BKR101_P003,101,P003,1992,1,301,1992-01-30,30,124,133,488,0,0,234236,1,wheat/winter wheat,-1.5,-0.1,1,0,2.24,77,1.1,0,0,0,0,250.6,0.3432,1991-09-28,1,0.90488089106258,False,0,0.34079570958661415
BKR101_P003,101,P003,1992,1,301,1992-01-31,31,125,133,488,0,0,234236,1,wheat/winter wheat,-2.5,-2.1,-1.5,0,0.79,78,1.1,0,0,0,0,250.4,0.3431,1991-09-28,1,0.90488089106258,False,0,0.34079570958661415
BKR101_P003,101,P003,1992,1,301,1992-02-01,32,126,133,488,0,0,234236,1,wheat/winter wheat,-2,-1.5,-1,0,0.86,78,2.5,0,0,0,0,250.3,0.343,1991-09-28,1,0.90488089106258,False,0,0.34079570958661415
BKR101_P003,101,P003,1992,1,301,1992-02-02,33,127,133,488,0,0,234236,1,wheat/winter wheat,-2,-1.3,-0.5,1,0.86,78,5,0,0,0,0,250.2,0.3429,1991-09-28,1,0.90488089106258,False,0,0.34079570958661415
BKR101_P003,101,P003,1992,1,301,1992-02-03,34,128,133,488,0,0,234236,1,wheat/winter wheat,-1,1.2,4,6,1.78,74,6.7,0,0,0.4,0,253.9,0.3428,1991-09-28,1,0.90488089106258,False,0,0.34079570958661415
BKR101_P003,101,P003,1992,1,301,1992-02-04,35,129,133,488,0,0,234236,1,wheat/winter wheat,0,1.9,3,0,5.14,68,9.2,0,0,0.7,0,260.2,0.3471,1991-09-28,1,0.90488089106258,False,0,0.34079570958661415
BKR101_P003,101,P003,1992,1,301,1992-02-05,36,130,133,488,0,0,234236,1,wheat/winter wheat,0,1.3,2.5,1,0.86,75,8.6,0,0,0.4,0,263.6,0.3544,1991-09-28,1,0.90488089106258,False,0,0.34079570958661415
BKR101_P003,101,P003,1992,1,301,1992-02-06,37,131,133,488,0,0,234236,1,wheat/winter wheat,-1,2.1,6,1,0.86,78,1.4,0,0,0.4,0,267.1,0.3582,1991-09-28,1,0.90488089106258,False,0,0.34079570958661415
BKR101_P003,101,P003,1992,1,301,1992-02-07,38,132,133,488,0,0,234236,1,wheat/winter wheat,6,6.3,7.5,0,2.54,70,8.6,0,0,0.8,0,272.7,0.3622,1991-09-28,1,0.90488089106258,False,0,0.34079570958661415
BKR101_P003,101,P003,1992,1,301,1992-02-08,39,133,133,488,0,0,234236,1,wheat/winter wheat,0,3.7,6,0,0.86,72,4.2,0,0,0.5,0,276.7,0.3686,1991-09-28,1,0.90488089106258,False,0,0.34079570958661415
BKR101_P003,101,P003,1992,1,301,1992-02-09,40,134,133,488,0,0,234236,1,wheat/winter wheat,-2,1.9,8,0,3.97,77,3.6,0,0,0.5,0,282.8,0.3731,1991-09-28,1,0.90488089106258,False,0,0.34079570958661415
BKR101_P003,101,P003,1992,1,301,1992-02-10,41,135,133,488,0,0,234236,1,wheat/winter wheat,1,3.4,6.5,1,2.71,75,3.1,0,0,0.5,0,288.4,0.3799,1991-09-28,1,0.90488089106258,False,0,0.34079570958661415
BKR101_P003,101,P003,1992,1,301,1992-02-11,42,136,133,488,0,0,234236,1,wheat/winter wheat,1,2.5,4,4,0.92,79,4.7,0,0,0.4,0,292.8,0.3862,1991-09-28,1,0.90488089106258,False,0,0.34079570958661415
BKR101_P003,101,P003,1992,1,301,1992-02-12,43,137,133,488,0,0,234236,1,wheat/winter wheat,3,4.4,6,0,1.68,77,1.1,0,0,0.4,0,298,0.3912,1991-09-28,1,0.90488089106258,False,0,0.34079570958661415
BKR101_P003,101,P003,1992,1,301,1992-02-13,44,138,133,488,0,0,234236,1,wheat/winter wheat,4.5,6.6,9,2,0.92,76,3.6,0,0,0.6,0,303,0.397,1991-09-28,1,0.90488089106258,False,0,0.34079570958661415
BKR101_P003,101,P003,1992,1,301,1992-02-14,45,139,133,488,0,0,234236,1,wheat/winter wheat,1,2.8,5,3,3.4,75,5.8,0,0,0.6,0,309.7,0.4024,1991-09-28,1,0.90488089106258,False,0,0.34079570958661415
BKR101_P003,101,P003,1992,1,301,1992-02-15,46,140,133,488,0,0,234236,1,wheat/winter wheat,1,4,7,1,0.92,73,6.1,0,0,0.6,0,315.1,0.4098,1991-09-28,1,0.90488089106258,False,0,0.34079570958661415
BKR101_P003,101,P003,1992,1,301,1992-02-16,47,141,133,488,0,0,234236,1,wheat/winter wheat,-1,1.4,3.5,2,1.4,70,9.2,0,0,0.5,0,320.4,0.4156,1991-09-28,1,0.90488089106258,False,0,0.34079570958661415
BKR101_P003,101,P003,1992,1,301,1992-02-17,48,142,133,488,0,0,234236,1,wheat/winter wheat,-4.5,-1.8,0,1,4.74,73,4.7,0,0,0,0,320.2,0.4214,1991-09-28,1,0.90488089106258,False,0,0.34079570958661415
BKR101_P003,101,P003,1992,1,301,1992-02-18,49,143,133,488,0,0,234236,1,wheat/winter wheat,-6,-3.1,-1,0,5.31,69,3.1,0,0,0,0,320.1,0.4213,1991-09-28,1,0.90488089106258,False,0,0.34079570958661415
BKR101_P003,101,P003,1992,1,301,1992-02-19,50,144,133,488,0,0,234236,1,wheat/winter wheat,-3,-0.7,0.5,1,0.92,72,5.8,0,0,0,0,319.9,0.4211,1991-09-28,1,0.90488089106258,False,0,0.34079570958661415
BKR101_P003,101,P003,1992,1,301,1992-02-20,51,145,133,488,0,0,234236,1,wheat/winter wheat,-4,-1.2,1.5,0,2.16,78,3.6,0,0,0,0,319.7,0.421,1991-09-28,1,0.90488089106258,False,0,0.34079570958661415
BKR101_P003,101,P003,1992,1,301,1992-02-21,52,146,133,488,0,0,234236,1,wheat/winter wheat,0,1.3,2.5,0,1.64,80,6.1,0,0,0.4,0,325.7,0.4209,1991-09-28,1,0.90488089106258,False,0,0.34079570958661415
BKR101_P003,101,P003,1992,1,301,1992-02-22,53,147,133,488,0,0,234236,1,wheat/winter wheat,1,3.1,4.5,2,2.45,72,4.7,0,0,0.6,0,332.9,0.4274,1991-09-28,1,0.90488089106258,False,0,0.34079570958661415
BKR101_P003,101,P003,1992,1,301,1992-02-23,54,148,133,488,0,0,234236,1,wheat/winter wheat,2.5,4.8,8,0,3.5,70,10.8,0,0,1,0,341.4,0.4352,1991-09-28,1,0.90488089106258,False,0,0.34079570958661415
BKR101_P003,101,P003,1992,1,301,1992-02-24,55,149,133,488,0,0,234236,1,wheat/winter wheat,1.5,3.5,6.5,0,7.34,72,4.7,0,0,0.9,0,352.5,0.4443,1991-09-28,1,0.90488089106258,False,0,0.34079570958661415
BKR101_P003,101,P003,1992,1,301,1992-02-25,56,150,133,488,0,0,234236,1,wheat/winter wheat,1,3.7,7,0,1.64,74,0,0,0,0.5,0,359.9,0.4562,1991-09-28,1,0.90488089106258,False,0,0.34079570958661415
BKR101_P003,101,P003,1992,1,301,1992-02-26,57,151,133,488,0,0,234236,1,wheat/winter wheat,-2,2.5,7.5,0,3.97,73,1.4,0,0,0.6,0,368.8,0.4641,1991-09-28,1,0.90488089106258,False,0,0.34079570958661415
BKR101_P003,101,P003,1992,1,301,1992-02-27,58,152,133,488,0,0,234236,1,wheat/winter wheat,1,4.3,9,0,6.64,74,3.1,0,0,0.8,0,380.6,0.4736,1991-09-28,1,0.90488089106258,False,0,0.34079570958661415
BKR101_P003,101,P003,1992,1,301,1992-02-28,59,153,133,488,0,0,234236,1,wheat/winter wheat,-4,1.1,6,0,6.99,79,1.1,0,0,0.5,0,391.1,0.486,1991-09-28,1,0.90488089106258,False,0,0.34079570958661415
BKR101_P003,101,P003,1992,1,301,1992-02-29,60,154,133,488,0,0,234236,1,wheat/winter wheat,3,6.8,12,0,4.08,68,4.2,0,0,1.2,0,402.5,0.4972,1991-09-28,1,0.90488089106258,False,0,0.34079570958661415
BKR101_P003,101,P003,1992,1,301,1992-03-01,61,155,133,488,0,0,234236,1,wheat/winter wheat,4,8,14,0,13.75,68,3.1,0,0,1.4,0,420.6,0.5091,1991-09-28,1,0.90488089106258,False,0,0.34079570958661415
BKR101_P003,101,P003,1992,1,301,1992-03-02,62,156,133,488,0,0,234236,1,wheat/winter wheat,5,6.9,13,1,8.12,61,3.1,0,0,1.5,0,436.8,0.5277,1991-09-28,1,0.90488089106258,False,0,0.34079570958661415
BKR101_P003,101,P003,1992,1,301,1992-03-03,63,157,133,488,0,0,234236,1,wheat/winter wheat,4,5.5,7,0,2.9,70,11.7,0,0,1.1,0,448.3,0.5442,1991-09-28,1,0.90488089106258,False,0,0.34079570958661415
BKR101_P003,101,P003,1992,1,301,1992-03-04,64,158,133,488,0,0,234236,1,wheat/winter wheat,4,6.9,11,0,12.65,61,5,0,0,1.8,0,468.1,0.5558,1991-09-28,1,0.90488089106258,False,0,0.34079570958661415
BKR101_P003,101,P003,1992,1,301,1992-03-05,65,159,133,488,0,0,234236,1,wheat/winter wheat,4,7.5,13,0,21.85,68,1.4,0,0,1.3,0,489.3,0.5756,1991-09-28,1,0.90488089106258,False,0,0.34079570958661415
BKR101_P003,101,P003,1992,1,301,1992-03-06,66,160,133,488,0,0,234236,1,wheat/winter wheat,1.5,5,10,1,3.45,72,3.6,0,0,0.9,0,502.5,0.5964,1991-09-28,1,0.90488089106258,False,0,0.34079570958661415
BKR101_P003,101,P003,1992,1,301,1992-03-07,67,161,133,488,0,0,234236,1,wheat/winter wheat,5.5,6,7,0,2.35,77,3.1,0,0,0.8,0,515.6,0.6092,1991-09-28,1,0.90488089106258,False,0,0.34079570958661415
BKR101_P003,101,P003,1992,1,301,1992-03-08,68,162,133,488,0,0,234236,1,wheat/winter wheat,0,5.7,11,0,12.79,57,3.1,0,0,1.6,0,537.6,0.6219,1991-09-28,1,0.90488089106258,False,0,0.34079570958661415
BKR101_P003,101,P003,1992,1,301,1992-03-09,69,163,133,488,0,0,234236,1,wheat/winter wheat,-0.5,4.5,11.5,0,13.2,55,4.2,0,0,1.8,0,558.8,0.6429,1991-09-28,1,0.90488089106258,False,0,0.34079570958661415
BKR101_P003,101,P003,1992,1,301,1992-03-10,70,164,133,488,0,0,234236,1,wheat/winter wheat,-2.5,4.7,12.5,0,13.48,53,2.2,0,0,1.6,0,581.2,0.663,1991-09-28,1,0.90488089106258,False,0,0.34079570958661415
BKR101_P003,101,P003,1992,1,301,1992-03-11,71,165,133,488,0,0,234236,1,wheat/winter wheat,1,4,6.5,2,7.66,65,5.8,0,0,1.3,0,600.6,0.6841,1991-09-28,1,0.90488089106258,False,0,0.34079570958661415
BKR101_P003,101,P003,1992,1,301,1992-03-12,72,166,133,488,0,0,234236,1,wheat/winter wheat,-0.5,3.1,6,14,3.23,75,5.8,0,0,0.8,0,616.1,0.7021,1991-09-28,1,0.90488089106258,False,0,0.34079570958661415
BKR101_P003,101,P003,1992,1,301,1992-03-13,73,167,133,488,0,0,234236,1,wheat/winter wheat,0,2.8,6,3,3.23,74,7.8,0,0,0.8,0,631.9,0.7166,1991-09-28,1,0.90488089106258,False,0,0.34079570958661415
BKR101_P003,101,P003,1992,1,301,1992-03-14,74,168,133,488,0,0,234236,1,wheat/winter wheat,-0.5,1.1,3,1,14.94,50,9.7,0,0,1.7,0,652.9,0.7312,1991-09-28,1,0.90488089106258,False,0,0.34079570958661415
BKR101_P003,101,P003,1992,1,301,1992-03-15,75,169,133,488,0,0,234236,1,wheat/winter wheat,-2.5,0.4,2,2,7.03,71,2.5,0,0,0.7,0,670.3,0.7506,1991-09-28,1,0.90488089106258,False,0,0.34079570958661415
BKR101_P003,101,P003,1992,1,301,1992-03-16,76,170,133,488,0,0,234236,1,wheat/winter wheat,-1,2.5,6,0,13.52,55,7.2,0,0,1.7,0,694.7,0.7667,1991-09-28,1,0.90488089106258,False,0,0.34079570958661415
BKR101_P003,101,P003,1992,1,301,1992-03-17,77,171,133,488,0,0,234236,1,wheat/winter wheat,-2,2.3,5,0,4.34,70,2.5,0,0,0.8,0,713.2,0.7892,1991-09-28,1,0.90488089106258,False,0,0.34079570958661415
BKR101_P003,101,P003,1992,1,301,1992-03-18,78,172,133,488,0,0,234236,1,wheat/winter wheat,3.5,6.8,11,0,10.67,71,3.1,0,0,1.5,0,742.7,0.8063,1991-09-28,1,0.90488089106258,False,0,0.34079570958661415
BKR101_P003,101,P003,1992,1,301,1992-03-19,79,173,133,488,0,0,234236,1,wheat/winter wheat,-1,4.7,11.5,1,10.2,71,4.7,0,0,1.4,0,769.6,0.8331,1991-09-28,1,0.90488089106258,False,0,0.34079570958661415
BKR101_P003,101,P003,1992,1,301,1992-03-20,80,174,133,488,0,0,234236,1,wheat/winter wheat,4,6.1,8,12,3.07,74,3.1,0,0,1,0,791.9,0.8573,1991-09-28,1,0.90488089106258,False,0,0.34079570958661415
BKR101_P003,101,P003,1992,1,301,1992-03-21,81,175,133,488,0,0,234236,1,wheat/winter wheat,4.5,8.3,11,6,3.96,75,2.5,0,0,1,0,817.2,0.8771,1991-09-28,1,0.90488089106258,False,0,0.34079570958661415
BKR101_P003,101,P003,1992,1,301,1992-03-22,82,176,133,488,0,0,234236,1,wheat/winter wheat,4,5.5,8,5,6.94,66,8.6,0,0,1.6,0,844.7,0.8993,1991-09-28,1,0.90488089106258,False,0,0.34079570958661415
BKR101_P003,101,P003,1992,1,301,1992-03-23,83,177,133,488,0,0,234236,1,wheat/winter wheat,0.1,3.7,7.3,1,0.941,86,0.9,0,0,0.5,0,867.5,0.9231,1991-09-28,1,0.90488089106258,False,0,0.34079570958661415
BKR101_P003,101,P003,1992,1,301,1992-03-24,84,178,133,488,0,0,234236,1,wheat/winter wheat,-1.5,2.7,6.2,0,6.982,90,3.3,0,0,0.6,0,893.4,0.9427,1991-09-28,1,0.90488089106258,False,0,0.34079570958661415
BKR101_P003,101,P003,1992,1,301,1992-03-25,85,179,133,488,0,0,234236,1,wheat/winter wheat,0.3,2.1,2.8,6.3,1.657,95,4.1,0,0,0.3,0,916.6,0.9649,1991-09-28,1,0.90488089106258,False,0,0.34079570958661415
BKR101_P003,101,P003,1992,1,301,1992-03-26,86,180,133,488,0,0,234236,1,wheat/winter wheat,1.1,3.5,6.7,0.2,7.5,84,3.2,0,0,0.8,0,945.3,0.9847,1991-09-28,1,0.90488089106258,False,0,0.34079570958661415
BKR101_P003,101,P003,1992,1,301,1992-03-27,87,181,133,488,0,0,234236,1,wheat/winter wheat,1.5,2.5,4.5,1.4,6.195,92,2.8,0,0,0.6,0,972.4,1.009,1991-09-28,1,0.90488089106258,False,0,0.34079570958661415
BKR101_P003,101,P003,1992,1,301,1992-03-28,88,182,133,488,0,0,234236,1,wheat/winter wheat,0.5,1.9,3.7,3.2,7.76,92,4.9,0,0,0.5,0,1000.7,1.0319,1991-09-28,1,0.90488089106258,False,0,0.34079570958661415
BKR101_P003,101,P003,1992,1,301,1992-03-29,89,183,133,488,0,0,234236,1,wheat/winter wheat,-0.6,1.5,4.1,0.7,8.971,89,3.7,0,0,0.7,0,1029.8,1.0558,1991-09-28,1,0.90488089106258,False,0,0.34079570958661415
BKR101_P003,101,P003,1992,1,301,1992-03-30,90,184,133,488,0,0,234236,1,wheat/winter wheat,-3.2,1.2,5,0,11.857,85,2.9,0,0,0.9,0,1061.2,1.0803,1991-09-28,1,0.90488089106258,False,0,0.34079570958661415
BKR101_P003,101,P003,1992,1,301,1992-03-31,91,185,133,488,0,0,234236,1,wheat/winter wheat,-0.3,5.6,12.4,0,17.459,76,5.7,0,0,1.9,0,1107.8,1.1068,1991-09-28,1,0.90488089106258,False,0,0.34079570958661415
BKR101_P003,101,P003,1992,1,301,1992-04-01,92,186,133,488,0,0,234236,1,wheat/winter wheat,2.4,7.4,14.9,2.6,11.068,83,5.5,0,0,1.5,0,1151.3,1.1456,1991-09-28,1,0.90488089106258,False,0,0.34079570958661415
BKR101_P003,101,P003,1992,1,301,1992-04-02,93,187,133,488,0,0,234236,1,wheat/winter wheat,2.8,7.2,12.9,0,17.325,75,4.5,0,0,2.1,0,1205.9,1.1813,1991-09-28,1,0.90488089106258,False,0,0.34079570958661415
BKR101_P003,101,P003,1992,1,301,1992-04-03,94,188,133,488,0,0,234236,1,wheat/winter wheat,0.6,5.9,10.3,0,13.225,84,3.4,0,0,1.3,0,1254.1,1.2253,1991-09-28,1,0.90488089106258,False,0,0.34079570958661415
BKR101_P003,101,P003,1992,1,301,1992-04-04,95,189,133,488,0,0,234236,1,wheat/winter wheat,1.6,5.3,8.5,0,12.408,79,4.2,0,0,1.4,0,1301.5,1.2637,1991-09-28,1,0.90488089106258,False,0,0.34079570958661415
BKR101_P003,101,P003,1992,1,301,1992-04-05,96,190,133,488,0,0,234236,1,wheat/winter wheat,-0.4,3.7,7.1,0,11.725,80,3,0,0,1.2,0,1345.6,1.3009,1991-09-28,1,0.90488089106258,False,0,0.34079570958661415
BKR101_P003,101,P003,1992,1,301,1992-04-06,97,191,133,488,0,0,234236,1,wheat/winter wheat,-1.1,4.1,8.2,0.1,8.571,84,2.5,0,0,1,0,1388.2,1.3354,1991-09-28,1,0.90488089106258,False,0,0.34079570958661415
BKR101_P003,101,P003,1992,1,301,1992-04-07,98,192,133,488,0,0,234236,1,wheat/winter wheat,2.1,6.7,11.1,0,12.082,75,1.8,0,0,1.5,0,1442.2,1.3685,1991-09-28,1,0.90488089106258,False,0,0.34079570958661415
BKR101_P003,101,P003,1992,1,301,1992-04-08,99,193,133,488,0,0,234236,1,wheat/winter wheat,3,7.2,12.3,0,13.904,70,1.4,0,0,1.8,0,1501.5,1.4096,1991-09-28,1,0.90488089106258,False,0,0.34079570958661415
BKR101_P003,101,P003,1992,1,301,1992-04-09,100,194,133,488,0,0,234236,1,wheat/winter wheat,-0.5,5.8,11.5,0,18.94,73,2.4,0,0,2,0,1566.6,1.4541,1991-09-28,1,0.90488089106258,False,0,0.34079570958661415
BKR101_P003,101,P003,1992,1,301,1992-04-10,101,195,133,488,0,0,234236,1,wheat/winter wheat,-1.5,6.8,13.2,0,19.844,68,0.9,0,0,2.1,0,1639.2,1.5024,1991-09-28,1,0.90488089106258,False,0,0.34079570958661415
BKR101_P003,101,P003,1992,1,301,1992-04-11,102,196,133,488,0,0,234236,1,wheat/winter wheat,4.4,10.2,15.6,0,15.731,68,2.7,0,0,2.5,0,1716.1,1.5553,1991-09-28,1,0.90488089106258,False,0,0.34079570958661415
BKR101_P003,101,P003,1992,1,301,1992-04-12,103,197,133,488,0,0,234236,1,wheat/winter wheat,6.8,11.5,16.6,0,16.258,71,3.4,0,0,2.7,0,1799.7,1.61,1991-09-28,1,0.90488089106258,False,0,0.34079570958661415
BKR101_P003,101,P003,1992,1,301,1992-04-13,104,198,133,488,0,0,234236,1,wheat/winter wheat,7.3,8.5,10.1,2.1,0.853,87,4.3,0,0,0.8,0,1852.7,1.6675,1991-09-28,1,0.90488089106258,False,0,0.34079570958661415
BKR101_P003,101,P003,1992,1,301,1992-04-14,105,199,133,488,0,0,234236,1,wheat/winter wheat,5,7.3,10,0.1,7.813,82,5.5,0,0,1.4,0,1913.5,1.7033,1991-09-28,1,0.90488089106258,False,0,0.34079570958661415
BKR101_P003,101,P003,1992,1,301,1992-04-15,106,200,133,488,0,0,234236,1,wheat/winter wheat,2.4,7.6,14,1,9.26,79,3.7,0,0,1.6,0,1977.8,1.7435,1991-09-28,1,0.90488089106258,False,0,0.34079570958661415
BKR101_P003,101,P003,1992,1,301,1992-04-16,107,201,133,488,0,0,234236,1,wheat/winter wheat,1.6,5.1,7.1,2.3,6.421,86,4.9,0,0,0.9,0,2035.9,1.7851,1991-09-28,1,0.90488089106258,False,0,0.34079570958661415
BKR101_P003,101,P003,1992,1,301,1992-04-17,108,202,133,488,0,0,234236,1,wheat/winter wheat,-0.1,2.7,6,2.1,13.913,87,3.8,0,0,1.1,0,2098.2,1.8222,1991-09-28,1,0.90488089106258,False,0,0.34079570958661415
BKR101_P003,101,P003,1992,1,301,1992-04-18,109,203,133,488,0,0,234236,1,wheat/winter wheat,1.7,6.3,9.9,1.7,11.61,88,5.2,0,0,1.3,0,2170.5,1.8619,1991-09-28,1,0.90488089106258,False,0,0.34079570958661415
BKR101_P003,101,P003,1992,1,301,1992-04-19,110,204,133,488,0,0,234236,1,wheat/winter wheat,5.4,8.2,10,1.9,15.128,72,7.7,0,0,2.5,0,2258.7,1.9071,1991-09-28,1,0.90488089106258,False,0,0.34079570958661415
BKR101_P003,101,P003,1992,1,301,1992-04-20,111,205,133,488,0,0,234236,1,wheat/winter wheat,1.4,5.6,8.8,0,18.68,59,5.8,0,0,2.7,0,2346,1.9611,1991-09-28,1,0.90488089106258,False,0,0.34079570958661415
BKR101_P003,101,P003,1992,1,301,1992-04-21,112,206,133,488,0,0,234236,1,wheat/winter wheat,-1,6.2,11.3,0,22.453,61,3.1,0,0,2.8,0,2445.6,2.0137,1991-09-28,1,0.90488089106258,False,0,0.34079570958661415
BKR101_P003,101,P003,1992,1,301,1992-04-22,113,207,133,488,0,0,234236,1,wheat/winter wheat,2,8.2,12.8,0,16.247,59,4.1,0,0,2.9,0,2542.3,2.0727,1991-09-28,1,0.90488089106258,False,0,0.34079570958661415
BKR101_P003,101,P003,1992,1,301,1992-04-23,114,208,133,488,0,0,234236,1,wheat/winter wheat,3,6.5,9.4,0,9.388,78,2.3,0,0,1.4,0,2619.9,2.1286,1991-09-28,1,0.90488089106258,False,0,0.34079570958661415
BKR101_P003,101,P003,1992,1,301,1992-04-24,115,209,133,488,0,0,234236,1,wheat/winter wheat,5.4,10.4,15.1,0,11.982,75,1.9,0,0,2,0,2713.5,2.1727,1991-09-28,1,0.90488089106258,False,0,0.34079570958661415
BKR101_P003,101,P003,1992,1,301,1992-04-25,116,210,133,488,0,0,234236,1,wheat/winter wheat,7.8,15.3,24.1,1.7,18.803,71,3.6,0,0,3.9,0,2835.5,2.2243,1991-09-28,1,0.90488089106258,False,0,0.34079570958661415
BKR101_P003,101,P003,1992,1,301,1992-04-26,117,211,133,488,0,0,234236,1,wheat/winter wheat,10.2,13.9,19,2.8,12.85,81,2,0,0,2.3,0,2939.7,2.2881,1991-09-28,1,0.90488089106258,False,0,0.34079570958661415
BKR101_P003,101,P003,1992,1,301,1992-04-27,118,212,133,488,0,0,234236,1,wheat/winter wheat,6.6,12.8,15.5,0,14.213,74,4.4,0,0,2.7,0,3056.7,2.3401,1991-09-28,1,0.90488089106258,False,0,0.34079570958661415
BKR101_P003,101,P003,1992,1,301,1992-04-28,119,213,133,488,0,0,234236,1,wheat/winter wheat,4.8,12.1,17,0.1,13.885,67,3.5,0,0,2.9,0,3171.5,2.3959,1991-09-28,1,0.90488089106258,False,0,0.34079570958661415
BKR101_P003,101,P003,1992,1,301,1992-04-29,120,214,133,488,0,0,234236,1,wheat/winter wheat,6.9,10.6,12.8,2.2,9.451,86,3.8,0,0,1.6,0,3270.8,2.4483,1991-09-28,1,0.90488089106258,False,0,0.34079570958661415
BKR101_P003,101,P003,1992,1,301,1992-04-30,121,215,133,488,0,0,234236,1,wheat/winter wheat,2.8,9.6,14.8,0,16.828,70,2.3,0,0,2.6,0,3394.4,2.4919,1991-09-28,1,0.90488089106258,False,0,0.34079570958661415
BKR101_P003,101,P003,1992,1,301,1992-05-01,122,216,133,488,0,0,234236,1,wheat/winter wheat,6.1,12.4,17.1,0.2,16.585,68,4.9,0,0,3.4,0,3527,2.5442,1991-09-28,1,0.90488089106258,False,0,0.34079570958661415
BKR101_P003,101,P003,1992,1,301,1992-05-02,123,217,133,488,0,0,234236,1,wheat/winter wheat,5.7,8.2,10.2,3,7.744,90,2,0,0,1.2,0,3621.5,2.5981,1991-09-28,1,0.90488089106258,False,0,0.34079570958661415
BKR101_P003,101,P003,1992,1,301,1992-05-03,124,218,133,488,0,0,234236,1,wheat/winter wheat,6,9.1,11.9,0.1,15.686,76,2.9,0,0,2.3,0,3745.2,2.6365,1991-09-28,1,0.90488089106258,False,0,0.34079570958661415
BKR101_P003,101,P003,1992,1,301,1992-05-04,125,219,133,488,0,0,234236,1,wheat/winter wheat,2.5,8.3,13,0,25.974,70,1.6,0,0,3.1,0,3900,2.6865,1991-09-28,1,0.90488089106258,False,0,0.34079570958661415
BKR101_P003,101,P003,1992,1,301,1992-05-05,126,220,133,488,0,0,234236,1,wheat/winter wheat,1.4,9.9,15.8,0,25.763,67,1.3,0,0,3.3,0,4066.4,2.7489,1991-09-28,1,0.90488089106258,False,0,0.34079570958661415
BKR101_P003,101,P003,1992,1,301,1992-05-06,127,221,133,488,0,0,234236,1,wheat/winter wheat,4.4,12.4,17.6,0,21.625,66,3.2,0,0,3.7,0,4229.2,2.8156,1991-09-28,1,0.90488089106258,False,0,0.34079570958661415
BKR101_P003,101,P003,1992,1,301,1992-05-07,128,222,133,488,0,0,234236,1,wheat/winter wheat,11.5,13.3,16.3,2.4,6.94,87,4.5,0,0,1.6,0,4324.4,2.8805,1991-09-28,1,0.90488089106258,False,0,0.34079570958661415
BKR101_P003,101,P003,1992,1,301,1992-05-08,129,223,133,488,0,0,234236,1,wheat/winter wheat,5.1,10.5,17.1,2.7,4.78,88,5.3,0,0,1.3,0,4412.2,2.9183,1991-09-28,1,0.90488089106258,False,0,0.34079570958661415
BKR101_P003,101,P003,1992,1,301,1992-05-09,130,224,133,488,0,0,234236,1,wheat/winter wheat,4.3,7.5,11.4,2.4,13.221,85,4.4,0,0,1.8,0,4528.5,2.9531,1991-09-28,1,0.90488089106258,False,0,0.34079570958661415
BKR101_P003,101,P003,1992,1,301,1992-05-10,131,225,133,488,0,0,234236,1,wheat/winter wheat,5.8,7.9,11,3.1,12.661,84,4.5,0,0,1.8,0,4645.6,2.999,1991-09-28,1,0.90488089106258,False,0,0.34079570958661415
BKR101_P003,101,P003,1992,1,301,1992-05-11,132,226,133,488,0,0,234236,1,wheat/winter wheat,4.8,7,10,10.9,5.555,95,2.6,0,0,0.9,0,4738.6,3.045,1991-09-28,1,0.90488089106258,False,0,0.34079570958661415
BKR101_P003,101,P003,1992,1,301,1992-05-12,133,227,133,488,0,0,234236,1,wheat/winter wheat,3.3,9.8,14.6,0.3,16.787,80,4.4,0,0,2.5,0,4879.2,3.0815,1991-09-28,1,0.90488089106258,False,0,0.34079570958661415
BKR101_P003,101,P003,1992,1,301,1992-05-13,134,228,133,488,0,0,234236,1,wheat/winter wheat,12.2,15.6,20,0,18.084,78,4.1,0,0,3.5,0,5033,3.1363,1991-09-28,1,0.90488089106258,False,0,0.34079570958661415
BKR101_P003,101,P003,1992,1,301,1992-05-14,135,229,133,488,0,0,234236,1,wheat/winter wheat,11.1,16.6,22,0,23.217,76,2.7,0,0,4.1,0,5215.2,3.1958,1991-09-28,1,0.90488089106258,False,0,0.34079570958661415
BKR101_P003,101,P003,1992,1,301,1992-05-15,136,230,133,488,0,0,234236,1,wheat/winter wheat,11.2,17.9,24.4,0,26.553,64,3.7,0,0,5.6,0,5413.7,3.2657,1991-09-28,1,0.90488089106258,False,0,0.34079570958661415
BKR101_P003,101,P003,1992,1,301,1992-05-16,137,231,133,488,0,0,234236,1,wheat/winter wheat,8.9,15.2,24.3,0,22.104,68,2.1,0,0,4.2,0,5581.3,3.3414,1991-09-28,1,0.90488089106258,False,0,0.34079570958661415
BKR101_P003,101,P003,1992,1,301,1992-05-17,138,232,133,488,0,0,234236,1,wheat/winter wheat,7.7,12.2,17.1,0,22.841,77,3,0,0,3.5,0,5761.3,3.4049,1991-09-28,1,0.90488089106258,False,0,0.34079570958661415
BKR101_P003,101,P003,1992,1,301,1992-05-18,139,233,133,488,0,0,234236,1,wheat/winter wheat,4.4,12.3,18.3,0,27.565,67,2.5,0,0,4.3,0,5967.8,3.4727,1991-09-28,1,0.90488089106258,False,0,0.34079570958661415
BKR101_P003,101,P003,1992,1,301,1992-05-19,140,234,133,488,0,0,234236,1,wheat/winter wheat,6.9,14.6,21.4,0,27.761,71,2.4,0,0,4.6,0,6180.2,3.55,1991-09-28,1,0.90488089106258,False,0,0.34079570958661415
BKR101_P003,101,P003,1992,1,301,1992-05-20,141,235,133,488,0,0,234236,1,wheat/winter wheat,9.1,17.4,24.3,0,27.008,65,2.2,0,0,5,0,6389.7,3.629,1991-09-28,1,0.90488089106258,False,0,0.34079570958661415
BKR101_P003,101,P003,1992,1,301,1992-05-21,142,236,133,488,0,0,234236,1,wheat/winter wheat,10.4,19,25.8,0,25.792,65,1.8,0,0,4.9,0,6589.5,3.7061,1991-09-28,1,0.90488089106258,False,0,0.34079570958661415
BKR101_P003,101,P003,1992,1,301,1992-05-22,143,237,133,488,0,0,234236,1,wheat/winter wheat,13.1,20,26.4,0,24.676,66,2.3,0,0,5.1,0,6777.5,3.779,1991-09-28,1,0.90488089106258,False,0,0.34079570958661415
BKR101_P003,101,P003,1992,1,301,1992-05-23,144,238,133,488,0,0,234236,1,wheat/winter wheat,12.6,19.6,26.7,0,26.534,64,4,0,0,6.1,0,6976.3,3.847,1991-09-28,1,0.90488089106258,False,0,0.34079570958661415
BKR101_P003,101,P003,1992,1,301,1992-05-24,145,239,133,488,0,0,234236,1,wheat/winter wheat,10.5,17.4,23.8,0,28.822,57,4.7,0,0,6.6,0,7201.1,3.9182,1991-09-28,1,0.90488089106258,False,0,0.34079570958661415
BKR101_P003,101,P003,1992,1,301,1992-05-25,146,240,133,488,0,0,234236,1,wheat/winter wheat,9.3,16,22.2,0,28.856,52,4,0,0,6.3,0,7429.3,3.9981,1991-09-28,1,0.90488089106258,False,0,0.34079570958661415
BKR101_P003,101,P003,1992,1,301,1992-05-26,147,241,133,488,0,0,234236,1,wheat/winter wheat,8.3,15.9,21.7,0,26.042,60,3.4,0,0,5.3,0,7644.4,4.0787,1991-09-28,1,0.90488089106258,False,0,0.34079570958661415
BKR101_P003,101,P003,1992,1,301,1992-05-27,148,242,133,488,0,0,234236,1,wheat/winter wheat,12.2,17.5,24,0,24.145,72,2.8,0,0,4.7,0,7837.4,4.1539,1991-09-28,1,0.90488089106258,False,0,0.34079570958661415
BKR101_P003,101,P003,1992,1,301,1992-05-28,149,243,133,488,0,0,234236,1,wheat/winter wheat,9.2,15.3,20.7,0,27.65,66,2.8,0,0,5,0,8063.3,4.2209,1991-09-28,1,0.90488089106258,False,0,0.34079570958661415
BKR101_P003,101,P003,1992,1,301,1992-05-29,150,244,133,488,0,0,234236,1,wheat/winter wheat,10.6,16.5,22.1,0,22.554,67,3.2,0,0,4.6,0,8254.6,4.2986,1991-09-28,1,0.90488089106258,False,0,0.34079570958661415
BKR101_P003,101,P003,1992,1,301,1992-05-30,151,245,133,488,0,0,234236,1,wheat/winter wheat,8.2,17.3,24.1,0,25.211,66,1.9,0,0,4.7,0,8462.6,4.3639,1991-09-28,1,0.90488089106258,False,0,0.34079570958661415
BKR101_P003,101,P003,1992,1,301,1992-05-31,152,246,133,488,0,0,234236,1,wheat/winter wheat,10.4,17.9,24,0,26.542,65,2.1,0,0,5,0,8678.3,4.4343,1991-09-28,1,0.90488089106258,False,0,0.34079570958661415
BKR101_P003,101,P003,1992,1,301,1992-06-01,153,247,133,488,0,0,234236,1,wheat/winter wheat,10.8,19.6,26.4,0,23.439,61,3.5,0,0,5.6,0,8865,4.5065,1991-09-28,1,0.90488089106258,False,0,0.34079570958661415
BKR101_P003,101,P003,1992,1,301,1992-06-02,154,248,133,488,0,0,234236,1,wheat/winter wheat,13.5,21.9,28.5,0,25.697,57,5.1,0,0,7.3,0,9052.3,4.5683,1991-09-28,1,0.90488089106258,False,0,0.34079570958661415
BKR101_P003,101,P003,1992,1,301,1992-06-03,155,249,133,488,0,0,234236,1,wheat/winter wheat,15.4,20.9,27.9,0,18.089,69,3.7,0,0,4.9,0,9185.7,4.6297,1991-09-28,1,0.90488089106258,False,0,0.34079570958661415
BKR101_P003,101,P003,1992,1,301,1992-06-04,156,250,133,488,0,0,234236,1,wheat/winter wheat,14.2,22,29.2,0,27.434,59,4.3,0,0,7.2,0,9378.1,4.6729,1991-09-28,1,0.90488089106258,False,0,0.34079570958661415
BKR101_P003,101,P003,1992,1,301,1992-06-05,157,251,133,488,0,0,234236,1,wheat/winter wheat,12.9,21.5,28.3,0,26.932,58,3.6,0,0,6.6,0,9575.6,4.7344,1991-09-28,1,0.90488089106258,False,0,0.34079570958661415
BKR101_P003,101,P003,1992,1,301,1992-06-06,158,252,133,488,0,0,234236,1,wheat/winter wheat,14.8,19.2,25.3,0.1,20.237,67,3.4,0,0,4.9,4.8,9739.6,4.7971,1991-09-28,1,0.90488089106258,False,0,0.34079570958661415
BKR101_P003,101,P003,1992,1,301,1992-06-07,159,253,133,488,0,0,234236,1,wheat/winter wheat,12.7,18.7,23.3,0,23.578,53,4,0,0,6,30.3,9910.8,4.8472,1991-09-28,1,0.90488089106258,False,0,0.34079570958661415
BKR101_P003,101,P003,1992,1,301,1992-06-08,160,254,133,488,0,0,234236,1,wheat/winter wheat,14,18.8,23.9,0,22.289,61,3.6,0,0,5.4,55.1,9999.1,4.8915,1991-09-28,1,0.90488089106258,False,0,0.34079570958661415
BKR101_P003,101,P003,1992,1,301,1992-06-09,161,255,133,488,0,0,234236,1,wheat/winter wheat,12.5,18.4,24.7,0.2,19.766,66,2.6,0,0,4.5,55.1,9995.2,4.9099,1991-09-28,1,0.90488089106258,False,0,0.34079570958661415
BKR101_P003,101,P003,1992,1,301,1992-06-10,162,256,133,488,0,0,234236,1,wheat/winter wheat,9.8,13.2,19.5,0.5,15.084,80,2.9,0,0,2.9,55.1,9988.2,4.9073,1991-09-28,1,0.90488089106258,False,0,0.34079570958661415
BKR101_P003,101,P003,1992,1,301,1992-06-11,163,257,133,488,0,0,234236,1,wheat/winter wheat,10.1,12.9,15.6,3.7,9.236,88,1.9,0,0,1.7,55.1,9981.1,4.9025,1991-09-28,1,0.90488089106258,False,0,0.34079570958661415
BKR101_P003,101,P003,1992,1,301,1992-06-12,164,258,133,488,0,0,234236,1,wheat/winter wheat,12,15.2,20.5,7.5,13.186,87,2.3,0,0,2.5,55.3,9971.9,4.8976,1991-09-28,1,0.90488089106258,False,0,0.34079570958661415
BKR101_P003,101,P003,1992,1,301,1992-06-13,165,259,133,488,0,0,234236,1,wheat/winter wheat,12,15.8,20.7,0,22.192,79,2.7,0,0,4,56.2,9967.9,4.8898,1991-09-28,1,0.90488089106258,False,0,0.34079570958661415
BKR101_P003,101,P003,1992,1,301,1992-06-14,166,260,133,488,0,0,234236,1,wheat/winter wheat,10.9,19.1,25.3,0,27.049,64,2.6,0,0,5.5,138.2,10065.3,4.8813,1991-09-28,1,0.90488089106258,False,0,0.34079570958661415
BKR101_P003,101,P003,1992,1,301,1992-06-15,167,261,133,488,0,0,234236,1,wheat/winter wheat,15.8,20.3,24.9,0,17.069,70,2,0,0,3.9,142.3,10067.2,4.871,1991-09-28,1,0.90488089106258,False,0,0.34079570958661415
BKR101_P003,101,P003,1992,1,301,1992-06-16,168,262,133,488,0,0,234236,1,wheat/winter wheat,12.9,18.3,23.1,0,13.446,77,1.6,0,0,2.9,145.7,10061.2,4.855,1991-09-28,1,0.90488089106258,False,0,0.34079570958661415
BKR101_P003,101,P003,1992,1,301,1992-06-17,169,263,133,488,0,0,234236,1,wheat/winter wheat,9.9,17.6,23.9,0,28.396,66,2,0,0,5.2,150,10054.2,4.8293,1991-09-28,1,0.90488089106258,False,0,0.34079570958661415
BKR101_P003,101,P003,1992,1,301,1992-06-18,170,264,133,488,0,0,234236,1,wheat/winter wheat,9.6,16.6,21.7,0,24.662,66,2.3,0,0,4.7,155,10046.5,4.7972,1991-09-28,1,0.90488089106258,False,0,0.34079570958661415
BKR101_P003,101,P003,1992,1,301,1992-06-19,171,265,133,488,0,0,234236,1,wheat/winter wheat,11.6,19.1,26,0.5,27.037,60,3.8,0,0,6.3,161.1,10035.3,4.7596,1991-09-28,1,0.90488089106258,False,0,0.34079570958661415
BKR101_P003,101,P003,1992,1,301,1992-06-20,172,266,133,488,0,0,234236,1,wheat/winter wheat,14.4,19.7,26,0,21.457,61,2.9,0,0,5.3,168.4,10022.7,4.7127,1991-09-28,1,0.90488089106258,False,0,0.34079570958661415
BKR101_P003,101,P003,1992,1,301,1992-06-21,173,267,133,488,0,0,234236,1,wheat/winter wheat,11.8,19.8,26.9,0,26.909,58,2.3,0,0,5.8,176.7,10010.1,4.6577,1991-09-28,1,0.90488089106258,False,0,0.34079570958661415
BKR101_P003,101,P003,1992,1,301,1992-06-22,174,268,133,488,0,0,234236,1,wheat/winter wheat,12.3,17,22,0,27.97,69,3.6,0,0,5.5,185.9,9999.5,4.5956,1991-09-28,1,0.90488089106258,False,0,0.34079570958661415
BKR101_P003,101,P003,1992,1,301,1992-06-23,175,269,133,488,0,0,234236,1,wheat/winter wheat,8.1,16.4,22.5,0,25.687,70,2,0,0,4.6,195.7,9989.4,4.5299,1991-09-28,1,0.90488089106258,False,0,0.34079570958661415
BKR101_P003,101,P003,1992,1,301,1992-06-24,176,270,133,488,0,0,234236,1,wheat/winter wheat,11.7,17.4,23.4,0,28.113,70,2.8,0,0,5.3,206.2,9978.3,4.4602,1991-09-28,1,0.90488089106258,False,0,0.34079570958661415
BKR101_P003,101,P003,1992,1,301,1992-06-25,177,271,133,488,0,0,234236,1,wheat/winter wheat,10.8,17.8,24.4,0,28.016,59,3,0,0,5.9,217.5,9966.9,4.385,1991-09-28,1,0.90488089106258,False,0,0.34079570958661415
BKR101_P003,101,P003,1992,1,301,1992-06-26,178,272,133,488,0,0,234236,1,wheat/winter wheat,9.1,17.3,24,0,29.542,57,2.6,0,0,5.9,229.5,9956.2,4.3048,1991-09-28,1,0.90488089106258,False,0,0.34079570958661415
BKR101_P003,101,P003,1992,1,301,1992-06-27,179,273,133,488,0,0,234236,1,wheat/winter wheat,10,19,26.4,0,29.091,57,1.7,0,0,5.6,242.3,9944.2,4.2208,1991-09-28,1,0.90488089106258,False,0,0.34079570958661415
BKR101_P003,101,P003,1992,1,301,1992-06-28,180,274,133,488,0,0,234236,1,wheat/winter wheat,11.3,19,27.3,0,15.511,61,1.2,0,0,3.5,255.8,9931.7,4.131,1991-09-28,1,0.90488089106258,False,0,0.34079570958661415
BKR101_P003,101,P003,1992,1,301,1992-06-29,181,275,133,488,0,0,234236,1,wheat/winter wheat,17.4,25.6,30,10,27.493,41,2,0,0,6.6,270.6,9916.4,4.036,1991-09-28,1,0.90488089106258,False,0,0.34079570958661415
BKR101_P003,101,P003,1992,1,301,1992-06-30,182,276,133,488,0,0,234236,1,wheat/winter wheat,13.2,23.6,31.6,0,26.113,52,2.4,0,0,6.4,286.5,9901.5,3.9307,1991-09-28,1,0.90488089106258,False,0,0.34079570958661415
BKR101_P003,101,P003,1992,1,301,1992-07-01,183,277,133,488,0,0,234236,1,wheat/winter wheat,14.8,24.2,32.3,0,26.323,58,2,0,0,6.1,356.5,9965.7,3.8192,1991-09-28,1,0.90488089106258,False,0,0.34079570958661415
BKR101_P003,101,P003,1992,1,301,1992-07-02,184,278,133,488,0,0,234236,1,wheat/winter wheat,14.9,21.2,25.8,0,21.499,68,3.2,0,0,5.1,376.2,9969.4,3.7151,1991-09-28,1,0.90488089106258,False,0,0.34079570958661415
BKR101_P003,101,P003,1992,1,301,1992-07-03,185,279,133,488,0,0,234236,1,wheat/winter wheat,10.7,19,24.8,0,24.314,57,1.4,0,0,4.7,393.2,9963.6,3.6087,1991-09-28,1,0.90488089106258,False,0,0.34079570958661415
BKR101_P003,101,P003,1992,1,301,1992-07-04,186,280,133,488,0,0,234236,1,wheat/winter wheat,15.7,19.3,25.6,8.5,15.512,79,2.3,0,0,3.4,410.4,9953.1,3.4963,1991-09-28,1,0.90488089106258,False,0,0.34079570958661415
BKR101_P003,101,P003,1992,1,301,1992-07-05,187,281,133,488,0,0,234236,1,wheat/winter wheat,15.5,17.8,21.7,0.2,8.617,72,3.3,0,0,2.9,427.9,9943.2,3.3786,1991-09-28,1,0.90488089106258,False,0,0.34079570958661415
BKR101_P003,101,P003,1992,1,301,1992-07-06,188,282,133,488,0,0,234236,1,wheat/winter wheat,12,14.1,15.6,2.3,5.381,85,3.7,0,0,1.6,469.3,9972.2,3.2603,1991-09-28,1,0.90488089106258,False,0,0.34079570958661415
BKR101_P003,101,P003,1992,1,301,1992-07-07,189,283,133,488,0,0,234236,1,wheat/winter wheat,13,17.7,23,0,23.461,65,2.4,0,0,4.8,654.8,10172.8,3.1506,1991-09-28,1,0.90488089106258,False,0,0.34079570958661415
BKR101_P003,101,P003,1992,1,301,1992-07-08,190,284,133,488,0,0,234236,1,wheat/winter wheat,10.7,19.4,26.5,0,27.885,59,1.4,0,0,5.3,727.4,10239,3.0421,1991-09-28,1,0.90488089106258,False,0,0.34079570958661415
BKR101_P003,101,P003,1992,1,301,1992-07-09,191,285,133,488,0,0,234236,1,wheat/winter wheat,12.1,21.6,28.3,0,24.032,56,1.6,0,0,5.1,744.7,10239.4,2.9339,1991-09-28,1,0.90488089106258,False,0,0.34079570958661415
BKR101_P003,101,P003,1992,1,301,1992-07-10,192,286,133,488,0,0,234236,1,wheat/winter wheat,11.8,21.3,28.7,0,23.596,57,1.8,0,0,5.2,761.9,10232.9,2.825,1991-09-28,1,0.90488089106258,False,0,0.34079570958661415
BKR101_P003,101,P003,1992,1,301,1992-07-11,193,287,133,488,0,0,234236,1,wheat/winter wheat,16,18.6,21.6,0.5,13.015,81,2.4,0,0,2.9,779,10224.3,2.7108,1991-09-28,1,0.90488089106258,False,0,0.34079570958661415
BKR101_P003,101,P003,1992,1,301,1992-07-12,194,288,133,488,0,0,234236,1,wheat/winter wheat,14.9,18.3,24.1,0.8,15.163,79,2.5,0,0,3.3,796.1,10214.3,2.5954,1991-09-28,1,0.90488089106258,False,0,0.34079570958661415
BKR101_P003,101,P003,1992,1,301,1992-07-13,195,289,133,488,0,0,234236,1,wheat/winter wheat,13.1,18.5,23.7,0,22.174,66,3.5,0,0,5,813,10204.7,2.4795,1991-09-28,1,0.90488089106258,False,0,0.34079570958661415
BKR101_P003,101,P003,1992,1,301,1992-07-14,196,290,133,488,0,0,234236,1,wheat/winter wheat,13.7,16.8,19.2,4.3,9.065,87,4.6,0,0,2.1,829.7,10196.4,2.3647,1991-09-28,1,0.90488089106258,False,0,0.34079570958661415
BKR101_P003,101,P003,1992,1,301,1992-07-15,197,291,133,488,0,0,234236,1,wheat/winter wheat,11.1,15.8,19.5,0,17.489,67,4.1,0,0,4.1,846.1,10188.5,2.2523,1991-09-28,1,0.90488089106258,False,0,0.34079570958661415
BKR101_P003,101,P003,1992,1,301,1992-07-16,198,292,133,488,0,0,234236,1,wheat/winter wheat,8.5,15.2,20.4,0,21.521,68,2.7,0,0,4.1,862,10187.7,2.1422,1991-09-28,1,0.90488089106258,False,0,0.34079570958661415
BKR101_P003,101,P003,1992,1,301,1992-07-17,199,293,133,488,0,0,234236,1,wheat/winter wheat,9.7,19.8,26.8,4,17.443,66,2.1,0,0,4,877.7,10180.7,2.0397,1991-09-28,1,0.90488089106258,False,0,0.34079570958661415
BKR101_P003,101,P003,1992,1,301,1992-07-18,200,294,133,488,0,0,234236,1,wheat/winter wheat,13.8,18.5,22.5,1,16.623,81,4.2,0,0,3.6,893.2,10172.8,1.9343,1991-09-28,1,0.90488089106258,False,0,0.34079570958661415
BKR101_P003,101,P003,1992,1,301,1992-07-19,201,295,133,488,0,0,234236,1,wheat/winter wheat,13.5,14.5,17.1,0,2.683,89,2.1,0,0,1.1,908.1,10169.9,1.8301,1991-09-28,1,0.90488089106258,False,0,0.34079570958661415
BKR101_P003,101,P003,1992,1,301,1992-07-20,202,296,133,488,0,0,234236,1,wheat/winter wheat,17.2,24.8,32.1,0,24.2,60,2,0,0,5.7,922.9,10162,1.7325,1991-09-28,1,0.90488089106258,False,0,0.34079570958661415
BKR101_P003,101,P003,1992,1,301,1992-07-21,203,297,133,488,0,0,234236,1,wheat/winter wheat,16.9,26.7,35.6,4,24.1,56,3,0,0,6.8,937.6,10151.2,1.6325,1991-09-28,1,0.90488089106258,False,0,0.34079570958661415
BKR101_P003,101,P003,1992,1,301,1992-07-22,204,298,133,488,0,0,234236,1,wheat/winter wheat,17,19.7,24.4,0,13,79,2,0,0,3,951.8,10141.9,1.5312,1991-09-28,1,0.90488089106258,False,0,0.34079570958661415
BKR101_P003,101,P003,1992,1,301,1992-07-23,205,299,133,488,0,0,234236,1,wheat/winter wheat,15.3,21.2,25.3,0,7.826,56,2.4,0,0,3.3,951.8,10141.9,1.4344,1991-09-28,1,0.90488089106258,False,0,0.34079570958661415
BKR101_P003,101,P003,1992,1,301,1992-07-24,206,300,133,488,0,0,234236,1,wheat/winter wheat,11.4,20.3,27.6,0,27.633,59,2,0,0,3.3,951.8,10141.9,1.4344,1991-09-28,1,0.90488089106258,False,0,0.34079570958661415
BKR101_P003,101,P003,1993,2,323,1992-09-28,272,0,133,488,0,0,234236,2,wheat/winter wheat,7.8,13.2,21.1,0,12.349,81,1.7,0,0,1.6,0,53,0.0775,1992-09-28,1,0.90488089106258,False,0,0.34079570958661415
BKR101_P003,101,P003,1993,2,323,1992-09-29,273,1,133,488,0,0,234236,2,wheat/winter wheat,7.1,11.1,15.7,0,13.244,77,2.5,0,0,1.6,0,53,0.0775,1992-09-28,1,0.90488089106258,False,0,0.34079570958661415
BKR101_P003,101,P003,1993,2,323,1992-09-30,274,2,133,488,0,0,234236,2,wheat/winter wheat,9.5,11.1,14,0,5.684,81,0.7,0,0,0.9,0,53,0.0775,1992-09-28,1,0.90488089106258,False,0,0.34079570958661415
BKR101_P003,101,P003,1993,2,323,1992-10-01,275,3,133,488,0,0,234236,2,wheat/winter wheat,2.8,8.8,16.3,0,7.6,88,0,0,0,0.8,0,53,0.0775,1992-09-28,1,0.90488089106258,False,0,0.34079570958661415
BKR101_P003,101,P003,1993,2,323,1992-10-02,276,4,133,488,0,0,234236,2,wheat/winter wheat,3,8.7,16.4,0,9.4,82,2.2,0,0,1.2,0,53,0.0775,1992-09-28,1,0.90488089106258,False,0,0.34079570958661415
BKR101_P003,101,P003,1993,2,323,1992-10-03,277,5,133,488,0,0,234236,2,wheat/winter wheat,3.9,10.8,16.8,0,7.5,77,3.6,0,0,1.5,0,53,0.0775,1992-09-28,1,0.90488089106258,False,0,0.34079570958661415
BKR101_P003,101,P003,1993,2,323,1992-10-04,278,6,133,488,0,0,234236,2,wheat/winter wheat,5.1,9.3,15.5,0,11,70,9.2,0,0,2.5,0,53,0.0775,1992-09-28,1,0.90488089106258,False,0,0.34079570958661415
BKR101_P003,101,P003,1993,2,323,1992-10-05,279,7,133,488,0,0,234236,2,wheat/winter wheat,4.6,9,10.7,3,12.8,83,7.2,0,0,1.3,0,53,0.0775,1992-09-28,1,0.90488089106258,False,0,0.34079570958661415
BKR101_P003,101,P003,1993,2,323,1992-10-06,280,8,133,488,0,0,234236,2,wheat/winter wheat,9.8,11.3,12.3,1,3.4,99,5,0,0,0.4,0,53,0.0775,1992-09-28,1,0.90488089106258,False,0,0.34079570958661415
BKR101_P003,101,P003,1993,2,323,1992-10-07,281,9,133,488,0,0,234236,2,wheat/winter wheat,5.9,8.8,13.3,0,3.4,95,3.6,0,0,0.6,0,53,0.0775,1992-09-28,1,0.90488089106258,False,0,0.34079570958661415
BKR101_P003,101,P003,1993,2,323,1992-10-08,282,10,133,488,0,0,234236,2,wheat/winter wheat,2.9,9.4,11.3,0,3.3,93,6.7,0,0,0.4,0,54.9,0.0775,1992-09-28,1,0.90488089106258,False,0,0.34079570958661415
BKR101_P003,101,P003,1993,2,323,1992-10-09,283,11,133,488,0,0,234236,2,wheat/winter wheat,4.7,8,13.7,1,3.2,96,1.4,0,0,0.4,0,55.7,0.0801,1992-09-28,1,0.90488089106258,False,0,0.34079570958661415
BKR101_P003,101,P003,1993,2,323,1992-10-10,284,12,133,488,0,0,234236,2,wheat/winter wheat,1.7,4.9,12.6,0,5,88,4.7,0,0,0.6,0,56.5,0.0813,1992-09-28,1,0.90488089106258,False,0,0.34079570958661415
BKR101_P003,101,P003,1993,2,323,1992-10-11,285,13,133,488,0,0,234236,2,wheat/winter wheat,1.8,6,11.4,0,10,95,4.2,0,0,0.5,0,57.9,0.0825,1992-09-28,1,0.90488089106258,False,0,0.34079570958661415
BKR101_P003,101,P003,1993,2,323,1992-10-12,286,14,133,488,0,0,234236,2,wheat/winter wheat,-1.9,4.1,8,0,7.943,61,2.5,0,0,1,0,60.1,0.0845,1992-09-28,1,0.90488089106258,False,0,0.34079570958661415
BKR101_P003,101,P003,1993,2,323,1992-10-13,287,15,133,488,0,0,234236,2,wheat/winter wheat,-3.1,1.9,8.6,0,11.197,62,1.8,0,0,0.8,0,62.2,0.0876,1992-09-28,1,0.90488089106258,False,0,0.34079570958661415
BKR101_P003,101,P003,1993,2,323,1992-10-14,288,16,133,488,0,0,234236,2,wheat/winter wheat,-3.2,0.6,8.1,0,5.564,61,2.3,0,0,0.8,0,63.8,0.0905,1992-09-28,1,0.90488089106258,False,0,0.34079570958661415
BKR101_P003,101,P003,1993,2,323,1992-10-15,289,17,133,488,0,0,234236,2,wheat/winter wheat,4.1,5.7,8.8,0,2.9,92,5,0,0,0.4,0,65.5,0.0928,1992-09-28,1,0.90488089106258,False,0,0.34079570958661415
BKR101_P003,101,P003,1993,2,323,1992-10-16,290,18,133,488,0,0,234236,2,wheat/winter wheat,2.1,4.7,7.1,0,1.002,80,4.2,0,0,0.5,0,67.1,0.0953,1992-09-28,1,0.90488089106258,False,0,0.34079570958661415
BKR101_P003,101,P003,1993,2,323,1992-10-17,291,19,133,488,0,0,234236,2,wheat/winter wheat,0.1,2.9,7.2,0,6.981,85,3.5,0,0,0.5,0,69.2,0.0974,1992-09-28,1,0.90488089106258,False,0,0.34079570958661415
BKR101_P003,101,P003,1993,2,323,1992-10-18,292,20,133,488,0,0,234236,2,wheat/winter wheat,-1.9,2.9,8.9,0,8.501,84,2.1,0,0,0.5,0,71.6,0.1005,1992-09-28,1,0.90488089106258,False,0,0.34079570958661415
BKR101_P003,101,P003,1993,2,323,1992-10-19,293,21,133,488,0,0,234236,2,wheat/winter wheat,-0.2,5,11.9,0,8.693,79,3.7,0,0,0.8,0,74.2,0.1038,1992-09-28,1,0.90488089106258,False,0,0.34079570958661415
BKR101_P003,101,P003,1993,2,323,1992-10-20,294,22,133,488,0,0,234236,2,wheat/winter wheat,-0.3,4.2,10.7,0,9.264,80,1.7,0,0,0.5,0,76.8,0.1076,1992-09-28,1,0.90488089106258,False,0,0.34079570958661415
BKR101_P003,101,P003,1993,2,323,1992-10-21,295,23,133,488,0,0,234236,2,wheat/winter wheat,-2,4.4,12.2,0,7.139,84,2.6,0,0,0.5,0,79.5,0.1113,1992-09-28,1,0.90488089106258,False,0,0.34079570958661415
BKR101_P003,101,P003,1993,2,323,1992-10-22,296,24,133,488,0,0,234236,2,wheat/winter wheat,1.2,4,6,0.6,3.761,88,5.1,0,0,0.4,0,81.6,0.115,1992-09-28,1,0.90488089106258,False,0,0.34079570958661415
BKR101_P003,101,P003,1993,2,323,1992-10-23,297,25,133,488,0,0,234236,2,wheat/winter wheat,-0.4,3.5,6.5,1.2,7.319,81,3.4,0,0,0.5,0,84.2,0.118,1992-09-28,1,0.90488089106258,False,0,0.34079570958661415
BKR101_P003,101,P003,1993,2,323,1992-10-24,298,26,133,488,0,0,234236,2,wheat/winter wheat,3.2,5.1,6.3,2.1,3.831,91,4.2,0,0,0.3,0,86.5,0.1218,1992-09-28,1,0.90488089106258,False,0,0.34079570958661415
BKR101_P003,101,P003,1993,2,323,1992-10-25,299,27,133,488,0,0,234236,2,wheat/winter wheat,3.6,4.6,6.9,2.7,4.105,85,3.8,0,0,0.5,0,88.8,0.125,1992-09-28,1,0.90488089106258,False,0,0.34079570958661415
BKR101_P003,101,P003,1993,2,323,1992-10-26,300,28,133,488,0,0,234236,2,wheat/winter wheat,0,3.2,6,2.5,1.49,91,2.8,0,0,0.3,0,90.5,0.1283,1992-09-28,1,0.90488089106258,False,0,0.34079570958661415
BKR101_P003,101,P003,1993,2,323,1992-10-27,301,29,133,488,0,0,234236,2,wheat/winter wheat,1.8,0,1.7,0,3.076,94,2.1,0,0,0.2,0,92.2,0.1306,1992-09-28,1,0.90488089106258,False,0,0.34079570958661415
BKR101_P003,101,P003,1993,2,323,1992-10-28,302,30,133,488,0,0,234236,2,wheat/winter wheat,0.6,3.7,6.8,2.6,2.015,93,2.5,0,0,0.2,0,93.9,0.133,1992-09-28,1,0.90488089106258,False,0,0.34079570958661415
BKR101_P003,101,P003,1993,2,323,1992-10-29,303,31,133,488,0,0,234236,2,wheat/winter wheat,2.6,4.9,7.2,3,3.581,91,4.5,0,0,0.3,0,96.3,0.1355,1992-09-28,1,0.90488089106258,False,0,0.34079570958661415
BKR101_P003,101,P003,1993,2,323,1992-10-30,304,32,133,488,0,0,234236,2,wheat/winter wheat,-1.7,3.7,5.8,0.1,4.263,76,2.9,0,0,0.5,0,98.8,0.1388,1992-09-28,1,0.90488089106258,False,0,0.34079570958661415
BKR101_P003,101,P003,1993,2,323,1992-10-31,305,33,133,488,0,0,234236,2,wheat/winter wheat,-3.7,-1.2,3.8,0,6.915,89,1,0,0,0,0,98.8,0.1424,1992-09-28,1,0.90488089106258,False,0,0.34079570958661415
BKR101_P003,101,P003,1993,2,323,1992-11-01,306,34,133,488,0,0,234236,2,wheat/winter wheat,-1.2,0.2,2.9,0,4.132,91,2.2,0,0,0.2,0,100.8,0.1423,1992-09-28,1,0.90488089106258,False,0,0.34079570958661415
BKR101_P003,101,P003,1993,2,323,1992-11-02,307,35,133,488,0,0,234236,2,wheat/winter wheat,-0.6,3,7.1,0.9,7.467,73,6.1,0,0,0.6,0,103.6,0.1452,1992-09-28,1,0.90488089106258,False,0,0.34079570958661415
BKR101_P003,101,P003,1993,2,323,1992-11-03,308,36,133,488,0,0,234236,2,wheat/winter wheat,4.2,7.2,9.6,2.4,3.516,57,6.3,0,0,1.3,0,106.3,0.1491,1992-09-28,1,0.90488089106258,False,0,0.34079570958661415
BKR101_P003,101,P003,1993,2,323,1992-11-04,309,37,133,488,0,0,234236,2,wheat/winter wheat,2.9,5.4,7.9,0.6,3.303,57,5.6,0,0,1.1,0,108.9,0.1529,1992-09-28,1,0.90488089106258,False,0,0.34079570958661415
BKR101_P003,101,P003,1993,2,323,1992-11-05,310,38,133,488,0,0,234236,2,wheat/winter wheat,5.2,7.7,10.9,1,1.879,57,4.4,0,0,1,0,110.9,0.1565,1992-09-28,1,0.90488089106258,False,0,0.34079570958661415
BKR101_P003,101,P003,1993,2,323,1992-11-06,311,39,133,488,0,0,234236,2,wheat/winter wheat,10.4,10.8,11.3,0,1.9,57,6.6,0,0,1.3,0,112.9,0.1592,1992-09-28,1,0.90488089106258,False,0,0.34079570958661415
BKR101_P003,101,P003,1993,2,323,1992-11-07,312,40,133,488,0,0,234236,2,wheat/winter wheat,6.8,10.8,12.4,1.8,1.165,57,7.4,0,0,1,0,114.5,0.1621,1992-09-28,1,0.90488089106258,False,0,0.34079570958661415
BKR101_P003,101,P003,1993,2,323,1992-11-08,313,41,133,488,0,0,234236,2,wheat/winter wheat,-1.8,3.6,6.1,0,6.319,68,3.1,0,0,0.4,0,117.6,0.1643,1992-09-28,1,0.90488089106258,False,0,0.34079570958661415
BKR101_P003,101,P003,1993,2,323,1992-11-09,314,42,133,488,0,0,234236,2,wheat/winter wheat,-6.5,-1.6,3.8,0,6.639,79,1.8,0,0,0,0,117.5,0.1685,1992-09-28,1,0.90488089106258,False,0,0.34079570958661415
BKR101_P003,101,P003,1993,2,323,1992-11-10,315,43,133,488,0,0,234236,2,wheat/winter wheat,0.4,4.5,7.2,0.6,1.816,84,4.8,0,0,0.3,0,119.5,0.1684,1992-09-28,1,0.90488089106258,False,0,0.34079570958661415
BKR101_P003,101,P003,1993,2,323,1992-11-11,316,44,133,488,0,0,234236,2,wheat/winter wheat,4.4,6.2,8.9,0.4,3.555,87,5,0,0,0.4,0,122.6,0.1711,1992-09-28,1,0.90488089106258,False,0,0.34079570958661415
BKR101_P003,101,P003,1993,2,323,1992-11-12,317,45,133,488,0,0,234236,2,wheat/winter wheat,3.6,5.2,9.3,3,1.45,87,6.1,0,0,0.3,0,124.3,0.1753,1992-09-28,1,0.90488089106258,False,0,0.34079570958661415
BKR101_P003,101,P003,1993,2,323,1992-11-13,318,46,133,488,0,0,234236,2,wheat/winter wheat,1.7,3,4.6,1,0.56,96,5.8,0,0,0.1,0,125.6,0.1777,1992-09-28,1,0.90488089106258,False,0,0.34079570958661415
BKR101_P003,101,P003,1993,2,323,1992-11-14,319,47,133,488,0,0,234236,2,wheat/winter wheat,0.5,2,3.9,1,1.37,99,1.4,0,0,0.1,0,127.2,0.1794,1992-09-28,1,0.90488089106258,False,0,0.34079570958661415
BKR101_P003,101,P003,1993,2,323,1992-11-15,320,48,133,488,0,0,234236,2,wheat/winter wheat,-0.6,1.2,2.4,1,0.56,100,3.1,0,0,0.1,0,128.4,0.1816,1992-09-28,1,0.90488089106258,False,0,0.34079570958661415
BKR101_P003,101,P003,1993,2,323,1992-11-16,321,49,133,488,0,0,234236,2,wheat/winter wheat,0.6,4.1,6.3,2,0.56,100,4.7,0,0,0.1,0,129.7,0.1833,1992-09-28,1,0.90488089106258,False,0,0.34079570958661415
BKR101_P003,101,P003,1993,2,323,1992-11-17,322,50,133,488,0,0,234236,2,wheat/winter wheat,3.5,5.9,8.4,0,2.402,80,3.8,0,0,0.4,0,132.2,0.1849,1992-09-28,1,0.90488089106258,False,0,0.34079570958661415
BKR101_P003,101,P003,1993,2,323,1992-11-18,323,51,133,488,0,0,234236,2,wheat/winter wheat,2.6,3.8,5,4.3,1.606,89,5.4,0,0,0.2,0,134.1,0.1884,1992-09-28,1,0.90488089106258,False,0,0.34079570958661415
BKR101_P003,101,P003,1993,2,323,1992-11-19,324,52,133,488,0,0,234236,2,wheat/winter wheat,2.5,4.1,5.7,1.9,2.515,88,7.5,0,0,0.3,0,136.7,0.1909,1992-09-28,1,0.90488089106258,False,0,0.34079570958661415
BKR101_P003,101,P003,1993,2,323,1992-11-20,325,53,133,488,0,0,234236,2,wheat/winter wheat,2.8,4.3,5.4,0.2,2.651,77,9.2,0,0,0.5,0,139.5,0.1943,1992-09-28,1,0.90488089106258,False,0,0.34079570958661415
BKR101_P003,101,P003,1993,2,323,1992-11-21,326,54,133,488,0,0,234236,2,wheat/winter wheat,1.4,3.3,5.2,1.8,3.506,87,6.4,0,0,0.2,0,142.4,0.1981,1992-09-28,1,0.90488089106258,False,0,0.34079570958661415
BKR101_P003,101,P003,1993,2,323,1992-11-22,327,55,133,488,0,0,234236,2,wheat/winter wheat,-0.6,1.6,4.5,0,2.859,95,1.9,0,0,0,0,145.1,0.202,1992-09-28,1,0.90488089106258,False,0,0.34079570958661415
BKR101_P003,101,P003,1993,2,323,1992-11-23,328,56,133,488,0,0,234236,2,wheat/winter wheat,-1.4,0.7,2.5,0.7,1.222,97,1.5,0,0,0.1,0,146.7,0.2056,1992-09-28,1,0.90488089106258,False,0,0.34079570958661415
BKR101_P003,101,P003,1993,2,323,1992-11-24,329,57,133,488,0,0,234236,2,wheat/winter wheat,2.6,5.6,7.2,0.6,1.897,96,2.4,0,0,0.1,0,149.1,0.2076,1992-09-28,1,0.90488089106258,False,0,0.34079570958661415
BKR101_P003,101,P003,1993,2,323,1992-11-25,330,58,133,488,0,0,234236,2,wheat/winter wheat,5.6,7,8.9,1.8,1.505,90,4.8,0,0,0.2,0,151.2,0.2108,1992-09-28,1,0.90488089106258,False,0,0.34079570958661415
BKR101_P003,101,P003,1993,2,323,1992-11-26,331,59,133,488,0,0,234236,2,wheat/winter wheat,5.8,7.3,10.6,4,0.518,88,7.6,0,0,0.2,0,152.1,0.2135,1992-09-28,1,0.90488089106258,False,0,0.34079570958661415
BKR101_P003,101,P003,1993,2,323,1992-11-27,332,60,133,488,0,0,234236,2,wheat/winter wheat,2.3,3.9,6.6,2,2.49,94,4.2,0,0,0.1,0,155,0.2147,1992-09-28,1,0.90488089106258,False,0,0.34079570958661415
BKR101_P003,101,P003,1993,2,323,1992-11-28,333,61,133,488,0,0,234236,2,wheat/winter wheat,1.7,3.9,6.6,2,0.4,99,7.2,0,0,0,0,156,0.2185,1992-09-28,1,0.90488089106258,False,0,0.34079570958661415
BKR101_P003,101,P003,1993,2,323,1992-11-29,334,62,133,488,0,0,234236,2,wheat/winter wheat,1.1,2,3.6,0,0.4,100,5.8,0,0,0,0,156.9,0.2198,1992-09-28,1,0.90488089106258,False,0,0.34079570958661415
BKR101_P003,101,P003,1993,2,323,1992-11-30,335,63,133,488,0,0,234236,2,wheat/winter wheat,-0.1,3.8,5,0,0.83,92,7.2,0,0,0.1,0,158.3,0.221,1992-09-28,1,0.90488089106258,False,0,0.34079570958661415
BKR101_P003,101,P003,1993,2,323,1992-12-01,336,64,133,488,0,0,234236,2,wheat/winter wheat,4.6,6.4,10.1,0,1.854,89,5.5,0,0,0.3,0,160.9,0.2227,1992-09-28,1,0.90488089106258,False,0,0.34079570958661415
BKR101_P003,101,P003,1993,2,323,1992-12-02,337,65,133,488,0,0,234236,2,wheat/winter wheat,2.7,4.9,7.4,3.9,3.422,88,6.5,0,0,0.2,0,164.1,0.2261,1992-09-28,1,0.90488089106258,False,0,0.34079570958661415
BKR101_P003,101,P003,1993,2,323,1992-12-03,338,66,133,488,0,0,234236,2,wheat/winter wheat,3.4,6.7,10,1.5,2.988,81,5.6,0,0,0.4,0,167.5,0.2301,1992-09-28,1,0.90488089106258,False,0,0.34079570958661415
BKR101_P003,101,P003,1993,2,323,1992-12-04,339,67,133,488,0,0,234236,2,wheat/winter wheat,1.8,4.9,6.3,3.1,3.053,84,5.3,0,0,0.2,0,170.7,0.2344,1992-09-28,1,0.90488089106258,False,0,0.34079570958661415
BKR101_P003,101,P003,1993,2,323,1992-12-05,340,68,133,488,0,0,234236,2,wheat/winter wheat,0.2,2.5,4.7,0,2.215,90,3.9,0,0,0.1,0,173.7,0.2385,1992-09-28,1,0.90488089106258,False,0,0.34079570958661415
BKR101_P003,101,P003,1993,2,323,1992-12-06,341,69,133,488,0,0,234236,2,wheat/winter wheat,0.3,1.6,3.1,0,2.225,94,2.4,0,0,0,0,176.5,0.2422,1992-09-28,1,0.90488089106258,False,0,0.34079570958661415
BKR101_P003,101,P003,1993,2,323,1992-12-07,342,70,133,488,0,0,234236,2,wheat/winter wheat,0.3,0.8,1.6,0,2.146,92,4.7,0,0,0.1,0,179.3,0.2457,1992-09-28,1,0.90488089106258,False,0,0.34079570958661415
BKR101_P003,101,P003,1993,2,323,1992-12-08,343,71,133,488,0,0,234236,2,wheat/winter wheat,0.5,1.7,2.9,0,1.097,96,2.3,0,0,0.1,0,181,0.2491,1992-09-28,1,0.90488089106258,False,0,0.34079570958661415
BKR101_P003,101,P003,1993,2,323,1992-12-09,344,72,133,488,0,0,234236,2,wheat/winter wheat,1.7,2.4,3.5,0,1.025,94,2.3,0,0,0.1,0,182.6,0.2513,1992-09-28,1,0.90488089106258,False,0,0.34079570958661415
BKR101_P003,101,P003,1993,2,323,1992-12-10,345,73,133,488,0,0,234236,2,wheat/winter wheat,2.3,2.8,3.3,0,0.966,95,1.6,0,0,0.1,0,184.2,0.2533,1992-09-28,1,0.90488089106258,False,0,0.34079570958661415
BKR101_P003,101,P003,1993,2,323,1992-12-11,346,74,133,488,0,0,234236,2,wheat/winter wheat,0.5,2.3,3.3,2.7,1.226,93,4,0,0,0.1,0,186.2,0.2553,1992-09-28,1,0.90488089106258,False,0,0.34079570958661415
BKR101_P003,101,P003,1993,2,323,1992-12-12,347,75,133,488,0,0,234236,2,wheat/winter wheat,0.2,3.3,4.8,5.1,1.958,92,6.4,0,0,0.1,0,189.4,0.2578,1992-09-28,1,0.90488089106258,False,0,0.34079570958661415
BKR101_P003,101,P003,1993,2,323,1992-12-13,348,76,133,488,0,0,234236,2,wheat/winter wheat,1.5,2.8,4.1,0,2.032,87,6,0,0,0.2,0,192.4,0.2617,1992-09-28,1,0.90488089106258,False,0,0.34079570958661415
BKR101_P003,101,P003,1993,2,323,1992-12-14,349,77,133,488,0,0,234236,2,wheat/winter wheat,2.7,6.3,8.5,2.2,1.161,91,6.1,0,0,0.2,0,194.6,0.2655,1992-09-28,1,0.90488089106258,False,0,0.34079570958661415
BKR101_P003,101,P003,1993,2,323,1992-12-15,350,78,133,488,0,0,234236,2,wheat/winter wheat,0.4,5.4,7.6,0,2.963,88,2.8,0,0,0,0,198.1,0.2681,1992-09-28,1,0.90488089106258,False,0,0.34079570958661415
BKR101_P003,101,P003,1993,2,323,1992-12-16,351,79,133,488,0,0,234236,2,wheat/winter wheat,2.4,0,3.6,0,3.842,94,1.1,0,0,0,0,200.8,0.2724,1992-09-28,1,0.90488089106258,False,0,0.34079570958661415
BKR101_P003,101,P003,1993,2,323,1992-12-17,352,80,133,488,0,0,234236,2,wheat/winter wheat,-3.9,-0.8,2.5,0,3.449,94,0.5,0,0,0,0,200.6,0.2756,1992-09-28,1,0.90488089106258,False,0,0.34079570958661415
BKR101_P003,101,P003,1993,2,323,1992-12-18,353,81,133,488,0,0,234236,2,wheat/winter wheat,-3.8,-1.5,0,0,2.892,95,2.7,0,0,0,0,200.5,0.2755,1992-09-28,1,0.90488089106258,False,0,0.34079570958661415
BKR101_P003,101,P003,1993,2,323,1992-12-19,354,82,133,488,0,0,234236,2,wheat/winter wheat,-1.5,1.8,3,1.3,1.202,85,5.4,0,0,0.2,0,202.7,0.2755,1992-09-28,1,0.90488089106258,False,0,0.34079570958661415
BKR101_P003,101,P003,1993,2,323,1992-12-20,355,83,133,488,0,0,234236,2,wheat/winter wheat,0.3,1.8,2.5,7.3,0.895,93,1.9,0,0,0.1,0,204.3,0.278,1992-09-28,1,0.90488089106258,False,0,0.34079570958661415
BKR101_P003,101,P003,1993,2,323,1992-12-21,356,84,133,488,0,0,234236,2,wheat/winter wheat,-2.4,-0.2,1.3,0,1.566,93,1.4,0,0,0,0,204.2,0.28,1992-09-28,1,0.90488089106258,False,0,0.34079570958661415
BKR101_P003,101,P003,1993,2,323,1992-12-22,357,85,133,488,0,0,234236,2,wheat/winter wheat,-3.8,-3.2,-2.7,0,1.861,91,2.3,0,0,0,0,204.1,0.2799,1992-09-28,1,0.90488089106258,False,0,0.34079570958661415
BKR101_P003,101,P003,1993,2,323,1992-12-23,358,86,133,488,0,0,234236,2,wheat/winter wheat,-7.8,-4.8,-2.2,0,4.003,83,4.9,0,0,0,0,204,0.2798,1992-09-28,1,0.90488089106258,False,0,0.34079570958661415
BKR101_P003,101,P003,1993,2,323,1992-12-24,359,87,133,488,0,0,234236,2,wheat/winter wheat,-9.6,-8.2,-6.2,0,3.198,88,3.2,0,0,0,0,203.9,0.2798,1992-09-28,1,0.90488089106258,False,0,0.34079570958661415
BKR101_P003,101,P003,1993,2,323,1992-12-25,360,88,133,488,0,0,234236,2,wheat/winter wheat,-11.3,-9.8,-7.7,0,2.785,89,2.5,0,0,0,0,203.8,0.2797,1992-09-28,1,0.90488089106258,False,0,0.34079570958661415
BKR101_P003,101,P003,1993,2,323,1992-12-26,361,89,133,488,0,0,234236,2,wheat/winter wheat,-12.1,-9,-4.7,0,2.96,88,0.7,0,0,0,0,203.8,0.2797,1992-09-28,1,0.90488089106258,False,0,0.34079570958661415
BKR101_P003,101,P003,1993,2,323,1992-12-27,362,90,133,488,0,0,234236,2,wheat/winter wheat,-4.5,-2.3,0.9,0,3.384,90,1.5,0,0,0,0,203.7,0.2796,1992-09-28,1,0.90488089106258,False,0,0.34079570958661415
BKR101_P003,101,P003,1993,2,323,1992-12-28,363,91,133,488,0,0,234236,2,wheat/winter wheat,-8.5,-6,-2.4,0,3.633,92,2.2,0,0,0,0,203.6,0.2795,1992-09-28,1,0.90488089106258,False,0,0.34079570958661415
BKR101_P003,101,P003,1993,2,323,1992-12-29,364,92,133,488,0,0,234236,2,wheat/winter wheat,-5.3,-4.1,-3,0,1.039,92,4.3,0,0,0,0,203.5,0.2795,1992-09-28,1,0.90488089106258,False,0,0.34079570958661415
BKR101_P003,101,P003,1993,2,323,1992-12-30,365,93,133,488,0,0,234236,2,wheat/winter wheat,-2.8,-1.6,-0.6,0,1.33,92,2.3,0,0,0,0,203.4,0.2794,1992-09-28,1,0.90488089106258,False,0,0.34079570958661415
BKR101_P003,101,P003,1993,2,323,1992-12-31,366,94,133,488,0,0,234236,2,wheat/winter wheat,-3.3,-2.1,-0.9,0,1.422,92,1.9,0,0,0,0,203.3,0.2793,1992-09-28,1,0.90488089106258,False,0,0.34079570958661415
BKR101_P003,101,P003,1993,2,323,1993-01-01,1,95,133,488,0,0,234236,2,wheat/winter wheat,-9.9,-7.4,-3.1,0,3.821,92,2.1,0,0,0,0,203.2,0.2792,1992-09-28,1,0.90488089106258,False,0,0.34079570958661415
BKR101_P003,101,P003,1993,2,323,1993-01-02,2,96,133,488,0,0,234236,2,wheat/winter wheat,-13.6,-10.7,-8.5,0,4.249,85,3.3,0,0,0,0,203.1,0.2792,1992-09-28,1,0.90488089106258,False,0,0.34079570958661415
BKR101_P003,101,P003,1993,2,323,1993-01-03,3,97,133,488,0,0,234236,2,wheat/winter wheat,-15.8,-13.2,-9.1,0,4.051,79,3.8,0,0,0,0,203.1,0.2791,1992-09-28,1,0.90488089106258,False,0,0.34079570958661415
BKR101_P003,101,P003,1993,2,323,1993-01-04,4,98,133,488,0,0,234236,2,wheat/winter wheat,-15.3,-12.6,-9.9,0,3.946,79,4.4,0,0,0,0,203,0.2791,1992-09-28,1,0.90488089106258,False,0,0.34079570958661415
BKR101_P003,101,P003,1993,2,323,1993-01-05,5,99,133,488,0,0,234236,2,wheat/winter wheat,-13.1,-5.9,0.1,0,4.121,68,4.7,0,0,0,0,202.9,0.2791,1992-09-28,1,0.90488089106258,False,0,0.34079570958661415
BKR101_P003,101,P003,1993,2,323,1993-01-06,6,100,133,488,0,0,234236,2,wheat/winter wheat,-0.1,2.3,4.1,3,0.966,54,6.3,0,0,0.5,0,204.7,0.279,1992-09-28,1,0.90488089106258,False,0,0.34079570958661415
BKR101_P003,101,P003,1993,2,323,1993-01-07,7,101,133,488,0,0,234236,2,wheat/winter wheat,0.4,3.1,5.3,6.9,2.127,54,3.3,0,0,0.6,0,208.3,0.2812,1992-09-28,1,0.90488089106258,False,0,0.34079570958661415
BKR101_P003,101,P003,1993,2,323,1993-01-08,8,102,133,488,0,0,234236,2,wheat/winter wheat,0.2,2.9,7.1,0.1,1.881,54,5.7,0,0,0.7,0,211.4,0.2854,1992-09-28,1,0.90488089106258,False,0,0.34079570958661415
BKR101_P003,101,P003,1993,2,323,1993-01-09,9,103,133,488,0,0,234236,2,wheat/winter wheat,-0.5,2.2,5.7,2.5,3.214,54,6,0,0,0.7,0,215.1,0.2892,1992-09-28,1,0.90488089106258,False,0,0.34079570958661415
BKR101_P003,101,P003,1993,2,323,1993-01-10,10,104,133,488,0,0,234236,2,wheat/winter wheat,6.4,7.4,8.4,1.3,2.073,54,6.8,0,0,1.1,0,219.1,0.2936,1992-09-28,1,0.90488089106258,False,0,0.34079570958661415
BKR101_P003,101,P003,1993,2,323,1993-01-11,11,105,133,488,0,0,234236,2,wheat/winter wheat,7.6,9.1,10.4,1.2,1.69,54,8.8,0,0,1.1,0,222.6,0.2984,1992-09-28,1,0.90488089106258,False,0,0.34079570958661415
BKR101_P003,101,P003,1993,2,323,1993-01-12,12,106,133,488,0,0,234236,2,wheat/winter wheat,1.8,4,7.6,7.9,1.183,54,5.9,0,0,0.6,0,224.9,0.3025,1992-09-28,1,0.90488089106258,False,0,0.34079570958661415
BKR101_P003,101,P003,1993,2,323,1993-01-13,13,107,133,488,0,0,234236,2,wheat/winter wheat,2.5,4.2,8.5,0,3.661,54,7.7,0,0,1,0,229.3,0.3052,1992-09-28,1,0.90488089106258,False,0,0.34079570958661415
BKR101_P003,101,P003,1993,2,323,1993-01-14,14,108,133,488,0,0,234236,2,wheat/winter wheat,3.5,6.8,12.3,1.1,3.61,51,9.6,0,0,1.4,0,234.3,0.3104,1992-09-28,1,0.90488089106258,False,0,0.34079570958661415
BKR101_P003,101,P003,1993,2,323,1993-01-15,15,109,133,488,0,0,234236,2,wheat/winter wheat,0.5,3.9,8.4,0,3.902,50,6.4,0,0,1,0,239,0.3161,1992-09-28,1,0.90488089106258,False,0,0.34079570958661415
BKR101_P003,101,P003,1993,2,323,1993-01-16,16,110,133,488,0,0,234236,2,wheat/winter wheat,9.2,10.9,12.1,0,3.689,47,8.5,0,0,1.7,0,245.1,0.3216,1992-09-28,1,0.90488089106258,False,0,0.34079570958661415
BKR101_P003,101,P003,1993,2,323,1993-01-17,17,111,133,488,0,0,234236,2,wheat/winter wheat,7.2,9.2,11.8,0,5.053,47,6.7,0,0,1.4,0,251.1,0.3284,1992-09-28,1,0.90488089106258,False,0,0.34079570958661415
BKR101_P003,101,P003,1993,2,323,1993-01-18,18,112,133,488,0,0,234236,2,wheat/winter wheat,2,5.3,8.6,0,3.788,47,5.9,0,0,1.1,0,256.8,0.3352,1992-09-28,1,0.90488089106258,False,0,0.34079570958661415
BKR101_P003,101,P003,1993,2,323,1993-01-19,19,113,133,488,0,0,234236,2,wheat/winter wheat,0.2,2.9,5.4,1,2.799,47,6.5,0,0,1,0,261.9,0.3415,1992-09-28,1,0.90488089106258,False,0,0.34079570958661415
BKR101_P003,101,P003,1993,2,323,1993-01-20,20,114,133,488,0,0,234236,2,wheat/winter wheat,3.8,6.6,9.1,3,1.273,47,6.7,0,0,0.9,0,265,0.3471,1992-09-28,1,0.90488089106258,False,0,0.34079570958661415
BKR101_P003,101,P003,1993,2,323,1993-01-21,21,115,133,488,0,0,234236,2,wheat/winter wheat,6.3,7.7,9.6,2.2,3.403,47,7.9,0,0,1.6,0,271.7,0.3505,1992-09-28,1,0.90488089106258,False,0,0.34079570958661415
BKR101_P003,101,P003,1993,2,323,1993-01-22,22,116,133,488,0,0,234236,2,wheat/winter wheat,4.3,9.4,12.6,1.2,2.261,46,10.3,0,0,1.5,0,277.2,0.3578,1992-09-28,1,0.90488089106258,False,0,0.34079570958661415
BKR101_P003,101,P003,1993,2,323,1993-01-23,23,117,133,488,0,0,234236,2,wheat/winter wheat,2.1,4,5.3,3.4,3.546,45,8.4,0,0,1.2,0,283.6,0.3637,1992-09-28,1,0.90488089106258,False,0,0.34079570958661415
BKR101_P003,101,P003,1993,2,323,1993-01-24,24,118,133,488,0,0,234236,2,wheat/winter wheat,2.8,7.6,10.2,1.9,3.161,44,11.8,0,0,1.7,0,290.8,0.3705,1992-09-28,1,0.90488089106258,False,0,0.34079570958661415
BKR101_P003,101,P003,1993,2,323,1993-01-25,25,119,133,488,0,0,234236,2,wheat/winter wheat,-0.9,2.1,4.8,0.7,2.482,44,8.5,0,0,0.9,0,295.7,0.3781,1992-09-28,1,0.90488089106258,False,0,0.34079570958661415
BKR101_P003,101,P003,1993,2,323,1993-01-26,26,120,133,488,0,0,234236,2,wheat/winter wheat,-0.5,1,2.1,7.2,1.422,44,9.8,0,0,0.7,0,299.3,0.3833,1992-09-28,1,0.90488089106258,False,0,0.34079570958661415
BKR101_P003,101,P003,1993,2,323,1993-01-27,27,121,133,488,0,0,234236,2,wheat/winter wheat,-4.7,-1.9,0.2,1.1,7.396,44,3.7,0,0,0,0,299.1,0.387,1992-09-28,1,0.90488089106258,False,0,0.34079570958661415
BKR101_P003,101,P003,1993,2,323,1993-01-28,28,122,133,488,0,0,234236,2,wheat/winter wheat,-5.8,-2.4,-0.8,0,4.362,44,2.7,0,0,0,0,299,0.3869,1992-09-28,1,0.90488089106258,False,0,0.34079570958661415
BKR101_P003,101,P003,1993,2,323,1993-01-29,29,123,133,488,0,0,234236,2,wheat/winter wheat,-6.3,-4.3,-2.8,0,3.242,44,1.7,0,0,0,0,298.9,0.3868,1992-09-28,1,0.90488089106258,False,0,0.34079570958661415
BKR101_P003,101,P003,1993,2,323,1993-01-30,30,124,133,488,0,0,234236,2,wheat/winter wheat,-7.7,-5.4,-2.8,0,5.86,44,1.6,0,0,0,0,298.8,0.3867,1992-09-28,1,0.90488089106258,False,0,0.34079570958661415
BKR101_P003,101,P003,1993,2,323,1993-01-31,31,125,133,488,0,0,234236,2,wheat/winter wheat,-9.4,-6.2,-0.4,0,7.588,44,1.1,0,0,0,0,298.6,0.3866,1992-09-28,1,0.90488089106258,False,0,0.34079570958661415
BKR101_P003,101,P003,1993,2,323,1993-02-01,32,126,133,488,0,0,234236,2,wheat/winter wheat,-7.8,-2.7,-0.1,0,1.999,44,1.1,0,0,0,0,298.5,0.3865,1992-09-28,1,0.90488089106258,False,0,0.34079570958661415
BKR101_P003,101,P003,1993,2,323,1993-02-02,33,127,133,488,0,0,234236,2,wheat/winter wheat,-6.7,-2.9,-0.3,0,6.553,44,2.5,0,0,0,0,298.4,0.3864,1992-09-28,1,0.90488089106258,False,0,0.34079570958661415
BKR101_P003,101,P003,1993,2,323,1993-02-03,34,128,133,488,0,0,234236,2,wheat/winter wheat,-2.1,-0.6,-0.1,0,2.459,44,4.2,0,0,0,0,298.2,0.3863,1992-09-28,1,0.90488089106258,False,0,0.34079570958661415
BKR101_P003,101,P003,1993,2,323,1993-02-04,35,129,133,488,0,0,234236,2,wheat/winter wheat,-2.4,-1,0.6,0,3.005,44,4.6,0,0,0,0,298,0.3862,1992-09-28,1,0.90488089106258,False,0,0.34079570958661415
BKR101_P003,101,P003,1993,2,323,1993-02-05,36,130,133,488,0,0,234236,2,wheat/winter wheat,-0.7,0.1,1.5,0,1.779,44,6.8,0,0,0.7,0,302.3,0.3861,1992-09-28,1,0.90488089106258,False,0,0.34079570958661415
BKR101_P003,101,P003,1993,2,323,1993-02-06,37,131,133,488,0,0,234236,2,wheat/winter wheat,0.5,1.6,2.5,2.4,1.463,44,4.4,0,0,0.7,0,306.6,0.3905,1992-09-28,1,0.90488089106258,False,0,0.34079570958661415
BKR101_P003,101,P003,1993,2,323,1993-02-07,38,132,133,488,0,0,234236,2,wheat/winter wheat,-2.5,-0.2,1.6,0,4.489,44,1.4,0,0,0,0,306.4,0.3951,1992-09-28,1,0.90488089106258,False,0,0.34079570958661415
BKR101_P003,101,P003,1993,2,323,1993-02-08,39,133,133,488,0,0,234236,2,wheat/winter wheat,-0.2,1.8,4,0,4.026,44,2.7,0,0,0.8,0,313.1,0.395,1992-09-28,1,0.90488089106258,False,0,0.34079570958661415
BKR101_P003,101,P003,1993,2,323,1993-02-09,40,134,133,488,0,0,234236,2,wheat/winter wheat,2.2,2.8,3.8,0.1,1.912,44,1.4,0,0,0.7,0,318.4,0.402,1992-09-28,1,0.90488089106258,False,0,0.34079570958661415
BKR101_P003,101,P003,1993,2,323,1993-02-10,41,135,133,488,0,0,234236,2,wheat/winter wheat,-0.6,0.5,2.3,0,1.822,44,2.4,0,0,0.7,0,323.3,0.4075,1992-09-28,1,0.90488089106258,False,0,0.34079570958661415
BKR101_P003,101,P003,1993,2,323,1993-02-11,42,136,133,488,0,0,234236,2,wheat/winter wheat,-1.2,-0.6,0.1,0,2.211,44,1.7,0,0,0,0,323.1,0.4126,1992-09-28,1,0.90488089106258,False,0,0.34079570958661415
BKR101_P003,101,P003,1993,2,323,1993-02-12,43,137,133,488,0,0,234236,2,wheat/winter wheat,-1,0.6,5,0,6.463,44,2.4,0,0,0.8,0,330.9,0.4125,1992-09-28,1,0.90488089106258,False,0,0.34079570958661415
BKR101_P003,101,P003,1993,2,323,1993-02-13,44,138,133,488,0,0,234236,2,wheat/winter wheat,-1.2,-0.7,-0.3,0,1.324,44,0.8,0,0,0,0,330.7,0.4206,1992-09-28,1,0.90488089106258,False,0,0.34079570958661415
BKR101_P003,101,P003,1993,2,323,1993-02-14,45,139,133,488,0,0,234236,2,wheat/winter wheat,-0.6,0.7,2.4,0,2.801,44,2,0,0,0.7,0,336.7,0.4205,1992-09-28,1,0.90488089106258,False,0,0.34079570958661415
BKR101_P003,101,P003,1993,2,323,1993-02-15,46,140,133,488,0,0,234236,2,wheat/winter wheat,-2,1.1,3,0,5.401,44,3.3,0,0,0.9,0,344.9,0.4268,1992-09-28,1,0.90488089106258,False,0,0.34079570958661415
BKR101_P003,101,P003,1993,2,323,1993-02-16,47,141,133,488,0,0,234236,2,wheat/winter wheat,-2.3,-0.8,0.3,0.8,3.742,44,3.9,0,0,0,0,344.7,0.4353,1992-09-28,1,0.90488089106258,False,0,0.34079570958661415
BKR101_P003,101,P003,1993,2,323,1993-02-17,48,142,133,488,0,0,234236,2,wheat/winter wheat,0,2.8,6.3,4.1,2.312,44,5.8,0,0,1.1,0,351.3,0.4352,1992-09-28,1,0.90488089106258,False,0,0.34079570958661415
BKR101_P003,101,P003,1993,2,323,1993-02-18,49,143,133,488,0,0,234236,2,wheat/winter wheat,-0.9,1.9,3.5,0.4,5.38,44,4.5,0,0,1.1,0,360.2,0.4421,1992-09-28,1,0.90488089106258,False,0,0.34079570958661415
BKR101_P003,101,P003,1993,2,323,1993-02-19,50,144,133,488,0,0,234236,2,wheat/winter wheat,1.8,2.8,3.9,3.9,4.001,44,7.1,0,0,1.3,0,368.6,0.4513,1992-09-28,1,0.90488089106258,False,0,0.34079570958661415
BKR101_P003,101,P003,1993,2,323,1993-02-20,51,145,133,488,0,0,234236,2,wheat/winter wheat,-0.5,1.6,4.1,3.4,8.917,41,7,0,0,1.4,0,379.1,0.46,1992-09-28,1,0.90488089106258,False,0,0.34079570958661415
BKR101_P003,101,P003,1993,2,323,1993-02-21,52,146,133,488,0,0,234236,2,wheat/winter wheat,-4,-1,1.3,0.8,4.72,39,6.1,0,0,0,0,378.9,0.4709,1992-09-28,1,0.90488089106258,False,0,0.34079570958661415
BKR101_P003,101,P003,1993,2,323,1993-02-22,53,147,133,488,0,0,234236,2,wheat/winter wheat,-7.8,-4.4,-1.8,0,11.69,39,3.8,0,0,0,0,378.7,0.4707,1992-09-28,1,0.90488089106258,False,0,0.34079570958661415
BKR101_P003,101,P003,1993,2,323,1993-02-23,54,148,133,488,0,0,234236,2,wheat/winter wheat,-7.2,-3.4,-0.9,0,6.376,39,3.9,0,0,0,0,378.6,0.4706,1992-09-28,1,0.90488089106258,False,0,0.34079570958661415
BKR101_P003,101,P003,1993,2,323,1993-02-24,55,149,133,488,0,0,234236,2,wheat/winter wheat,-1.3,-0.9,-0.5,0.8,3.487,39,5.3,0,0,0,0,378.4,0.4705,1992-09-28,1,0.90488089106258,False,0,0.34079570958661415
BKR101_P003,101,P003,1993,2,323,1993-02-25,56,150,133,488,0,0,234236,2,wheat/winter wheat,-1.2,-0.8,-0.4,0.3,2.614,39,3.3,0,0,0,0,378.2,0.4703,1992-09-28,1,0.90488089106258,False,0,0.34079570958661415
BKR101_P003,101,P003,1993,2,323,1993-02-26,57,151,133,488,0,0,234236,2,wheat/winter wheat,-5.5,-2,1.5,0.1,7.36,39,2.2,0,0,0,0,378,0.4702,1992-09-28,1,0.90488089106258,False,0,0.34079570958661415
BKR101_P003,101,P003,1993,2,323,1993-02-27,58,152,133,488,0,0,234236,2,wheat/winter wheat,-8.1,-2.7,2.4,0.7,6.112,39,2.3,0,0,0,0,377.8,0.4701,1992-09-28,1,0.90488089106258,False,0,0.34079570958661415
BKR101_P003,101,P003,1993,2,323,1993-02-28,59,153,133,488,0,0,234236,2,wheat/winter wheat,-4.2,-1.1,1.4,0,5.249,39,2.6,0,0,0,0,377.6,0.4699,1992-09-28,1,0.90488089106258,False,0,0.34079570958661415
BKR101_P003,101,P003,1993,2,323,1993-03-01,60,154,133,488,0,0,234236,2,wheat/winter wheat,-1.1,0.5,3.7,0,10.331,39,5.6,0,0,1.4,0,388.7,0.4698,1992-09-28,1,0.90488089106258,False,0,0.34079570958661415
BKR101_P003,101,P003,1993,2,323,1993-03-02,61,155,133,488,0,0,234236,2,wheat/winter wheat,-4.3,-1.3,1.8,0,10.576,39,6.6,0,0,0,0,388.5,0.4812,1992-09-28,1,0.90488089106258,False,0,0.34079570958661415
BKR101_P003,101,P003,1993,2,323,1993-03-03,62,156,133,488,0,0,234236,2,wheat/winter wheat,-6.7,-4,-1.1,0,9.458,39,4.1,0,0,0,0,388.3,0.4811,1992-09-28,1,0.90488089106258,False,0,0.34079570958661415
BKR101_P003,101,P003,1993,2,323,1993-03-04,63,157,133,488,0,0,234236,2,wheat/winter wheat,-5.8,-3.8,-0.9,0.1,10.886,39,1.6,0,0,0,0,388.2,0.481,1992-09-28,1,0.90488089106258,False,0,0.34079570958661415
BKR101_P003,101,P003,1993,2,323,1993-03-05,64,158,133,488,0,0,234236,2,wheat/winter wheat,-7.6,-2.8,0,0,6.548,39,4.1,0,0,0,0,388,0.4808,1992-09-28,1,0.90488089106258,False,0,0.34079570958661415
BKR101_P003,101,P003,1993,2,323,1993-03-06,65,159,133,488,0,0,234236,2,wheat/winter wheat,0.2,2.5,5.6,0,10.1,39,4,0,0,1.6,0,401.6,0.4807,1992-09-28,1,0.90488089106258,False,0,0.34079570958661415
BKR101_P003,101,P003,1993,2,323,1993-03-07,66,160,133,488,0,0,234236,2,wheat/winter wheat,-1.1,1.8,5,0,10.581,39,2.5,0,0,1.3,0,415.2,0.4947,1992-09-28,1,0.90488089106258,False,0,0.34079570958661415
BKR101_P003,101,P003,1993,2,323,1993-03-08,67,161,133,488,0,0,234236,2,wheat/winter wheat,-2.2,-0.3,2.9,0,7.955,39,1.3,0,0,0,0,415,0.5088,1992-09-28,1,0.90488089106258,False,0,0.34079570958661415
BKR101_P003,101,P003,1993,2,323,1993-03-09,68,162,133,488,0,0,234236,2,wheat/winter wheat,-4.7,-0.7,4,0,13.799,39,2.1,0,0,0,0,414.8,0.5086,1992-09-28,1,0.90488089106258,False,0,0.34079570958661415
BKR101_P003,101,P003,1993,2,323,1993-03-10,69,163,133,488,0,0,234236,2,wheat/winter wheat,-4.7,1.9,7.6,0,11.77,39,2.7,0,0,1.5,0,429.3,0.5085,1992-09-28,1,0.90488089106258,False,0,0.34079570958661415
BKR101_P003,101,P003,1993,2,323,1993-03-11,70,164,133,488,0,0,234236,2,wheat/winter wheat,-1,1.5,4.3,0,8.105,39,2,0,0,1.2,0,442.3,0.5234,1992-09-28,1,0.90488089106258,False,0,0.34079570958661415
BKR101_P003,101,P003,1993,2,323,1993-03-12,71,165,133,488,0,0,234236,2,wheat/winter wheat,-3.9,2.7,8.6,0,10.138,39,0.9,0,0,1.1,0,457.8,0.5368,1992-09-28,1,0.90488089106258,False,0,0.34079570958661415
BKR101_P003,101,P003,1993,2,323,1993-03-13,72,166,133,488,0,0,234236,2,wheat/winter wheat,-0.1,5.4,12.3,0,9.977,39,1.4,0,0,1.5,0,475.9,0.5527,1992-09-28,1,0.90488089106258,False,0,0.34079570958661415
BKR101_P003,101,P003,1993,2,323,1993-03-14,73,167,133,488,0,0,234236,2,wheat/winter wheat,1.6,6.7,13.6,0,10.436,39,1.5,0,0,1.7,0,496,0.571,1992-09-28,1,0.90488089106258,False,0,0.34079570958661415
BKR101_P003,101,P003,1993,2,323,1993-03-15,74,168,133,488,0,0,234236,2,wheat/winter wheat,2.1,8.3,15.1,0,12.602,37,2.2,0,0,2.3,0,520.8,0.5913,1992-09-28,1,0.90488089106258,False,0,0.34079570958661415
BKR101_P003,101,P003,1993,2,323,1993-03-16,75,169,133,488,0,0,234236,2,wheat/winter wheat,7.6,10.4,15.5,1.8,8.991,34,6.1,0,0,3.7,0,544.4,0.6158,1992-09-28,1,0.90488089106258,False,0,0.34079570958661415
BKR101_P003,101,P003,1993,2,323,1993-03-17,76,170,133,488,0,0,234236,2,wheat/winter wheat,7,8.1,9.6,0.5,2.795,34,7.9,0,0,2.6,0,561.1,0.6386,1992-09-28,1,0.90488089106258,False,0,0.34079570958661415
BKR101_P003,101,P003,1993,2,323,1993-03-18,77,171,133,488,0,0,234236,2,wheat/winter wheat,5.8,9.8,10.7,1.4,3.101,34,7.6,0,0,2.6,0,579.7,0.6545,1992-09-28,1,0.90488089106258,False,0,0.34079570958661415
BKR101_P003,101,P003,1993,2,323,1993-03-19,78,172,133,488,0,0,234236,2,wheat/winter wheat,2.6,5.4,8.1,0.2,9.836,34,7.8,0,0,2.8,0,602.8,0.6719,1992-09-28,1,0.90488089106258,False,0,0.34079570958661415
BKR101_P003,101,P003,1993,2,323,1993-03-20,79,173,133,488,0,0,234236,2,wheat/winter wheat,4.1,6.6,10,0,12.253,34,6.3,0,0,3.2,0,630.3,0.6933,1992-09-28,1,0.90488089106258,False,0,0.34079570958661415
BKR101_P003,101,P003,1993,2,323,1993-03-21,80,174,133,488,0,0,234236,2,wheat/winter wheat,1.2,8,15,0,13.576,34,3.3,0,0,2.9,0,661.8,0.7183,1992-09-28,1,0.90488089106258,False,0,0.34079570958661415
BKR101_P003,101,P003,1993,2,323,1993-03-22,81,175,133,488,0,0,234236,2,wheat/winter wheat,6.4,10.3,14.3,0.1,7.096,34,2.9,0,0,2.6,0,689,0.7467,1992-09-28,1,0.90488089106258,False,0,0.34079570958661415
BKR101_P003,101,P003,1993,2,323,1993-03-23,82,176,133,488,0,0,234236,2,wheat/winter wheat,4.6,8.1,9.7,0.8,11.177,34,6.2,0,0,3.2,0,721.4,0.7706,1992-09-28,1,0.90488089106258,False,0,0.34079570958661415
BKR101_P003,101,P003,1993,2,323,1993-03-24,83,177,133,488,0,0,234236,2,wheat/winter wheat,2,4.7,7.9,0,13.198,34,5.7,0,0,2.7,0,751.5,0.7985,1992-09-28,1,0.90488089106258,False,0,0.34079570958661415
BKR101_P003,101,P003,1993,2,323,1993-03-25,84,178,133,488,0,0,234236,2,wheat/winter wheat,-0.4,2.5,5.7,0.7,10.462,34,4.2,0,0,2,0,777.1,0.8244,1992-09-28,1,0.90488089106258,False,0,0.34079570958661415
BKR101_P003,101,P003,1993,2,323,1993-03-26,85,179,133,488,0,0,234236,2,wheat/winter wheat,-2.3,1.1,5.6,0,13.919,34,3.2,0,0,1.8,0,803,0.8461,1992-09-28,1,0.90488089106258,False,0,0.34079570958661415
BKR101_P003,101,P003,1993,2,323,1993-03-27,86,180,133,488,0,0,234236,2,wheat/winter wheat,-2.8,-0.1,2.7,0.1,10.843,34,2.4,0,0,0.1,0,802.6,0.8683,1992-09-28,1,0.90488089106258,False,0,0.34079570958661415
BKR101_P003,101,P003,1993,2,323,1993-03-28,87,181,133,488,0,0,234236,2,wheat/winter wheat,-1.9,0.7,4.4,0,10.895,34,3.7,0,0,1.7,0,827,0.868,1992-09-28,1,0.90488089106258,False,0,0.34079570958661415
BKR101_P003,101,P003,1993,2,323,1993-03-29,88,182,133,488,0,0,234236,2,wheat/winter wheat,-1.1,0.1,2.1,0.8,6.072,34,4.4,0,0,1.5,0,848.6,0.8887,1992-09-28,1,0.90488089106258,False,0,0.34079570958661415
BKR101_P003,101,P003,1993,2,323,1993-03-30,89,183,133,488,0,0,234236,2,wheat/winter wheat,-0.6,0.8,2.4,0,6.285,34,4,0,0,1.6,0,871.8,0.9071,1992-09-28,1,0.90488089106258,False,0,0.34079570958661415
BKR101_P003,101,P003,1993,2,323,1993-03-31,90,184,133,488,0,0,234236,2,wheat/winter wheat,-0.5,3.1,6.8,0,14.071,34,3,0,0,2.1,0,904.6,0.9269,1992-09-28,1,0.90488089106258,False,0,0.34079570958661415
BKR101_P003,101,P003,1993,2,323,1993-04-01,91,185,133,488,0,0,234236,2,wheat/winter wheat,0.9,4.8,11,0,11.638,34,5.3,0,0,2.9,0,938.8,0.9548,1992-09-28,1,0.90488089106258,False,0,0.34079570958661415
BKR101_P003,101,P003,1993,2,323,1993-04-02,92,186,133,488,0,0,234236,2,wheat/winter wheat,-0.6,5.2,11,0,19.067,34,5.2,0,0,3.3,0,981,0.9835,1992-09-28,1,0.90488089106258,False,0,0.34079570958661415
BKR101_P003,101,P003,1993,2,323,1993-04-03,93,187,133,488,0,0,234236,2,wheat/winter wheat,4.2,5.5,7.1,0,4.593,34,2.4,0,0,1.8,0,1012.4,1.0186,1992-09-28,1,0.90488089106258,False,0,0.34079570958661415
BKR101_P003,101,P003,1993,2,323,1993-04-04,94,188,133,488,0,0,234236,2,wheat/winter wheat,2.6,5.4,8.8,0,6.538,34,1.4,0,0,1.6,0,1046.4,1.0444,1992-09-28,1,0.90488089106258,False,0,0.34079570958661415
BKR101_P003,101,P003,1993,2,323,1993-04-05,95,189,133,488,0,0,234236,2,wheat/winter wheat,-0.2,5.5,10.3,0,9.387,34,2.2,0,0,2.1,0,1084.8,1.072,1992-09-28,1,0.90488089106258,False,0,0.34079570958661415
BKR101_P003,101,P003,1993,2,323,1993-04-06,96,190,133,488,0,0,234236,2,wheat/winter wheat,4.6,6.9,11,2,10.675,34,3.6,0,0,2.9,0,1128,1.1029,1992-09-28,1,0.90488089106258,False,0,0.34079570958661415
BKR101_P003,101,P003,1993,2,323,1993-04-07,97,191,133,488,0,0,234236,2,wheat/winter wheat,4.9,6.7,9.9,3.8,9.719,34,3.2,0,0,2.6,0,1171.4,1.1371,1992-09-28,1,0.90488089106258,False,0,0.34079570958661415
BKR101_P003,101,P003,1993,2,323,1993-04-08,98,192,133,488,0,0,234236,2,wheat/winter wheat,2.5,4.9,6.4,0,3.076,34,4.1,0,0,2.1,0,1207.2,1.1708,1992-09-28,1,0.90488089106258,False,0,0.34079570958661415
BKR101_P003,101,P003,1993,2,323,1993-04-09,99,193,133,488,0,0,234236,2,wheat/winter wheat,-2.6,1.4,3.4,0,11.055,34,3.6,0,0,1.8,0,1244.3,1.1984,1992-09-28,1,0.90488089106258,False,0,0.34079570958661415
BKR101_P003,101,P003,1993,2,323,1993-04-10,100,194,133,488,0,0,234236,2,wheat/winter wheat,-4.2,0.9,6.2,0,21.283,34,2.6,0,0,2.2,0,1286.2,1.2269,1992-09-28,1,0.90488089106258,False,0,0.34079570958661415
BKR101_P003,101,P003,1993,2,323,1993-04-11,101,195,133,488,0,0,234236,2,wheat/winter wheat,-3.3,2.3,8.1,0,22.783,34,3.7,0,0,2.7,0,1333.6,1.2592,1992-09-28,1,0.90488089106258,False,0,0.34079570958661415
BKR101_P003,101,P003,1993,2,323,1993-04-12,102,196,133,488,0,0,234236,2,wheat/winter wheat,-2.1,4,10.1,0,22.411,34,3.1,0,0,2.9,0,1388,1.2955,1992-09-28,1,0.90488089106258,False,0,0.34079570958661415
BKR101_P003,101,P003,1993,2,323,1993-04-13,103,197,133,488,0,0,234236,2,wheat/winter wheat,-1,5.6,11.7,0,19.741,34,3,0,0,3.1,0,1449.4,1.3369,1992-09-28,1,0.90488089106258,False,0,0.34079570958661415
BKR101_P003,101,P003,1993,2,323,1993-04-14,104,198,133,488,0,0,234236,2,wheat/winter wheat,1.5,8.1,14.5,0,17.22,34,3.5,0,0,3.6,0,1517.1,1.3831,1992-09-28,1,0.90488089106258,False,0,0.34079570958661415
BKR101_P003,101,P003,1993,2,323,1993-04-15,105,199,133,488,0,0,234236,2,wheat/winter wheat,2.2,8.6,14.8,0,19.896,34,3.5,0,0,3.9,0,1593.7,1.433,1992-09-28,1,0.90488089106258,False,0,0.34079570958661415
BKR101_P003,101,P003,1993,2,323,1993-04-16,106,200,133,488,0,0,234236,2,wheat/winter wheat,0.3,7.2,13.9,0,21.499,33,1.3,0,0,2.8,0,1670.3,1.4881,1992-09-28,1,0.90488089106258,False,0,0.34079570958661415
BKR101_P003,101,P003,1993,2,323,1993-04-17,107,201,133,488,0,0,234236,2,wheat/winter wheat,2,10.7,16.7,0,17.429,32,4,0,0,4.3,0,1754.3,1.5424,1992-09-28,1,0.90488089106258,False,0,0.34079570958661415
BKR101_P003,101,P003,1993,2,323,1993-04-18,108,202,133,488,0,0,234236,2,wheat/winter wheat,8.1,9.9,13,7.5,9.979,32,5.3,0,0,4,0,1821.8,1.6002,1992-09-28,1,0.90488089106258,False,0,0.34079570958661415
BKR101_P003,101,P003,1993,2,323,1993-04-19,109,203,133,488,0,0,234236,2,wheat/winter wheat,3.2,6.7,10.4,0,20.928,32,5.6,0,0,4.1,0,1904.9,1.6453,1992-09-28,1,0.90488089106258,False,0,0.34079570958661415
BKR101_P003,101,P003,1993,2,323,1993-04-20,110,204,133,488,0,0,234236,2,wheat/winter wheat,0.4,7,12.6,0,19.444,32,2.4,0,0,3.2,0,1988.8,1.7,1992-09-28,1,0.90488089106258,False,0,0.34079570958661415
BKR101_P003,101,P003,1993,2,323,1993-04-21,111,205,133,488,0,0,234236,2,wheat/winter wheat,3.6,13.8,22.9,0,19.686,32,4.2,0,0,5.7,0,2093.6,1.7542,1992-09-28,1,0.90488089106258,False,0,0.34079570958661415
BKR101_P003,101,P003,1993,2,323,1993-04-22,112,206,133,488,0,0,234236,2,wheat/winter wheat,9.6,16.1,22,0,20.481,32,2.4,0,0,4.7,0,2210,1.8193,1992-09-28,1,0.90488089106258,False,0,0.34079570958661415
BKR101_P003,101,P003,1993,2,323,1993-04-23,113,207,133,488,0,0,234236,2,wheat/winter wheat,9.2,15.1,20,0,20.111,32,2.6,0,0,4.7,0,2330,1.8882,1992-09-28,1,0.90488089106258,False,0,0.34079570958661415
BKR101_P003,101,P003,1993,2,323,1993-04-24,114,208,133,488,0,0,234236,2,wheat/winter wheat,9.4,18.1,26.9,0,21.857,30,4.7,0,0,7.4,0,2455.3,1.9559,1992-09-28,1,0.90488089106258,False,0,0.34079570958661415
BKR101_P003,101,P003,1993,2,323,1993-04-25,115,209,133,488,0,0,234236,2,wheat/winter wheat,12.4,20.1,27.1,0,20.789,29,5.3,0,0,7.8,0,2580.8,2.0226,1992-09-28,1,0.90488089106258,False,0,0.34079570958661415
BKR101_P003,101,P003,1993,2,323,1993-04-26,116,210,133,488,0,0,234236,2,wheat/winter wheat,12,20.2,27.6,0,23.425,29,4.4,0,0,7.6,0,2721.1,2.0849,1992-09-28,1,0.90488089106258,False,0,0.34079570958661415
BKR101_P003,101,P003,1993,2,323,1993-04-27,117,211,133,488,0,0,234236,2,wheat/winter wheat,9.8,18.7,26.7,0,21.178,28,1.7,0,0,4.8,0,2858.1,2.1496,1992-09-28,1,0.90488089106258,False,0,0.34079570958661415
BKR101_P003,101,P003,1993,2,323,1993-04-28,118,212,133,488,0,0,234236,2,wheat/winter wheat,11.9,19.5,27.2,0,21.598,27,2.9,0,0,6.2,0,2997.5,2.2082,1992-09-28,1,0.90488089106258,False,0,0.34079570958661415
BKR101_P003,101,P003,1993,2,323,1993-04-29,119,213,133,488,0,0,234236,2,wheat/winter wheat,11.3,19.3,26.7,0,22.531,27,3.6,0,0,6.8,0,3145.1,2.2647,1992-09-28,1,0.90488089106258,False,0,0.34079570958661415
BKR101_P003,101,P003,1993,2,323,1993-04-30,120,214,133,488,0,0,234236,2,wheat/winter wheat,11.9,19.2,26.4,3.3,23.03,27,3.9,0,0,7.2,0,3297.1,2.324,1992-09-28,1,0.90488089106258,False,0,0.34079570958661415
BKR101_P003,101,P003,1993,2,323,1993-05-01,121,215,133,488,0,0,234236,2,wheat/winter wheat,10.8,18.6,25.9,0,22.96,27,2.8,0,0,6.1,0,3452.3,2.3846,1992-09-28,1,0.90488089106258,False,0,0.34079570958661415
BKR101_P003,101,P003,1993,2,323,1993-05-02,122,216,133,488,0,0,234236,2,wheat/winter wheat,10.9,16.7,25,0.1,18.738,27,2.9,0,0,5.7,0,3586.4,2.4462,1992-09-28,1,0.90488089106258,False,0,0.34079570958661415
BKR101_P003,101,P003,1993,2,323,1993-05-03,123,217,133,488,0,0,234236,2,wheat/winter wheat,7.6,11.2,14,0,5.458,27,3,0,0,3.2,0,3673.4,2.499,1992-09-28,1,0.90488089106258,False,0,0.34079570958661415
BKR101_P003,101,P003,1993,2,323,1993-05-04,124,218,133,488,0,0,234236,2,wheat/winter wheat,2.8,8.9,13.5,0,25.992,27,2.4,0,0,4.2,0,3827.8,2.5332,1992-09-28,1,0.90488089106258,False,0,0.34079570958661415
BKR101_P003,101,P003,1993,2,323,1993-05-05,125,219,133,488,0,0,234236,2,wheat/winter wheat,1.1,8.7,14.1,0,24.505,27,2.2,0,0,4,0,3979.3,2.5936,1992-09-28,1,0.90488089106258,False,0,0.34079570958661415
BKR101_P003,101,P003,1993,2,323,1993-05-06,126,220,133,488,0,0,234236,2,wheat/winter wheat,5.8,8.3,11.2,0.4,5.824,27,2.7,0,0,2.8,0,4068.9,2.6527,1992-09-28,1,0.90488089106258,False,0,0.34079570958661415
BKR101_P003,101,P003,1993,2,323,1993-05-07,127,221,133,488,0,0,234236,2,wheat/winter wheat,8,14.9,23.6,0.3,19.952,27,2,0,0,4.8,0,4215.7,2.6875,1992-09-28,1,0.90488089106258,False,0,0.34079570958661415
BKR101_P003,101,P003,1993,2,323,1993-05-08,128,222,133,488,0,0,234236,2,wheat/winter wheat,10.3,17.9,24.8,0,21.539,26,2.8,0,0,5.9,0,4375.9,2.7441,1992-09-28,1,0.90488089106258,False,0,0.34079570958661415
BKR101_P003,101,P003,1993,2,323,1993-05-09,129,223,133,488,0,0,234236,2,wheat/winter wheat,12.1,18.7,26,0,22.127,26,3.5,0,0,6.9,0,4535.6,2.8053,1992-09-28,1,0.90488089106258,False,0,0.34079570958661415
BKR101_P003,101,P003,1993,2,323,1993-05-10,130,224,133,488,0,0,234236,2,wheat/winter wheat,11.4,18.2,24.5,0,21.646,25,2.5,0,0,5.8,0,4698.8,2.8659,1992-09-28,1,0.90488089106258,False,0,0.34079570958661415
BKR101_P003,101,P003,1993,2,323,1993-05-11,131,225,133,488,0,0,234236,2,wheat/winter wheat,13.1,19.7,26.6,0,21.752,25,3.4,0,0,6.9,0,4856.1,2.9273,1992-09-28,1,0.90488089106258,False,0,0.34079570958661415
BKR101_P003,101,P003,1993,2,323,1993-05-12,132,226,133,488,0,0,234236,2,wheat/winter wheat,11.3,19.5,26.1,0,23.897,24,3.2,0,0,6.9,0,5029.6,2.986,1992-09-28,1,0.90488089106258,False,0,0.34079570958661415
BKR101_P003,101,P003,1993,2,323,1993-05-13,133,227,133,488,0,0,234236,2,wheat/winter wheat,10.5,19.6,27.8,0,24.034,24,2.4,0,0,6.3,0,5196.8,3.0501,1992-09-28,1,0.90488089106258,False,0,0.34079570958661415
BKR101_P003,101,P003,1993,2,323,1993-05-14,134,228,133,488,0,0,234236,2,wheat/winter wheat,13.1,19.8,25.8,0,25.746,24,2.2,0,0,6.2,0,5374.2,3.1114,1992-09-28,1,0.90488089106258,False,0,0.34079570958661415
BKR101_P003,101,P003,1993,2,323,1993-05-15,135,229,133,488,0,0,234236,2,wheat/winter wheat,11.2,16,19.9,0,18.465,24,2.1,0,0,4.7,0,5514.3,3.1759,1992-09-28,1,0.90488089106258,False,0,0.34079570958661415
BKR101_P003,101,P003,1993,2,323,1993-05-16,136,230,133,488,0,0,234236,2,wheat/winter wheat,5.7,12.6,16.4,0.5,17.823,24,2.6,0,0,4.4,0,5633.9,3.2265,1992-09-28,1,0.90488089106258,False,0,0.34079570958661415
BKR101_P003,101,P003,1993,2,323,1993-05-17,137,231,133,488,0,0,234236,2,wheat/winter wheat,5.3,14.2,21.5,0,28.344,24,2.8,0,0,6.1,0,5755.5,3.2695,1992-09-28,1,0.90488089106258,False,0,0.34079570958661415
BKR101_P003,101,P003,1993,2,323,1993-05-18,138,232,133,488,0,0,234236,2,wheat/winter wheat,8.3,17,24.4,0,28.503,24,3.7,0,0,7.5,0,5832.5,3.3128,1992-09-28,1,0.90488089106258,False,0,0.34079570958661415
BKR101_P003,101,P003,1993,2,323,1993-05-19,139,233,133,488,0,0,234236,2,wheat/winter wheat,12.2,20.4,27.5,0,26.14,24,3.5,0,0,7.7,0,5832.2,3.34,1992-09-28,1,0.90488089106258,False,0,0.34079570958661415
BKR101_P003,101,P003,1993,2,323,1993-05-20,140,234,133,488,0,0,234236,2,wheat/winter wheat,13.7,22.1,29.2,0,24.667,24,3,0,0,7.3,0,5826.5,3.3398,1992-09-28,1,0.90488089106258,False,0,0.34079570958661415
BKR101_P003,101,P003,1993,2,323,1993-05-21,141,235,133,488,0,0,234236,2,wheat/winter wheat,15.3,19.2,28.7,8.6,16.847,24,3,0,0,6.7,0,5818.6,3.3356,1992-09-28,1,0.90488089106258,False,0,0.34079570958661415
BKR101_P003,101,P003,1993,2,323,1993-05-22,142,236,133,488,0,0,234236,2,wheat/winter wheat,11.8,13.2,15.5,2.6,3.272,24,2.7,0,0,3.5,0,5813.7,3.3299,1992-09-28,1,0.90488089106258,False,0,0.34079570958661415
BKR101_P003,101,P003,1993,2,323,1993-05-23,143,237,133,488,0,0,234236,2,wheat/winter wheat,12.1,15.2,19,0,12.748,24,1.8,0,0,3.9,0,5863.1,3.3263,1992-09-28,1,0.90488089106258,False,0,0.34079570958661415
BKR101_P003,101,P003,1993,2,323,1993-05-24,144,238,133,488,0,0,234236,2,wheat/winter wheat,11.6,16,22.1,0,18.983,24,1.7,0,0,4.7,0,5925.6,3.343,1992-09-28,1,0.90488089106258,False,0,0.34079570958661415
BKR101_P003,101,P003,1993,2,323,1993-05-25,145,239,133,488,0,0,234236,2,wheat/winter wheat,10.5,17.2,23.3,0,22.38,24,1.9,0,0,5.3,0,5964.3,3.364,1992-09-28,1,0.90488089106258,False,0,0.34079570958661415
BKR101_P003,101,P003,1993,2,323,1993-05-26,146,240,133,488,0,0,234236,2,wheat/winter wheat,9.8,12.5,15.9,0,12.802,24,2.5,0,0,4.1,0,5963.7,3.3769,1992-09-28,1,0.90488089106258,False,0,0.34079570958661415
BKR101_P003,101,P003,1993,2,323,1993-05-27,147,241,133,488,0,0,234236,2,wheat/winter wheat,8.6,10.7,12.4,7.1,5.53,24,2.6,0,0,3.2,0,5960.1,3.3765,1992-09-28,1,0.90488089106258,False,0,0.34079570958661415
BKR101_P003,101,P003,1993,2,323,1993-05-28,148,242,133,488,0,0,234236,2,wheat/winter wheat,11.1,14,19.1,0.7,12.002,24,2.5,0,0,4.4,0,5954.6,3.374,1992-09-28,1,0.90488089106258,False,0,0.34079570958661415
BKR101_P003,101,P003,1993,2,323,1993-05-29,149,243,133,488,0,0,234236,2,wheat/winter wheat,8.8,11.5,15.5,0.1,13.475,24,5,0,0,5.4,0,6001.8,3.3701,1992-09-28,1,0.90488089106258,False,0,0.34079570958661415
BKR101_P003,101,P003,1993,2,323,1993-05-30,150,244,133,488,0,0,234236,2,wheat/winter wheat,7.9,16.1,22.9,10.2,25.627,24,2.3,0,0,5.9,0,6038.1,3.3854,1992-09-28,1,0.90488089106258,False,0,0.34079570958661415
BKR101_P003,101,P003,1993,2,323,1993-05-31,151,245,133,488,0,0,234236,2,wheat/winter wheat,10.8,14.7,19.1,2.3,21.851,24,4.4,0,0,6.7,0,6035.2,3.3971,1992-09-28,1,0.90488089106258,False,0,0.34079570958661415
BKR101_P003,101,P003,1993,2,323,1993-06-01,152,246,133,488,0,0,234236,2,wheat/winter wheat,9.3,14.5,18.9,0,22.29,24,3.8,0,0,6.3,0,6153.8,3.3952,1992-09-28,1,0.90488089106258,False,0,0.34079570958661415
BKR101_P003,101,P003,1993,2,323,1993-06-02,153,247,133,488,0,0,234236,2,wheat/winter wheat,8.6,16.3,21.9,0,22.668,24,1.7,0,0,5,0,6234.4,3.4328,1992-09-28,1,0.90488089106258,False,0,0.34079570958661415
BKR101_P003,101,P003,1993,2,323,1993-06-03,154,248,133,488,0,0,234236,2,wheat/winter wheat,12.1,14.8,18.3,1.8,10.01,24,2.6,0,0,4.3,0.2,6237.5,3.4584,1992-09-28,1,0.90488089106258,False,0,0.34079570958661415
BKR101_P003,101,P003,1993,2,323,1993-06-04,155,249,133,488,0,0,234236,2,wheat/winter wheat,9.6,15.4,21.5,0,29.05,24,2.8,0,0,6.6,0.2,6233.7,3.4593,1992-09-28,1,0.90488089106258,False,0,0.34079570958661415
BKR101_P003,101,P003,1993,2,323,1993-06-05,156,250,133,488,0,0,234236,2,wheat/winter wheat,5.6,15.8,23.5,0,30.434,24,1,0,0,5.1,0.2,6229.4,3.4566,1992-09-28,1,0.90488089106258,False,0,0.34079570958661415
BKR101_P003,101,P003,1993,2,323,1993-06-06,157,251,133,488,0,0,234236,2,wheat/winter wheat,9.8,18.1,24.1,0,19.492,24,1.2,0,0,4.4,0.2,6222.4,3.4537,1992-09-28,1,0.90488089106258,False,0,0.34079570958661415
BKR101_P003,101,P003,1993,2,323,1993-06-07,158,252,133,488,0,0,234236,2,wheat/winter wheat,10,16.5,21,0,28.235,24,2.7,0,0,6.4,0.2,6215.9,3.4488,1992-09-28,1,0.90488089106258,False,0,0.34079570958661415
BKR101_P003,101,P003,1993,2,323,1993-06-08,159,253,133,488,0,0,234236,2,wheat/winter wheat,9.4,16.8,22.7,0,26.325,24,1.6,0,0,5.4,0.9,6208.9,3.4444,1992-09-28,1,0.90488089106258,False,0,0.34079570958661415
BKR101_P003,101,P003,1993,2,323,1993-06-09,160,254,133,488,0,0,234236,2,wheat/winter wheat,9.8,18.6,25.4,0,30.017,24,2.5,0,0,7,2.4,6201.1,3.4352,1992-09-28,1,0.90488089106258,False,0,0.34079570958661415
BKR101_P003,101,P003,1993,2,323,1993-06-10,161,255,133,488,0,0,234236,2,wheat/winter wheat,12.8,22,29.8,0,27.872,24,3,0,0,8,4.8,6191.3,3.4206,1992-09-28,1,0.90488089106258,False,0,0.34079570958661415
BKR101_P003,101,P003,1993,2,323,1993-06-11,162,256,133,488,0,0,234236,2,wheat/winter wheat,16,21.6,25.1,0,18.194,24,2.8,0,0,6.1,8.3,6182.7,3.3979,1992-09-28,1,0.90488089106258,False,0,0.34079570958661415
BKR101_P003,101,P003,1993,2,323,1993-06-12,163,257,133,488,0,0,234236,2,wheat/winter wheat,11.5,14.1,17.8,32,3.43,24,4.7,0,0,5,12.2,6176.6,3.3696,1992-09-28,1,0.90488089106258,False,0,0.34079570958661415
BKR101_P003,101,P003,1993,2,323,1993-06-13,164,258,133,488,0,0,234236,2,wheat/winter wheat,11.5,12.1,13.5,27.1,3.859,24,6.3,0,0,5.1,16.3,6171.4,3.3407,1992-09-28,1,0.90488089106258,False,0,0.34079570958661415
BKR101_P003,101,P003,1993,2,323,1993-06-14,165,259,133,488,0,0,234236,2,wheat/winter wheat,10.4,13.2,16.5,0,17.388,24,4.1,0,0,5.8,151.6,6329.7,3.311,1992-09-28,1,0.90488089106258,False,0,0.34079570958661415
BKR101_P003,101,P003,1993,2,323,1993-06-15,166,260,133,488,0,0,234236,2,wheat/winter wheat,8.9,12.5,15.8,0.1,18.312,24,3.9,0,0,5.5,290.7,6492.4,3.284,1992-09-28,1,0.90488089106258,False,0,0.34079570958661415
BKR101_P003,101,P003,1993,2,323,1993-06-16,167,261,133,488,0,0,234236,2,wheat/winter wheat,7,12.5,17.3,0.4,15.356,24,3.9,0,0,5.3,427.2,6651.7,3.2562,1992-09-28,1,0.90488089106258,False,0,0.34079570958661415
BKR101_P003,101,P003,1993,2,323,1993-06-17,168,262,133,488,0,0,234236,2,wheat/winter wheat,12.2,14.2,17.4,4.2,17.787,24,4.7,0,0,6.4,571.3,6820,3.2279,1992-09-28,1,0.90488089106258,False,0,0.34079570958661415
BKR101_P003,101,P003,1993,2,323,1993-06-18,169,263,133,488,0,0,234236,2,wheat/winter wheat,10.1,14.8,17.8,0.5,14.115,24,3.8,0,0,5.4,698.5,6967.6,3.1985,1992-09-28,1,0.90488089106258,False,0,0.34079570958661415
BKR101_P003,101,P003,1993,2,323,1993-06-19,170,264,133,488,0,0,234236,2,wheat/winter wheat,13.8,15,16.1,6.4,7.833,24,3.2,0,0,4.4,794.5,7077.4,3.1679,1992-09-28,1,0.90488089106258,False,0,0.34079570958661415
BKR101_P003,101,P003,1993,2,323,1993-06-20,171,265,133,488,0,0,234236,2,wheat/winter wheat,11,14.4,17.5,7.5,17.771,24,3.8,0,0,5.8,931.4,7236.3,3.1361,1992-09-28,1,0.90488089106258,False,0,0.34079570958661415
BKR101_P003,101,P003,1993,2,323,1993-06-21,172,266,133,488,0,0,234236,2,wheat/winter wheat,8.5,14,17.6,0,24.021,24,2.9,0,0,5.7,1094.7,7426.8,3.1033,1992-09-28,1,0.90488089106258,False,0,0.34079570958661415
BKR101_P003,101,P003,1993,2,323,1993-06-22,173,267,133,488,0,0,234236,2,wheat/winter wheat,11.1,14.4,17.7,0,18.736,24,1.4,0,0,4.1,1231,7584.5,3.0696,1992-09-28,1,0.90488089106258,False,0,0.34079570958661415
BKR101_P003,101,P003,1993,2,323,1993-06-23,174,268,133,488,0,0,234236,2,wheat/winter wheat,10.5,14.6,18.4,1,16.044,24,1.5,0,0,4,1350,7721.2,3.035,1992-09-28,1,0.90488089106258,False,0,0.34079570958661415
BKR101_P003,101,P003,1993,2,323,1993-06-24,175,269,133,488,0,0,234236,2,wheat/winter wheat,9.7,11.7,14.5,5.6,19.642,24,5.4,0,0,6.3,1476.1,7866.4,2.9994,1992-09-28,1,0.90488089106258,False,0,0.34079570958661415
BKR101_P003,101,P003,1993,2,323,1993-06-25,176,270,133,488,0,0,234236,2,wheat/winter wheat,8.5,11.2,14.2,0.1,18.637,52,5.5,0,0,4.6,1594,8001.6,2.9636,1992-09-28,1,0.90488089106258,False,0,0.34079570958661415
BKR101_P003,101,P003,1993,2,323,1993-06-26,177,271,133,488,0,0,234236,2,wheat/winter wheat,8.1,11.6,15,0,16.292,76,4.6,0,0,3,1700.1,8122.6,2.9276,1992-09-28,1,0.90488089106258,False,0,0.34079570958661415
BKR101_P003,101,P003,1993,2,323,1993-06-27,178,272,133,488,0,0,234236,2,wheat/winter wheat,9.6,12.4,16.1,0.7,12.49,80,3.3,0,0,2.5,1786.5,8219.7,2.8914,1992-09-28,1,0.90488089106258,False,0,0.34079570958661415
BKR101_P003,101,P003,1993,2,323,1993-06-28,179,273,133,488,0,0,234236,2,wheat/winter wheat,8.6,13,17.7,2,18.62,77,2.8,0,0,3.3,1881.3,8326.9,2.8549,1992-09-28,1,0.90488089106258,False,0,0.34079570958661415
BKR101_P003,101,P003,1993,2,323,1993-06-29,180,274,133,488,0,0,234236,2,wheat/winter wheat,7.8,15.3,21.1,0,20.573,75,2.1,0,0,3.7,1974.3,8431.7,2.8178,1992-09-28,1,0.90488089106258,False,0,0.34079570958661415
BKR101_P003,101,P003,1993,2,323,1993-06-30,181,275,133,488,0,0,234236,2,wheat/winter wheat,9.5,14.6,19.7,0,27.386,69,3.3,0,0,4.9,2081.5,8553.3,2.7797,1992-09-28,1,0.90488089106258,False,0,0.34079570958661415
BKR101_P003,101,P003,1993,2,323,1993-07-01,182,276,133,488,0,0,234236,2,wheat/winter wheat,6.8,14.5,21.1,0,24.757,73,1,0,0,3.9,2161.5,8642.1,2.7407,1992-09-28,1,0.90488089106258,False,0,0.34079570958661415
BKR101_P003,101,P003,1993,2,323,1993-07-02,183,277,133,488,0,0,234236,2,wheat/winter wheat,8.6,18.4,26.4,0,29.751,63,1.2,0,0,5.3,2216.3,8700,2.7008,1992-09-28,1,0.90488089106258,False,0,0.34079570958661415
BKR101_P003,101,P003,1993,2,323,1993-07-03,184,278,133,488,0,0,234236,2,wheat/winter wheat,11.8,18.8,22.9,0,21.365,66,3.5,0,0,4.8,2230,8708.2,2.6588,1992-09-28,1,0.90488089106258,False,0,0.34079570958661415
BKR101_P003,101,P003,1993,2,323,1993-07-04,185,279,133,488,0,0,234236,2,wheat/winter wheat,16.5,19.9,22.8,0,15.749,75,4,0,0,4,2237.4,8704,2.6145,1992-09-28,1,0.90488089106258,False,0,0.34079570958661415
BKR101_P003,101,P003,1993,2,323,1993-07-05,186,280,133,488,0,0,234236,2,wheat/winter wheat,12.9,17.1,22.5,0.1,13.653,81,2.1,0,0,2.8,2245.1,8698.5,2.5643,1992-09-28,1,0.90488089106258,False,0,0.34079570958661415
BKR101_P003,101,P003,1993,2,323,1993-07-06,187,281,133,488,0,0,234236,2,wheat/winter wheat,10.9,13.3,16,14,14.541,74,4.6,0,0,3.2,2252.9,8694.1,2.5112,1992-09-28,1,0.90488089106258,False,0,0.34079570958661415
BKR101_P003,101,P003,1993,2,323,1993-07-07,188,282,133,488,0,0,234236,2,wheat/winter wheat,10.6,12.6,16.6,4.1,18.009,81,6.2,0,0,3.3,2260.8,8689.4,2.4583,1992-09-28,1,0.90488089106258,False,0,0.34079570958661415
BKR101_P003,101,P003,1993,2,323,1993-07-08,189,283,133,488,0,0,234236,2,wheat/winter wheat,10.2,14.2,18.7,0,20.314,72,4.1,0,0,4,2350.4,8787.5,2.4048,1992-09-28,1,0.90488089106258,False,0,0.34079570958661415
BKR101_P003,101,P003,1993,2,323,1993-07-09,190,284,133,488,0,0,234236,2,wheat/winter wheat,11.9,20.1,26.6,0,27.742,57,4.2,0,0,6.8,2452.6,8900.2,2.3545,1992-09-28,1,0.90488089106258,False,0,0.34079570958661415
BKR101_P003,101,P003,1993,2,323,1993-07-10,191,285,133,488,0,0,234236,2,wheat/winter wheat,12,17,26.7,0.8,14.7,82,2.3,0,0,3.1,2506.3,8954.7,2.303,1992-09-28,1,0.90488089106258,False,0,0.34079570958661415
BKR101_P003,101,P003,1993,2,323,1993-07-11,192,286,133,488,0,0,234236,2,wheat/winter wheat,9.9,11.7,13.4,21,3.996,97,2.2,0,0,0.9,2539.2,8984.5,2.2509,1992-09-28,1,0.90488089106258,False,0,0.34079570958661415
BKR101_P003,101,P003,1993,2,323,1993-07-12,193,287,133,488,0,0,234236,2,wheat/winter wheat,9.7,12.5,16.3,2.7,16.86,81,4,0,0,2.9,2667,9127.9,2.1993,1992-09-28,1,0.90488089106258,False,0,0.34079570958661415
BKR101_P003,101,P003,1993,2,323,1993-07-13,194,288,133,488,0,0,234236,2,wheat/winter wheat,8.8,11.9,15.4,0.3,19.201,82,3.9,0,0,3,2755.7,9224.7,2.1482,1992-09-28,1,0.90488089106258,False,0,0.34079570958661415
BKR101_P003,101,P003,1993,2,323,1993-07-14,195,289,133,488,0,0,234236,2,wheat/winter wheat,7.8,14.5,19.2,0,20.239,70,2.1,0,0,3.6,2854.3,9333.3,2.0977,1992-09-28,1,0.90488089106258,False,0,0.34079570958661415
BKR101_P003,101,P003,1993,2,323,1993-07-15,196,290,133,488,0,0,234236,2,wheat/winter wheat,12.5,15,18.2,8,10.2,91,2,0,0,1.9,2917.9,9399.9,2.0473,1992-09-28,1,0.90488089106258,False,0,0.34079570958661415
BKR101_P003,101,P003,1993,2,323,1993-07-16,197,291,133,488,0,0,234236,2,wheat/winter wheat,12.8,16.5,21.3,4.6,19.456,78,1.3,0,0,3.4,3000.3,9489.1,1.9971,1992-09-28,1,0.90488089106258,False,0,0.34079570958661415
BKR101_P003,101,P003,1993,2,323,1993-07-17,198,292,133,488,0,0,234236,2,wheat/winter wheat,12.9,18,22.3,1.8,16.721,85,3.1,0,0,3.2,3079.6,9574.5,1.9467,1992-09-28,1,0.90488089106258,False,0,0.34079570958661415
BKR101_P003,101,P003,1993,2,323,1993-07-18,199,293,133,488,0,0,234236,2,wheat/winter wheat,13,17.1,22,0.3,20.36,79,3,0,0,3.9,3175.1,9679.1,1.896,1992-09-28,1,0.90488089106258,False,0,0.34079570958661415
BKR101_P003,101,P003,1993,2,323,1993-07-19,200,294,133,488,0,0,234236,2,wheat/winter wheat,12.1,17.1,21.8,0.1,12.997,82,1.2,0,0,2.5,3246.2,9754.6,1.8454,1992-09-28,1,0.90488089106258,False,0,0.34079570958661415
BKR101_P003,101,P003,1993,2,323,1993-07-20,201,295,133,488,0,0,234236,2,wheat/winter wheat,12.3,16.8,21.1,2.4,17.06,78,2.5,0,0,3.3,3326.7,9841.3,1.7947,1992-09-28,1,0.90488089106258,False,0,0.34079570958661415
BKR101_P003,101,P003,1993,2,323,1993-07-21,202,296,133,488,0,0,234236,2,wheat/winter wheat,10.7,13.8,17,0.1,10.507,84,4,0,0,2.2,3389.4,9906.8,1.7442,1992-09-28,1,0.90488089106258,False,0,0.34079570958661415
BKR101_P003,101,P003,1993,2,323,1993-07-22,203,297,133,488,0,0,234236,2,wheat/winter wheat,10.7,14.7,18.8,0.4,19.637,75,3.8,0,0,3.7,3470.7,9994.6,1.6942,1992-09-28,1,0.90488089106258,False,0,0.34079570958661415
BKR101_P003,101,P003,1993,2,323,1993-07-23,204,298,133,488,0,0,234236,2,wheat/winter wheat,11.6,14.6,18.3,1.2,15.162,79,4.4,0,0,3.1,3536.3,10063.8,1.6448,1992-09-28,1,0.90488089106258,False,0,0.34079570958661415
BKR101_P003,101,P003,1993,2,323,1993-07-24,205,299,133,488,0,0,234236,2,wheat/winter wheat,14.2,18.2,22.8,6.7,15.473,83,4.5,0,0,3.3,3591.4,10120.4,1.5959,1992-09-28,1,0.90488089106258,False,0,0.34079570958661415
BKR101_P003,101,P003,1993,2,323,1993-07-25,206,300,133,488,0,0,234236,2,wheat/winter wheat,11.9,17.3,22.9,0.4,17.755,75,4.6,0,0,4,3650.1,10181.4,1.5471,1992-09-28,1,0.90488089106258,False,0,0.34079570958661415
BKR101_P003,101,P003,1993,2,323,1993-07-26,207,301,133,488,0,0,234236,2,wheat/winter wheat,10.1,13.8,20.2,2.3,19.286,80,4.9,0,0,3.5,3710,10243.9,1.4985,1992-09-28,1,0.90488089106258,False,0,0.34079570958661415
BKR101_P003,101,P003,1993,2,323,1993-07-27,208,302,133,488,0,0,234236,2,wheat/winter wheat,10,13.8,18.9,2.3,16.76,85,4.6,0,0,2.8,3763.4,10298.8,1.4507,1992-09-28,1,0.90488089106258,False,0,0.34079570958661415
BKR101_P003,101,P003,1993,2,323,1993-07-28,209,303,133,488,0,0,234236,2,wheat/winter wheat,13.3,16,19.2,0.5,13.993,89,4.4,0,0,2.5,3808,10343.2,1.4036,1992-09-28,1,0.90488089106258,False,0,0.34079570958661415
BKR101_P003,101,P003,1993,2,323,1993-07-29,210,304,133,488,0,0,234236,2,wheat/winter wheat,11.8,17.2,21.3,0,16.15,78,2.5,0,0,3.2,3853.5,10388.9,1.357,1992-09-28,1,0.90488089106258,False,0,0.34079570958661415
BKR101_P003,101,P003,1993,2,323,1993-07-30,211,305,133,488,0,0,234236,2,wheat/winter wheat,15.9,22.8,28.8,0,20.372,69,2.4,0,0,4.7,3886.5,10419.5,1.3109,1992-09-28,1,0.90488089106258,False,0,0.34079570958661415
BKR101_P003,101,P003,1993,2,323,1993-07-31,212,306,133,488,0,0,234236,2,wheat/winter wheat,12.6,16.9,21.7,3.4,9.037,89,3.4,0,0,1.9,3909.2,10438,1.2645,1992-09-28,1,0.90488089106258,False,0,0.34079570958661415
BKR101_P003,101,P003,1993,2,323,1993-08-01,213,307,133,488,0,0,234236,2,wheat/winter wheat,10.6,15.5,20,0,18.513,76,2.7,0,0,3.4,3941.1,10467.6,1.2187,1992-09-28,1,0.90488089106258,False,0,0.34079570958661415
BKR101_P003,101,P003,1993,2,323,1993-08-02,214,308,133,488,0,0,234236,2,wheat/winter wheat,10.6,18.2,25.1,0.1,21.643,68,2.5,0,0,4.4,3976.5,10501.4,1.1736,1992-09-28,1,0.90488089106258,False,0,0.34079570958661415
BKR101_P003,101,P003,1993,2,323,1993-08-03,215,309,133,488,0,0,234236,2,wheat/winter wheat,13,20.8,27.3,1.6,21.539,67,2.2,0,0,4.6,3996,10516.3,1.129,1992-09-28,1,0.90488089106258,False,0,0.34079570958661415
BKR101_P003,101,P003,1993,2,323,1993-08-04,216,310,133,488,0,0,234236,2,wheat/winter wheat,14.2,18.8,24,0,18.199,79,1.3,0,0,3.3,4002.8,10516.3,1.0845,1992-09-28,1,0.90488089106258,False,0,0.34079570958661415
BKR101_P003,101,P003,1993,2,323,1993-08-05,217,311,133,488,0,0,234236,2,wheat/winter wheat,13.5,17.4,21.3,0.1,8.849,91,1.3,0,0,1.7,4009.6,10514.4,1.0405,1992-09-28,1,0.90488089106258,False,0,0.34079570958661415
BKR101_P003,101,P003,1993,2,323,1993-08-06,218,312,133,488,0,0,234236,2,wheat/winter wheat,13.5,15.2,16.9,10.4,10.963,87,5.9,0,0,2.2,4016.3,10512.5,0.9959,1992-09-28,1,0.90488089106258,False,0,0.34079570958661415
BKR101_P003,101,P003,1993,2,323,1993-08-07,219,313,133,488,0,0,234236,2,wheat/winter wheat,12.6,15.6,19.3,0.3,15.078,78,5.4,0,0,3.3,4022.8,10509.8,0.9521,1992-09-28,1,0.90488089106258,False,0,0.34079570958661415
BKR101_P003,101,P003,1993,2,323,1993-08-08,220,314,133,488,0,0,234236,2,wheat/winter wheat,13.3,16.4,19.3,1.5,9.35,88,1.6,0,0,1.8,4030.2,10511.1,0.9085,1992-09-28,1,0.90488089106258,False,0,0.34079570958661415
BKR101_P003,101,P003,1993,2,323,1993-08-09,221,315,133,488,0,0,234236,2,wheat/winter wheat,11.9,16.7,20.9,2.2,16.654,85,2.1,0,0,2.8,4043.3,10519.3,0.8678,1992-09-28,1,0.90488089106258,False,0,0.34079570958661415
BKR101_P003,101,P003,1993,2,323,1993-08-10,222,316,133,488,0,0,234236,2,wheat/winter wheat,10.9,14.9,18.6,8.6,9.591,90,3.9,0,0,1.8,4049.4,10519.2,0.8279,1992-09-28,1,0.90488089106258,False,0,0.34079570958661415
BKR101_P003,101,P003,1993,2,323,1993-08-11,223,317,133,488,0,0,234236,2,wheat/winter wheat,9.1,13.8,17.6,0.8,18.868,71,4.2,0,0,3.6,4065.5,10531.3,0.789,1992-09-28,1,0.90488089106258,False,0,0.34079570958661415
BKR101_P003,101,P003,1993,2,323,1993-08-12,224,318,133,488,0,0,234236,2,wheat/winter wheat,12.9,19.5,24.6,0,17.459,67,4.4,0,0,4.5,4071.3,10531,0.7513,1992-09-28,1,0.90488089106258,False,0,0.34079570958661415
BKR101_P003,101,P003,1993,2,323,1993-08-13,225,319,133,488,0,0,234236,2,wheat/winter wheat,9.7,15.5,19.2,0.1,19.674,70,4.1,0,0,3.8,4083.9,10539.3,0.7141,1992-09-28,1,0.90488089106258,False,0,0.34079570958661415
BKR101_P003,101,P003,1993,2,323,1993-08-14,226,320,133,488,0,0,234236,2,wheat/winter wheat,7.3,16.8,25,0,23.318,65,2.9,0,0,4.6,4092,10542.4,0.678,1992-09-28,1,0.90488089106258,False,0,0.34079570958661415
BKR101_P003,101,P003,1993,2,323,1993-08-15,227,321,133,488,0,0,234236,2,wheat/winter wheat,13,21.6,30.5,0,18.458,72,2.1,0,0,4.1,4097.4,10539.7,0.6429,1992-09-28,1,0.90488089106258,False,0,0.34079570958661415
BKR101_P003,101,P003,1993,2,323,1993-08-16,228,322,133,488,0,0,234236,2,wheat/winter wheat,16,21.1,26.3,0,17.575,74,2.5,0,0,4.1,4097.4,10539.7,0.6429,1992-09-28,1,0.90488089106258,False,0,0.34079570958661415
BKR101_P003,101,P003,1994,3,308,1993-09-28,271,0,133,488,0,0,234236,3,wheat/winter wheat,7.6,11.1,14.1,0,7.565,92,1.3,0,0,0.9,0,53,0.0775,1993-09-28,1,0.90488089106258,False,0,0.34079570958661415
BKR101_P003,101,P003,1994,3,308,1993-09-29,272,1,133,488,0,0,234236,3,wheat/winter wheat,4.6,9.1,13.3,0,13.978,79,3,0,0,1.5,0,53,0.0775,1993-09-28,1,0.90488089106258,False,0,0.34079570958661415
BKR101_P003,101,P003,1994,3,308,1993-09-30,273,2,133,488,0,0,234236,3,wheat/winter wheat,2.2,6,10.5,0,13.409,74,3.9,0,0,1.5,0,53,0.0775,1993-09-28,1,0.90488089106258,False,0,0.34079570958661415
BKR101_P003,101,P003,1994,3,308,1993-10-01,274,3,133,488,0,0,234236,3,wheat/winter wheat,1.6,6.2,12.2,0,9.808,78,5.2,0,0,1.4,0,53,0.0775,1993-09-28,1,0.90488089106258,False,0,0.34079570958661415
BKR101_P003,101,P003,1994,3,308,1993-10-02,275,4,133,488,0,0,234236,3,wheat/winter wheat,6.5,11.9,17.4,0,10.232,80,4.8,0,0,1.7,0,53,0.0775,1993-09-28,1,0.90488089106258,False,0,0.34079570958661415
BKR101_P003,101,P003,1994,3,308,1993-10-03,276,5,133,488,0,0,234236,3,wheat/winter wheat,10.7,12.7,15.4,1.9,3.865,79,5.6,0,0,1.7,0,53,0.0775,1993-09-28,1,0.90488089106258,False,0,0.34079570958661415
BKR101_P003,101,P003,1994,3,308,1993-10-04,277,6,133,488,0,0,234236,3,wheat/winter wheat,10,13,17.8,0,12.197,78,4.6,0,0,1.9,0,53,0.0775,1993-09-28,1,0.90488089106258,False,0,0.34079570958661415
BKR101_P003,101,P003,1994,3,308,1993-10-05,278,7,133,488,0,0,234236,3,wheat/winter wheat,9.4,14.2,19.7,0,10.89,82,2.4,0,0,1.4,0,53,0.0775,1993-09-28,1,0.90488089106258,False,0,0.34079570958661415
BKR101_P003,101,P003,1994,3,308,1993-10-06,279,8,133,488,0,0,234236,3,wheat/winter wheat,8.4,12.1,16.3,0,7.302,91,2.3,0,0,0.9,0,53,0.0775,1993-09-28,1,0.90488089106258,False,0,0.34079570958661415
BKR101_P003,101,P003,1994,3,308,1993-10-07,280,9,133,488,0,0,234236,3,wheat/winter wheat,8.4,12.7,17.5,0,8.501,89,2,0,0,1,0,53,0.0775,1993-09-28,1,0.90488089106258,False,0,0.34079570958661415
BKR101_P003,101,P003,1994,3,308,1993-10-08,281,10,133,488,0,0,234236,3,wheat/winter wheat,4,10.8,17.1,0.1,8.45,90,3.2,0,0,0.9,0,53,0.0775,1993-09-28,1,0.90488089106258,False,0,0.34079570958661415
BKR101_P003,101,P003,1994,3,308,1993-10-09,282,11,133,488,0,0,234236,3,wheat/winter wheat,8.6,12.4,14.2,6,2.903,96,3.3,0,0,0.5,0,54.8,0.0775,1993-09-28,1,0.90488089106258,False,0,0.34079570958661415
BKR101_P003,101,P003,1994,3,308,1993-10-10,283,12,133,488,0,0,234236,3,wheat/winter wheat,7.8,11,15.5,0,10.693,82,3.4,0,0,1.2,0,57.9,0.0801,1993-09-28,1,0.90488089106258,False,0,0.34079570958661415
BKR101_P003,101,P003,1994,3,308,1993-10-11,284,13,133,488,0,0,234236,3,wheat/winter wheat,6.2,11.1,15.5,0.4,4.848,94,2.6,0,0,0.6,0,60.1,0.0843,1993-09-28,1,0.90488089106258,False,0,0.34079570958661415
BKR101_P003,101,P003,1994,3,308,1993-10-12,285,14,133,488,0,0,234236,3,wheat/winter wheat,7.6,13.4,18.9,0.3,5.227,86,4.1,0,0,1,0,62.6,0.0875,1993-09-28,1,0.90488089106258,False,0,0.34079570958661415
BKR101_P003,101,P003,1994,3,308,1993-10-13,286,15,133,488,0,0,234236,3,wheat/winter wheat,10.9,13.6,17.3,0,9.625,80,5.3,0,0,1.6,0,66.1,0.091,1993-09-28,1,0.90488089106258,False,0,0.34079570958661415
BKR101_P003,101,P003,1994,3,308,1993-10-14,287,16,133,488,0,0,234236,3,wheat/winter wheat,9.4,12,13.6,1.4,3.564,91,3.7,0,0,0.6,0,68.4,0.0959,1993-09-28,1,0.90488089106258,False,0,0.34079570958661415
BKR101_P003,101,P003,1994,3,308,1993-10-15,288,17,133,488,0,0,234236,3,wheat/winter wheat,2.5,6.2,8.8,1.4,3.109,95,3.1,0,0,0.3,0,70.3,0.0991,1993-09-28,1,0.90488089106258,False,0,0.34079570958661415
BKR101_P003,101,P003,1994,3,308,1993-10-16,289,18,133,488,0,0,234236,3,wheat/winter wheat,1.6,4.9,8.6,0,8.287,88,3.6,0,0,0.6,0,73.1,0.1019,1993-09-28,1,0.90488089106258,False,0,0.34079570958661415
BKR101_P003,101,P003,1994,3,308,1993-10-17,290,19,133,488,0,0,234236,3,wheat/winter wheat,0.7,4.4,9.3,0,10.777,82,3,0,0,0.6,0,75.9,0.1058,1993-09-28,1,0.90488089106258,False,0,0.34079570958661415
BKR101_P003,101,P003,1994,3,308,1993-10-18,291,20,133,488,0,0,234236,3,wheat/winter wheat,-2.5,1.5,7.8,0,9.734,85,1.8,0,0,0.4,0,78.3,0.1097,1993-09-28,1,0.90488089106258,False,0,0.34079570958661415
BKR101_P003,101,P003,1994,3,308,1993-10-19,292,21,133,488,0,0,234236,3,wheat/winter wheat,-2.9,1.2,9.5,0,9,79,1.1,0,0,0.4,0,80.6,0.113,1993-09-28,1,0.90488089106258,False,0,0.34079570958661415
BKR101_P003,101,P003,1994,3,308,1993-10-20,293,22,133,488,0,0,234236,3,wheat/winter wheat,5,5.2,8.7,1,5.7,85,3.1,0,0,0.6,0,83.2,0.1163,1993-09-28,1,0.90488089106258,False,0,0.34079570958661415
BKR101_P003,101,P003,1994,3,308,1993-10-21,294,23,133,488,0,0,234236,3,wheat/winter wheat,4.3,6.2,8.1,0.3,4.2,86,1.1,0,0,0.4,0,85.7,0.12,1993-09-28,1,0.90488089106258,False,0,0.34079570958661415
BKR101_P003,101,P003,1994,3,308,1993-10-22,295,24,133,488,0,0,234236,3,wheat/winter wheat,5,6.8,9,0,4,88,8.6,0,0,0.5,0,88.2,0.1235,1993-09-28,1,0.90488089106258,False,0,0.34079570958661415
BKR101_P003,101,P003,1994,3,308,1993-10-23,296,25,133,488,0,0,234236,3,wheat/winter wheat,4.8,5.6,6.3,0,2.4,82,6.1,0,0,0.5,0,90.3,0.127,1993-09-28,1,0.90488089106258,False,0,0.34079570958661415
BKR101_P003,101,P003,1994,3,308,1993-10-24,297,26,133,488,0,0,234236,3,wheat/winter wheat,1,5.7,7.5,0,2.3,81,4.2,0,0,0.5,0,92.4,0.13,1993-09-28,1,0.90488089106258,False,0,0.34079570958661415
BKR101_P003,101,P003,1994,3,308,1993-10-25,298,27,133,488,0,0,234236,3,wheat/winter wheat,1.8,4.7,8.9,0,3.8,87,2.5,0,0,0.4,0,94.8,0.1329,1993-09-28,1,0.90488089106258,False,0,0.34079570958661415
BKR101_P003,101,P003,1994,3,308,1993-10-26,299,28,133,488,0,0,234236,3,wheat/winter wheat,5.5,5.4,7.8,0,2.1,93,1.1,0,0,0.3,0,96.8,0.1363,1993-09-28,1,0.90488089106258,False,0,0.34079570958661415
BKR101_P003,101,P003,1994,3,308,1993-10-27,300,29,133,488,0,0,234236,3,wheat/winter wheat,6.4,7.2,8.6,0,2,93,0,0,0,0.4,0,98.8,0.1391,1993-09-28,1,0.90488089106258,False,0,0.34079570958661415
BKR101_P003,101,P003,1994,3,308,1993-10-28,301,30,133,488,0,0,234236,3,wheat/winter wheat,5.3,6.9,8.1,0,2,87,3.1,0,0,0.4,0,100.9,0.142,1993-09-28,1,0.90488089106258,False,0,0.34079570958661415
BKR101_P003,101,P003,1994,3,308,1993-10-29,302,31,133,488,0,0,234236,3,wheat/winter wheat,0.1,3.6,5.5,1.5,1.314,90,2.1,0,0,0.3,0,102.7,0.1449,1993-09-28,1,0.90488089106258,False,0,0.34079570958661415
BKR101_P003,101,P003,1994,3,308,1993-10-30,303,32,133,488,0,0,234236,3,wheat/winter wheat,-1.2,1.9,7.8,0,8.225,89,2,0,0,0.2,0,105.4,0.1474,1993-09-28,1,0.90488089106258,False,0,0.34079570958661415
BKR101_P003,101,P003,1994,3,308,1993-10-31,304,33,133,488,0,0,234236,3,wheat/winter wheat,-3.1,0.3,5.8,0,5.64,95,0.8,0,0,0.1,0,108,0.1512,1993-09-28,1,0.90488089106258,False,0,0.34079570958661415
BKR101_P003,101,P003,1994,3,308,1993-11-01,305,34,133,488,0,0,234236,3,wheat/winter wheat,-2.7,-0.5,4.6,0,4.966,98,0.6,0,0,0,0,107.9,0.1547,1993-09-28,1,0.90488089106258,False,0,0.34079570958661415
BKR101_P003,101,P003,1994,3,308,1993-11-02,306,35,133,488,0,0,234236,3,wheat/winter wheat,-3,0,1.6,0,2.861,99,1.8,0,0,0.1,0,109.8,0.1547,1993-09-28,1,0.90488089106258,False,0,0.34079570958661415
BKR101_P003,101,P003,1994,3,308,1993-11-03,307,36,133,488,0,0,234236,3,wheat/winter wheat,-1,0.3,1.2,0,2.53,99,2.1,0,0,0.1,0,111.7,0.1574,1993-09-28,1,0.90488089106258,False,0,0.34079570958661415
BKR101_P003,101,P003,1994,3,308,1993-11-04,308,37,133,488,0,0,234236,3,wheat/winter wheat,0.2,1.3,2.7,0,1.455,99,1.8,0,0,0.1,0,113.4,0.1601,1993-09-28,1,0.90488089106258,False,0,0.34079570958661415
BKR101_P003,101,P003,1994,3,308,1993-11-05,309,38,133,488,0,0,234236,3,wheat/winter wheat,0.6,2.6,5,0,2.049,99,3.3,0,0,0.1,0,115.3,0.1624,1993-09-28,1,0.90488089106258,False,0,0.34079570958661415
BKR101_P003,101,P003,1994,3,308,1993-11-06,310,39,133,488,0,0,234236,3,wheat/winter wheat,0.6,2.2,4.1,0,1.28,98,5.4,0,0,0.1,0,116.9,0.1651,1993-09-28,1,0.90488089106258,False,0,0.34079570958661415
BKR101_P003,101,P003,1994,3,308,1993-11-07,311,40,133,488,0,0,234236,3,wheat/winter wheat,4.5,4.9,5.2,4.8,1.14,98,2.3,0,0,0.2,0,118.6,0.1674,1993-09-28,1,0.90488089106258,False,0,0.34079570958661415
BKR101_P003,101,P003,1994,3,308,1993-11-08,312,41,133,488,0,0,234236,3,wheat/winter wheat,4.8,5.5,6.2,1.1,1.811,98,1.6,0,0,0.2,0,120.6,0.1697,1993-09-28,1,0.90488089106258,False,0,0.34079570958661415
BKR101_P003,101,P003,1994,3,308,1993-11-09,313,42,133,488,0,0,234236,3,wheat/winter wheat,4.8,5.5,6.2,3.1,1.411,97,3.4,0,0,0.1,0,122.4,0.1725,1993-09-28,1,0.90488089106258,False,0,0.34079570958661415
BKR101_P003,101,P003,1994,3,308,1993-11-10,314,43,133,488,0,0,234236,3,wheat/winter wheat,4,5.1,6.9,0,2.404,96,2.3,0,0,0.2,0,124.7,0.175,1993-09-28,1,0.90488089106258,False,0,0.34079570958661415
BKR101_P003,101,P003,1994,3,308,1993-11-11,315,44,133,488,0,0,234236,3,wheat/winter wheat,1.2,2.5,5.5,0.5,2.24,91,4.8,0,0,0.2,0,126.8,0.1782,1993-09-28,1,0.90488089106258,False,0,0.34079570958661415
BKR101_P003,101,P003,1994,3,308,1993-11-12,316,45,133,488,0,0,234236,3,wheat/winter wheat,0.8,3.7,6.4,0,3.454,94,3.2,0,0,0.1,0,129.7,0.1811,1993-09-28,1,0.90488089106258,False,0,0.34079570958661415
BKR101_P003,101,P003,1994,3,308,1993-11-13,317,46,133,488,0,0,234236,3,wheat/winter wheat,-2.7,1.5,6.3,0,5.101,95,1.6,0,0,0,0,132.5,0.185,1993-09-28,1,0.90488089106258,False,0,0.34079570958661415
BKR101_P003,101,P003,1994,3,308,1993-11-14,318,47,133,488,0,0,234236,3,wheat/winter wheat,-1.4,0.8,2.7,7.5,1.753,97,4.1,0,0,0.1,0,134.3,0.1889,1993-09-28,1,0.90488089106258,False,0,0.34079570958661415
BKR101_P003,101,P003,1994,3,308,1993-11-15,319,48,133,488,0,0,234236,3,wheat/winter wheat,-0.1,1.2,3.3,1.1,0.76,97,3.5,0,0,0.1,0,135.6,0.1914,1993-09-28,1,0.90488089106258,False,0,0.34079570958661415
BKR101_P003,101,P003,1994,3,308,1993-11-16,320,49,133,488,0,0,234236,3,wheat/winter wheat,0.6,1.1,1.7,0,1.342,93,2,0,0,0.1,0,137.2,0.1932,1993-09-28,1,0.90488089106258,False,0,0.34079570958661415
BKR101_P003,101,P003,1994,3,308,1993-11-17,321,50,133,488,0,0,234236,3,wheat/winter wheat,-2.6,-0.1,1.2,0,1.838,93,0.7,0,0,0,0,137.1,0.1954,1993-09-28,1,0.90488089106258,False,0,0.34079570958661415
BKR101_P003,101,P003,1994,3,308,1993-11-18,322,51,133,488,0,0,234236,3,wheat/winter wheat,-4.2,-2.5,-1.4,0,3.576,94,0.9,0,0,0,0,137.1,0.1954,1993-09-28,1,0.90488089106258,False,0,0.34079570958661415
BKR101_P003,101,P003,1994,3,308,1993-11-19,323,52,133,488,0,0,234236,3,wheat/winter wheat,-3.1,-1.3,0.2,0.5,1.585,94,2.6,0,0,0,0,137,0.1953,1993-09-28,1,0.90488089106258,False,0,0.34079570958661415
BKR101_P003,101,P003,1994,3,308,1993-11-20,324,53,133,488,0,0,234236,3,wheat/winter wheat,-8.1,-4.5,-0.4,0.3,3.456,88,4.9,0,0,0,0,136.9,0.1953,1993-09-28,1,0.90488089106258,False,0,0.34079570958661415
BKR101_P003,101,P003,1994,3,308,1993-11-21,325,54,133,488,0,0,234236,3,wheat/winter wheat,-8.4,-7.3,-5.8,0,2.412,83,5.9,0,0,0,0,136.9,0.1952,1993-09-28,1,0.90488089106258,False,0,0.34079570958661415
BKR101_P003,101,P003,1994,3,308,1993-11-22,326,55,133,488,0,0,234236,3,wheat/winter wheat,-5.5,-4.4,-3.3,6,1.811,94,3.1,0,0,0,0,136.8,0.1952,1993-09-28,1,0.90488089106258,False,0,0.34079570958661415
BKR101_P003,101,P003,1994,3,308,1993-11-23,327,56,133,488,0,0,234236,3,wheat/winter wheat,-10.3,-4.8,-3.2,0,4.063,92,3.3,0,0,0,0,136.8,0.1951,1993-09-28,1,0.90488089106258,False,0,0.34079570958661415
BKR101_P003,101,P003,1994,3,308,1993-11-24,328,57,133,488,0,0,234236,3,wheat/winter wheat,-13,-8.6,-5.3,0,2.734,96,1.8,0,0,0,0,136.7,0.1951,1993-09-28,1,0.90488089106258,False,0,0.34079570958661415
BKR101_P003,101,P003,1994,3,308,1993-11-25,329,58,133,488,0,0,234236,3,wheat/winter wheat,-7.6,-5.6,-2.7,0,4.025,98,0.8,0,0,0,0,136.7,0.1951,1993-09-28,1,0.90488089106258,False,0,0.34079570958661415
BKR101_P003,101,P003,1994,3,308,1993-11-26,330,59,133,488,0,0,234236,3,wheat/winter wheat,-8.3,-5.3,-2.6,0,1.52,99,0.8,0,0,0,0,136.6,0.195,1993-09-28,1,0.90488089106258,False,0,0.34079570958661415
BKR101_P003,101,P003,1994,3,308,1993-11-27,331,60,133,488,0,0,234236,3,wheat/winter wheat,-3.6,-2.9,-2.1,0,1.513,92,2.5,0,0,0,0,136.5,0.195,1993-09-28,1,0.90488089106258,False,0,0.34079570958661415
BKR101_P003,101,P003,1994,3,308,1993-11-28,332,61,133,488,0,0,234236,3,wheat/winter wheat,-5,-3.1,-1.7,0.1,2.446,92,2.9,0,0,0,0,136.5,0.1949,1993-09-28,1,0.90488089106258,False,0,0.34079570958661415
BKR101_P003,101,P003,1994,3,308,1993-11-29,333,62,133,488,0,0,234236,3,wheat/winter wheat,-6.9,-5.1,-4.6,0,1.768,94,1.5,0,0,0,0,136.4,0.1949,1993-09-28,1,0.90488089106258,False,0,0.34079570958661415
BKR101_P003,101,P003,1994,3,308,1993-11-30,334,63,133,488,0,0,234236,3,wheat/winter wheat,-10.3,-8.3,-6.4,0,1.753,97,2.9,0,0,0,0,136.4,0.1948,1993-09-28,1,0.90488089106258,False,0,0.34079570958661415
BKR101_P003,101,P003,1994,3,308,1993-12-01,335,64,133,488,0,0,234236,3,wheat/winter wheat,-7.6,-6.6,-5.7,0,2.265,96,5.2,0,0,0,0,136.3,0.1948,1993-09-28,1,0.90488089106258,False,0,0.34079570958661415
BKR101_P003,101,P003,1994,3,308,1993-12-02,336,65,133,488,0,0,234236,3,wheat/winter wheat,-6.4,-0.7,3.9,0.8,2.069,94,5.7,0,0,0,0,136.2,0.1948,1993-09-28,1,0.90488089106258,False,0,0.34079570958661415
BKR101_P003,101,P003,1994,3,308,1993-12-03,337,66,133,488,0,0,234236,3,wheat/winter wheat,3.6,6.2,8.5,0,1.145,94,6.6,0,0,0.1,0,137.7,0.1947,1993-09-28,1,0.90488089106258,False,0,0.34079570958661415
BKR101_P003,101,P003,1994,3,308,1993-12-04,338,67,133,488,0,0,234236,3,wheat/winter wheat,4.9,6.9,8.8,0,3.03,82,6.3,0,0,0.4,0,140.5,0.1967,1993-09-28,1,0.90488089106258,False,0,0.34079570958661415
BKR101_P003,101,P003,1994,3,308,1993-12-05,339,68,133,488,0,0,234236,3,wheat/winter wheat,3.3,5.1,8.4,0,1.966,85,6.1,0,0,0.3,0,142.9,0.2006,1993-09-28,1,0.90488089106258,False,0,0.34079570958661415
BKR101_P003,101,P003,1994,3,308,1993-12-06,340,69,133,488,0,0,234236,3,wheat/winter wheat,4.9,6.1,6.9,0,1.094,91,4.6,0,0,0.2,0,144.4,0.2039,1993-09-28,1,0.90488089106258,False,0,0.34079570958661415
BKR101_P003,101,P003,1994,3,308,1993-12-07,341,70,133,488,0,0,234236,3,wheat/winter wheat,1.3,3.2,4.9,3.1,3.218,87,5.8,0,0,0.2,0,147,0.2059,1993-09-28,1,0.90488089106258,False,0,0.34079570958661415
BKR101_P003,101,P003,1994,3,308,1993-12-08,342,71,133,488,0,0,234236,3,wheat/winter wheat,1,2.4,3.3,3.5,1.393,90,5.7,0,0,0.1,0,148.7,0.2093,1993-09-28,1,0.90488089106258,False,0,0.34079570958661415
BKR101_P003,101,P003,1994,3,308,1993-12-09,343,72,133,488,0,0,234236,3,wheat/winter wheat,3,5.8,7.7,19,1.198,88,9.2,0,0,0.2,0,150.4,0.2117,1993-09-28,1,0.90488089106258,False,0,0.34079570958661415
BKR101_P003,101,P003,1994,3,308,1993-12-10,344,73,133,488,0,0,234236,3,wheat/winter wheat,1.2,4.1,5.6,3.4,2.845,90,6.3,0,0,0.1,0,153.1,0.214,1993-09-28,1,0.90488089106258,False,0,0.34079570958661415
BKR101_P003,101,P003,1994,3,308,1993-12-11,345,74,133,488,0,0,234236,3,wheat/winter wheat,2.3,4,5.6,0.5,1.841,82,7.3,0,0,0.3,0,155.6,0.2176,1993-09-28,1,0.90488089106258,False,0,0.34079570958661415
BKR101_P003,101,P003,1994,3,308,1993-12-12,346,75,133,488,0,0,234236,3,wheat/winter wheat,2.1,3.1,3.9,1.5,1.617,91,6.9,0,0,0.1,0,157.8,0.2209,1993-09-28,1,0.90488089106258,False,0,0.34079570958661415
BKR101_P003,101,P003,1994,3,308,1993-12-13,347,76,133,488,0,0,234236,3,wheat/winter wheat,-0.1,1.9,6.3,5.3,0.787,98,3.5,0,0,0.1,0,158.9,0.2238,1993-09-28,1,0.90488089106258,False,0,0.34079570958661415
BKR101_P003,101,P003,1994,3,308,1993-12-14,348,77,133,488,0,0,234236,3,wheat/winter wheat,-1.1,2.3,5.8,1.6,1.03,96,3.3,0,0,0.1,0,160.4,0.2253,1993-09-28,1,0.90488089106258,False,0,0.34079570958661415
BKR101_P003,101,P003,1994,3,308,1993-12-15,349,78,133,488,0,0,234236,3,wheat/winter wheat,-1.1,1,2.9,0.8,2.026,92,2.7,0,0,0.1,0,162.7,0.2272,1993-09-28,1,0.90488089106258,False,0,0.34079570958661415
BKR101_P003,101,P003,1994,3,308,1993-12-16,350,79,133,488,0,0,234236,3,wheat/winter wheat,2.6,4.3,5.5,2.4,2.06,79,6.8,0,0,0.4,0,165.6,0.2304,1993-09-28,1,0.90488089106258,False,0,0.34079570958661415
BKR101_P003,101,P003,1994,3,308,1993-12-17,351,80,133,488,0,0,234236,3,wheat/winter wheat,3,4.2,5.2,1.4,1.666,81,8.2,0,0,0.3,0,168.1,0.2341,1993-09-28,1,0.90488089106258,False,0,0.34079570958661415
BKR101_P003,101,P003,1994,3,308,1993-12-18,352,81,133,488,0,0,234236,3,wheat/winter wheat,0.3,3.5,6.5,0.3,2.42,95,5,0,0,0,0,170.8,0.2374,1993-09-28,1,0.90488089106258,False,0,0.34079570958661415
BKR101_P003,101,P003,1994,3,308,1993-12-19,353,82,133,488,0,0,234236,3,wheat/winter wheat,6.3,8.5,10.9,7.4,1.27,83,9.3,0,0,0.4,0,172.9,0.241,1993-09-28,1,0.90488089106258,False,0,0.34079570958661415
BKR101_P003,101,P003,1994,3,308,1993-12-20,354,83,133,488,0,0,234236,3,wheat/winter wheat,2.1,4,7.2,0,1.495,77,6.2,0,0,0.4,0,175.3,0.2438,1993-09-28,1,0.90488089106258,False,0,0.34079570958661415
BKR101_P003,101,P003,1994,3,308,1993-12-21,355,84,133,488,0,0,234236,3,wheat/winter wheat,-1.5,0.3,2.1,0.1,2.236,98,1.2,0,0,0,0,177.8,0.2468,1993-09-28,1,0.90488089106258,False,0,0.34079570958661415
BKR101_P003,101,P003,1994,3,308,1993-12-22,356,85,133,488,0,0,234236,3,wheat/winter wheat,-1.1,0.5,1.2,1.6,1.781,93,5.5,0,0,0.1,0,180.2,0.25,1993-09-28,1,0.90488089106258,False,0,0.34079570958661415
BKR101_P003,101,P003,1994,3,308,1993-12-23,357,86,133,488,0,0,234236,3,wheat/winter wheat,0.8,2.4,3.6,5.1,1.938,88,6.5,0,0,0.2,0,183.1,0.2532,1993-09-28,1,0.90488089106258,False,0,0.34079570958661415
BKR101_P003,101,P003,1994,3,308,1993-12-24,358,87,133,488,0,0,234236,3,wheat/winter wheat,0.1,0.7,1.2,2.4,0.857,98,2.9,0,0,0.1,0,184.5,0.2569,1993-09-28,1,0.90488089106258,False,0,0.34079570958661415
BKR101_P003,101,P003,1994,3,308,1993-12-25,359,88,133,488,0,0,234236,3,wheat/winter wheat,-0.4,-0.1,0.5,9,0.599,99,0.2,0,0,0,0,184.3,0.2586,1993-09-28,1,0.90488089106258,False,0,0.34079570958661415
BKR101_P003,101,P003,1994,3,308,1993-12-26,360,89,133,488,0,0,234236,3,wheat/winter wheat,-0.5,0.1,0.5,3.2,0.61,99,1.2,0,0,0.1,0,185.4,0.2585,1993-09-28,1,0.90488089106258,False,0,0.34079570958661415
BKR101_P003,101,P003,1994,3,308,1993-12-27,361,90,133,488,0,0,234236,3,wheat/winter wheat,-1.9,-1.1,0.3,0,2.352,98,1.8,0,0,0,0,185.3,0.2599,1993-09-28,1,0.90488089106258,False,0,0.34079570958661415
BKR101_P003,101,P003,1994,3,308,1993-12-28,362,91,133,488,0,0,234236,3,wheat/winter wheat,-5.7,-1.9,-0.6,0,2.444,97,2.2,0,0,0,0,185.2,0.2599,1993-09-28,1,0.90488089106258,False,0,0.34079570958661415
BKR101_P003,101,P003,1994,3,308,1993-12-29,363,92,133,488,0,0,234236,3,wheat/winter wheat,-6.5,-4.8,-1.4,0,3.578,96,1.4,0,0,0,0,185.1,0.2598,1993-09-28,1,0.90488089106258,False,0,0.34079570958661415
BKR101_P003,101,P003,1994,3,308,1993-12-30,364,93,133,488,0,0,234236,3,wheat/winter wheat,-0.7,2.3,5.5,2.5,3.075,93,6.2,0,0,0.1,0,188.1,0.2597,1993-09-28,1,0.90488089106258,False,0,0.34079570958661415
BKR101_P003,101,P003,1994,3,308,1993-12-31,365,94,133,488,0,0,234236,3,wheat/winter wheat,4.4,6,8.5,2.2,2.297,88,6,0,0,0.2,0,191.5,0.2635,1993-09-28,1,0.90488089106258,False,0,0.34079570958661415
BKR101_P003,101,P003,1994,3,308,1994-01-01,1,95,133,488,0,0,234236,3,wheat/winter wheat,1.9,3,4.4,3.3,2.156,93,4.7,0,0,0.1,0,194.8,0.268,1993-09-28,1,0.90488089106258,False,0,0.34079570958661415
BKR101_P003,101,P003,1994,3,308,1994-01-02,2,96,133,488,0,0,234236,3,wheat/winter wheat,-0.9,0.8,2.2,0.6,2.635,93,4,0,0,0,0,197.7,0.272,1993-09-28,1,0.90488089106258,False,0,0.34079570958661415
BKR101_P003,101,P003,1994,3,308,1994-01-03,3,97,133,488,0,0,234236,3,wheat/winter wheat,-0.5,0.1,1.1,0.3,1.532,97,2.3,0,0,0,0,200,0.2758,1993-09-28,1,0.90488089106258,False,0,0.34079570958661415
BKR101_P003,101,P003,1994,3,308,1994-01-04,4,98,133,488,0,0,234236,3,wheat/winter wheat,0,2.6,6.4,1.2,3.977,92,3.9,0,0,0,0,203.3,0.2787,1993-09-28,1,0.90488089106258,False,0,0.34079570958661415
BKR101_P003,101,P003,1994,3,308,1994-01-05,5,99,133,488,0,0,234236,3,wheat/winter wheat,3.3,4.3,5.3,4.2,1.796,88,5,0,0,0.2,0,206.5,0.2829,1993-09-28,1,0.90488089106258,False,0,0.34079570958661415
BKR101_P003,101,P003,1994,3,308,1994-01-06,6,100,133,488,0,0,234236,3,wheat/winter wheat,2.1,5,6.8,1.5,2.132,93,3.8,0,0,0.1,0,210.3,0.2869,1993-09-28,1,0.90488089106258,False,0,0.34079570958661415
BKR101_P003,101,P003,1994,3,308,1994-01-07,7,101,133,488,0,0,234236,3,wheat/winter wheat,0.7,1.7,2.8,0,1.853,98,2.2,0,0,0,0,213.3,0.2918,1993-09-28,1,0.90488089106258,False,0,0.34079570958661415
BKR101_P003,101,P003,1994,3,308,1994-01-08,8,102,133,488,0,0,234236,3,wheat/winter wheat,-1.5,2.1,5.2,0,2.466,94,2.5,0,0,0,0,216.9,0.2955,1993-09-28,1,0.90488089106258,False,0,0.34079570958661415
BKR101_P003,101,P003,1994,3,308,1994-01-09,9,103,133,488,0,0,234236,3,wheat/winter wheat,-2.5,-0.5,1.1,0.3,1.165,99,1.2,0,0,0,0,216.8,0.3001,1993-09-28,1,0.90488089106258,False,0,0.34079570958661415
BKR101_P003,101,P003,1994,3,308,1994-01-10,10,104,133,488,0,0,234236,3,wheat/winter wheat,1,1.5,2,0,0.974,99,4.4,0,0,0,0,218.7,0.3,1993-09-28,1,0.90488089106258,False,0,0.34079570958661415
BKR101_P003,101,P003,1994,3,308,1994-01-11,11,105,133,488,0,0,234236,3,wheat/winter wheat,0.8,1.3,2,0.3,0.715,99,2.3,0,0,0.1,0,220.3,0.3024,1993-09-28,1,0.90488089106258,False,0,0.34079570958661415
BKR101_P003,101,P003,1994,3,308,1994-01-12,12,106,133,488,0,0,234236,3,wheat/winter wheat,2,4.2,6.3,1.1,2.054,93,4.6,0,0,0.1,0,223.9,0.3043,1993-09-28,1,0.90488089106258,False,0,0.34079570958661415
BKR101_P003,101,P003,1994,3,308,1994-01-13,13,107,133,488,0,0,234236,3,wheat/winter wheat,6,7.9,9.5,7.3,2.339,80,7.5,0,0,0.5,0,228.6,0.3089,1993-09-28,1,0.90488089106258,False,0,0.34079570958661415
BKR101_P003,101,P003,1994,3,308,1994-01-14,14,108,133,488,0,0,234236,3,wheat/winter wheat,4.7,6.1,7.5,0.1,2.546,76,7,0,0,0.6,0,233.5,0.3147,1993-09-28,1,0.90488089106258,False,0,0.34079570958661415
BKR101_P003,101,P003,1994,3,308,1994-01-15,15,109,133,488,0,0,234236,3,wheat/winter wheat,1.8,4.2,5.6,1.7,2.626,87,5.8,0,0,0.3,0,238.2,0.3206,1993-09-28,1,0.90488089106258,False,0,0.34079570958661415
BKR101_P003,101,P003,1994,3,308,1994-01-16,16,110,133,488,0,0,234236,3,wheat/winter wheat,-1.2,0.8,2.6,0.2,1.989,91,3.1,0,0,0.1,0,241.5,0.3264,1993-09-28,1,0.90488089106258,False,0,0.34079570958661415
BKR101_P003,101,P003,1994,3,308,1994-01-17,17,111,133,488,0,0,234236,3,wheat/winter wheat,-4,-2.3,-0.9,0,5.002,73,2.7,0,0,0,0,241.4,0.3305,1993-09-28,1,0.90488089106258,False,0,0.34079570958661415
BKR101_P003,101,P003,1994,3,308,1994-01-18,18,112,133,488,0,0,234236,3,wheat/winter wheat,-3,-0.7,1.6,0,1.403,89,6.6,0,0,0,0,241.3,0.3304,1993-09-28,1,0.90488089106258,False,0,0.34079570958661415
BKR101_P003,101,P003,1994,3,308,1994-01-19,19,113,133,488,0,0,234236,3,wheat/winter wheat,0.8,1.7,2.4,0.3,2.183,85,5.3,0,0,0.2,0,245,0.3303,1993-09-28,1,0.90488089106258,False,0,0.34079570958661415
BKR101_P003,101,P003,1994,3,308,1994-01-20,20,114,133,488,0,0,234236,3,wheat/winter wheat,-0.3,0.4,1,1,1.673,98,3.8,0,0,0.1,0,248,0.3348,1993-09-28,1,0.90488089106258,False,0,0.34079570958661415
BKR101_P003,101,P003,1994,3,308,1994-01-21,21,115,133,488,0,0,234236,3,wheat/winter wheat,0.1,1.7,3.7,0,1.717,87,5.7,0,0,0.2,0,251.2,0.3384,1993-09-28,1,0.90488089106258,False,0,0.34079570958661415
BKR101_P003,101,P003,1994,3,308,1994-01-22,22,116,133,488,0,0,234236,3,wheat/winter wheat,2.1,4.1,5.8,0.1,1.541,95,6.1,0,0,0.1,0,254.5,0.3423,1993-09-28,1,0.90488089106258,False,0,0.34079570958661415
BKR101_P003,101,P003,1994,3,308,1994-01-23,23,117,133,488,0,0,234236,3,wheat/winter wheat,2,4.7,7.8,8.6,1.117,86,7.7,0,0,0.3,0,257.3,0.3463,1993-09-28,1,0.90488089106258,False,0,0.34079570958661415
BKR101_P003,101,P003,1994,3,308,1994-01-24,24,118,133,488,0,0,234236,3,wheat/winter wheat,1.1,2.6,3.8,0.8,2.86,81,8.4,0,0,0.4,0,262.2,0.3497,1993-09-28,1,0.90488089106258,False,0,0.34079570958661415
BKR101_P003,101,P003,1994,3,308,1994-01-25,25,119,133,488,0,0,234236,3,wheat/winter wheat,0.9,3.3,7.6,6.9,1.509,90,6.3,0,0,0.2,0,265.5,0.3555,1993-09-28,1,0.90488089106258,False,0,0.34079570958661415
BKR101_P003,101,P003,1994,3,308,1994-01-26,26,120,133,488,0,0,234236,3,wheat/winter wheat,2.6,3.8,5.2,8,3.092,88,6.6,0,0,0.3,0,271,0.3595,1993-09-28,1,0.90488089106258,False,0,0.34079570958661415
BKR101_P003,101,P003,1994,3,308,1994-01-27,27,121,133,488,0,0,234236,3,wheat/winter wheat,2.9,4.5,6.9,18.6,1.091,89,7.8,0,0,0.2,0,274.1,0.3661,1993-09-28,1,0.90488089106258,False,0,0.34079570958661415
BKR101_P003,101,P003,1994,3,308,1994-01-28,28,122,133,488,0,0,234236,3,wheat/winter wheat,1.7,2.9,4.1,16.9,0.648,92,8,0,0,0.1,0,276.8,0.3697,1993-09-28,1,0.90488089106258,False,0,0.34079570958661415
BKR101_P003,101,P003,1994,3,308,1994-01-29,29,123,133,488,0,0,234236,3,wheat/winter wheat,0.6,1.6,3.6,1,1.37,93,7.2,0,0,0.1,0,280.2,0.373,1993-09-28,1,0.90488089106258,False,0,0.34079570958661415
BKR101_P003,101,P003,1994,3,308,1994-01-30,30,124,133,488,0,0,234236,3,wheat/winter wheat,0.6,3.8,7.1,2,1.73,92,12.2,0,0,0.2,0,284.3,0.3769,1993-09-28,1,0.90488089106258,False,0,0.34079570958661415
BKR101_P003,101,P003,1994,3,308,1994-01-31,31,125,133,488,0,0,234236,3,wheat/winter wheat,2.2,3.8,5.4,0,1.3,79,5.8,0,0,0.4,0,288,0.3818,1993-09-28,1,0.90488089106258,False,0,0.34079570958661415
BKR101_P003,101,P003,1994,3,308,1994-02-01,32,126,133,488,0,0,234236,3,wheat/winter wheat,1.9,3.2,5.9,0,1.28,93,6.1,0,0,0.2,0,291.7,0.3861,1993-09-28,1,0.90488089106258,False,0,0.34079570958661415
BKR101_P003,101,P003,1994,3,308,1994-02-02,33,127,133,488,0,0,234236,3,wheat/winter wheat,1.9,3.6,5.1,0,0.928,70,6.7,0,0,0.5,0,295.1,0.3903,1993-09-28,1,0.90488089106258,False,0,0.34079570958661415
BKR101_P003,101,P003,1994,3,308,1994-02-03,34,128,133,488,0,0,234236,3,wheat/winter wheat,0.5,1.4,2.7,0,3.015,87,3.2,0,0,0.2,0,300.5,0.3944,1993-09-28,1,0.90488089106258,False,0,0.34079570958661415
BKR101_P003,101,P003,1994,3,308,1994-02-04,35,129,133,488,0,0,234236,3,wheat/winter wheat,-1.3,0,1.9,0,3.572,88,4.5,0,0,0.2,0,305.9,0.4006,1993-09-28,1,0.90488089106258,False,0,0.34079570958661415
BKR101_P003,101,P003,1994,3,308,1994-02-05,36,130,133,488,0,0,234236,3,wheat/winter wheat,-1,0,1.6,0,5.594,81,6.1,0,0,0.3,0,312.4,0.4069,1993-09-28,1,0.90488089106258,False,0,0.34079570958661415
BKR101_P003,101,P003,1994,3,308,1994-02-06,37,131,133,488,0,0,234236,3,wheat/winter wheat,-0.5,0.1,0.8,0,1.83,93,1.7,0,0,0.2,0,316.9,0.4144,1993-09-28,1,0.90488089106258,False,0,0.34079570958661415
BKR101_P003,101,P003,1994,3,308,1994-02-07,38,132,133,488,0,0,234236,3,wheat/winter wheat,-0.1,0.4,1.3,0,1.672,98,0.3,0,0,0.2,0,321.3,0.4195,1993-09-28,1,0.90488089106258,False,0,0.34079570958661415
BKR101_P003,101,P003,1994,3,308,1994-02-08,39,133,133,488,0,0,234236,3,wheat/winter wheat,0.1,0.4,0.9,0,1.294,98,0.4,0,0,0.2,0,325.6,0.4247,1993-09-28,1,0.90488089106258,False,0,0.34079570958661415
BKR101_P003,101,P003,1994,3,308,1994-02-09,40,134,133,488,0,0,234236,3,wheat/winter wheat,-0.2,2,4.7,0,3.93,90,3.5,0,0,0.2,0,332.5,0.4297,1993-09-28,1,0.90488089106258,False,0,0.34079570958661415
BKR101_P003,101,P003,1994,3,308,1994-02-10,41,135,133,488,0,0,234236,3,wheat/winter wheat,1,2.8,5.4,0.1,4.726,93,2.7,0,0,0.2,0,340.6,0.4377,1993-09-28,1,0.90488089106258,False,0,0.34079570958661415
BKR101_P003,101,P003,1994,3,308,1994-02-11,42,136,133,488,0,0,234236,3,wheat/winter wheat,-0.4,1.1,2.8,0,3.548,95,2.2,0,0,0.2,0,347.3,0.447,1993-09-28,1,0.90488089106258,False,0,0.34079570958661415
BKR101_P003,101,P003,1994,3,308,1994-02-12,43,137,133,488,0,0,234236,3,wheat/winter wheat,-7.9,-2.6,-0.2,0.5,1.192,92,4.1,0,0,0,0,347.1,0.4546,1993-09-28,1,0.90488089106258,False,0,0.34079570958661415
BKR101_P003,101,P003,1994,3,308,1994-02-13,44,138,133,488,0,0,234236,3,wheat/winter wheat,-13.3,-10.7,-8.1,0,9.314,62,7,0,0,0,0,347,0.4545,1993-09-28,1,0.90488089106258,False,0,0.34079570958661415
BKR101_P003,101,P003,1994,3,308,1994-02-14,45,139,133,488,0,0,234236,3,wheat/winter wheat,-12,-8.4,-3.4,0,9.574,51,6.9,0,0,0,0,346.9,0.4544,1993-09-28,1,0.90488089106258,False,0,0.34079570958661415
BKR101_P003,101,P003,1994,3,308,1994-02-15,46,140,133,488,0,0,234236,3,wheat/winter wheat,-9.4,-6.3,-1.5,0,9.371,70,5.2,0,0,0,0,346.8,0.4543,1993-09-28,1,0.90488089106258,False,0,0.34079570958661415
BKR101_P003,101,P003,1994,3,308,1994-02-16,47,141,133,488,0,0,234236,3,wheat/winter wheat,-9.8,-5.3,-0.1,0,9.136,68,3.6,0,0,0,0,346.6,0.4542,1993-09-28,1,0.90488089106258,False,0,0.34079570958661415
BKR101_P003,101,P003,1994,3,308,1994-02-17,48,142,133,488,0,0,234236,3,wheat/winter wheat,-7.5,-4.9,-2.8,0,7.374,72,2.3,0,0,0,0,346.5,0.4541,1993-09-28,1,0.90488089106258,False,0,0.34079570958661415
BKR101_P003,101,P003,1994,3,308,1994-02-18,49,143,133,488,0,0,234236,3,wheat/winter wheat,-9.7,-5.2,-1.9,0,7.811,72,1.4,0,0,0,0,346.3,0.454,1993-09-28,1,0.90488089106258,False,0,0.34079570958661415
BKR101_P003,101,P003,1994,3,308,1994-02-19,50,144,133,488,0,0,234236,3,wheat/winter wheat,-8.4,-5,-2.9,0.3,3.548,93,2.7,0,0,0,0,346.2,0.4539,1993-09-28,1,0.90488089106258,False,0,0.34079570958661415
BKR101_P003,101,P003,1994,3,308,1994-02-20,51,145,133,488,0,0,234236,3,wheat/winter wheat,-8.8,-5.5,-2.1,0,6.655,87,5.1,0,0,0,0,346.1,0.4538,1993-09-28,1,0.90488089106258,False,0,0.34079570958661415
BKR101_P003,101,P003,1994,3,308,1994-02-21,52,146,133,488,0,0,234236,3,wheat/winter wheat,-3.6,-1.9,0.4,1.6,5.183,91,4,0,0,0,0,345.9,0.4537,1993-09-28,1,0.90488089106258,False,0,0.34079570958661415
BKR101_P003,101,P003,1994,3,308,1994-02-22,53,147,133,488,0,0,234236,3,wheat/winter wheat,-4,-3,-1.4,3,4.744,88,2,0,0,0,0,345.7,0.4536,1993-09-28,1,0.90488089106258,False,0,0.34079570958661415
BKR101_P003,101,P003,1994,3,308,1994-02-23,54,148,133,488,0,0,234236,3,wheat/winter wheat,-8.1,-4.1,-2.1,3,4.266,91,2.8,0,0,0,0,345.6,0.4535,1993-09-28,1,0.90488089106258,False,0,0.34079570958661415
BKR101_P003,101,P003,1994,3,308,1994-02-24,55,149,133,488,0,0,234236,3,wheat/winter wheat,-14,-7,-1,0,8.695,92,0.7,0,0,0,0,345.5,0.4534,1993-09-28,1,0.90488089106258,False,0,0.34079570958661415
BKR101_P003,101,P003,1994,3,308,1994-02-25,56,150,133,488,0,0,234236,3,wheat/winter wheat,-7.9,-3.4,0.6,0,9.377,83,0.7,0,0,0,0,345.3,0.4533,1993-09-28,1,0.90488089106258,False,0,0.34079570958661415
BKR101_P003,101,P003,1994,3,308,1994-02-26,57,151,133,488,0,0,234236,3,wheat/winter wheat,-10.5,-3.8,1.5,0,5.314,95,2.8,0,0,0,0,345.2,0.4532,1993-09-28,1,0.90488089106258,False,0,0.34079570958661415
BKR101_P003,101,P003,1994,3,308,1994-02-27,58,152,133,488,0,0,234236,3,wheat/winter wheat,-0.7,1.6,5.6,0,6.531,94,2.2,0,0,0.3,0,354.7,0.453,1993-09-28,1,0.90488089106258,False,0,0.34079570958661415
BKR101_P003,101,P003,1994,3,308,1994-02-28,59,153,133,488,0,0,234236,3,wheat/winter wheat,0,4,8.1,0.2,5.701,88,3.2,0,0,0.5,0,365.2,0.4639,1993-09-28,1,0.90488089106258,False,0,0.34079570958661415
BKR101_P003,101,P003,1994,3,308,1994-03-01,60,154,133,488,0,0,234236,3,wheat/winter wheat,-1.2,-0.7,-0.1,3.2,1.823,94,3.4,0,0,0,0,365,0.476,1993-09-28,1,0.90488089106258,False,0,0.34079570958661415
BKR101_P003,101,P003,1994,3,308,1994-03-02,61,155,133,488,0,0,234236,3,wheat/winter wheat,-1.1,-0.1,1.7,1.4,2.61,99,0.9,0,0,0,0,364.8,0.4759,1993-09-28,1,0.90488089106258,False,0,0.34079570958661415
BKR101_P003,101,P003,1994,3,308,1994-03-03,62,156,133,488,0,0,234236,3,wheat/winter wheat,0.7,3.1,4.9,1.2,3.409,92,3.3,0,0,0.4,0,374.1,0.4757,1993-09-28,1,0.90488089106258,False,0,0.34079570958661415
BKR101_P003,101,P003,1994,3,308,1994-03-04,63,157,133,488,0,0,234236,3,wheat/winter wheat,-0.3,2.5,5.3,2.1,5.927,87,3.9,0,0,0.5,0,384.8,0.4863,1993-09-28,1,0.90488089106258,False,0,0.34079570958661415
BKR101_P003,101,P003,1994,3,308,1994-03-05,64,158,133,488,0,0,234236,3,wheat/winter wheat,-2.1,3,9.2,0,10.979,77,2.9,0,0,0.9,0,398.6,0.4985,1993-09-28,1,0.90488089106258,False,0,0.34079570958661415
BKR101_P003,101,P003,1994,3,308,1994-03-06,65,159,133,488,0,0,234236,3,wheat/winter wheat,1.1,5.2,7.3,3.4,8.072,74,5.7,0,0,1.1,0,413.4,0.5141,1993-09-28,1,0.90488089106258,False,0,0.34079570958661415
BKR101_P003,101,P003,1994,3,308,1994-03-07,66,160,133,488,0,0,234236,3,wheat/winter wheat,4,5.8,7.5,3.7,2.687,88,7,0,0,0.5,0,424.6,0.5307,1993-09-28,1,0.90488089106258,False,0,0.34079570958661415
BKR101_P003,101,P003,1994,3,308,1994-03-08,67,161,133,488,0,0,234236,3,wheat/winter wheat,3.8,7.7,10.5,0,4.575,94,4.1,0,0,0.5,0,438.6,0.5431,1993-09-28,1,0.90488089106258,False,0,0.34079570958661415
BKR101_P003,101,P003,1994,3,308,1994-03-09,68,162,133,488,0,0,234236,3,wheat/winter wheat,10.2,11.1,12.5,0,3.661,87,4.2,0,0,0.8,0,452.8,0.5585,1993-09-28,1,0.90488089106258,False,0,0.34079570958661415
BKR101_P003,101,P003,1994,3,308,1994-03-10,69,163,133,488,0,0,234236,3,wheat/winter wheat,3.2,8,11.1,0,7.648,69,5.7,0,0,1.5,0,471.4,0.5738,1993-09-28,1,0.90488089106258,False,0,0.34079570958661415
BKR101_P003,101,P003,1994,3,308,1994-03-11,70,164,133,488,0,0,234236,3,wheat/winter wheat,-0.5,5.2,10.9,0,13.649,72,3.1,0,0,1.3,0,491.6,0.5935,1993-09-28,1,0.90488089106258,False,0,0.34079570958661415
BKR101_P003,101,P003,1994,3,308,1994-03-12,71,165,133,488,0,0,234236,3,wheat/winter wheat,1.7,5.7,9.4,0,6.062,82,3.5,0,0,0.8,0,508.4,0.6147,1993-09-28,1,0.90488089106258,False,0,0.34079570958661415
BKR101_P003,101,P003,1994,3,308,1994-03-13,72,166,133,488,0,0,234236,3,wheat/winter wheat,2.4,3.9,6.6,11.6,2.563,91,8.1,0,0,0.4,0,522,0.6322,1993-09-28,1,0.90488089106258,False,0,0.34079570958661415
BKR101_P003,101,P003,1994,3,308,1994-03-14,73,167,133,488,0,0,234236,3,wheat/winter wheat,4,6.1,8.2,6.4,5.8,82,9.9,0,0,0.9,0,540,0.6462,1993-09-28,1,0.90488089106258,False,0,0.34079570958661415
BKR101_P003,101,P003,1994,3,308,1994-03-15,74,168,133,488,0,0,234236,3,wheat/winter wheat,3.5,5.6,7.6,0.9,8.357,77,5.4,0,0,1.1,0,560.6,0.6646,1993-09-28,1,0.90488089106258,False,0,0.34079570958661415
BKR101_P003,101,P003,1994,3,308,1994-03-16,75,169,133,488,0,0,234236,3,wheat/winter wheat,0.6,2.8,5.3,3.1,8.939,90,6.1,0,0,0.6,0,579.6,0.6854,1993-09-28,1,0.90488089106258,False,0,0.34079570958661415
BKR101_P003,101,P003,1994,3,308,1994-03-17,76,170,133,488,0,0,234236,3,wheat/winter wheat,0.3,2.2,4.9,1.2,8.131,86,8.1,0,0,0.6,0,598,0.7046,1993-09-28,1,0.90488089106258,False,0,0.34079570958661415
BKR101_P003,101,P003,1994,3,308,1994-03-18,77,171,133,488,0,0,234236,3,wheat/winter wheat,0.9,2.2,4.5,1.2,7.468,89,6.1,0,0,0.6,0,616.5,0.723,1993-09-28,1,0.90488089106258,False,0,0.34079570958661415
BKR101_P003,101,P003,1994,3,308,1994-03-19,78,172,133,488,0,0,234236,3,wheat/winter wheat,0.3,3.7,7.3,10.1,7.877,80,7.4,0,0,0.9,0,637.4,0.7415,1993-09-28,1,0.90488089106258,False,0,0.34079570958661415
BKR101_P003,101,P003,1994,3,308,1994-03-20,79,173,133,488,0,0,234236,3,wheat/winter wheat,0.1,2,4.4,1.1,11.383,76,5.1,0,0,1,0,659.3,0.7623,1993-09-28,1,0.90488089106258,False,0,0.34079570958661415
BKR101_P003,101,P003,1994,3,308,1994-03-21,80,174,133,488,0,0,234236,3,wheat/winter wheat,-0.5,1.6,4.3,0,8.739,80,1.7,0,0,0.8,0,679.7,0.7841,1993-09-28,1,0.90488089106258,False,0,0.34079570958661415
BKR101_P003,101,P003,1994,3,308,1994-03-22,81,175,133,488,0,0,234236,3,wheat/winter wheat,-2.7,3,7.3,0.3,12.155,80,3.2,0,0,1,0,704.8,0.8043,1993-09-28,1,0.90488089106258,False,0,0.34079570958661415
BKR101_P003,101,P003,1994,3,308,1994-03-23,82,176,133,488,0,0,234236,3,wheat/winter wheat,4,8.5,11.8,1.3,3.794,91,7.3,0,0,0.7,0,728,0.8291,1993-09-28,1,0.90488089106258,False,0,0.34079570958661415
BKR101_P003,101,P003,1994,3,308,1994-03-24,83,177,133,488,0,0,234236,3,wheat/winter wheat,5.4,9.2,11.3,3.8,13.753,64,9.7,0,0,2.7,0,766.7,0.8517,1993-09-28,1,0.90488089106258,False,0,0.34079570958661415
BKR101_P003,101,P003,1994,3,308,1994-03-25,84,178,133,488,0,0,234236,3,wheat/winter wheat,4.8,7.4,9.3,7.6,5.051,81,6.9,0,0,1.1,0,793.1,0.8886,1993-09-28,1,0.90488089106258,False,0,0.34079570958661415
BKR101_P003,101,P003,1994,3,308,1994-03-26,85,179,133,488,0,0,234236,3,wheat/winter wheat,2.8,4.4,6.3,1.2,12.037,88,6.2,0,0,0.9,0,824.1,0.9134,1993-09-28,1,0.90488089106258,False,0,0.34079570958661415
BKR101_P003,101,P003,1994,3,308,1994-03-27,86,180,133,488,0,0,234236,3,wheat/winter wheat,0.9,4.2,8.2,1,14.882,77,4,0,0,1.4,0,857.9,0.9422,1993-09-28,1,0.90488089106258,False,0,0.34079570958661415
BKR101_P003,101,P003,1994,3,308,1994-03-28,87,181,133,488,0,0,234236,3,wheat/winter wheat,-1.3,4.6,10.5,0,15.279,68,3.5,0,0,1.7,0,893.8,0.9735,1993-09-28,1,0.90488089106258,False,0,0.34079570958661415
BKR101_P003,101,P003,1994,3,308,1994-03-29,88,182,133,488,0,0,234236,3,wheat/winter wheat,4.8,9,13.6,1.3,6.457,82,5.4,0,0,1.3,0,926.6,1.0064,1993-09-28,1,0.90488089106258,False,0,0.34079570958661415
BKR101_P003,101,P003,1994,3,308,1994-03-30,89,183,133,488,0,0,234236,3,wheat/winter wheat,3.4,9.9,15.1,0,15.113,74,3,0,0,2.1,0,975.9,1.036,1993-09-28,1,0.90488089106258,False,0,0.34079570958661415
BKR101_P003,101,P003,1994,3,308,1994-03-31,90,184,133,488,0,0,234236,3,wheat/winter wheat,3.5,9.2,20.1,0.5,10.073,83,3.8,0,0,1.6,0,1014.7,1.0793,1993-09-28,1,0.90488089106258,False,0,0.34079570958661415
BKR101_P003,101,P003,1994,3,308,1994-04-01,91,185,133,488,0,0,234236,3,wheat/winter wheat,2.6,9.2,16.9,5.5,8.091,80,5.4,0,0,1.6,0,1053.4,1.1128,1993-09-28,1,0.90488089106258,False,0,0.34079570958661415
BKR101_P003,101,P003,1994,3,308,1994-04-02,92,186,133,488,0,0,234236,3,wheat/winter wheat,2.3,6.6,9,0,12.111,79,4.4,0,0,1.5,0,1097.7,1.1455,1993-09-28,1,0.90488089106258,False,0,0.34079570958661415
BKR101_P003,101,P003,1994,3,308,1994-04-03,93,187,133,488,0,0,234236,3,wheat/winter wheat,0.5,4.1,8.7,0,13.959,78,3.9,0,0,1.4,0,1139.4,1.1824,1993-09-28,1,0.90488089106258,False,0,0.34079570958661415
BKR101_P003,101,P003,1994,3,308,1994-04-04,94,188,133,488,0,0,234236,3,wheat/winter wheat,0.5,5.2,10.1,2.3,11.719,79,6.5,0,0,1.4,0,1182.8,1.2168,1993-09-28,1,0.90488089106258,False,0,0.34079570958661415
BKR101_P003,101,P003,1994,3,308,1994-04-05,95,189,133,488,0,0,234236,3,wheat/winter wheat,1.9,4.8,9,0.9,13.688,76,5.9,0,0,1.6,0,1228.9,1.2522,1993-09-28,1,0.90488089106258,False,0,0.34079570958661415
BKR101_P003,101,P003,1994,3,308,1994-04-06,96,190,133,488,0,0,234236,3,wheat/winter wheat,-1.2,4.8,9.7,0,15.652,72,2.2,0,0,1.6,0,1279.6,1.2895,1993-09-28,1,0.90488089106258,False,0,0.34079570958661415
BKR101_P003,101,P003,1994,3,308,1994-04-07,97,191,133,488,0,0,234236,3,wheat/winter wheat,-0.1,4.5,8.8,0,12.82,75,2.3,0,0,1.4,0,1327.6,1.3301,1993-09-28,1,0.90488089106258,False,0,0.34079570958661415
BKR101_P003,101,P003,1994,3,308,1994-04-08,98,192,133,488,0,0,234236,3,wheat/winter wheat,-1,4.8,11.3,0.5,13.938,79,1.8,0,0,1.5,0,1378.4,1.3682,1993-09-28,1,0.90488089106258,False,0,0.34079570958661415
BKR101_P003,101,P003,1994,3,308,1994-04-09,99,193,133,488,0,0,234236,3,wheat/winter wheat,2.9,5.8,10.4,1.4,11.731,85,4.5,0,0,1.3,0,1430.5,1.4081,1993-09-28,1,0.90488089106258,False,0,0.34079570958661415
BKR101_P003,101,P003,1994,3,308,1994-04-10,100,194,133,488,0,0,234236,3,wheat/winter wheat,1.8,5.9,12.4,0.6,6.037,91,2,0,0,0.8,0,1475.3,1.4485,1993-09-28,1,0.90488089106258,False,0,0.34079570958661415
BKR101_P003,101,P003,1994,3,308,1994-04-11,101,195,133,488,0,0,234236,3,wheat/winter wheat,3.6,8.4,13.1,7.3,9.947,88,3.2,0,0,1.3,0,1533.1,1.4828,1993-09-28,1,0.90488089106258,False,0,0.34079570958661415
BKR101_P003,101,P003,1994,3,308,1994-04-12,102,196,133,488,0,0,234236,3,wheat/winter wheat,7.5,10.6,14.6,8.6,8.173,88,4.5,0,0,1.3,0,1591.5,1.5262,1993-09-28,1,0.90488089106258,False,0,0.34079570958661415
BKR101_P003,101,P003,1994,3,308,1994-04-13,103,197,133,488,0,0,234236,3,wheat/winter wheat,5.9,8.8,11.8,14.2,15.437,80,3.6,0,0,2,0,1665.9,1.5688,1993-09-28,1,0.90488089106258,False,0,0.34079570958661415
BKR101_P003,101,P003,1994,3,308,1994-04-14,104,198,133,488,0,0,234236,3,wheat/winter wheat,5.2,5.7,6.6,4,4.3,94,4.1,0,0,0.6,0,1715.6,1.6219,1993-09-28,1,0.90488089106258,False,0,0.34079570958661415
BKR101_P003,101,P003,1994,3,308,1994-04-15,105,199,133,488,0,0,234236,3,wheat/winter wheat,0.9,6.8,10.6,0,17.461,69,1.9,0,0,2.1,0,1792.3,1.6569,1993-09-28,1,0.90488089106258,False,0,0.34079570958661415
BKR101_P003,101,P003,1994,3,308,1994-04-16,106,200,133,488,0,0,234236,3,wheat/winter wheat,4.1,7.4,11.1,0,18.533,81,3.1,0,0,2.1,0,1874.7,1.7099,1993-09-28,1,0.90488089106258,False,0,0.34079570958661415
BKR101_P003,101,P003,1994,3,308,1994-04-17,107,201,133,488,0,0,234236,3,wheat/winter wheat,2.1,6.2,10.8,0,15.406,83,3.6,0,0,1.7,0,1948.9,1.7659,1993-09-28,1,0.90488089106258,False,0,0.34079570958661415
BKR101_P003,101,P003,1994,3,308,1994-04-18,108,202,133,488,0,0,234236,3,wheat/winter wheat,-0.6,4.7,7.8,0,15.067,67,3.7,0,0,1.9,0,2020.2,1.8155,1993-09-28,1,0.90488089106258,False,0,0.34079570958661415
BKR101_P003,101,P003,1994,3,308,1994-04-19,109,203,133,488,0,0,234236,3,wheat/winter wheat,-1.8,4.8,10.3,0,18.481,66,2.2,0,0,2.1,0,2098.1,1.8626,1993-09-28,1,0.90488089106258,False,0,0.34079570958661415
BKR101_P003,101,P003,1994,3,308,1994-04-20,110,204,133,488,0,0,234236,3,wheat/winter wheat,0.4,8.2,15.1,0,23.001,63,2.4,0,0,3,0,2200.2,1.9135,1993-09-28,1,0.90488089106258,False,0,0.34079570958661415
BKR101_P003,101,P003,1994,3,308,1994-04-21,111,205,133,488,0,0,234236,3,wheat/winter wheat,2.7,10.8,17.1,0,18.986,67,1.6,0,0,2.7,0,2307.3,1.9788,1993-09-28,1,0.90488089106258,False,0,0.34079570958661415
BKR101_P003,101,P003,1994,3,308,1994-04-22,112,206,133,488,0,0,234236,3,wheat/winter wheat,5.2,12.5,18.3,0,16.699,64,0.9,0,0,2.5,0,2414.5,2.0452,1993-09-28,1,0.90488089106258,False,0,0.34079570958661415
BKR101_P003,101,P003,1994,3,308,1994-04-23,113,207,133,488,0,0,234236,3,wheat/winter wheat,6.1,13.7,20.8,0,19.229,63,3.2,0,0,3.7,0,2534.4,2.1093,1993-09-28,1,0.90488089106258,False,0,0.34079570958661415
BKR101_P003,101,P003,1994,3,308,1994-04-24,114,208,133,488,0,0,234236,3,wheat/winter wheat,7.6,14.3,20.7,0,21.815,58,3.8,0,0,4.5,0,2669.7,2.178,1993-09-28,1,0.90488089106258,False,0,0.34079570958661415
BKR101_P003,101,P003,1994,3,308,1994-04-25,115,209,133,488,0,0,234236,3,wheat/winter wheat,5.8,13,19.7,0,23.913,66,2.6,0,0,3.8,0,2812.7,2.252,1993-09-28,1,0.90488089106258,False,0,0.34079570958661415
BKR101_P003,101,P003,1994,3,308,1994-04-26,116,210,133,488,0,0,234236,3,wheat/winter wheat,5.1,10.8,17.5,0,15.881,75,2.9,0,0,2.6,0,2924.2,2.327,1993-09-28,1,0.90488089106258,False,0,0.34079570958661415
BKR101_P003,101,P003,1994,3,308,1994-04-27,117,211,133,488,0,0,234236,3,wheat/winter wheat,6.9,13,18.6,0,17.462,76,2.2,0,0,2.8,0,3050.9,2.3834,1993-09-28,1,0.90488089106258,False,0,0.34079570958661415
BKR101_P003,101,P003,1994,3,308,1994-04-28,118,212,133,488,0,0,234236,3,wheat/winter wheat,8.8,13.1,18.4,0,10.682,86,2.5,0,0,1.9,0,3151.2,2.4447,1993-09-28,1,0.90488089106258,False,0,0.34079570958661415
BKR101_P003,101,P003,1994,3,308,1994-04-29,119,213,133,488,0,0,234236,3,wheat/winter wheat,10.1,15.9,19.3,0,8.143,68,2.3,0,0,2.3,0,3245,2.491,1993-09-28,1,0.90488089106258,False,0,0.34079570958661415
BKR101_P003,101,P003,1994,3,308,1994-04-30,120,214,133,488,0,0,234236,3,wheat/winter wheat,8.4,15.3,22.5,1,17.849,75,3.7,0,0,3.5,0,3381.4,2.5318,1993-09-28,1,0.90488089106258,False,0,0.34079570958661415
BKR101_P003,101,P003,1994,3,308,1994-05-01,121,215,133,488,0,0,234236,3,wheat/winter wheat,4.4,7.2,8.2,0.4,7.91,84,3.8,0,0,1.3,0,3475,2.5874,1993-09-28,1,0.90488089106258,False,0,0.34079570958661415
BKR101_P003,101,P003,1994,3,308,1994-05-02,122,216,133,488,0,0,234236,3,wheat/winter wheat,0.3,8.2,14.2,0,25.514,67,2.1,0,0,3.2,0,3624.7,2.6255,1993-09-28,1,0.90488089106258,False,0,0.34079570958661415
BKR101_P003,101,P003,1994,3,308,1994-05-03,123,217,133,488,0,0,234236,3,wheat/winter wheat,2.3,9.7,16.3,0,26.71,57,4,0,0,4.2,0,3784.6,2.6862,1993-09-28,1,0.90488089106258,False,0,0.34079570958661415
BKR101_P003,101,P003,1994,3,308,1994-05-04,124,218,133,488,0,0,234236,3,wheat/winter wheat,2.6,11.2,17.9,0.6,22.364,49,4.6,0,0,4.7,0,3942.5,2.7507,1993-09-28,1,0.90488089106258,False,0,0.34079570958661415
BKR101_P003,101,P003,1994,3,308,1994-05-05,125,219,133,488,0,0,234236,3,wheat/winter wheat,6.1,9.3,13.1,3.6,10.432,90,1.9,0,0,1.5,0,4049.9,2.8142,1993-09-28,1,0.90488089106258,False,0,0.34079570958661415
BKR101_P003,101,P003,1994,3,308,1994-05-06,126,220,133,488,0,0,234236,3,wheat/winter wheat,3.5,10.2,15.4,0,21.588,66,1.6,0,0,3.1,0,4204.9,2.8572,1993-09-28,1,0.90488089106258,False,0,0.34079570958661415
BKR101_P003,101,P003,1994,3,308,1994-05-07,127,221,133,488,0,0,234236,3,wheat/winter wheat,5.7,12.3,18.7,0,26.675,55,3.3,0,0,4.7,0,4387.5,2.919,1993-09-28,1,0.90488089106258,False,0,0.34079570958661415
BKR101_P003,101,P003,1994,3,308,1994-05-08,128,222,133,488,0,0,234236,3,wheat/winter wheat,5.5,13.7,20.7,0,27.607,52,3.9,0,0,5.4,0,4577.9,2.9914,1993-09-28,1,0.90488089106258,False,0,0.34079570958661415
BKR101_P003,101,P003,1994,3,308,1994-05-09,129,223,133,488,0,0,234236,3,wheat/winter wheat,6,14.7,21.7,0,25.79,58,2.3,0,0,4.6,0,4769.8,3.0664,1993-09-28,1,0.90488089106258,False,0,0.34079570958661415
BKR101_P003,101,P003,1994,3,308,1994-05-10,130,224,133,488,0,0,234236,3,wheat/winter wheat,8.5,13.8,19.7,0,22.147,61,2.5,0,0,4.1,0,4942,3.1416,1993-09-28,1,0.90488089106258,False,0,0.34079570958661415
BKR101_P003,101,P003,1994,3,308,1994-05-11,131,225,133,488,0,0,234236,3,wheat/winter wheat,6.5,14.5,21.2,0,21.957,62,2.5,0,0,4.1,0,5116.6,3.2087,1993-09-28,1,0.90488089106258,False,0,0.34079570958661415
BKR101_P003,101,P003,1994,3,308,1994-05-12,132,226,133,488,0,0,234236,3,wheat/winter wheat,6.9,13.1,17.4,1,16.935,68,3.4,0,0,3.3,0,5268.7,3.2763,1993-09-28,1,0.90488089106258,False,0,0.34079570958661415
BKR101_P003,101,P003,1994,3,308,1994-05-13,133,227,133,488,0,0,234236,3,wheat/winter wheat,10.1,14,20.2,6,17.687,84,2.4,0,0,2.9,0,5418.6,3.3348,1993-09-28,1,0.90488089106258,False,0,0.34079570958661415
BKR101_P003,101,P003,1994,3,308,1994-05-14,134,228,133,488,0,0,234236,3,wheat/winter wheat,8.3,16.6,23.5,0,24.021,67,4.2,0,0,5,0,5608.1,3.3921,1993-09-28,1,0.90488089106258,False,0,0.34079570958661415
BKR101_P003,101,P003,1994,3,308,1994-05-15,135,229,133,488,0,0,234236,3,wheat/winter wheat,12.2,15.6,19.9,0,15.574,73,4,0,0,3.5,0,5752.1,3.4641,1993-09-28,1,0.90488089106258,False,0,0.34079570958661415
BKR101_P003,101,P003,1994,3,308,1994-05-16,136,230,133,488,0,0,234236,3,wheat/winter wheat,12.5,15.7,21.3,0,19.104,75,2.8,0,0,3.7,0,5912.7,3.5183,1993-09-28,1,0.90488089106258,False,0,0.34079570958661415
BKR101_P003,101,P003,1994,3,308,1994-05-17,137,231,133,488,0,0,234236,3,wheat/winter wheat,12.2,16.4,21.9,6.9,17.575,81,2.4,0,0,3.2,0,6066,3.5784,1993-09-28,1,0.90488089106258,False,0,0.34079570958661415
BKR101_P003,101,P003,1994,3,308,1994-05-18,138,232,133,488,0,0,234236,3,wheat/winter wheat,9.5,15.8,20.6,0,17.977,71,2,0,0,3.4,0,6228.7,3.6354,1993-09-28,1,0.90488089106258,False,0,0.34079570958661415
BKR101_P003,101,P003,1994,3,308,1994-05-19,139,233,133,488,0,0,234236,3,wheat/winter wheat,7.5,10.1,14.3,31,3.231,96,4,0,0,0.7,0,6325.7,3.6954,1993-09-28,1,0.90488089106258,False,0,0.34079570958661415
BKR101_P003,101,P003,1994,3,308,1994-05-20,140,234,133,488,0,0,234236,3,wheat/winter wheat,6.8,7.8,8.5,10,3.671,98,3.6,0,0,0.6,0,6428.7,3.7312,1993-09-28,1,0.90488089106258,False,0,0.34079570958661415
BKR101_P003,101,P003,1994,3,308,1994-05-21,141,235,133,488,0,0,234236,3,wheat/winter wheat,6.6,11.2,15.4,0.7,21.259,73,2.2,0,0,3.2,0,6606.4,3.7689,1993-09-28,1,0.90488089106258,False,0,0.34079570958661415
BKR101_P003,101,P003,1994,3,308,1994-05-22,142,236,133,488,0,0,234236,3,wheat/winter wheat,8.7,12.1,17.7,15.7,13.718,92,2.8,0,0,2,0,6741.8,3.8337,1993-09-28,1,0.90488089106258,False,0,0.34079570958661415
BKR101_P003,101,P003,1994,3,308,1994-05-23,143,237,133,488,0,0,234236,3,wheat/winter wheat,8.9,12.3,14.8,2.4,9.751,95,1.2,0,0,1.6,0,6863.9,3.8827,1993-09-28,1,0.90488089106258,False,0,0.34079570958661415
BKR101_P003,101,P003,1994,3,308,1994-05-24,144,238,133,488,0,0,234236,3,wheat/winter wheat,10.3,14.5,18.7,0.1,20.106,80,1.8,0,0,3.3,0,7042.4,3.9267,1993-09-28,1,0.90488089106258,False,0,0.34079570958661415
BKR101_P003,101,P003,1994,3,308,1994-05-25,145,239,133,488,0,0,234236,3,wheat/winter wheat,10.9,13.1,15.6,0,6.846,96,2,0,0,1.2,0,7146.2,3.9906,1993-09-28,1,0.90488089106258,False,0,0.34079570958661415
BKR101_P003,101,P003,1994,3,308,1994-05-26,146,240,133,488,0,0,234236,3,wheat/winter wheat,11.6,13.9,16.5,0.4,17.204,80,2.6,0,0,3,0,7310.7,4.0275,1993-09-28,1,0.90488089106258,False,0,0.34079570958661415
BKR101_P003,101,P003,1994,3,308,1994-05-27,147,241,133,488,0,0,234236,3,wheat/winter wheat,4.9,10.4,12.8,0.5,12.199,78,2.2,0,0,2.1,0,7449.8,4.0856,1993-09-28,1,0.90488089106258,False,0,0.34079570958661415
BKR101_P003,101,P003,1994,3,308,1994-05-28,148,242,133,488,0,0,234236,3,wheat/winter wheat,2.2,9.2,14.6,0.1,19,78,1.7,0,0,2.7,0,7614.4,4.1346,1993-09-28,1,0.90488089106258,False,0,0.34079570958661415
BKR101_P003,101,P003,1994,3,308,1994-05-29,149,243,133,488,0,0,234236,3,wheat/winter wheat,6.1,9.5,12.5,0.4,12.701,81,2.1,0,0,2,0,7752,4.1922,1993-09-28,1,0.90488089106258,False,0,0.34079570958661415
BKR101_P003,101,P003,1994,3,308,1994-05-30,150,244,133,488,0,0,234236,3,wheat/winter wheat,4.8,9.4,12.9,0.8,18.966,80,3.1,0,0,2.7,0,7920.2,4.2402,1993-09-28,1,0.90488089106258,False,0,0.34079570958661415
BKR101_P003,101,P003,1994,3,308,1994-05-31,151,245,133,488,0,0,234236,3,wheat/winter wheat,4.8,10.2,13,0.8,15.613,77,3.5,0,0,2.6,0,8077.1,4.2986,1993-09-28,1,0.90488089106258,False,0,0.34079570958661415
BKR101_P003,101,P003,1994,3,308,1994-06-01,152,246,133,488,0,0,234236,3,wheat/winter wheat,8.8,14.6,20,0,27.734,70,3.2,0,0,4.8,0,8304.9,4.3527,1993-09-28,1,0.90488089106258,False,0,0.34079570958661415
BKR101_P003,101,P003,1994,3,308,1994-06-02,153,247,133,488,0,0,234236,3,wheat/winter wheat,9,17.2,24.4,0.7,13.595,76,2.9,0,0,3.2,0,8433.7,4.4307,1993-09-28,1,0.90488089106258,False,0,0.34079570958661415
BKR101_P003,101,P003,1994,3,308,1994-06-03,154,248,133,488,0,0,234236,3,wheat/winter wheat,12.1,16.3,19.2,1.6,15.714,78,4,0,0,3.3,0,8589.5,4.4743,1993-09-28,1,0.90488089106258,False,0,0.34079570958661415
BKR101_P003,101,P003,1994,3,308,1994-06-04,155,249,133,488,0,0,234236,3,wheat/winter wheat,9.2,12.9,15.2,1.5,17.046,77,4,0,0,3.1,0,8758.9,4.5268,1993-09-28,1,0.90488089106258,False,0,0.34079570958661415
BKR101_P003,101,P003,1994,3,308,1994-06-05,156,250,133,488,0,0,234236,3,wheat/winter wheat,7.4,10.7,14.2,4.5,11.633,88,1.9,0,0,1.9,0,8892,4.5835,1993-09-28,1,0.90488089106258,False,0,0.34079570958661415
BKR101_P003,101,P003,1994,3,308,1994-06-06,157,251,133,488,0,0,234236,3,wheat/winter wheat,5.8,10.8,15.7,0,21.371,74,3.5,0,0,3.4,0,9077.3,4.6278,1993-09-28,1,0.90488089106258,False,0,0.34079570958661415
BKR101_P003,101,P003,1994,3,308,1994-06-07,158,252,133,488,0,0,234236,3,wheat/winter wheat,8,13.5,17.9,0.7,10.297,92,3.4,0,0,1.8,0,9199.9,4.6891,1993-09-28,1,0.90488089106258,False,0,0.34079570958661415
BKR101_P003,101,P003,1994,3,308,1994-06-08,159,253,133,488,0,0,234236,3,wheat/winter wheat,11.3,16.3,20.8,0,20.782,76,2.6,0,0,3.9,0,9385.3,4.7294,1993-09-28,1,0.90488089106258,False,0,0.34079570958661415
BKR101_P003,101,P003,1994,3,308,1994-06-09,160,254,133,488,0,0,234236,3,wheat/winter wheat,5.9,11.3,15.5,0.4,10.696,88,3.1,0,0,1.8,0,9513.8,4.7898,1993-09-28,1,0.90488089106258,False,0,0.34079570958661415
BKR101_P003,101,P003,1994,3,308,1994-06-10,161,255,133,488,0,0,234236,3,wheat/winter wheat,6,11,16.6,0.2,17.026,81,2.1,0,0,2.7,0,9673.6,4.8314,1993-09-28,1,0.90488089106258,False,0,0.34079570958661415
BKR101_P003,101,P003,1994,3,308,1994-06-11,162,256,133,488,0,0,234236,3,wheat/winter wheat,5.8,12.2,17.4,0,19.963,79,1.2,0,0,3,0,9855.7,4.8829,1993-09-28,1,0.90488089106258,False,0,0.34079570958661415
BKR101_P003,101,P003,1994,3,308,1994-06-12,163,257,133,488,0,0,234236,3,wheat/winter wheat,7.8,14.5,20.3,0,26.416,63,1.9,0,0,4.6,0,10079,4.9412,1993-09-28,1,0.90488089106258,False,0,0.34079570958661415
BKR101_P003,101,P003,1994,3,308,1994-06-13,164,258,133,488,0,0,234236,3,wheat/winter wheat,10.2,12.4,14.1,0,6.489,93,2.5,0,0,1.3,0,10185.4,5.0121,1993-09-28,1,0.90488089106258,False,0,0.34079570958661415
BKR101_P003,101,P003,1994,3,308,1994-06-14,165,259,133,488,0,0,234236,3,wheat/winter wheat,12.3,15.7,20.8,0,23.375,75,2.6,0,0,4.3,17.8,10406.1,5.0458,1993-09-28,1,0.90488089106258,False,0,0.34079570958661415
BKR101_P003,101,P003,1994,3,308,1994-06-15,166,260,133,488,0,0,234236,3,wheat/winter wheat,9.1,12.1,15.3,0,15.473,67,3.6,0,0,3.3,44.7,10578.5,5.1088,1993-09-28,1,0.90488089106258,False,0,0.34079570958661415
BKR101_P003,101,P003,1994,3,308,1994-06-16,167,261,133,488,0,0,234236,3,wheat/winter wheat,8.5,10.4,14.5,2,8,85,6.1,0,0,1.8,70.2,10695.6,5.153,1993-09-28,1,0.90488089106258,False,0,0.34079570958661415
BKR101_P003,101,P003,1994,3,308,1994-06-17,168,262,133,488,0,0,234236,3,wheat/winter wheat,5.1,10.8,15.3,0,16.6,71,3.1,0,0,3,121.4,10877.8,5.1803,1993-09-28,1,0.90488089106258,False,0,0.34079570958661415
BKR101_P003,101,P003,1994,3,308,1994-06-18,169,263,133,488,0,0,234236,3,wheat/winter wheat,6,13.4,18.4,5,8,84,5.8,0,0,2,163.3,10994.4,5.2183,1993-09-28,1,0.90488089106258,False,0,0.34079570958661415
BKR101_P003,101,P003,1994,3,308,1994-06-19,170,264,133,488,0,0,234236,3,wheat/winter wheat,11.6,16.4,20.7,0,13.6,77,6.7,0,0,3.6,232.3,11146.1,5.2391,1993-09-28,1,0.90488089106258,False,0,0.34079570958661415
BKR101_P003,101,P003,1994,3,308,1994-06-20,171,265,133,488,0,0,234236,3,wheat/winter wheat,10.8,14.8,19.8,0,28.1,67,0,0,0,4.3,380.2,11421.6,5.2606,1993-09-28,1,0.90488089106258,False,0,0.34079570958661415
BKR101_P003,101,P003,1994,3,308,1994-06-21,172,266,133,488,0,0,234236,3,wheat/winter wheat,7.7,18.8,22.1,0,16.5,71,5.8,0,0,4.2,501.1,11610.5,5.291,1993-09-28,1,0.90488089106258,False,0,0.34079570958661415
BKR101_P003,101,P003,1994,3,308,1994-06-22,173,267,133,488,0,0,234236,3,wheat/winter wheat,13.5,19.4,22,0,11.263,57,6,0,0,4.8,597.4,11740.1,5.3044,1993-09-28,1,0.90488089106258,False,0,0.34079570958661415
BKR101_P003,101,P003,1994,3,308,1994-06-23,174,268,133,488,0,0,234236,3,wheat/winter wheat,9.1,14.4,18.2,0,27.378,56,5.2,0,0,5.9,834.3,12030.5,5.3084,1993-09-28,1,0.90488089106258,False,0,0.34079570958661415
BKR101_P003,101,P003,1994,3,308,1994-06-24,175,269,133,488,0,0,234236,3,wheat/winter wheat,6.5,13.7,19.9,0,31.597,64,2.4,0,0,5.2,1093.5,12344.1,5.3094,1993-09-28,1,0.90488089106258,False,0,0.34079570958661415
BKR101_P003,101,P003,1994,3,308,1994-06-25,176,270,133,488,0,0,234236,3,wheat/winter wheat,7.1,18.8,27.6,0,30.852,54,3.2,0,0,6.8,1334.9,12635.2,5.306,1993-09-28,1,0.90488089106258,False,0,0.34079570958661415
BKR101_P003,101,P003,1994,3,308,1994-06-26,177,271,133,488,0,0,234236,3,wheat/winter wheat,12.1,21.7,29.5,0,24.52,68,1.4,0,0,5,1509,12843.8,5.2987,1993-09-28,1,0.90488089106258,False,0,0.34079570958661415
BKR101_P003,101,P003,1994,3,308,1994-06-27,178,272,133,488,0,0,234236,3,wheat/winter wheat,15.6,21.6,27.4,0,19.126,74,1.1,0,0,3.9,1646.5,13006.9,5.2861,1993-09-28,1,0.90488089106258,False,0,0.34079570958661415
BKR101_P003,101,P003,1994,3,308,1994-06-28,179,273,133,488,0,0,234236,3,wheat/winter wheat,13.3,21.7,28,0,28.01,63,1.4,0,0,5.5,1854.3,13254,5.2684,1993-09-28,1,0.90488089106258,False,0,0.34079570958661415
BKR101_P003,101,P003,1994,3,308,1994-06-29,180,274,133,488,0,0,234236,3,wheat/winter wheat,17.6,23.2,33.7,3.7,16.837,76,2.4,0,0,4.4,1929.5,13339.6,5.2456,1993-09-28,1,0.90488089106258,False,0,0.34079570958661415
BKR101_P003,101,P003,1994,3,308,1994-06-30,181,275,133,488,0,0,234236,3,wheat/winter wheat,12.5,17.8,21.3,0,28.028,65,2.4,0,0,5.3,2157.6,13609.2,5.2171,1993-09-28,1,0.90488089106258,False,0,0.34079570958661415
BKR101_P003,101,P003,1994,3,308,1994-07-01,182,276,133,488,0,0,234236,3,wheat/winter wheat,9.8,16.6,22,0,28.679,68,1.6,0,0,4.9,2371.9,13861.6,5.1853,1993-09-28,1,0.90488089106258,False,0,0.34079570958661415
BKR101_P003,101,P003,1994,3,308,1994-07-02,183,277,133,488,0,0,234236,3,wheat/winter wheat,10.1,18.6,25.7,0,30.555,61,2.1,0,0,5.9,2533.3,14049.3,5.1505,1993-09-28,1,0.90488089106258,False,0,0.34079570958661415
BKR101_P003,101,P003,1994,3,308,1994-07-03,184,278,133,488,0,0,234236,3,wheat/winter wheat,13.1,21.2,28.4,0,29.85,56,2.5,0,0,6.6,2576,14092.4,5.1119,1993-09-28,1,0.90488089106258,False,0,0.34079570958661415
BKR101_P003,101,P003,1994,3,308,1994-07-04,185,279,133,488,0,0,234236,3,wheat/winter wheat,15.6,22.9,30.2,0,28.073,53,3.2,0,0,7.2,2584.3,14082.9,5.0673,1993-09-28,1,0.90488089106258,False,0,0.34079570958661415
BKR101_P003,101,P003,1994,3,308,1994-07-05,186,280,133,488,0,0,234236,3,wheat/winter wheat,14.6,17.9,21.8,0.1,13.398,75,1.9,0,0,3,2593.5,14071.9,5.0078,1993-09-28,1,0.90488089106258,False,0,0.34079570958661415
BKR101_P003,101,P003,1994,3,308,1994-07-06,187,281,133,488,0,0,234236,3,wheat/winter wheat,12.1,18.4,24,0,23.925,65,1.8,0,0,4.7,2603.6,14059.7,4.9415,1993-09-28,1,0.90488089106258,False,0,0.34079570958661415
BKR101_P003,101,P003,1994,3,308,1994-07-07,188,282,133,488,0,0,234236,3,wheat/winter wheat,9.9,15.3,23.4,11.6,15.834,80,2.3,0,0,3.1,2614.3,14047.5,4.8683,1993-09-28,1,0.90488089106258,False,0,0.34079570958661415
BKR101_P003,101,P003,1994,3,308,1994-07-08,189,283,133,488,0,0,234236,3,wheat/winter wheat,13,15,20.2,17.9,10.637,94,3.3,0,0,1.8,2625.5,14035.6,4.7915,1993-09-28,1,0.90488089106258,False,0,0.34079570958661415
BKR101_P003,101,P003,1994,3,308,1994-07-09,190,284,133,488,0,0,234236,3,wheat/winter wheat,11.7,17.8,22.9,0.1,25.014,76,3,0,0,4.7,2735.9,14154.4,4.7116,1993-09-28,1,0.90488089106258,False,0,0.34079570958661415
BKR101_P003,101,P003,1994,3,308,1994-07-10,191,285,133,488,0,0,234236,3,wheat/winter wheat,12.5,18.7,24.6,0,26.797,74,2.1,0,0,5,2865.9,14296.2,4.6373,1993-09-28,1,0.90488089106258,False,0,0.34079570958661415
BKR101_P003,101,P003,1994,3,308,1994-07-11,192,286,133,488,0,0,234236,3,wheat/winter wheat,11.9,20.2,26.9,0,29.311,62,1.1,0,0,5.3,2997.2,14438.9,4.5604,1993-09-28,1,0.90488089106258,False,0,0.34079570958661415
BKR101_P003,101,P003,1994,3,308,1994-07-12,193,287,133,488,0,0,234236,3,wheat/winter wheat,14.2,22.5,29.6,0,27.984,63,2.4,0,0,6.1,3097.8,14543.9,4.4803,1993-09-28,1,0.90488089106258,False,0,0.34079570958661415
BKR101_P003,101,P003,1994,3,308,1994-07-13,194,288,133,488,0,0,234236,3,wheat/winter wheat,15.8,23.7,30.6,0,27.324,60,2.2,0,0,6.2,3177.9,14623.5,4.3965,1993-09-28,1,0.90488089106258,False,0,0.34079570958661415
BKR101_P003,101,P003,1994,3,308,1994-07-14,195,289,133,488,0,0,234236,3,wheat/winter wheat,16.1,23.9,31.4,0,26.779,61,1.9,0,0,6,3221,14657.9,4.3085,1993-09-28,1,0.90488089106258,False,0,0.34079570958661415
BKR101_P003,101,P003,1994,3,308,1994-07-15,196,290,133,488,0,0,234236,3,wheat/winter wheat,16.5,22.8,29.7,2.4,23.987,71,1.7,0,0,5.1,3236.1,14655.4,4.2162,1993-09-28,1,0.90488089106258,False,0,0.34079570958661415
BKR101_P003,101,P003,1994,3,308,1994-07-16,197,291,133,488,0,0,234236,3,wheat/winter wheat,16.6,21.2,25.9,0,23.634,66,1.2,0,0,4.6,3251.8,14648.2,4.1179,1993-09-28,1,0.90488089106258,False,0,0.34079570958661415
BKR101_P003,101,P003,1994,3,308,1994-07-17,198,292,133,488,0,0,234236,3,wheat/winter wheat,14.6,19.5,23.6,0,22.301,72,1.7,0,0,4.3,3268,14642,4.0123,1993-09-28,1,0.90488089106258,False,0,0.34079570958661415
BKR101_P003,101,P003,1994,3,308,1994-07-18,199,293,133,488,0,0,234236,3,wheat/winter wheat,14.6,18.6,23.3,0,24.461,65,1.7,0,0,4.7,3284.6,14632.7,3.9043,1993-09-28,1,0.90488089106258,False,0,0.34079570958661415
BKR101_P003,101,P003,1994,3,308,1994-07-19,200,294,133,488,0,0,234236,3,wheat/winter wheat,12.7,18.5,23.1,0,24.557,63,2.7,0,0,5.1,3301.6,14622.3,3.7916,1993-09-28,1,0.90488089106258,False,0,0.34079570958661415
BKR101_P003,101,P003,1994,3,308,1994-07-20,201,295,133,488,0,0,234236,3,wheat/winter wheat,11.2,18.6,25.1,0,28.534,61,1.8,0,0,5.3,3319,14610.4,3.6757,1993-09-28,1,0.90488089106258,False,0,0.34079570958661415
BKR101_P003,101,P003,1994,3,308,1994-07-21,202,296,133,488,0,0,234236,3,wheat/winter wheat,10.3,20.8,28.6,0,27.916,58,1.2,0,0,5.3,3336.8,14596.3,3.5566,1993-09-28,1,0.90488089106258,False,0,0.34079570958661415
BKR101_P003,101,P003,1994,3,308,1994-07-22,203,297,133,488,0,0,234236,3,wheat/winter wheat,14.2,22.9,30.4,0,26.995,54,1.9,0,0,6,3355.3,14579.6,3.4328,1993-09-28,1,0.90488089106258,False,0,0.34079570958661415
BKR101_P003,101,P003,1994,3,308,1994-07-23,204,298,133,488,0,0,234236,3,wheat/winter wheat,15.4,24.1,31.3,0,25.798,52,1.8,0,0,5.9,3374.3,14561.8,3.3035,1993-09-28,1,0.90488089106258,False,0,0.34079570958661415
BKR101_P003,101,P003,1994,3,308,1994-07-24,205,299,133,488,0,0,234236,3,wheat/winter wheat,15.9,24.6,31.9,0,25.184,55,1.7,0,0,5.7,3393.9,14543.5,3.1698,1993-09-28,1,0.90488089106258,False,0,0.34079570958661415
BKR101_P003,101,P003,1994,3,308,1994-07-25,206,300,133,488,0,0,234236,3,wheat/winter wheat,16,25,32.9,0,24.619,56,1.3,0,0,5.4,3413.9,14524.6,3.0323,1993-09-28,1,0.90488089106258,False,0,0.34079570958661415
BKR101_P003,101,P003,1994,3,308,1994-07-26,207,301,133,488,0,0,234236,3,wheat/winter wheat,18.3,26.5,34.4,0,23.13,56,2,0,0,5.9,3434.4,14503.9,2.8917,1993-09-28,1,0.90488089106258,False,0,0.34079570958661415
BKR101_P003,101,P003,1994,3,308,1994-07-27,208,302,133,488,0,0,234236,3,wheat/winter wheat,20.6,25.7,30.3,0.1,19.454,67,1.5,0,0,4.5,3455,14485.5,2.7472,1993-09-28,1,0.90488089106258,False,0,0.34079570958661415
BKR101_P003,101,P003,1994,3,308,1994-07-28,209,303,133,488,0,0,234236,3,wheat/winter wheat,18,26.1,34,0,23.793,60,1.1,0,0,5.2,3475.9,14465.6,2.6026,1993-09-28,1,0.90488089106258,False,0,0.34079570958661415
BKR101_P003,101,P003,1994,3,308,1994-07-29,210,304,133,488,0,0,234236,3,wheat/winter wheat,18.8,26.5,34.6,0,23.396,64,1.6,0,0,5.5,3496.8,14445.3,2.4562,1993-09-28,1,0.90488089106258,False,0,0.34079570958661415
BKR101_P003,101,P003,1994,3,308,1994-07-30,211,305,133,488,0,0,234236,3,wheat/winter wheat,18.4,26,34.2,0,22.024,67,2.3,0,0,5.5,3517.5,14425.6,2.3092,1993-09-28,1,0.90488089106258,False,0,0.34079570958661415
BKR101_P003,101,P003,1994,3,308,1994-07-31,212,306,133,488,0,0,234236,3,wheat/winter wheat,20.9,27.4,36.4,0,20.558,58,1.7,0,0,5.4,3517.5,14425.6,2.1633,1993-09-28,1,0.90488089106258,False,0,0.34079570958661415
BKR101_P003,101,P003,1994,3,308,1994-08-01,213,307,133,488,0,0,234236,3,wheat/winter wheat,18.8,27.6,37,0,23.226,53,2.2,0,0,5.4,3517.5,14425.6,2.1633,1993-09-28,1,0.90488089106258,False,0,0.34079570958661415
BKR101_P003,101,P003,1995,4,323,1994-09-28,271,0,133,488,0,0,234236,4,wheat/winter wheat,7.9,10.5,14.4,0,13.738,75,4.2,0,0,1.9,0,53,0.0775,1994-09-28,1,0.90488089106258,False,0,0.34079570958661415
BKR101_P003,101,P003,1995,4,323,1994-09-29,272,1,133,488,0,0,234236,4,wheat/winter wheat,8.8,12.4,14.3,0,4.282,82,5.3,0,0,1.4,0,53,0.0775,1994-09-28,1,0.90488089106258,False,0,0.34079570958661415
BKR101_P003,101,P003,1995,4,323,1994-09-30,273,2,133,488,0,0,234236,4,wheat/winter wheat,8.5,12.5,14.8,0,4.78,83,2.8,0,0,1.1,0,53,0.0775,1994-09-28,1,0.90488089106258,False,0,0.34079570958661415
BKR101_P003,101,P003,1995,4,323,1994-10-01,274,3,133,488,0,0,234236,4,wheat/winter wheat,4.2,9.9,13.7,0,8.62,81,3.4,0,0,1.3,0,53,0.0775,1994-09-28,1,0.90488089106258,False,0,0.34079570958661415
BKR101_P003,101,P003,1995,4,323,1994-10-02,275,4,133,488,0,0,234236,4,wheat/winter wheat,4.5,8.8,12.5,0,6.46,90,1.9,0,0,0.8,0,53,0.0775,1994-09-28,1,0.90488089106258,False,0,0.34079570958661415
BKR101_P003,101,P003,1995,4,323,1994-10-03,276,5,133,488,0,0,234236,4,wheat/winter wheat,5.9,10.7,13.8,2.5,3.876,93,4.3,0,0,0.7,0,53,0.0775,1994-09-28,1,0.90488089106258,False,0,0.34079570958661415
BKR101_P003,101,P003,1995,4,323,1994-10-04,277,6,133,488,0,0,234236,4,wheat/winter wheat,2,5.7,10,0.2,12.523,77,4.2,0,0,1.3,0,53,0.0775,1994-09-28,1,0.90488089106258,False,0,0.34079570958661415
BKR101_P003,101,P003,1995,4,323,1994-10-05,278,7,133,488,0,0,234236,4,wheat/winter wheat,1,4,8.2,1.5,8.423,89,3.9,0,0,0.7,0,53,0.0775,1994-09-28,1,0.90488089106258,False,0,0.34079570958661415
BKR101_P003,101,P003,1995,4,323,1994-10-06,279,8,133,488,0,0,234236,4,wheat/winter wheat,-0.5,4.2,10.8,0,13.361,80,2.5,0,0,1.1,0,53,0.0775,1994-09-28,1,0.90488089106258,False,0,0.34079570958661415
BKR101_P003,101,P003,1995,4,323,1994-10-07,280,9,133,488,0,0,234236,4,wheat/winter wheat,-1.6,4.1,11.2,0,11.775,80,1.2,0,0,0.8,0,53,0.0775,1994-09-28,1,0.90488089106258,False,0,0.34079570958661415
BKR101_P003,101,P003,1995,4,323,1994-10-08,281,10,133,488,0,0,234236,4,wheat/winter wheat,3.1,4.9,7.9,0,3.292,92,0.5,0,0,0.5,0,53,0.0775,1994-09-28,1,0.90488089106258,False,0,0.34079570958661415
BKR101_P003,101,P003,1995,4,323,1994-10-09,282,11,133,488,0,0,234236,4,wheat/winter wheat,1,4.9,10.4,0,10.264,86,0.9,0,0,0.7,0,53,0.0775,1994-09-28,1,0.90488089106258,False,0,0.34079570958661415
BKR101_P003,101,P003,1995,4,323,1994-10-10,283,12,133,488,0,0,234236,4,wheat/winter wheat,2.1,5.1,10.2,0,10.905,90,3,0,0,0.6,0,55.3,0.0775,1994-09-28,1,0.90488089106258,False,0,0.34079570958661415
BKR101_P003,101,P003,1995,4,323,1994-10-11,284,13,133,488,0,0,234236,4,wheat/winter wheat,1.1,5.7,12.8,0,11.892,85,1.9,0,0,0.8,0,57.7,0.0808,1994-09-28,1,0.90488089106258,False,0,0.34079570958661415
BKR101_P003,101,P003,1995,4,323,1994-10-12,285,14,133,488,0,0,234236,4,wheat/winter wheat,1.2,8.1,15,0,10.871,84,2.2,0,0,0.9,0,60.4,0.0843,1994-09-28,1,0.90488089106258,False,0,0.34079570958661415
BKR101_P003,101,P003,1995,4,323,1994-10-13,286,15,133,488,0,0,234236,4,wheat/winter wheat,6.2,8.7,10.2,0,2.622,96,3.5,0,0,0.3,0,62.2,0.0883,1994-09-28,1,0.90488089106258,False,0,0.34079570958661415
BKR101_P003,101,P003,1995,4,323,1994-10-14,287,16,133,488,0,0,234236,4,wheat/winter wheat,4.9,10.4,15.8,0,9.403,87,2,0,0,0.8,0,65.3,0.0909,1994-09-28,1,0.90488089106258,False,0,0.34079570958661415
BKR101_P003,101,P003,1995,4,323,1994-10-15,288,17,133,488,0,0,234236,4,wheat/winter wheat,1.1,8.9,17.5,0,10.244,87,1.9,0,0,0.8,0,68.4,0.0955,1994-09-28,1,0.90488089106258,False,0,0.34079570958661415
BKR101_P003,101,P003,1995,4,323,1994-10-16,289,18,133,488,0,0,234236,4,wheat/winter wheat,2.5,8.1,11.5,0,8.435,80,3.1,0,0,0.9,0,71.5,0.0999,1994-09-28,1,0.90488089106258,False,0,0.34079570958661415
BKR101_P003,101,P003,1995,4,323,1994-10-17,290,19,133,488,0,0,234236,4,wheat/winter wheat,-3.1,2.7,7.4,0,10.946,72,2.4,0,0,0.7,0,74,0.1045,1994-09-28,1,0.90488089106258,False,0,0.34079570958661415
BKR101_P003,101,P003,1995,4,323,1994-10-18,291,20,133,488,0,0,234236,4,wheat/winter wheat,-3.2,0.8,6.7,0,7.81,72,1.2,0,0,0.5,0,76.2,0.1081,1994-09-28,1,0.90488089106258,False,0,0.34079570958661415
BKR101_P003,101,P003,1995,4,323,1994-10-19,292,21,133,488,0,0,234236,4,wheat/winter wheat,-3.6,2.2,9.2,0,9.137,65,4.9,0,0,1,0,78.6,0.1113,1994-09-28,1,0.90488089106258,False,0,0.34079570958661415
BKR101_P003,101,P003,1995,4,323,1994-10-20,293,22,133,488,0,0,234236,4,wheat/winter wheat,0,4.4,10.5,0,9.817,60,6.9,0,0,1.5,0,81.4,0.1148,1994-09-28,1,0.90488089106258,False,0,0.34079570958661415
BKR101_P003,101,P003,1995,4,323,1994-10-21,294,23,133,488,0,0,234236,4,wheat/winter wheat,-0.3,4.9,11.3,0,9.635,70,6.4,0,0,1.2,0,84.4,0.1189,1994-09-28,1,0.90488089106258,False,0,0.34079570958661415
BKR101_P003,101,P003,1995,4,323,1994-10-22,295,24,133,488,0,0,234236,4,wheat/winter wheat,3.3,8.1,13.2,0,7.846,74,4.7,0,0,1.1,0,87.9,0.1232,1994-09-28,1,0.90488089106258,False,0,0.34079570958661415
BKR101_P003,101,P003,1995,4,323,1994-10-23,296,25,133,488,0,0,234236,4,wheat/winter wheat,5.4,9.7,13.7,0.1,5.014,80,3.8,0,0,0.9,0,91,0.1283,1994-09-28,1,0.90488089106258,False,0,0.34079570958661415
BKR101_P003,101,P003,1995,4,323,1994-10-24,297,26,133,488,0,0,234236,4,wheat/winter wheat,7.1,10.2,14.6,0,8.561,86,3.6,0,0,0.7,0,94.9,0.1328,1994-09-28,1,0.90488089106258,False,0,0.34079570958661415
BKR101_P003,101,P003,1995,4,323,1994-10-25,298,27,133,488,0,0,234236,4,wheat/winter wheat,4.6,9.5,14,0,7.885,84,2.9,0,0,0.6,0,98.9,0.1385,1994-09-28,1,0.90488089106258,False,0,0.34079570958661415
BKR101_P003,101,P003,1995,4,323,1994-10-26,299,28,133,488,0,0,234236,4,wheat/winter wheat,6.3,8.4,11.6,1,6.367,88,4.2,0,0,0.6,0,102.8,0.1443,1994-09-28,1,0.90488089106258,False,0,0.34079570958661415
BKR101_P003,101,P003,1995,4,323,1994-10-27,300,29,133,488,0,0,234236,4,wheat/winter wheat,5.4,7.9,10.6,0.5,4.795,84,4.7,0,0,0.6,0,106.2,0.15,1994-09-28,1,0.90488089106258,False,0,0.34079570958661415
BKR101_P003,101,P003,1995,4,323,1994-10-28,301,30,133,488,0,0,234236,4,wheat/winter wheat,3.3,6.7,10.2,0.3,5.113,90,3.4,0,0,0.4,0,109.6,0.1549,1994-09-28,1,0.90488089106258,False,0,0.34079570958661415
BKR101_P003,101,P003,1995,4,323,1994-10-29,302,31,133,488,0,0,234236,4,wheat/winter wheat,2.1,5.8,10.3,0.1,6.833,87,4,0,0,0.4,0,113.3,0.1599,1994-09-28,1,0.90488089106258,False,0,0.34079570958661415
BKR101_P003,101,P003,1995,4,323,1994-10-30,303,32,133,488,0,0,234236,4,wheat/winter wheat,6.6,9.5,13.1,5,2.495,96,4.5,0,0,0.3,0,115.9,0.1652,1994-09-28,1,0.90488089106258,False,0,0.34079570958661415
BKR101_P003,101,P003,1995,4,323,1994-10-31,304,33,133,488,0,0,234236,4,wheat/winter wheat,12.1,13.9,15.5,5.8,2.456,86,6.9,0,0,0.7,0,118.6,0.169,1994-09-28,1,0.90488089106258,False,0,0.34079570958661415
BKR101_P003,101,P003,1995,4,323,1994-11-01,305,34,133,488,0,0,234236,4,wheat/winter wheat,8.2,11.1,12.9,0.8,4.937,69,7.5,0,0,1.5,0,122.6,0.1728,1994-09-28,1,0.90488089106258,False,0,0.34079570958661415
BKR101_P003,101,P003,1995,4,323,1994-11-02,306,35,133,488,0,0,234236,4,wheat/winter wheat,1.5,6.7,10.1,0,6.293,84,3.9,0,0,0.5,0,126.3,0.1785,1994-09-28,1,0.90488089106258,False,0,0.34079570958661415
BKR101_P003,101,P003,1995,4,323,1994-11-03,307,36,133,488,0,0,234236,4,wheat/winter wheat,-2.6,2.4,9.5,0,6.335,93,2.4,0,0,0.1,0,129.3,0.1839,1994-09-28,1,0.90488089106258,False,0,0.34079570958661415
BKR101_P003,101,P003,1995,4,323,1994-11-04,308,37,133,488,0,0,234236,4,wheat/winter wheat,2.2,5.1,9.6,0,6.268,80,6.1,0,0,0.6,0,132.7,0.1881,1994-09-28,1,0.90488089106258,False,0,0.34079570958661415
BKR101_P003,101,P003,1995,4,323,1994-11-05,309,38,133,488,0,0,234236,4,wheat/winter wheat,2.7,7.3,13.9,0,5.674,85,4.5,0,0,0.5,0,136.5,0.1931,1994-09-28,1,0.90488089106258,False,0,0.34079570958661415
BKR101_P003,101,P003,1995,4,323,1994-11-06,310,39,133,488,0,0,234236,4,wheat/winter wheat,3.1,7.7,13.5,0,5.727,91,2.3,0,0,0.2,0,140.5,0.1985,1994-09-28,1,0.90488089106258,False,0,0.34079570958661415
BKR101_P003,101,P003,1995,4,323,1994-11-07,311,40,133,488,0,0,234236,4,wheat/winter wheat,6.5,7.3,8.2,0.1,1.211,98,0.6,0,0,0.3,0,142.3,0.2042,1994-09-28,1,0.90488089106258,False,0,0.34079570958661415
BKR101_P003,101,P003,1995,4,323,1994-11-08,312,41,133,488,0,0,234236,4,wheat/winter wheat,5.5,6,6.6,0.2,1.351,95,0.7,0,0,0.3,0,144.2,0.2068,1994-09-28,1,0.90488089106258,False,0,0.34079570958661415
BKR101_P003,101,P003,1995,4,323,1994-11-09,313,42,133,488,0,0,234236,4,wheat/winter wheat,0.4,5.4,8.4,0,2.818,96,0.9,0,0,0.2,0,147,0.2094,1994-09-28,1,0.90488089106258,False,0,0.34079570958661415
BKR101_P003,101,P003,1995,4,323,1994-11-10,314,43,133,488,0,0,234236,4,wheat/winter wheat,1,4.7,6.8,0,2.584,93,3.5,0,0,0.2,0,149.7,0.2134,1994-09-28,1,0.90488089106258,False,0,0.34079570958661415
BKR101_P003,101,P003,1995,4,323,1994-11-11,315,44,133,488,0,0,234236,4,wheat/winter wheat,-0.1,2.9,6.3,0,6.486,78,3.9,0,0,0.3,0,152.9,0.2172,1994-09-28,1,0.90488089106258,False,0,0.34079570958661415
BKR101_P003,101,P003,1995,4,323,1994-11-12,316,45,133,488,0,0,234236,4,wheat/winter wheat,-2.5,-1.1,-0.1,0,2.56,83,4.4,0,0,0,0,152.8,0.2218,1994-09-28,1,0.90488089106258,False,0,0.34079570958661415
BKR101_P003,101,P003,1995,4,323,1994-11-13,317,46,133,488,0,0,234236,4,wheat/winter wheat,-3.2,-1.8,0.7,0,4.451,81,3.1,0,0,0,0,152.7,0.2217,1994-09-28,1,0.90488089106258,False,0,0.34079570958661415
BKR101_P003,101,P003,1995,4,323,1994-11-14,318,47,133,488,0,0,234236,4,wheat/winter wheat,-1.6,5.9,11.6,7.8,1.649,97,5.5,0,0,0.1,0,154.8,0.2216,1994-09-28,1,0.90488089106258,False,0,0.34079570958661415
BKR101_P003,101,P003,1995,4,323,1994-11-15,319,48,133,488,0,0,234236,4,wheat/winter wheat,8.3,10.9,12.5,5.3,3.053,85,7.6,0,0,0.6,0,158.5,0.2246,1994-09-28,1,0.90488089106258,False,0,0.34079570958661415
BKR101_P003,101,P003,1995,4,323,1994-11-16,320,49,133,488,0,0,234236,4,wheat/winter wheat,5.9,7.8,9.4,9.9,2.92,89,6.9,0,0,0.4,0,161.9,0.2298,1994-09-28,1,0.90488089106258,False,0,0.34079570958661415
BKR101_P003,101,P003,1995,4,323,1994-11-17,321,50,133,488,0,0,234236,4,wheat/winter wheat,4.5,5.8,7.2,3.2,2.051,95,5.3,0,0,0.1,0,164.5,0.2346,1994-09-28,1,0.90488089106258,False,0,0.34079570958661415
BKR101_P003,101,P003,1995,4,323,1994-11-18,322,51,133,488,0,0,234236,4,wheat/winter wheat,3.6,4.4,5.5,0.5,2.137,95,4.1,0,0,0.1,0,167.3,0.2381,1994-09-28,1,0.90488089106258,False,0,0.34079570958661415
BKR101_P003,101,P003,1995,4,323,1994-11-19,323,52,133,488,0,0,234236,4,wheat/winter wheat,1.8,3.9,6.1,0.3,2.975,88,1.9,0,0,0.2,0,170.8,0.2419,1994-09-28,1,0.90488089106258,False,0,0.34079570958661415
BKR101_P003,101,P003,1995,4,323,1994-11-20,324,53,133,488,0,0,234236,4,wheat/winter wheat,4.3,10.2,13.8,1.9,1.884,94,5.3,0,0,0.2,0,173.8,0.2469,1994-09-28,1,0.90488089106258,False,0,0.34079570958661415
BKR101_P003,101,P003,1995,4,323,1994-11-21,325,54,133,488,0,0,234236,4,wheat/winter wheat,5.3,8.2,11.6,0.3,3.912,89,5.1,0,0,0.3,0,178.3,0.251,1994-09-28,1,0.90488089106258,False,0,0.34079570958661415
BKR101_P003,101,P003,1995,4,323,1994-11-22,326,55,133,488,0,0,234236,4,wheat/winter wheat,0.3,5,7.5,0,2.139,93,2.7,0,0,0.1,0,181.4,0.2571,1994-09-28,1,0.90488089106258,False,0,0.34079570958661415
BKR101_P003,101,P003,1995,4,323,1994-11-23,327,56,133,488,0,0,234236,4,wheat/winter wheat,0.9,2.1,3.4,0,2.168,99,2.9,0,0,0,0,184.3,0.2614,1994-09-28,1,0.90488089106258,False,0,0.34079570958661415
BKR101_P003,101,P003,1995,4,323,1994-11-24,328,57,133,488,0,0,234236,4,wheat/winter wheat,3.9,7.7,10.4,0.9,1.13,92,6.4,0,0,0.2,0,186.3,0.2653,1994-09-28,1,0.90488089106258,False,0,0.34079570958661415
BKR101_P003,101,P003,1995,4,323,1994-11-25,329,58,133,488,0,0,234236,4,wheat/winter wheat,2,5.7,7.5,0.8,4.229,78,4.6,0,0,0.3,0,190.5,0.2681,1994-09-28,1,0.90488089106258,False,0,0.34079570958661415
BKR101_P003,101,P003,1995,4,323,1994-11-26,330,59,133,488,0,0,234236,4,wheat/winter wheat,1.4,4.8,6.7,2.1,1.213,99,1.5,0,0,0.1,0,192.7,0.2738,1994-09-28,1,0.90488089106258,False,0,0.34079570958661415
BKR101_P003,101,P003,1995,4,323,1994-11-27,331,60,133,488,0,0,234236,4,wheat/winter wheat,4.7,6,7.7,0,1.147,98,2.6,0,0,0.1,0,194.8,0.2767,1994-09-28,1,0.90488089106258,False,0,0.34079570958661415
BKR101_P003,101,P003,1995,4,323,1994-11-28,332,61,133,488,0,0,234236,4,wheat/winter wheat,6.1,7.3,8.6,0,4.585,90,4.8,0,0,0.1,0,199.1,0.2795,1994-09-28,1,0.90488089106258,False,0,0.34079570958661415
BKR101_P003,101,P003,1995,4,323,1994-11-29,333,62,133,488,0,0,234236,4,wheat/winter wheat,4.5,6.4,8.9,0,1.535,92,4.5,0,0,0.2,0,201.9,0.2853,1994-09-28,1,0.90488089106258,False,0,0.34079570958661415
BKR101_P003,101,P003,1995,4,323,1994-11-30,334,63,133,488,0,0,234236,4,wheat/winter wheat,-1.1,4.7,7.2,0.1,1.525,98,1.3,0,0,0.1,0,204.7,0.2889,1994-09-28,1,0.90488089106258,False,0,0.34079570958661415
BKR101_P003,101,P003,1995,4,323,1994-12-01,335,64,133,488,0,0,234236,4,wheat/winter wheat,-3.5,-1.5,1,0,4.253,99,1.3,0,0,0,0,204.5,0.2926,1994-09-28,1,0.90488089106258,False,0,0.34079570958661415
BKR101_P003,101,P003,1995,4,323,1994-12-02,336,65,133,488,0,0,234236,4,wheat/winter wheat,-4.3,-2.9,-1.7,0,2.06,99,2.8,0,0,0,0,204.4,0.2925,1994-09-28,1,0.90488089106258,False,0,0.34079570958661415
BKR101_P003,101,P003,1995,4,323,1994-12-03,337,66,133,488,0,0,234236,4,wheat/winter wheat,-4.9,-1,4.6,0,3.029,97,1.5,0,0,0,0,204.3,0.2925,1994-09-28,1,0.90488089106258,False,0,0.34079570958661415
BKR101_P003,101,P003,1995,4,323,1994-12-04,338,67,133,488,0,0,234236,4,wheat/winter wheat,3.7,5.9,8.2,0.9,3.721,92,4.6,0,0,0,0,208.4,0.2924,1994-09-28,1,0.90488089106258,False,0,0.34079570958661415
BKR101_P003,101,P003,1995,4,323,1994-12-05,339,68,133,488,0,0,234236,4,wheat/winter wheat,4.6,7.7,9.9,1,1.853,91,4.8,0,0,0.2,0,212,0.2977,1994-09-28,1,0.90488089106258,False,0,0.34079570958661415
BKR101_P003,101,P003,1995,4,323,1994-12-06,340,69,133,488,0,0,234236,4,wheat/winter wheat,3.6,5.8,7.7,1,2.117,80,6.4,0,0,0.4,0,216.1,0.3025,1994-09-28,1,0.90488089106258,False,0,0.34079570958661415
BKR101_P003,101,P003,1995,4,323,1994-12-07,341,70,133,488,0,0,234236,4,wheat/winter wheat,0.5,3.4,6.2,0,4.255,85,4.4,0,0,0.1,0,219.8,0.3077,1994-09-28,1,0.90488089106258,False,0,0.34079570958661415
BKR101_P003,101,P003,1995,4,323,1994-12-08,342,71,133,488,0,0,234236,4,wheat/winter wheat,2.7,4.9,6.7,0.4,2.841,85,5.8,0,0,0.2,0,223.9,0.3127,1994-09-28,1,0.90488089106258,False,0,0.34079570958661415
BKR101_P003,101,P003,1995,4,323,1994-12-09,343,72,133,488,0,0,234236,4,wheat/winter wheat,2.8,6.1,7.7,7,1.57,93,6.5,0,0,0.1,0,227,0.3179,1994-09-28,1,0.90488089106258,False,0,0.34079570958661415
BKR101_P003,101,P003,1995,4,323,1994-12-10,344,73,133,488,0,0,234236,4,wheat/winter wheat,0.2,2.1,4.9,2.1,2.214,97,4.2,0,0,0,0,230.6,0.3219,1994-09-28,1,0.90488089106258,False,0,0.34079570958661415
BKR101_P003,101,P003,1995,4,323,1994-12-11,345,74,133,488,0,0,234236,4,wheat/winter wheat,5.6,10.6,12.4,1.7,0.848,92,8.8,0,0,0.2,0,232.5,0.3266,1994-09-28,1,0.90488089106258,False,0,0.34079570958661415
BKR101_P003,101,P003,1995,4,323,1994-12-12,346,75,133,488,0,0,234236,4,wheat/winter wheat,8.6,11.1,12.2,10.9,1.09,90,8.7,0,0,0.3,0,234.8,0.3289,1994-09-28,1,0.90488089106258,False,0,0.34079570958661415
BKR101_P003,101,P003,1995,4,323,1994-12-13,347,76,133,488,0,0,234236,4,wheat/winter wheat,5.7,7.8,8.8,1.8,2.172,89,6.5,0,0,0.2,0,239.4,0.3319,1994-09-28,1,0.90488089106258,False,0,0.34079570958661415
BKR101_P003,101,P003,1995,4,323,1994-12-14,348,77,133,488,0,0,234236,4,wheat/winter wheat,-0.4,2.1,5.1,0.8,2.026,86,4.4,0,0,0.2,0,243.1,0.3375,1994-09-28,1,0.90488089106258,False,0,0.34079570958661415
BKR101_P003,101,P003,1995,4,323,1994-12-15,349,78,133,488,0,0,234236,4,wheat/winter wheat,-2.8,-0.9,1.9,0,4.366,95,3.4,0,0,0,0,243,0.3421,1994-09-28,1,0.90488089106258,False,0,0.34079570958661415
BKR101_P003,101,P003,1995,4,323,1994-12-16,350,79,133,488,0,0,234236,4,wheat/winter wheat,-2.9,-1,2.4,0.1,1.91,97,4.9,0,0,0,0,242.8,0.342,1994-09-28,1,0.90488089106258,False,0,0.34079570958661415
BKR101_P003,101,P003,1995,4,323,1994-12-17,351,80,133,488,0,0,234236,4,wheat/winter wheat,0,1.6,3.5,0,3.298,96,4.6,0,0,0,0,246.5,0.3419,1994-09-28,1,0.90488089106258,False,0,0.34079570958661415
BKR101_P003,101,P003,1995,4,323,1994-12-18,352,81,133,488,0,0,234236,4,wheat/winter wheat,-1.5,0.4,2.3,0,3.775,89,2.8,0,0,0,0,250,0.3465,1994-09-28,1,0.90488089106258,False,0,0.34079570958661415
BKR101_P003,101,P003,1995,4,323,1994-12-19,353,82,133,488,0,0,234236,4,wheat/winter wheat,0.1,1.3,2.8,0,1.164,91,3.5,0,0,0.1,0,252.5,0.3509,1994-09-28,1,0.90488089106258,False,0,0.34079570958661415
BKR101_P003,101,P003,1995,4,323,1994-12-20,354,83,133,488,0,0,234236,4,wheat/winter wheat,-3.5,-0.6,0.9,0,2.662,99,1.1,0,0,0,0,252.3,0.3539,1994-09-28,1,0.90488089106258,False,0,0.34079570958661415
BKR101_P003,101,P003,1995,4,323,1994-12-21,355,84,133,488,0,0,234236,4,wheat/winter wheat,0.4,1.2,1.8,0,1.087,99,1.5,0,0,0.1,0,254.6,0.3538,1994-09-28,1,0.90488089106258,False,0,0.34079570958661415
BKR101_P003,101,P003,1995,4,323,1994-12-22,356,85,133,488,0,0,234236,4,wheat/winter wheat,0.2,1.4,2.3,0,1.112,96,1.9,0,0,0.1,0,257,0.3566,1994-09-28,1,0.90488089106258,False,0,0.34079570958661415
BKR101_P003,101,P003,1995,4,323,1994-12-23,357,86,133,488,0,0,234236,4,wheat/winter wheat,-1.8,0,1.7,0,2.348,96,0.4,0,0,0,0,260.6,0.3596,1994-09-28,1,0.90488089106258,False,0,0.34079570958661415
BKR101_P003,101,P003,1995,4,323,1994-12-24,358,87,133,488,0,0,234236,4,wheat/winter wheat,-3.1,-2.6,-1.4,0,0.877,90,2.1,0,0,0,0,260.4,0.364,1994-09-28,1,0.90488089106258,False,0,0.34079570958661415
BKR101_P003,101,P003,1995,4,323,1994-12-25,359,88,133,488,0,0,234236,4,wheat/winter wheat,-3.4,-3.2,-2.8,0,0.853,99,3,0,0,0,0,260.3,0.3639,1994-09-28,1,0.90488089106258,False,0,0.34079570958661415
BKR101_P003,101,P003,1995,4,323,1994-12-26,360,89,133,488,0,0,234236,4,wheat/winter wheat,-2.9,-0.8,0.6,0,1.814,95,5.1,0,0,0,0,260.1,0.3638,1994-09-28,1,0.90488089106258,False,0,0.34079570958661415
BKR101_P003,101,P003,1995,4,323,1994-12-27,361,90,133,488,0,0,234236,4,wheat/winter wheat,0.6,3.2,7.2,7,1.246,94,7.2,0,0,0.1,0,262.9,0.3637,1994-09-28,1,0.90488089106258,False,0,0.34079570958661415
BKR101_P003,101,P003,1995,4,323,1994-12-28,362,91,133,488,0,0,234236,4,wheat/winter wheat,2.3,4.5,11.3,1.7,1.413,99,3.3,0,0,0,0,266,0.3671,1994-09-28,1,0.90488089106258,False,0,0.34079570958661415
BKR101_P003,101,P003,1995,4,323,1994-12-29,363,92,133,488,0,0,234236,4,wheat/winter wheat,9.5,11,11.6,0.3,1.428,82,7.6,0,0,0.5,0,269.7,0.3709,1994-09-28,1,0.90488089106258,False,0,0.34079570958661415
BKR101_P003,101,P003,1995,4,323,1994-12-30,364,93,133,488,0,0,234236,4,wheat/winter wheat,5.4,7.4,10.3,2.7,2.402,79,6.8,0,0,0.5,0,274.7,0.3753,1994-09-28,1,0.90488089106258,False,0,0.34079570958661415
BKR101_P003,101,P003,1995,4,323,1994-12-31,365,94,133,488,0,0,234236,4,wheat/winter wheat,3.5,5.1,6.3,0.7,1.433,78,6.8,0,0,0.4,0,278.2,0.3813,1994-09-28,1,0.90488089106258,False,0,0.34079570958661415
BKR101_P003,101,P003,1995,4,323,1995-01-01,1,95,133,488,0,0,234236,4,wheat/winter wheat,-0.5,1.3,3.7,2.5,2.187,86,6.9,0,0,0.2,0,282.5,0.3855,1994-09-28,1,0.90488089106258,False,0,0.34079570958661415
BKR101_P003,101,P003,1995,4,323,1995-01-02,2,96,133,488,0,0,234236,4,wheat/winter wheat,-2.8,-0.9,0.1,0.7,1.779,94,3.5,0,0,0,0,282.3,0.3906,1994-09-28,1,0.90488089106258,False,0,0.34079570958661415
BKR101_P003,101,P003,1995,4,323,1995-01-03,3,97,133,488,0,0,234236,4,wheat/winter wheat,-4.8,-1.8,-0.1,0.2,4.992,83,2.7,0,0,0,0,282.2,0.3905,1994-09-28,1,0.90488089106258,False,0,0.34079570958661415
BKR101_P003,101,P003,1995,4,323,1995-01-04,4,98,133,488,0,0,234236,4,wheat/winter wheat,-9.6,-7.3,-3.7,0,5.04,93,0.6,0,0,0,0,282.1,0.3904,1994-09-28,1,0.90488089106258,False,0,0.34079570958661415
BKR101_P003,101,P003,1995,4,323,1995-01-05,5,99,133,488,0,0,234236,4,wheat/winter wheat,-8.7,-6.6,-4.4,0,2.899,94,2.9,0,0,0,0,282,0.3903,1994-09-28,1,0.90488089106258,False,0,0.34079570958661415
BKR101_P003,101,P003,1995,4,323,1995-01-06,6,100,133,488,0,0,234236,4,wheat/winter wheat,-11.5,-8.8,-5,0,4.263,91,2.9,0,0,0,0,281.9,0.3902,1994-09-28,1,0.90488089106258,False,0,0.34079570958661415
BKR101_P003,101,P003,1995,4,323,1995-01-07,7,101,133,488,0,0,234236,4,wheat/winter wheat,-9.7,-6.1,-4.2,0,1.882,97,0.3,0,0,0,0,281.8,0.3902,1994-09-28,1,0.90488089106258,False,0,0.34079570958661415
BKR101_P003,101,P003,1995,4,323,1995-01-08,8,102,133,488,0,0,234236,4,wheat/winter wheat,-7,-5.7,-4.3,0,2.377,93,2.8,0,0,0,0,281.6,0.3901,1994-09-28,1,0.90488089106258,False,0,0.34079570958661415
BKR101_P003,101,P003,1995,4,323,1995-01-09,9,103,133,488,0,0,234236,4,wheat/winter wheat,-6.3,-2.4,0.5,0.8,1.894,96,5.2,0,0,0,0,281.5,0.39,1994-09-28,1,0.90488089106258,False,0,0.34079570958661415
BKR101_P003,101,P003,1995,4,323,1995-01-10,10,104,133,488,0,0,234236,4,wheat/winter wheat,0.1,1.7,3.1,3.1,1.496,83,8.8,0,0,0.2,0,284.8,0.3899,1994-09-28,1,0.90488089106258,False,0,0.34079570958661415
BKR101_P003,101,P003,1995,4,323,1995-01-11,11,105,133,488,0,0,234236,4,wheat/winter wheat,-0.1,0.3,0.7,0,1.628,89,7.3,0,0,0.1,0,288.2,0.3939,1994-09-28,1,0.90488089106258,False,0,0.34079570958661415
BKR101_P003,101,P003,1995,4,323,1995-01-12,12,106,133,488,0,0,234236,4,wheat/winter wheat,-2.2,-0.9,0.1,0,1.753,87,5,0,0,0,0,288,0.3979,1994-09-28,1,0.90488089106258,False,0,0.34079570958661415
BKR101_P003,101,P003,1995,4,323,1995-01-13,13,107,133,488,0,0,234236,4,wheat/winter wheat,-5.3,-2,-0.3,0,3.086,83,3.5,0,0,0,0,287.9,0.3977,1994-09-28,1,0.90488089106258,False,0,0.34079570958661415
BKR101_P003,101,P003,1995,4,323,1995-01-14,14,108,133,488,0,0,234236,4,wheat/winter wheat,-5,-1.5,0.6,0,1.828,96,4.1,0,0,0,0,287.8,0.3976,1994-09-28,1,0.90488089106258,False,0,0.34079570958661415
BKR101_P003,101,P003,1995,4,323,1995-01-15,15,109,133,488,0,0,234236,4,wheat/winter wheat,0.8,1.8,2.7,1,1.396,99,3.9,0,0,0,0,291,0.3975,1994-09-28,1,0.90488089106258,False,0,0.34079570958661415
BKR101_P003,101,P003,1995,4,323,1995-01-16,16,110,133,488,0,0,234236,4,wheat/winter wheat,1.2,2.3,3.5,0,3.063,97,2.2,0,0,0,0,296.5,0.4014,1994-09-28,1,0.90488089106258,False,0,0.34079570958661415
BKR101_P003,101,P003,1995,4,323,1995-01-17,17,111,133,488,0,0,234236,4,wheat/winter wheat,-1.8,0.3,3,0,5.423,82,3.3,0,0,0.1,0,301.6,0.4079,1994-09-28,1,0.90488089106258,False,0,0.34079570958661415
BKR101_P003,101,P003,1995,4,323,1995-01-18,18,112,133,488,0,0,234236,4,wheat/winter wheat,-3,-0.5,3.7,0,5.147,75,3.9,0,0,0,0,301.4,0.4139,1994-09-28,1,0.90488089106258,False,0,0.34079570958661415
BKR101_P003,101,P003,1995,4,323,1995-01-19,19,113,133,488,0,0,234236,4,wheat/winter wheat,-3.8,-2.5,-1.6,0.3,1.312,88,3.5,0,0,0,0,301.2,0.4138,1994-09-28,1,0.90488089106258,False,0,0.34079570958661415
BKR101_P003,101,P003,1995,4,323,1995-01-20,20,114,133,488,0,0,234236,4,wheat/winter wheat,-4.9,-1.6,0.1,1.2,3.592,87,3.6,0,0,0,0,301.1,0.4137,1994-09-28,1,0.90488089106258,False,0,0.34079570958661415
BKR101_P003,101,P003,1995,4,323,1995-01-21,21,115,133,488,0,0,234236,4,wheat/winter wheat,0,1.1,2.8,1.1,3.709,96,3.2,0,0,0,0,306.8,0.4136,1994-09-28,1,0.90488089106258,False,0,0.34079570958661415
BKR101_P003,101,P003,1995,4,323,1995-01-22,22,116,133,488,0,0,234236,4,wheat/winter wheat,0,2.7,5.9,8.6,2.318,93,6.5,0,0,0.1,0,311.8,0.4203,1994-09-28,1,0.90488089106258,False,0,0.34079570958661415
BKR101_P003,101,P003,1995,4,323,1995-01-23,23,117,133,488,0,0,234236,4,wheat/winter wheat,3,5.3,8.3,3,3.218,75,7.7,0,0,0.7,0,319,0.4262,1994-09-28,1,0.90488089106258,False,0,0.34079570958661415
BKR101_P003,101,P003,1995,4,323,1995-01-24,24,118,133,488,0,0,234236,4,wheat/winter wheat,2.8,3.9,5.4,2,2.823,84,8,0,0,0.4,0,325.3,0.4347,1994-09-28,1,0.90488089106258,False,0,0.34079570958661415
BKR101_P003,101,P003,1995,4,323,1995-01-25,25,119,133,488,0,0,234236,4,wheat/winter wheat,1.5,2.6,3.6,1.6,1.976,95,4.3,0,0,0.1,0,330.1,0.4421,1994-09-28,1,0.90488089106258,False,0,0.34079570958661415
BKR101_P003,101,P003,1995,4,323,1995-01-26,26,120,133,488,0,0,234236,4,wheat/winter wheat,1.1,7.1,11.3,6.7,2.139,85,5.6,0,0,0.4,0,335.9,0.4477,1994-09-28,1,0.90488089106258,False,0,0.34079570958661415
BKR101_P003,101,P003,1995,4,323,1995-01-27,27,121,133,488,0,0,234236,4,wheat/winter wheat,0.1,1.7,5.3,2.4,4.624,91,6.7,0,0,0.2,0,342.9,0.4544,1994-09-28,1,0.90488089106258,False,0,0.34079570958661415
BKR101_P003,101,P003,1995,4,323,1995-01-28,28,122,133,488,0,0,234236,4,wheat/winter wheat,-0.2,3,7.4,2.5,1.777,90,6.6,0,0,0.2,0,347.7,0.4625,1994-09-28,1,0.90488089106258,False,0,0.34079570958661415
BKR101_P003,101,P003,1995,4,323,1995-01-29,29,123,133,488,0,0,234236,4,wheat/winter wheat,5.1,6,7.1,5.8,2.216,92,5.2,0,0,0.2,0,353.8,0.4679,1994-09-28,1,0.90488089106258,False,0,0.34079570958661415
BKR101_P003,101,P003,1995,4,323,1995-01-30,30,124,133,488,0,0,234236,4,wheat/winter wheat,-2.1,2.9,6.8,1,2.353,92,4.4,0,0,0.2,0,359.7,0.4749,1994-09-28,1,0.90488089106258,False,0,0.34079570958661415
BKR101_P003,101,P003,1995,4,323,1995-01-31,31,125,133,488,0,0,234236,4,wheat/winter wheat,-2.2,-1,0.5,0,4.124,91,2.9,0,0,0,0,359.5,0.4816,1994-09-28,1,0.90488089106258,False,0,0.34079570958661415
BKR101_P003,101,P003,1995,4,323,1995-02-01,32,126,133,488,0,0,234236,4,wheat/winter wheat,0.9,5.4,9.2,0.1,2.422,77,8.2,0,0,0.6,0,366.1,0.4815,1994-09-28,1,0.90488089106258,False,0,0.34079570958661415
BKR101_P003,101,P003,1995,4,323,1995-02-02,33,127,133,488,0,0,234236,4,wheat/winter wheat,0.4,5,9.5,0.6,3.475,81,5.1,0,0,0.5,0,374.5,0.489,1994-09-28,1,0.90488089106258,False,0,0.34079570958661415
BKR101_P003,101,P003,1995,4,323,1995-02-03,34,128,133,488,0,0,234236,4,wheat/winter wheat,-2.4,0.4,2.8,0,4.811,84,3.7,0,0,0.3,0,382.5,0.4984,1994-09-28,1,0.90488089106258,False,0,0.34079570958661415
BKR101_P003,101,P003,1995,4,323,1995-02-04,35,129,133,488,0,0,234236,4,wheat/winter wheat,1.3,4.2,6.5,5.5,2.346,90,6.2,0,0,0.3,0,389.2,0.5073,1994-09-28,1,0.90488089106258,False,0,0.34079570958661415
BKR101_P003,101,P003,1995,4,323,1995-02-05,36,130,133,488,0,0,234236,4,wheat/winter wheat,3.6,4.9,6.9,0.1,5.123,82,6.1,0,0,0.5,0,400.1,0.5148,1994-09-28,1,0.90488089106258,False,0,0.34079570958661415
BKR101_P003,101,P003,1995,4,323,1995-02-06,37,131,133,488,0,0,234236,4,wheat/winter wheat,4.8,7.6,10.9,0,1.362,94,6.6,0,0,0.2,0,405.8,0.527,1994-09-28,1,0.90488089106258,False,0,0.34079570958661415
BKR101_P003,101,P003,1995,4,323,1995-02-07,38,132,133,488,0,0,234236,4,wheat/winter wheat,2.9,6.3,9.2,3.5,1.366,88,8.5,0,0,0.3,0,411.7,0.5331,1994-09-28,1,0.90488089106258,False,0,0.34079570958661415
BKR101_P003,101,P003,1995,4,323,1995-02-08,39,133,133,488,0,0,234236,4,wheat/winter wheat,-1,0.6,2.4,2.2,2.24,98,5,0,0,0.1,0,418.1,0.5396,1994-09-28,1,0.90488089106258,False,0,0.34079570958661415
BKR101_P003,101,P003,1995,4,323,1995-02-09,40,134,133,488,0,0,234236,4,wheat/winter wheat,-3.3,-1.2,1.2,0,7.553,86,4.5,0,0,0,0,417.9,0.5465,1994-09-28,1,0.90488089106258,False,0,0.34079570958661415
BKR101_P003,101,P003,1995,4,323,1995-02-10,41,135,133,488,0,0,234236,4,wheat/winter wheat,-3.5,-1.2,1.6,0,6.329,90,3.4,0,0,0,0,417.6,0.5463,1994-09-28,1,0.90488089106258,False,0,0.34079570958661415
BKR101_P003,101,P003,1995,4,323,1995-02-11,42,136,133,488,0,0,234236,4,wheat/winter wheat,-1.4,2.5,5.8,2.7,3.585,97,3.6,0,0,0.1,0,426.4,0.5462,1994-09-28,1,0.90488089106258,False,0,0.34079570958661415
BKR101_P003,101,P003,1995,4,323,1995-02-12,43,137,133,488,0,0,234236,4,wheat/winter wheat,4.8,7.3,9.9,3.8,5.413,79,6.8,0,0,0.8,0,440.3,0.5557,1994-09-28,1,0.90488089106258,False,0,0.34079570958661415
BKR101_P003,101,P003,1995,4,323,1995-02-13,44,138,133,488,0,0,234236,4,wheat/winter wheat,1.8,6.2,11.3,0,7.763,77,4.1,0,0,0.7,0,454.9,0.5706,1994-09-28,1,0.90488089106258,False,0,0.34079570958661415
BKR101_P003,101,P003,1995,4,323,1995-02-14,45,139,133,488,0,0,234236,4,wheat/winter wheat,3.6,6.8,10.8,1,4.282,87,5.3,0,0,0.5,0,467.2,0.586,1994-09-28,1,0.90488089106258,False,0,0.34079570958661415
BKR101_P003,101,P003,1995,4,323,1995-02-15,46,140,133,488,0,0,234236,4,wheat/winter wheat,3,5.5,7.7,4.9,3.118,89,6.4,0,0,0.4,0,477.6,0.5989,1994-09-28,1,0.90488089106258,False,0,0.34079570958661415
BKR101_P003,101,P003,1995,4,323,1995-02-16,47,141,133,488,0,0,234236,4,wheat/winter wheat,3.7,6.9,10.1,2.4,7.931,82,6.2,0,0,0.8,0,494.6,0.6098,1994-09-28,1,0.90488089106258,False,0,0.34079570958661415
BKR101_P003,101,P003,1995,4,323,1995-02-17,48,142,133,488,0,0,234236,4,wheat/winter wheat,3.1,5.7,8.2,3.6,4.447,80,7.6,0,0,0.7,0,507.8,0.6273,1994-09-28,1,0.90488089106258,False,0,0.34079570958661415
BKR101_P003,101,P003,1995,4,323,1995-02-18,49,143,133,488,0,0,234236,4,wheat/winter wheat,2.5,4.2,6.5,0.6,4.64,86,5.4,0,0,0.5,0,520.8,0.6408,1994-09-28,1,0.90488089106258,False,0,0.34079570958661415
BKR101_P003,101,P003,1995,4,323,1995-02-19,50,144,133,488,0,0,234236,4,wheat/winter wheat,1.7,4.5,7.1,1.5,4.868,94,5.6,0,0,0.3,0,534.6,0.654,1994-09-28,1,0.90488089106258,False,0,0.34079570958661415
BKR101_P003,101,P003,1995,4,323,1995-02-20,51,145,133,488,0,0,234236,4,wheat/winter wheat,2.1,6.6,9.5,9.6,7.976,76,6.9,0,0,1,0,554.4,0.6679,1994-09-28,1,0.90488089106258,False,0,0.34079570958661415
BKR101_P003,101,P003,1995,4,323,1995-02-21,52,146,133,488,0,0,234236,4,wheat/winter wheat,2.2,7.9,13.5,5.2,8.247,81,4.8,0,0,0.9,0,575.8,0.6876,1994-09-28,1,0.90488089106258,False,0,0.34079570958661415
BKR101_P003,101,P003,1995,4,323,1995-02-22,53,147,133,488,0,0,234236,4,wheat/winter wheat,2.6,4.9,8.6,0.1,10.218,77,6.5,0,0,0.9,0,595.3,0.7087,1994-09-28,1,0.90488089106258,False,0,0.34079570958661415
BKR101_P003,101,P003,1995,4,323,1995-02-23,54,148,133,488,0,0,234236,4,wheat/winter wheat,0.4,3.1,5.6,0,5.484,72,5.5,0,0,0.8,0,610.7,0.7277,1994-09-28,1,0.90488089106258,False,0,0.34079570958661415
BKR101_P003,101,P003,1995,4,323,1995-02-24,55,149,133,488,0,0,234236,4,wheat/winter wheat,0.7,3,6.1,0.2,6.533,88,3.4,0,0,0.4,0,627.5,0.7427,1994-09-28,1,0.90488089106258,False,0,0.34079570958661415
BKR101_P003,101,P003,1995,4,323,1995-02-25,56,150,133,488,0,0,234236,4,wheat/winter wheat,-0.2,2.3,5.2,7.4,5.251,92,1.8,0,0,0.3,0,642.6,0.759,1994-09-28,1,0.90488089106258,False,0,0.34079570958661415
BKR101_P003,101,P003,1995,4,323,1995-02-26,57,151,133,488,0,0,234236,4,wheat/winter wheat,-2.3,-0.7,0.3,8.6,2.857,98,0.3,0,0,0,0,642.3,0.7736,1994-09-28,1,0.90488089106258,False,0,0.34079570958661415
BKR101_P003,101,P003,1995,4,323,1995-02-27,58,152,133,488,0,0,234236,4,wheat/winter wheat,-1.3,0.6,3.3,0,7.12,91,2.4,0,0,0.3,0,658.1,0.7734,1994-09-28,1,0.90488089106258,False,0,0.34079570958661415
BKR101_P003,101,P003,1995,4,323,1995-02-28,59,153,133,488,0,0,234236,4,wheat/winter wheat,0.3,5.3,9.3,2.6,1.653,94,7.6,0,0,0.3,0,671.4,0.7887,1994-09-28,1,0.90488089106258,False,0,0.34079570958661415
BKR101_P003,101,P003,1995,4,323,1995-03-01,60,154,133,488,0,0,234236,4,wheat/winter wheat,6.5,8.4,9.6,0,2.865,77,6.6,0,0,0.9,0,687.7,0.8014,1994-09-28,1,0.90488089106258,False,0,0.34079570958661415
BKR101_P003,101,P003,1995,4,323,1995-03-02,61,155,133,488,0,0,234236,4,wheat/winter wheat,1.9,4.6,8.7,2.6,7.521,76,4.8,0,0,0.9,0,709.4,0.8168,1994-09-28,1,0.90488089106258,False,0,0.34079570958661415
BKR101_P003,101,P003,1995,4,323,1995-03-03,62,156,133,488,0,0,234236,4,wheat/winter wheat,-0.1,3.8,7.9,1.2,5.394,89,3.9,0,0,0.5,0,728.1,0.8371,1994-09-28,1,0.90488089106258,False,0,0.34079570958661415
BKR101_P003,101,P003,1995,4,323,1995-03-04,63,157,133,488,0,0,234236,4,wheat/winter wheat,0,2,4.9,0,8.597,84,3.4,0,0,0.6,0,749,0.8546,1994-09-28,1,0.90488089106258,False,0,0.34079570958661415
BKR101_P003,101,P003,1995,4,323,1995-03-05,64,158,133,488,0,0,234236,4,wheat/winter wheat,-2.3,2.6,6.5,0,12.625,72,4,0,0,0.9,0,772.9,0.8739,1994-09-28,1,0.90488089106258,False,0,0.34079570958661415
BKR101_P003,101,P003,1995,4,323,1995-03-06,65,159,133,488,0,0,234236,4,wheat/winter wheat,1.1,3.7,7.4,1.2,8.152,84,4.8,0,0,0.7,0,796.5,0.8961,1994-09-28,1,0.90488089106258,False,0,0.34079570958661415
BKR101_P003,101,P003,1995,4,323,1995-03-07,66,160,133,488,0,0,234236,4,wheat/winter wheat,-0.1,2.6,6.4,0,10.74,85,3.7,0,0,0.7,0,821.9,0.9179,1994-09-28,1,0.90488089106258,False,0,0.34079570958661415
BKR101_P003,101,P003,1995,4,323,1995-03-08,67,161,133,488,0,0,234236,4,wheat/winter wheat,-2.9,2.2,8.3,0,13.031,71,3.2,0,0,1,0,847.2,0.9411,1994-09-28,1,0.90488089106258,False,0,0.34079570958661415
BKR101_P003,101,P003,1995,4,323,1995-03-09,68,162,133,488,0,0,234236,4,wheat/winter wheat,-1.9,2.1,6.8,0,10.053,85,2.2,0,0,0.7,0,872.3,0.9644,1994-09-28,1,0.90488089106258,False,0,0.34079570958661415
BKR101_P003,101,P003,1995,4,323,1995-03-10,69,163,133,488,0,0,234236,4,wheat/winter wheat,-2,3,8.9,0,14.236,76,1.4,0,0,0.9,0,900.8,0.9872,1994-09-28,1,0.90488089106258,False,0,0.34079570958661415
BKR101_P003,101,P003,1995,4,323,1995-03-11,70,164,133,488,0,0,234236,4,wheat/winter wheat,-1.8,1,4.7,0,13.697,93,3.7,0,0,0.5,0,926.8,1.0132,1994-09-28,1,0.90488089106258,False,0,0.34079570958661415
BKR101_P003,101,P003,1995,4,323,1995-03-12,71,165,133,488,0,0,234236,4,wheat/winter wheat,-2.6,1.6,6.8,0,9.782,88,3.5,0,0,0.6,0,952.6,1.0368,1994-09-28,1,0.90488089106258,False,0,0.34079570958661415
BKR101_P003,101,P003,1995,4,323,1995-03-13,72,166,133,488,0,0,234236,4,wheat/winter wheat,-0.8,2.2,4.2,0,3.463,82,4.6,0,0,0.6,0,973.7,1.0602,1994-09-28,1,0.90488089106258,False,0,0.34079570958661415
BKR101_P003,101,P003,1995,4,323,1995-03-14,73,167,133,488,0,0,234236,4,wheat/winter wheat,-6.1,-3.2,-1.3,0,9.278,66,5.8,0,0,0,0,973.4,1.0794,1994-09-28,1,0.90488089106258,False,0,0.34079570958661415
BKR101_P003,101,P003,1995,4,323,1995-03-15,74,168,133,488,0,0,234236,4,wheat/winter wheat,-4.7,-0.6,3.4,0.1,7.915,80,4.8,0,0,0,0,972.9,1.0791,1994-09-28,1,0.90488089106258,False,0,0.34079570958661415
BKR101_P003,101,P003,1995,4,323,1995-03-16,75,169,133,488,0,0,234236,4,wheat/winter wheat,-1.1,0.4,2,1.7,3.518,99,3.5,0,0,0.2,0,993.3,1.0787,1994-09-28,1,0.90488089106258,False,0,0.34079570958661415
BKR101_P003,101,P003,1995,4,323,1995-03-17,76,170,133,488,0,0,234236,4,wheat/winter wheat,-0.5,3.7,7.5,4.1,5.82,88,6.8,0,0,0.6,0,1020.1,1.0972,1994-09-28,1,0.90488089106258,False,0,0.34079570958661415
BKR101_P003,101,P003,1995,4,323,1995-03-18,77,171,133,488,0,0,234236,4,wheat/winter wheat,3,5.4,8.8,1.5,7.31,74,8,0,0,1.3,0,1051.5,1.1213,1994-09-28,1,0.90488089106258,False,0,0.34079570958661415
BKR101_P003,101,P003,1995,4,323,1995-03-19,78,172,133,488,0,0,234236,4,wheat/winter wheat,1.3,3.5,6.3,6.2,9.112,88,5.5,0,0,0.7,0,1083.5,1.1494,1994-09-28,1,0.90488089106258,False,0,0.34079570958661415
BKR101_P003,101,P003,1995,4,323,1995-03-20,79,173,133,488,0,0,234236,4,wheat/winter wheat,0.7,3.1,5.6,4.2,7.041,84,7.8,0,0,0.7,0,1113.3,1.1777,1994-09-28,1,0.90488089106258,False,0,0.34079570958661415
BKR101_P003,101,P003,1995,4,323,1995-03-21,80,174,133,488,0,0,234236,4,wheat/winter wheat,1,4.1,7.4,0,11.497,76,5.4,0,0,1.2,0,1151,1.204,1994-09-28,1,0.90488089106258,False,0,0.34079570958661415
BKR101_P003,101,P003,1995,4,323,1995-03-22,81,175,133,488,0,0,234236,4,wheat/winter wheat,-1.1,2.9,6.7,0.5,12.499,75,5,0,0,1.2,0,1188.3,1.2371,1994-09-28,1,0.90488089106258,False,0,0.34079570958661415
BKR101_P003,101,P003,1995,4,323,1995-03-23,82,176,133,488,0,0,234236,4,wheat/winter wheat,3.6,7.1,10.9,0.1,13.321,78,5.5,0,0,1.6,0,1237.8,1.2696,1994-09-28,1,0.90488089106258,False,0,0.34079570958661415
BKR101_P003,101,P003,1995,4,323,1995-03-24,83,177,133,488,0,0,234236,4,wheat/winter wheat,3.9,9.2,14.6,0,14.398,68,5.3,0,0,2.4,0,1295.5,1.3121,1994-09-28,1,0.90488089106258,False,0,0.34079570958661415
BKR101_P003,101,P003,1995,4,323,1995-03-25,84,178,133,488,0,0,234236,4,wheat/winter wheat,2.1,5.9,8.5,8,7.574,83,8.2,0,0,1,0,1336,1.3608,1994-09-28,1,0.90488089106258,False,0,0.34079570958661415
BKR101_P003,101,P003,1995,4,323,1995-03-26,85,179,133,488,0,0,234236,4,wheat/winter wheat,2.2,4.6,8.2,1.1,11.465,77,6.9,0,0,1.3,0,1380.8,1.3946,1994-09-28,1,0.90488089106258,False,0,0.34079570958661415
BKR101_P003,101,P003,1995,4,323,1995-03-27,86,180,133,488,0,0,234236,4,wheat/winter wheat,-0.7,2,5,13.4,7.958,86,6,0,0,0.7,0,1416.8,1.4315,1994-09-28,1,0.90488089106258,False,0,0.34079570958661415
BKR101_P003,101,P003,1995,4,323,1995-03-28,87,181,133,488,0,0,234236,4,wheat/winter wheat,-1.3,-0.3,1.5,0.4,7.868,84,6.6,0,0,0,0,1416.1,1.4611,1994-09-28,1,0.90488089106258,False,0,0.34079570958661415
BKR101_P003,101,P003,1995,4,323,1995-03-29,88,182,133,488,0,0,234236,4,wheat/winter wheat,-1,0.5,3.1,0.3,8.825,80,3.4,0,0,0.8,0,1450.7,1.4606,1994-09-28,1,0.90488089106258,False,0,0.34079570958661415
BKR101_P003,101,P003,1995,4,323,1995-03-30,89,183,133,488,0,0,234236,4,wheat/winter wheat,-2.2,2,6.7,0,15.615,70,3.3,0,0,1.4,0,1496.4,1.4891,1994-09-28,1,0.90488089106258,False,0,0.34079570958661415
BKR101_P003,101,P003,1995,4,323,1995-03-31,90,184,133,488,0,0,234236,4,wheat/winter wheat,-1.7,3,8.1,2,11.765,83,3.7,0,0,1,0,1541.6,1.5266,1994-09-28,1,0.90488089106258,False,0,0.34079570958661415
BKR101_P003,101,P003,1995,4,323,1995-04-01,91,185,133,488,0,0,234236,4,wheat/winter wheat,3.1,7,10.3,0.3,15.201,77,6,0,0,1.8,0,1605.6,1.5636,1994-09-28,1,0.90488089106258,False,0,0.34079570958661415
BKR101_P003,101,P003,1995,4,323,1995-04-02,92,186,133,488,0,0,234236,4,wheat/winter wheat,4.9,9.7,16.7,0.9,9.157,76,7.4,0,0,2.1,0,1661,1.6151,1994-09-28,1,0.90488089106258,False,0,0.34079570958661415
BKR101_P003,101,P003,1995,4,323,1995-04-03,93,187,133,488,0,0,234236,4,wheat/winter wheat,7.3,9.5,11.6,0,6.266,81,6.6,0,0,1.4,0,1712.6,1.6588,1994-09-28,1,0.90488089106258,False,0,0.34079570958661415
BKR101_P003,101,P003,1995,4,323,1995-04-04,94,188,133,488,0,0,234236,4,wheat/winter wheat,1.9,6.6,9.2,3.1,13.781,73,6.4,0,0,1.8,0,1778.6,1.6985,1994-09-28,1,0.90488089106258,False,0,0.34079570958661415
BKR101_P003,101,P003,1995,4,323,1995-04-05,95,189,133,488,0,0,234236,4,wheat/winter wheat,-1.1,4.2,8.6,0,18.064,72,3,0,0,1.7,0,1844.8,1.7485,1994-09-28,1,0.90488089106258,False,0,0.34079570958661415
BKR101_P003,101,P003,1995,4,323,1995-04-06,96,190,133,488,0,0,234236,4,wheat/winter wheat,5.7,8.5,11.6,1.1,6.095,83,5.7,0,0,1.2,0,1899,1.7984,1994-09-28,1,0.90488089106258,False,0,0.34079570958661415
BKR101_P003,101,P003,1995,4,323,1995-04-07,97,191,133,488,0,0,234236,4,wheat/winter wheat,4.7,7,9.9,5.8,4.115,85,8,0,0,1,0,1948.5,1.8383,1994-09-28,1,0.90488089106258,False,0,0.34079570958661415
BKR101_P003,101,P003,1995,4,323,1995-04-08,98,192,133,488,0,0,234236,4,wheat/winter wheat,3,4.2,5.9,0.3,10.312,67,8.1,0,0,1.7,0,2006.7,1.8742,1994-09-28,1,0.90488089106258,False,0,0.34079570958661415
BKR101_P003,101,P003,1995,4,323,1995-04-09,99,193,133,488,0,0,234236,4,wheat/winter wheat,-0.3,3.5,6.8,0,13.765,64,4.7,0,0,1.7,0,2069.5,1.916,1994-09-28,1,0.90488089106258,False,0,0.34079570958661415
BKR101_P003,101,P003,1995,4,323,1995-04-10,100,194,133,488,0,0,234236,4,wheat/winter wheat,-1.2,4.7,8.7,0,17.97,65,1.4,0,0,1.8,0,2145.8,1.9607,1994-09-28,1,0.90488089106258,False,0,0.34079570958661415
BKR101_P003,101,P003,1995,4,323,1995-04-11,101,195,133,488,0,0,234236,4,wheat/winter wheat,2.3,4.5,6.3,0.4,8.551,90,0.8,0,0,1,0,2206,2.0146,1994-09-28,1,0.90488089106258,False,0,0.34079570958661415
BKR101_P003,101,P003,1995,4,323,1995-04-12,102,196,133,488,0,0,234236,4,wheat/winter wheat,1.8,5.7,8.9,0,8.464,88,2.4,0,0,1,0,2269.8,2.0566,1994-09-28,1,0.90488089106258,False,0,0.34079570958661415
BKR101_P003,101,P003,1995,4,323,1995-04-13,103,197,133,488,0,0,234236,4,wheat/winter wheat,0.3,3.2,6,0,6.833,89,3.6,0,0,0.8,0,2326.2,2.1006,1994-09-28,1,0.90488089106258,False,0,0.34079570958661415
BKR101_P003,101,P003,1995,4,323,1995-04-14,104,198,133,488,0,0,234236,4,wheat/winter wheat,-1.4,6.4,13.6,0,21.218,72,2.9,0,0,2.4,0,2420.8,2.1392,1994-09-28,1,0.90488089106258,False,0,0.34079570958661415
BKR101_P003,101,P003,1995,4,323,1995-04-15,105,199,133,488,0,0,234236,4,wheat/winter wheat,0.1,5.8,14.7,11.8,11.212,84,1.9,0,0,1.4,0,2491.5,2.203,1994-09-28,1,0.90488089106258,False,0,0.34079570958661415
BKR101_P003,101,P003,1995,4,323,1995-04-16,106,200,133,488,0,0,234236,4,wheat/winter wheat,1,4,8,3.1,8.048,90,3.3,0,0,0.9,0,2555.2,2.2499,1994-09-28,1,0.90488089106258,False,0,0.34079570958661415
BKR101_P003,101,P003,1995,4,323,1995-04-17,107,201,133,488,0,0,234236,4,wheat/winter wheat,0.8,3.1,6,3.9,10.287,93,3.8,0,0,0.8,0,2621.8,2.2918,1994-09-28,1,0.90488089106258,False,0,0.34079570958661415
BKR101_P003,101,P003,1995,4,323,1995-04-18,108,202,133,488,0,0,234236,4,wheat/winter wheat,3.5,7.4,12.6,13.2,8.859,90,5.1,0,0,1.1,0,2696.5,2.3354,1994-09-28,1,0.90488089106258,False,0,0.34079570958661415
BKR101_P003,101,P003,1995,4,323,1995-04-19,109,203,133,488,0,0,234236,4,wheat/winter wheat,1.8,5.2,8.3,3,8.567,83,2.2,0,0,1.2,0,2768.8,2.3834,1994-09-28,1,0.90488089106258,False,0,0.34079570958661415
BKR101_P003,101,P003,1995,4,323,1995-04-20,110,204,133,488,0,0,234236,4,wheat/winter wheat,2.9,5.2,7.6,9.8,8.12,89,3.5,0,0,1,0,2841.4,2.4291,1994-09-28,1,0.90488089106258,False,0,0.34079570958661415
BKR101_P003,101,P003,1995,4,323,1995-04-21,111,205,133,488,0,0,234236,4,wheat/winter wheat,1.5,5.4,8.3,0,12.584,87,3,0,0,1.3,0,2926.4,2.4745,1994-09-28,1,0.90488089106258,False,0,0.34079570958661415
BKR101_P003,101,P003,1995,4,323,1995-04-22,112,206,133,488,0,0,234236,4,wheat/winter wheat,4.5,16,25.9,0,22.876,62,4.8,0,0,5.2,0,3071.7,2.527,1994-09-28,1,0.90488089106258,False,0,0.34079570958661415
BKR101_P003,101,P003,1995,4,323,1995-04-23,113,207,133,488,0,0,234236,4,wheat/winter wheat,12.9,19.5,26.5,0,22.619,50,5.3,0,0,6.7,0,3219.3,2.6125,1994-09-28,1,0.90488089106258,False,0,0.34079570958661415
BKR101_P003,101,P003,1995,4,323,1995-04-24,114,208,133,488,0,0,234236,4,wheat/winter wheat,12.3,17.3,22,0,22.091,62,4.9,0,0,5.1,0,3376.6,2.6941,1994-09-28,1,0.90488089106258,False,0,0.34079570958661415
BKR101_P003,101,P003,1995,4,323,1995-04-25,115,209,133,488,0,0,234236,4,wheat/winter wheat,10.3,16.7,23,0,23.603,59,4.6,0,0,5.4,0,3542.8,2.7761,1994-09-28,1,0.90488089106258,False,0,0.34079570958661415
BKR101_P003,101,P003,1995,4,323,1995-04-26,116,210,133,488,0,0,234236,4,wheat/winter wheat,6.3,11.7,18.1,0,21.667,80,3.5,0,0,3.1,0,3694,2.8579,1994-09-28,1,0.90488089106258,False,0,0.34079570958661415
BKR101_P003,101,P003,1995,4,323,1995-04-27,117,211,133,488,0,0,234236,4,wheat/winter wheat,5.2,6.7,8.1,0,7.244,96,3.5,0,0,0.8,0,3782.6,2.9292,1994-09-28,1,0.90488089106258,False,0,0.34079570958661415
BKR101_P003,101,P003,1995,4,323,1995-04-28,118,212,133,488,0,0,234236,4,wheat/winter wheat,4.1,7,8.8,0,7.969,76,3.9,0,0,1.5,0,3875.8,2.9701,1994-09-28,1,0.90488089106258,False,0,0.34079570958661415
BKR101_P003,101,P003,1995,4,323,1995-04-29,119,213,133,488,0,0,234236,4,wheat/winter wheat,-1.1,6.5,12.4,0,24.08,65,1.9,0,0,2.8,0,4017.8,3.0121,1994-09-28,1,0.90488089106258,False,0,0.34079570958661415
BKR101_P003,101,P003,1995,4,323,1995-04-30,120,214,133,488,0,0,234236,4,wheat/winter wheat,2.6,9.9,16.3,0,23.29,64,2.8,0,0,3.5,0,4178.9,3.0747,1994-09-28,1,0.90488089106258,False,0,0.34079570958661415
BKR101_P003,101,P003,1995,4,323,1995-05-01,121,215,133,488,0,0,234236,4,wheat/winter wheat,6.7,10.6,15.4,0,23.159,61,2.9,0,0,3.7,0,4345.4,3.1432,1994-09-28,1,0.90488089106258,False,0,0.34079570958661415
BKR101_P003,101,P003,1995,4,323,1995-05-02,122,216,133,488,0,0,234236,4,wheat/winter wheat,2.1,8.9,14.8,0,26.104,59,1.8,0,0,3.4,0,4513.3,3.2111,1994-09-28,1,0.90488089106258,False,0,0.34079570958661415
BKR101_P003,101,P003,1995,4,323,1995-05-03,123,217,133,488,0,0,234236,4,wheat/winter wheat,2.2,11.7,19.1,0,25.051,62,1.2,0,0,3.5,0,4696.2,3.2792,1994-09-28,1,0.90488089106258,False,0,0.34079570958661415
BKR101_P003,101,P003,1995,4,323,1995-05-04,124,218,133,488,0,0,234236,4,wheat/winter wheat,7.3,14.8,20.9,0,22.532,61,3,0,0,4.3,0,4876.1,3.353,1994-09-28,1,0.90488089106258,False,0,0.34079570958661415
BKR101_P003,101,P003,1995,4,323,1995-05-05,125,219,133,488,0,0,234236,4,wheat/winter wheat,7.8,15.4,22.6,0,22.624,72,2.4,0,0,3.9,0,5054.8,3.4252,1994-09-28,1,0.90488089106258,False,0,0.34079570958661415
BKR101_P003,101,P003,1995,4,323,1995-05-06,126,220,133,488,0,0,234236,4,wheat/winter wheat,9.7,14.9,20.3,0,24.382,62,3.7,0,0,4.8,0,5247,3.4965,1994-09-28,1,0.90488089106258,False,0,0.34079570958661415
BKR101_P003,101,P003,1995,4,323,1995-05-07,127,221,133,488,0,0,234236,4,wheat/winter wheat,6.1,10.7,15.7,0,19.547,74,3.5,0,0,3.1,0,5405.3,3.5727,1994-09-28,1,0.90488089106258,False,0,0.34079570958661415
BKR101_P003,101,P003,1995,4,323,1995-05-08,128,222,133,488,0,0,234236,4,wheat/winter wheat,7.7,11.9,17.3,2.7,11.504,85,2.6,0,0,2,0,5524.4,3.6353,1994-09-28,1,0.90488089106258,False,0,0.34079570958661415
BKR101_P003,101,P003,1995,4,323,1995-05-09,129,223,133,488,0,0,234236,4,wheat/winter wheat,5.9,8.7,12.2,5.9,9.23,89,4.3,0,0,1.4,0,5633.7,3.6821,1994-09-28,1,0.90488089106258,False,0,0.34079570958661415
BKR101_P003,101,P003,1995,4,323,1995-05-10,130,224,133,488,0,0,234236,4,wheat/winter wheat,3.7,7.4,10.7,0,15.046,82,1.7,0,0,1.9,0,5765.4,3.725,1994-09-28,1,0.90488089106258,False,0,0.34079570958661415
BKR101_P003,101,P003,1995,4,323,1995-05-11,131,225,133,488,0,0,234236,4,wheat/winter wheat,2.2,7.6,12.3,0,17.521,77,2,0,0,2.3,0,5907.6,3.7765,1994-09-28,1,0.90488089106258,False,0,0.34079570958661415
BKR101_P003,101,P003,1995,4,323,1995-05-12,132,226,133,488,0,0,234236,4,wheat/winter wheat,1.9,8.1,12.8,3.5,10.132,88,2.8,0,0,1.5,0,6022.4,3.8319,1994-09-28,1,0.90488089106258,False,0,0.34079570958661415
BKR101_P003,101,P003,1995,4,323,1995-05-13,133,227,133,488,0,0,234236,4,wheat/winter wheat,5.6,7.1,9.5,13.3,1.567,98,5.9,0,0,0.4,0,6117.9,3.8765,1994-09-28,1,0.90488089106258,False,0,0.34079570958661415
BKR101_P003,101,P003,1995,4,323,1995-05-14,134,228,133,488,0,0,234236,4,wheat/winter wheat,5.5,7.6,10.5,0,10.695,69,6.8,0,0,2.4,0,6234.9,3.9135,1994-09-28,1,0.90488089106258,False,0,0.34079570958661415
BKR101_P003,101,P003,1995,4,323,1995-05-15,135,229,133,488,0,0,234236,4,wheat/winter wheat,2.8,8.2,12.6,0,20.719,69,3.8,0,0,3,0,6396.5,3.9587,1994-09-28,1,0.90488089106258,False,0,0.34079570958661415
BKR101_P003,101,P003,1995,4,323,1995-05-16,136,230,133,488,0,0,234236,4,wheat/winter wheat,5.3,10.3,14.5,0.2,16.615,70,1.5,0,0,2.6,0,6547.8,4.0209,1994-09-28,1,0.90488089106258,False,0,0.34079570958661415
BKR101_P003,101,P003,1995,4,323,1995-05-17,137,231,133,488,0,0,234236,4,wheat/winter wheat,8.1,11.5,15.6,1.1,8.042,91,3.3,0,0,1.4,0,6654.4,4.0788,1994-09-28,1,0.90488089106258,False,0,0.34079570958661415
BKR101_P003,101,P003,1995,4,323,1995-05-18,138,232,133,488,0,0,234236,4,wheat/winter wheat,7.8,10.9,13.4,7.3,10.05,82,3.8,0,0,1.9,0,6775.5,4.1194,1994-09-28,1,0.90488089106258,False,0,0.34079570958661415
BKR101_P003,101,P003,1995,4,323,1995-05-19,139,233,133,488,0,0,234236,4,wheat/winter wheat,5.3,8.5,11.8,0.5,17.648,77,3,0,0,2.5,0,6928.1,4.1653,1994-09-28,1,0.90488089106258,False,0,0.34079570958661415
BKR101_P003,101,P003,1995,4,323,1995-05-20,140,234,133,488,0,0,234236,4,wheat/winter wheat,3.9,10.4,15.2,0,19.606,66,1.3,0,0,2.9,0,7097.5,4.223,1994-09-28,1,0.90488089106258,False,0,0.34079570958661415
BKR101_P003,101,P003,1995,4,323,1995-05-21,141,235,133,488,0,0,234236,4,wheat/winter wheat,2.7,9.1,13.6,0,22.9,71,2.8,0,0,3.2,0,7279.1,4.2867,1994-09-28,1,0.90488089106258,False,0,0.34079570958661415
BKR101_P003,101,P003,1995,4,323,1995-05-22,142,236,133,488,0,0,234236,4,wheat/winter wheat,1.1,9.3,16.3,0,29.302,66,2.1,0,0,4,0,7486.6,4.3547,1994-09-28,1,0.90488089106258,False,0,0.34079570958661415
BKR101_P003,101,P003,1995,4,323,1995-05-23,143,237,133,488,0,0,234236,4,wheat/winter wheat,4.2,13.3,20.1,0,24.409,63,1.6,0,0,4,0,7689.4,4.4321,1994-09-28,1,0.90488089106258,False,0,0.34079570958661415
BKR101_P003,101,P003,1995,4,323,1995-05-24,144,238,133,488,0,0,234236,4,wheat/winter wheat,7.8,16,22.7,0,28.384,58,2.7,0,0,5.4,0,7918.2,4.5071,1994-09-28,1,0.90488089106258,False,0,0.34079570958661415
BKR101_P003,101,P003,1995,4,323,1995-05-25,145,239,133,488,0,0,234236,4,wheat/winter wheat,8.4,16.7,23.6,0,29.225,59,2.4,0,0,5.5,0,8151.5,4.591,1994-09-28,1,0.90488089106258,False,0,0.34079570958661415
BKR101_P003,101,P003,1995,4,323,1995-05-26,146,240,133,488,0,0,234236,4,wheat/winter wheat,9.1,18.2,25.5,0,24.662,67,2.2,0,0,4.8,0,8350.1,4.676,1994-09-28,1,0.90488089106258,False,0,0.34079570958661415
BKR101_P003,101,P003,1995,4,323,1995-05-27,147,241,133,488,0,0,234236,4,wheat/winter wheat,15,20.3,27.6,0.8,20.7,77,3.8,0,0,4.7,0,8502.6,4.7475,1994-09-28,1,0.90488089106258,False,0,0.34079570958661415
BKR101_P003,101,P003,1995,4,323,1995-05-28,148,242,133,488,0,0,234236,4,wheat/winter wheat,12.8,18.1,24.1,0,26.006,72,2.8,0,0,5,0,8709.6,4.802,1994-09-28,1,0.90488089106258,False,0,0.34079570958661415
BKR101_P003,101,P003,1995,4,323,1995-05-29,149,243,133,488,0,0,234236,4,wheat/winter wheat,12.6,20.6,27.1,0,27.388,70,3.2,0,0,5.8,0,8917.2,4.8752,1994-09-28,1,0.90488089106258,False,0,0.34079570958661415
BKR101_P003,101,P003,1995,4,323,1995-05-30,150,244,133,488,0,0,234236,4,wheat/winter wheat,15.4,16.7,18.6,16,8.348,97,2.4,0,0,1.5,0,9015.4,4.948,1994-09-28,1,0.90488089106258,False,0,0.34079570958661415
BKR101_P003,101,P003,1995,4,323,1995-05-31,151,245,133,488,0,0,234236,4,wheat/winter wheat,13.7,14.9,16.5,3,5.56,98,2.1,0,0,1.1,0,9104.7,4.9821,1994-09-28,1,0.90488089106258,False,0,0.34079570958661415
BKR101_P003,101,P003,1995,4,323,1995-06-01,152,246,133,488,0,0,234236,4,wheat/winter wheat,10.7,14.1,16.7,0.4,5.375,99,2,0,0,1,0,9200.3,5.013,1994-09-28,1,0.90488089106258,False,0,0.34079570958661415
BKR101_P003,101,P003,1995,4,323,1995-06-02,153,247,133,488,0,0,234236,4,wheat/winter wheat,8.1,10,10.7,20.6,5.062,98,3.9,0,0,0.8,0,9309,5.0458,1994-09-28,1,0.90488089106258,False,0,0.34079570958661415
BKR101_P003,101,P003,1995,4,323,1995-06-03,154,248,133,488,0,0,234236,4,wheat/winter wheat,7,13.1,18.5,0,20.926,76,1.7,0,0,3.4,0,9509,5.0829,1994-09-28,1,0.90488089106258,False,0,0.34079570958661415
BKR101_P003,101,P003,1995,4,323,1995-06-04,155,249,133,488,0,0,234236,4,wheat/winter wheat,10.5,14.9,21.2,0.2,18.575,84,1.7,0,0,3.1,0,9682.3,5.1507,1994-09-28,1,0.90488089106258,False,0,0.34079570958661415
BKR101_P003,101,P003,1995,4,323,1995-06-05,156,250,133,488,0,0,234236,4,wheat/winter wheat,10.4,16,20.8,2,24.868,78,1.6,0,0,4.1,0,9909.6,5.2089,1994-09-28,1,0.90488089106258,False,0,0.34079570958661415
BKR101_P003,101,P003,1995,4,323,1995-06-06,157,251,133,488,0,0,234236,4,wheat/winter wheat,12.4,14.6,17.8,7.7,9.76,95,0.7,0,0,1.7,0,10025.2,5.2847,1994-09-28,1,0.90488089106258,False,0,0.34079570958661415
BKR101_P003,101,P003,1995,4,323,1995-06-07,158,252,133,488,0,0,234236,4,wheat/winter wheat,12.6,15,18.7,6.9,12.439,89,1.4,0,0,2.2,0,10158,5.323,1994-09-28,1,0.90488089106258,False,0,0.34079570958661415
BKR101_P003,101,P003,1995,4,323,1995-06-08,159,253,133,488,0,0,234236,4,wheat/winter wheat,9.8,13.3,17,2.2,23.656,76,2.8,0,0,3.9,0,10378.3,5.3666,1994-09-28,1,0.90488089106258,False,0,0.34079570958661415
BKR101_P003,101,P003,1995,4,323,1995-06-09,160,254,133,488,0,0,234236,4,wheat/winter wheat,8.5,10.4,11.8,6.2,7.348,97,1,0,0,1.2,0,10490.9,5.4386,1994-09-28,1,0.90488089106258,False,0,0.34079570958661415
BKR101_P003,101,P003,1995,4,323,1995-06-10,161,255,133,488,0,0,234236,4,wheat/winter wheat,6.5,13.2,18.8,0.2,19.52,81,1.3,0,0,3.1,0,10678.3,5.4752,1994-09-28,1,0.90488089106258,False,0,0.34079570958661415
BKR101_P003,101,P003,1995,4,323,1995-06-11,162,256,133,488,0,0,234236,4,wheat/winter wheat,8.2,11.2,13.9,12,7.377,96,1.2,0,0,1.3,0,10786.7,5.5356,1994-09-28,1,0.90488089106258,False,0,0.34079570958661415
BKR101_P003,101,P003,1995,4,323,1995-06-12,163,257,133,488,0,0,234236,4,wheat/winter wheat,9.3,12.8,16.1,2.9,13.371,89,0.7,0,0,2.2,0,10932.7,5.5703,1994-09-28,1,0.90488089106258,False,0,0.34079570958661415
BKR101_P003,101,P003,1995,4,323,1995-06-13,164,258,133,488,0,0,234236,4,wheat/winter wheat,9.7,11.5,12.6,28.5,4.339,99,3.4,0,0,0.8,0,11034.7,5.6168,1994-09-28,1,0.90488089106258,False,0,0.34079570958661415
BKR101_P003,101,P003,1995,4,323,1995-06-14,165,259,133,488,0,0,234236,4,wheat/winter wheat,8.8,14.3,18.9,0,23.558,77,2.7,0,0,3.9,7.6,11257.1,5.6492,1994-09-28,1,0.90488089106258,False,0,0.34079570958661415
BKR101_P003,101,P003,1995,4,323,1995-06-15,166,260,133,488,0,0,234236,4,wheat/winter wheat,9.4,11.7,14,1.7,8.44,92,0.8,0,0,1.5,20.1,11373.6,5.7166,1994-09-28,1,0.90488089106258,False,0,0.34079570958661415
BKR101_P003,101,P003,1995,4,323,1995-06-16,167,261,133,488,0,0,234236,4,wheat/winter wheat,8.4,12.4,18,2.9,17.789,86,2.2,0,0,2.8,52.3,11548.9,5.7487,1994-09-28,1,0.90488089106258,False,0,0.34079570958661415
BKR101_P003,101,P003,1995,4,323,1995-06-17,168,262,133,488,0,0,234236,4,wheat/winter wheat,9.4,12.9,17.8,2,15.56,83,2.8,0,0,2.7,94.6,11710.3,5.7918,1994-09-28,1,0.90488089106258,False,0,0.34079570958661415
BKR101_P003,101,P003,1995,4,323,1995-06-18,169,263,133,488,0,0,234236,4,wheat/winter wheat,11.3,14.2,17.2,1.7,13.732,91,3.3,0,0,2.3,147.3,11862.9,5.8267,1994-09-28,1,0.90488089106258,False,0,0.34079570958661415
BKR101_P003,101,P003,1995,4,323,1995-06-19,170,264,133,488,0,0,234236,4,wheat/winter wheat,8.1,14.3,19.3,0,24.117,71,3.2,0,0,4.3,248.5,12099.4,5.8547,1994-09-28,1,0.90488089106258,False,0,0.34079570958661415
BKR101_P003,101,P003,1995,4,323,1995-06-20,171,265,133,488,0,0,234236,4,wheat/winter wheat,9.8,18.3,23.9,0,21.925,75,1.1,0,0,3.9,360.3,12309.5,5.8907,1994-09-28,1,0.90488089106258,False,0,0.34079570958661415
BKR101_P003,101,P003,1995,4,323,1995-06-21,172,266,133,488,0,0,234236,4,wheat/winter wheat,12.9,17.7,21.4,20.8,12.198,95,1.8,0,0,2.2,441.6,12438.7,5.9143,1994-09-28,1,0.90488089106258,False,0,0.34079570958661415
BKR101_P003,101,P003,1995,4,323,1995-06-22,173,267,133,488,0,0,234236,4,wheat/winter wheat,8.7,10.7,12.7,2.6,11.816,91,3.6,0,0,1.8,545.4,12590.5,5.924,1994-09-28,1,0.90488089106258,False,0,0.34079570958661415
BKR101_P003,101,P003,1995,4,323,1995-06-23,174,268,133,488,0,0,234236,4,wheat/winter wheat,7.9,11.8,14.3,0,8.889,93,2.1,0,0,1.5,641.7,12720,5.9322,1994-09-28,1,0.90488089106258,False,0,0.34079570958661415
BKR101_P003,101,P003,1995,4,323,1995-06-24,175,269,133,488,0,0,234236,4,wheat/winter wheat,11.5,15.1,19,1.7,19.432,83,3.1,0,0,3.4,810.5,12925.8,5.9362,1994-09-28,1,0.90488089106258,False,0,0.34079570958661415
BKR101_P003,101,P003,1995,4,323,1995-06-25,176,270,133,488,0,0,234236,4,wheat/winter wheat,13.6,17.7,22,0,27.158,73,3.8,0,0,5.3,1030,13190.9,5.9365,1994-09-28,1,0.90488089106258,False,0,0.34079570958661415
BKR101_P003,101,P003,1995,4,323,1995-06-26,177,271,133,488,0,0,234236,4,wheat/winter wheat,13,18.2,22.9,0,29.868,75,3.7,0,0,5.6,1268.6,13478.1,5.9311,1994-09-28,1,0.90488089106258,False,0,0.34079570958661415
BKR101_P003,101,P003,1995,4,323,1995-06-27,178,272,133,488,0,0,234236,4,wheat/winter wheat,12.5,18.4,24.6,0,29.506,70,2.9,0,0,5.7,1495.4,13750.3,5.9215,1994-09-28,1,0.90488089106258,False,0,0.34079570958661415
BKR101_P003,101,P003,1995,4,323,1995-06-28,179,273,133,488,0,0,234236,4,wheat/winter wheat,9.7,17,23.2,0,30.073,63,1.4,0,0,5.2,1736.1,14038.5,5.9077,1994-09-28,1,0.90488089106258,False,0,0.34079570958661415
BKR101_P003,101,P003,1995,4,323,1995-06-29,180,274,133,488,0,0,234236,4,wheat/winter wheat,14.2,19.8,25.7,0,30.015,65,3.1,0,0,6.3,1958.9,14303.9,5.8903,1994-09-28,1,0.90488089106258,False,0,0.34079570958661415
BKR101_P003,101,P003,1995,4,323,1995-06-30,181,275,133,488,0,0,234236,4,wheat/winter wheat,13.1,18.1,24.6,0,28.064,73,2.6,0,0,5.3,2171.3,14555.8,5.868,1994-09-28,1,0.90488089106258,False,0,0.34079570958661415
BKR101_P003,101,P003,1995,4,323,1995-07-01,182,276,133,488,0,0,234236,4,wheat/winter wheat,9.5,16.9,21.5,0,26.37,70,2.8,0,0,4.9,2393.3,14818.7,5.8417,1994-09-28,1,0.90488089106258,False,0,0.34079570958661415
BKR101_P003,101,P003,1995,4,323,1995-07-02,183,277,133,488,0,0,234236,4,wheat/winter wheat,7.1,15.5,21.3,0.4,23.146,73,1.6,0,0,3.9,2590.4,15050.9,5.812,1994-09-28,1,0.90488089106258,False,0,0.34079570958661415
BKR101_P003,101,P003,1995,4,323,1995-07-03,184,278,133,488,0,0,234236,4,wheat/winter wheat,14.4,17.8,21.5,7,14.516,89,3.3,0,0,2.8,2711.6,15190.5,5.7795,1994-09-28,1,0.90488089106258,False,0,0.34079570958661415
BKR101_P003,101,P003,1995,4,323,1995-07-04,185,279,133,488,0,0,234236,4,wheat/winter wheat,11.5,15.2,17.2,0.1,18.916,72,4.7,0,0,4,2885.6,15393.3,5.7432,1994-09-28,1,0.90488089106258,False,0,0.34079570958661415
BKR101_P003,101,P003,1995,4,323,1995-07-05,186,280,133,488,0,0,234236,4,wheat/winter wheat,10.8,14.4,18,0,20.524,69,3.9,0,0,4.1,3065.5,15603,5.7044,1994-09-28,1,0.90488089106258,False,0,0.34079570958661415
BKR101_P003,101,P003,1995,4,323,1995-07-06,187,281,133,488,0,0,234236,4,wheat/winter wheat,10.9,16.9,22.1,0,21.182,70,1.6,0,0,3.9,3240.6,15806.1,5.6636,1994-09-28,1,0.90488089106258,False,0,0.34079570958661415
BKR101_P003,101,P003,1995,4,323,1995-07-07,188,282,133,488,0,0,234236,4,wheat/winter wheat,12.3,20.5,27,0,27.908,66,1,0,0,5.1,3444.9,16043.5,5.6195,1994-09-28,1,0.90488089106258,False,0,0.34079570958661415
BKR101_P003,101,P003,1995,4,323,1995-07-08,189,283,133,488,0,0,234236,4,wheat/winter wheat,14.8,22.4,29.1,0,27.773,67,1.3,0,0,5.5,3628.4,16254.6,5.5708,1994-09-28,1,0.90488089106258,False,0,0.34079570958661415
BKR101_P003,101,P003,1995,4,323,1995-07-09,190,284,133,488,0,0,234236,4,wheat/winter wheat,15.8,23.9,31.1,0,27.313,68,1.8,0,0,5.8,3786.1,16433.4,5.5167,1994-09-28,1,0.90488089106258,False,0,0.34079570958661415
BKR101_P003,101,P003,1995,4,323,1995-07-10,191,285,133,488,0,0,234236,4,wheat/winter wheat,16.4,21.9,29.3,0,24.376,79,2.8,0,0,5.2,3937.6,16603.7,5.4567,1994-09-28,1,0.90488089106258,False,0,0.34079570958661415
BKR101_P003,101,P003,1995,4,323,1995-07-11,192,286,133,488,0,0,234236,4,wheat/winter wheat,15.6,21,27.7,0,24.016,80,2.7,0,0,4.9,4099.5,16785.7,5.392,1994-09-28,1,0.90488089106258,False,0,0.34079570958661415
BKR101_P003,101,P003,1995,4,323,1995-07-12,193,287,133,488,0,0,234236,4,wheat/winter wheat,16.9,23.4,30,0,27.539,73,1.8,0,0,5.7,4267.1,16973.4,5.3229,1994-09-28,1,0.90488089106258,False,0,0.34079570958661415
BKR101_P003,101,P003,1995,4,323,1995-07-13,194,288,133,488,0,0,234236,4,wheat/winter wheat,17.7,23.3,31.9,4.8,23.723,77,1.4,0,0,5,4390.4,17106.9,5.2487,1994-09-28,1,0.90488089106258,False,0,0.34079570958661415
BKR101_P003,101,P003,1995,4,323,1995-07-14,195,289,133,488,0,0,234236,4,wheat/winter wheat,17.1,22.8,28.1,0.1,23.222,78,0.8,0,0,4.5,4542.5,17274.1,5.1697,1994-09-28,1,0.90488089106258,False,0,0.34079570958661415
BKR101_P003,101,P003,1995,4,323,1995-07-15,196,290,133,488,0,0,234236,4,wheat/winter wheat,18.2,21.4,25.7,1,19.535,85,1.7,0,0,3.8,4677.7,17420.1,5.0863,1994-09-28,1,0.90488089106258,False,0,0.34079570958661415
BKR101_P003,101,P003,1995,4,323,1995-07-16,197,291,133,488,0,0,234236,4,wheat/winter wheat,16.1,19.9,24.9,15,16.246,85,2.2,0,0,3.3,4787,17534.5,4.9992,1994-09-28,1,0.90488089106258,False,0,0.34079570958661415
BKR101_P003,101,P003,1995,4,323,1995-07-17,198,292,133,488,0,0,234236,4,wheat/winter wheat,15.1,18.2,23,0.9,20.675,82,2.7,0,0,3.9,4937.2,17697.6,4.9093,1994-09-28,1,0.90488089106258,False,0,0.34079570958661415
BKR101_P003,101,P003,1995,4,323,1995-07-18,199,293,133,488,0,0,234236,4,wheat/winter wheat,15.5,18.1,21,5.2,13.43,86,2.5,0,0,2.7,5044,17808,4.8173,1994-09-28,1,0.90488089106258,False,0,0.34079570958661415
BKR101_P003,101,P003,1995,4,323,1995-07-19,200,294,133,488,0,0,234236,4,wheat/winter wheat,15.6,19.6,23.4,0.1,20.059,79,3.2,0,0,4.1,5188.6,17963.5,4.7235,1994-09-28,1,0.90488089106258,False,0,0.34079570958661415
BKR101_P003,101,P003,1995,4,323,1995-07-20,201,295,133,488,0,0,234236,4,wheat/winter wheat,14.5,20.1,25,0,24.859,77,1.8,0,0,4.6,5361.7,18152.6,4.6275,1994-09-28,1,0.90488089106258,False,0,0.34079570958661415
BKR101_P003,101,P003,1995,4,323,1995-07-21,202,296,133,488,0,0,234236,4,wheat/winter wheat,15.9,24.6,31.9,0,26.288,68,1.7,0,0,5.6,5490.7,18288.1,4.5293,1994-09-28,1,0.90488089106258,False,0,0.34079570958661415
BKR101_P003,101,P003,1995,4,323,1995-07-22,203,297,133,488,0,0,234236,4,wheat/winter wheat,16.8,21,23.6,0.6,13.695,77,2.7,0,0,3.3,5585.3,18381.8,4.4274,1994-09-28,1,0.90488089106258,False,0,0.34079570958661415
BKR101_P003,101,P003,1995,4,323,1995-07-23,204,298,133,488,0,0,234236,4,wheat/winter wheat,10.7,16.2,19.5,0,22.138,70,1.8,0,0,3.9,5762.1,18574,4.3235,1994-09-28,1,0.90488089106258,False,0,0.34079570958661415
BKR101_P003,101,P003,1995,4,323,1995-07-24,205,299,133,488,0,0,234236,4,wheat/winter wheat,9.2,17.6,24.2,0,24.778,65,1.2,0,0,4.3,5940.9,18768.2,4.2194,1994-09-28,1,0.90488089106258,False,0,0.34079570958661415
BKR101_P003,101,P003,1995,4,323,1995-07-25,206,300,133,488,0,0,234236,4,wheat/winter wheat,11.8,17.3,22.5,0,26.149,70,1.5,0,0,4.5,6128.2,18972.6,4.1147,1994-09-28,1,0.90488089106258,False,0,0.34079570958661415
BKR101_P003,101,P003,1995,4,323,1995-07-26,207,301,133,488,0,0,234236,4,wheat/winter wheat,9.4,17.9,25.3,0,27.82,62,1.7,0,0,5,6317.6,19179.4,4.0096,1994-09-28,1,0.90488089106258,False,0,0.34079570958661415
BKR101_P003,101,P003,1995,4,323,1995-07-27,208,302,133,488,0,0,234236,4,wheat/winter wheat,12.6,20.9,27.9,0,26.558,59,2.7,0,0,5.9,6480.6,19354.2,3.9042,1994-09-28,1,0.90488089106258,False,0,0.34079570958661415
BKR101_P003,101,P003,1995,4,323,1995-07-28,209,303,133,488,0,0,234236,4,wheat/winter wheat,14.7,21,28.4,0,23.017,65,1.1,0,0,4.5,6595.8,19471.7,3.7976,1994-09-28,1,0.90488089106258,False,0,0.34079570958661415
BKR101_P003,101,P003,1995,4,323,1995-07-29,210,304,133,488,0,0,234236,4,wheat/winter wheat,13.4,21.8,29,0,26.786,60,1.5,0,0,5.3,6714.3,19592.9,3.69,1994-09-28,1,0.90488089106258,False,0,0.34079570958661415
BKR101_P003,101,P003,1995,4,323,1995-07-30,211,305,133,488,0,0,234236,4,wheat/winter wheat,14.1,23,30.6,0,25.704,61,1.3,0,0,5.2,6789.6,19662.2,3.5813,1994-09-28,1,0.90488089106258,False,0,0.34079570958661415
BKR101_P003,101,P003,1995,4,323,1995-07-31,212,306,133,488,0,0,234236,4,wheat/winter wheat,15.9,22.2,28.5,0,25.586,65,2.3,0,0,5.5,6815.9,19672.8,3.4713,1994-09-28,1,0.90488089106258,False,0,0.34079570958661415
BKR101_P003,101,P003,1995,4,323,1995-08-01,213,307,133,488,0,0,234236,4,wheat/winter wheat,14.6,20.6,26,0,26.759,65,2.5,0,0,5.4,6833.5,19667.8,3.3599,1994-09-28,1,0.90488089106258,False,0,0.34079570958661415
BKR101_P003,101,P003,1995,4,323,1995-08-02,214,308,133,488,0,0,234236,4,wheat/winter wheat,13.6,19.2,25.1,0,24.535,65,1.7,0,0,4.6,6851.2,19657,3.2438,1994-09-28,1,0.90488089106258,False,0,0.34079570958661415
BKR101_P003,101,P003,1995,4,323,1995-08-03,215,309,133,488,0,0,234236,4,wheat/winter wheat,10.1,19.9,27.7,0,23.499,62,1.9,0,0,4.8,6869.1,19643.2,3.1229,1994-09-28,1,0.90488089106258,False,0,0.34079570958661415
BKR101_P003,101,P003,1995,4,323,1995-08-04,216,310,133,488,0,0,234236,4,wheat/winter wheat,15.9,19.1,23.5,4.9,12.104,85,2,0,0,2.5,6887.2,19628.2,2.9989,1994-09-28,1,0.90488089106258,False,0,0.34079570958661415
BKR101_P003,101,P003,1995,4,323,1995-08-05,217,311,133,488,0,0,234236,4,wheat/winter wheat,14.6,19.9,25.8,0,22.493,70,1,0,0,4,6905.3,19612.3,2.8735,1994-09-28,1,0.90488089106258,False,0,0.34079570958661415
BKR101_P003,101,P003,1995,4,323,1995-08-06,218,312,133,488,0,0,234236,4,wheat/winter wheat,11.8,20.2,27.8,0,25.477,63,1,0,0,4.5,6923.3,19605.8,2.747,1994-09-28,1,0.90488089106258,False,0,0.34079570958661415
BKR101_P003,101,P003,1995,4,323,1995-08-07,219,313,133,488,0,0,234236,4,wheat/winter wheat,14.4,20.3,26,0,24.653,62,2.5,0,0,5.2,6941.2,19594.8,2.6275,1994-09-28,1,0.90488089106258,False,0,0.34079570958661415
BKR101_P003,101,P003,1995,4,323,1995-08-08,220,314,133,488,0,0,234236,4,wheat/winter wheat,11.5,17.6,22.8,0,23.488,62,3,0,0,4.8,6958.9,19583.2,2.5053,1994-09-28,1,0.90488089106258,False,0,0.34079570958661415
BKR101_P003,101,P003,1995,4,323,1995-08-09,221,315,133,488,0,0,234236,4,wheat/winter wheat,6.6,15.9,23.2,0,25.906,58,1.1,0,0,4.1,6976.3,19571.5,2.3842,1994-09-28,1,0.90488089106258,False,0,0.34079570958661415
BKR101_P003,101,P003,1995,4,323,1995-08-10,222,316,133,488,0,0,234236,4,wheat/winter wheat,9.2,18.7,26.9,0,24.175,56,1.7,0,0,4.7,6993.5,19556.7,2.2652,1994-09-28,1,0.90488089106258,False,0,0.34079570958661415
BKR101_P003,101,P003,1995,4,323,1995-08-11,223,317,133,488,0,0,234236,4,wheat/winter wheat,10,19.1,27.2,0,24.081,65,1.2,0,0,4.3,7010.4,19541.4,2.1455,1994-09-28,1,0.90488089106258,False,0,0.34079570958661415
BKR101_P003,101,P003,1995,4,323,1995-08-12,224,318,133,488,0,0,234236,4,wheat/winter wheat,11.4,20.4,28.6,0,24.743,56,1.2,0,0,4.6,7027.2,19524.8,2.0268,1994-09-28,1,0.90488089106258,False,0,0.34079570958661415
BKR101_P003,101,P003,1995,4,323,1995-08-13,225,319,133,488,0,0,234236,4,wheat/winter wheat,11.9,21.9,30.5,0,19.605,54,1.7,0,0,4.5,7043.8,19507,1.9087,1994-09-28,1,0.90488089106258,False,0,0.34079570958661415
BKR101_P003,101,P003,1995,4,323,1995-08-14,226,320,133,488,0,0,234236,4,wheat/winter wheat,13.3,19.5,22.6,0,9.155,71,1.9,0,0,2.4,7060,19493.1,1.7908,1994-09-28,1,0.90488089106258,False,0,0.34079570958661415
BKR101_P003,101,P003,1995,4,323,1995-08-15,227,321,133,488,0,0,234236,4,wheat/winter wheat,11.5,16.7,20.2,1.6,14.406,74,2.1,0,0,2.8,7075.7,19480.9,1.6779,1994-09-28,1,0.90488089106258,False,0,0.34079570958661415
BKR101_P003,101,P003,1995,4,323,1995-08-16,228,322,133,488,0,0,234236,4,wheat/winter wheat,13,18,23.2,0,17.495,77,1.3,0,0,2.8,7075.7,19480.9,1.6779,1994-09-28,1,0.90488089106258,False,0,0.34079570958661415
BKR101_P003,101,P003,1996,5,324,1995-09-28,271,0,133,488,0,0,234236,5,wheat/winter wheat,5.2,7.9,11.2,1.4,11.927,78,6.8,0,0,1.7,0,53,0.0775,1995-09-28,1,0.90488089106258,False,0,0.34079570958661415
BKR101_P003,101,P003,1996,5,324,1995-09-29,272,1,133,488,0,0,234236,5,wheat/winter wheat,4,6,9.2,2.3,7.454,92,4.7,0,0,0.7,0,53,0.0775,1995-09-28,1,0.90488089106258,False,0,0.34079570958661415
BKR101_P003,101,P003,1996,5,324,1995-09-30,273,2,133,488,0,0,234236,5,wheat/winter wheat,3.2,5.7,10.8,0.2,10.893,87,4.1,0,0,1,0,53,0.0775,1995-09-28,1,0.90488089106258,False,0,0.34079570958661415
BKR101_P003,101,P003,1996,5,324,1995-10-01,274,3,133,488,0,0,234236,5,wheat/winter wheat,2.2,6.7,11.1,1.3,11.717,80,3.2,0,0,1.2,0,53,0.0775,1995-09-28,1,0.90488089106258,False,0,0.34079570958661415
BKR101_P003,101,P003,1996,5,324,1995-10-02,275,4,133,488,0,0,234236,5,wheat/winter wheat,6.7,11.3,16.3,0,13.417,85,2.9,0,0,1.3,0,53,0.0775,1995-09-28,1,0.90488089106258,False,0,0.34079570958661415
BKR101_P003,101,P003,1996,5,324,1995-10-03,276,5,133,488,0,0,234236,5,wheat/winter wheat,4.6,11.9,19.7,0,10.805,83,1.3,0,0,1.2,0,53,0.0775,1995-09-28,1,0.90488089106258,False,0,0.34079570958661415
BKR101_P003,101,P003,1996,5,324,1995-10-04,277,6,133,488,0,0,234236,5,wheat/winter wheat,12.7,16.4,21.4,0,9.677,88,2.5,0,0,1.3,0,53,0.0775,1995-09-28,1,0.90488089106258,False,0,0.34079570958661415
BKR101_P003,101,P003,1996,5,324,1995-10-05,278,7,133,488,0,0,234236,5,wheat/winter wheat,10.9,15.6,21.7,0.1,9.065,86,1.8,0,0,1.3,0,53,0.0775,1995-09-28,1,0.90488089106258,False,0,0.34079570958661415
BKR101_P003,101,P003,1996,5,324,1995-10-06,279,8,133,488,0,0,234236,5,wheat/winter wheat,12,14.7,18.1,0.5,8.957,88,0.6,0,0,1,0,53,0.0775,1995-09-28,1,0.90488089106258,False,0,0.34079570958661415
BKR101_P003,101,P003,1996,5,324,1995-10-07,280,9,133,488,0,0,234236,5,wheat/winter wheat,11.7,15.6,20.4,0,9.496,86,2,0,0,1.2,0,53,0.0775,1995-09-28,1,0.90488089106258,False,0,0.34079570958661415
BKR101_P003,101,P003,1996,5,324,1995-10-08,281,10,133,488,0,0,234236,5,wheat/winter wheat,12.7,16.1,19.8,1.5,5.789,91,1.6,0,0,0.9,0,55.3,0.0775,1995-09-28,1,0.90488089106258,False,0,0.34079570958661415
BKR101_P003,101,P003,1996,5,324,1995-10-09,282,11,133,488,0,0,234236,5,wheat/winter wheat,8.9,14.8,23.7,0.1,11.353,86,0.4,0,0,1.1,0,58.5,0.0809,1995-09-28,1,0.90488089106258,False,0,0.34079570958661415
BKR101_P003,101,P003,1996,5,324,1995-10-10,283,12,133,488,0,0,234236,5,wheat/winter wheat,8.4,15.3,25.2,0,11.434,87,0.3,0,0,1.1,0,61.8,0.0855,1995-09-28,1,0.90488089106258,False,0,0.34079570958661415
BKR101_P003,101,P003,1996,5,324,1995-10-11,284,13,133,488,0,0,234236,5,wheat/winter wheat,9.9,13.2,20,0.2,7.596,96,0.2,0,0,0.8,0,64.7,0.0903,1995-09-28,1,0.90488089106258,False,0,0.34079570958661415
BKR101_P003,101,P003,1996,5,324,1995-10-12,285,14,133,488,0,0,234236,5,wheat/winter wheat,10.2,12.6,14,0.2,2.923,99,1.4,0,0,0.4,0,66.8,0.0946,1995-09-28,1,0.90488089106258,False,0,0.34079570958661415
BKR101_P003,101,P003,1996,5,324,1995-10-13,286,15,133,488,0,0,234236,5,wheat/winter wheat,14,14.6,16,0,2.287,98,0.3,0,0,0.5,0,68.7,0.0977,1995-09-28,1,0.90488089106258,False,0,0.34079570958661415
BKR101_P003,101,P003,1996,5,324,1995-10-14,287,16,133,488,0,0,234236,5,wheat/winter wheat,12.5,13.7,15.4,0,2.394,96,0.4,0,0,0.5,0,70.7,0.1004,1995-09-28,1,0.90488089106258,False,0,0.34079570958661415
BKR101_P003,101,P003,1996,5,324,1995-10-15,288,17,133,488,0,0,234236,5,wheat/winter wheat,10.1,13.1,16.4,0,7.1,86,1.5,0,0,0.8,0,74.1,0.1033,1995-09-28,1,0.90488089106258,False,0,0.34079570958661415
BKR101_P003,101,P003,1996,5,324,1995-10-16,289,18,133,488,0,0,234236,5,wheat/winter wheat,6.3,11.5,16,0,6.647,94,0.5,0,0,0.6,0,77.4,0.1082,1995-09-28,1,0.90488089106258,False,0,0.34079570958661415
BKR101_P003,101,P003,1996,5,324,1995-10-17,290,19,133,488,0,0,234236,5,wheat/winter wheat,10.3,12.3,13.5,0,4.141,97,2,0,0,0.4,0,80.1,0.113,1995-09-28,1,0.90488089106258,False,0,0.34079570958661415
BKR101_P003,101,P003,1996,5,324,1995-10-18,291,20,133,488,0,0,234236,5,wheat/winter wheat,8.3,11.8,16.1,0.8,4.97,87,4.3,0,0,0.8,0,83.1,0.117,1995-09-28,1,0.90488089106258,False,0,0.34079570958661415
BKR101_P003,101,P003,1996,5,324,1995-10-19,292,21,133,488,0,0,234236,5,wheat/winter wheat,6.6,10.4,13.4,0.1,5.944,80,5.5,0,0,1.1,0,86.5,0.1214,1995-09-28,1,0.90488089106258,False,0,0.34079570958661415
BKR101_P003,101,P003,1996,5,324,1995-10-20,293,22,133,488,0,0,234236,5,wheat/winter wheat,6.7,10.4,12.6,1.4,3.179,89,5.3,0,0,0.6,0,89,0.1263,1995-09-28,1,0.90488089106258,False,0,0.34079570958661415
BKR101_P003,101,P003,1996,5,324,1995-10-21,294,23,133,488,0,0,234236,5,wheat/winter wheat,0.1,5.5,10.2,0,9.45,83,3,0,0,0.6,0,92.4,0.13,1995-09-28,1,0.90488089106258,False,0,0.34079570958661415
BKR101_P003,101,P003,1996,5,324,1995-10-22,295,24,133,488,0,0,234236,5,wheat/winter wheat,-1.8,3.8,10.7,0,9.038,81,1.8,0,0,0.5,0,95.4,0.1349,1995-09-28,1,0.90488089106258,False,0,0.34079570958661415
BKR101_P003,101,P003,1996,5,324,1995-10-23,296,25,133,488,0,0,234236,5,wheat/winter wheat,-0.6,5.3,12.7,0,8.116,84,2,0,0,0.5,0,98.8,0.1394,1995-09-28,1,0.90488089106258,False,0,0.34079570958661415
BKR101_P003,101,P003,1996,5,324,1995-10-24,297,26,133,488,0,0,234236,5,wheat/winter wheat,1.9,7.8,16.6,0,9.246,77,1.4,0,0,0.6,0,102.6,0.1443,1995-09-28,1,0.90488089106258,False,0,0.34079570958661415
BKR101_P003,101,P003,1996,5,324,1995-10-25,298,27,133,488,0,0,234236,5,wheat/winter wheat,1.8,9.4,15.6,0,8.864,70,2.8,0,0,1,0,106.9,0.1499,1995-09-28,1,0.90488089106258,False,0,0.34079570958661415
BKR101_P003,101,P003,1996,5,324,1995-10-26,299,28,133,488,0,0,234236,5,wheat/winter wheat,3.2,6.9,11.1,0,5.91,99,1.6,0,0,0.2,0,110.7,0.1561,1995-09-28,1,0.90488089106258,False,0,0.34079570958661415
BKR101_P003,101,P003,1996,5,324,1995-10-27,300,29,133,488,0,0,234236,5,wheat/winter wheat,7.3,13.5,17.8,1.3,6.166,78,3.7,0,0,1.1,0,115.6,0.1616,1995-09-28,1,0.90488089106258,False,0,0.34079570958661415
BKR101_P003,101,P003,1996,5,324,1995-10-28,301,30,133,488,0,0,234236,5,wheat/winter wheat,4.4,10.1,13.7,0.1,7.568,86,2.8,0,0,0.5,0,120.4,0.1688,1995-09-28,1,0.90488089106258,False,0,0.34079570958661415
BKR101_P003,101,P003,1996,5,324,1995-10-29,302,31,133,488,0,0,234236,5,wheat/winter wheat,1.4,4.9,10.2,0,6.373,95,1.1,0,0,0.2,0,124.2,0.1757,1995-09-28,1,0.90488089106258,False,0,0.34079570958661415
BKR101_P003,101,P003,1996,5,324,1995-10-30,303,32,133,488,0,0,234236,5,wheat/winter wheat,0.2,5.6,9.7,0.1,3.357,96,0.8,0,0,0.2,0,127.2,0.1813,1995-09-28,1,0.90488089106258,False,0,0.34079570958661415
BKR101_P003,101,P003,1996,5,324,1995-10-31,304,33,133,488,0,0,234236,5,wheat/winter wheat,-0.4,4.4,9.3,4.8,6.393,96,3.8,0,0,0.1,0,131.1,0.1858,1995-09-28,1,0.90488089106258,False,0,0.34079570958661415
BKR101_P003,101,P003,1996,5,324,1995-11-01,305,34,133,488,0,0,234236,5,wheat/winter wheat,4.3,7.1,9.1,2.5,2.809,95,4.2,0,0,0.2,0,134.2,0.1914,1995-09-28,1,0.90488089106258,False,0,0.34079570958661415
BKR101_P003,101,P003,1996,5,324,1995-11-02,306,35,133,488,0,0,234236,5,wheat/winter wheat,0.8,3,4.4,1.7,4.261,92,3.4,0,0,0.2,0,137.4,0.1958,1995-09-28,1,0.90488089106258,False,0,0.34079570958661415
BKR101_P003,101,P003,1996,5,324,1995-11-03,307,36,133,488,0,0,234236,5,wheat/winter wheat,-0.4,2.3,5.4,4,4.065,93,5.1,0,0,0.2,0,140.6,0.2006,1995-09-28,1,0.90488089106258,False,0,0.34079570958661415
BKR101_P003,101,P003,1996,5,324,1995-11-04,308,37,133,488,0,0,234236,5,wheat/winter wheat,-0.2,0.9,2.3,3.5,3.633,92,5.2,0,0,0.2,0,143.4,0.2052,1995-09-28,1,0.90488089106258,False,0,0.34079570958661415
BKR101_P003,101,P003,1996,5,324,1995-11-05,309,38,133,488,0,0,234236,5,wheat/winter wheat,-1.9,0.2,2.8,0,8.423,78,3.3,0,0,0.2,0,146.5,0.2093,1995-09-28,1,0.90488089106258,False,0,0.34079570958661415
BKR101_P003,101,P003,1996,5,324,1995-11-06,310,39,133,488,0,0,234236,5,wheat/winter wheat,-1,2.4,6.6,4.8,1.219,93,5.3,0,0,0.2,0,148.6,0.2139,1995-09-28,1,0.90488089106258,False,0,0.34079570958661415
BKR101_P003,101,P003,1996,5,324,1995-11-07,311,40,133,488,0,0,234236,5,wheat/winter wheat,-2.4,3.4,6.8,2.7,7.42,80,2.1,0,0,0.2,0,152.5,0.2168,1995-09-28,1,0.90488089106258,False,0,0.34079570958661415
BKR101_P003,101,P003,1996,5,324,1995-11-08,312,41,133,488,0,0,234236,5,wheat/winter wheat,-4.4,-0.6,3.8,0,6.514,88,0.7,0,0,0,0,152.4,0.2225,1995-09-28,1,0.90488089106258,False,0,0.34079570958661415
BKR101_P003,101,P003,1996,5,324,1995-11-09,313,42,133,488,0,0,234236,5,wheat/winter wheat,0.3,2.7,4.2,0.4,1.487,98,1.1,0,0,0.2,0,154.5,0.2224,1995-09-28,1,0.90488089106258,False,0,0.34079570958661415
BKR101_P003,101,P003,1996,5,324,1995-11-10,314,43,133,488,0,0,234236,5,wheat/winter wheat,3.4,5.9,9.3,0,2.151,99,1.6,0,0,0.1,0,157.3,0.2256,1995-09-28,1,0.90488089106258,False,0,0.34079570958661415
BKR101_P003,101,P003,1996,5,324,1995-11-11,315,44,133,488,0,0,234236,5,wheat/winter wheat,2.3,4.1,6.8,0,3.129,98,2.5,0,0,0.1,0,160.7,0.2296,1995-09-28,1,0.90488089106258,False,0,0.34079570958661415
BKR101_P003,101,P003,1996,5,324,1995-11-12,316,45,133,488,0,0,234236,5,wheat/winter wheat,-1.4,3.4,6.8,0,3.697,89,3.6,0,0,0.2,0,164.4,0.2344,1995-09-28,1,0.90488089106258,False,0,0.34079570958661415
BKR101_P003,101,P003,1996,5,324,1995-11-13,317,46,133,488,0,0,234236,5,wheat/winter wheat,-4,-1.7,0.2,0,5.087,98,1.3,0,0,0,0,164.3,0.2398,1995-09-28,1,0.90488089106258,False,0,0.34079570958661415
BKR101_P003,101,P003,1996,5,324,1995-11-14,318,47,133,488,0,0,234236,5,wheat/winter wheat,-0.6,2,4,0,1.055,98,1.1,0,0,0.2,0,166.2,0.2398,1995-09-28,1,0.90488089106258,False,0,0.34079570958661415
BKR101_P003,101,P003,1996,5,324,1995-11-15,319,48,133,488,0,0,234236,5,wheat/winter wheat,5.1,7.4,8.8,0,3.746,91,4.1,0,0,0.2,0,170.8,0.2425,1995-09-28,1,0.90488089106258,False,0,0.34079570958661415
BKR101_P003,101,P003,1996,5,324,1995-11-16,320,49,133,488,0,0,234236,5,wheat/winter wheat,6.9,8.6,10,1.2,3.337,95,4.9,0,0,0.2,0,175.4,0.2491,1995-09-28,1,0.90488089106258,False,0,0.34079570958661415
BKR101_P003,101,P003,1996,5,324,1995-11-17,321,50,133,488,0,0,234236,5,wheat/winter wheat,-1.8,3,9.1,0.3,4.647,70,6.4,0,0,0.6,0,179.2,0.2557,1995-09-28,1,0.90488089106258,False,0,0.34079570958661415
BKR101_P003,101,P003,1996,5,324,1995-11-18,322,51,133,488,0,0,234236,5,wheat/winter wheat,-2.9,-1.1,1.3,0,4.291,83,5.4,0,0,0,0,179.1,0.2611,1995-09-28,1,0.90488089106258,False,0,0.34079570958661415
BKR101_P003,101,P003,1996,5,324,1995-11-19,323,52,133,488,0,0,234236,5,wheat/winter wheat,-0.3,1.7,3.9,2.4,3.922,95,4.4,0,0,0,0,182.6,0.2611,1995-09-28,1,0.90488089106258,False,0,0.34079570958661415
BKR101_P003,101,P003,1996,5,324,1995-11-20,324,53,133,488,0,0,234236,5,wheat/winter wheat,-4.5,-1.1,2.3,0,6.596,90,3,0,0,0,0,182.5,0.2661,1995-09-28,1,0.90488089106258,False,0,0.34079570958661415
BKR101_P003,101,P003,1996,5,324,1995-11-21,325,54,133,488,0,0,234236,5,wheat/winter wheat,-6.9,-3.8,1.3,0,5.629,95,1.2,0,0,0,0,182.4,0.2661,1995-09-28,1,0.90488089106258,False,0,0.34079570958661415
BKR101_P003,101,P003,1996,5,324,1995-11-22,326,55,133,488,0,0,234236,5,wheat/winter wheat,-6.5,-3.6,0.5,0,6.096,89,1.9,0,0,0,0,182.3,0.266,1995-09-28,1,0.90488089106258,False,0,0.34079570958661415
BKR101_P003,101,P003,1996,5,324,1995-11-23,327,56,133,488,0,0,234236,5,wheat/winter wheat,-3.1,0.7,3.5,0,1.307,98,3.4,0,0,0.1,0,184.3,0.2659,1995-09-28,1,0.90488089106258,False,0,0.34079570958661415
BKR101_P003,101,P003,1996,5,324,1995-11-24,328,57,133,488,0,0,234236,5,wheat/winter wheat,0,4,6.1,0,1.818,97,4.4,0,0,0.1,0,187.1,0.2688,1995-09-28,1,0.90488089106258,False,0,0.34079570958661415
BKR101_P003,101,P003,1996,5,324,1995-11-25,329,58,133,488,0,0,234236,5,wheat/winter wheat,-2.4,-0.7,3.2,0,3.674,99,0.8,0,0,0,0,186.9,0.2727,1995-09-28,1,0.90488089106258,False,0,0.34079570958661415
BKR101_P003,101,P003,1996,5,324,1995-11-26,330,59,133,488,0,0,234236,5,wheat/winter wheat,-3.6,-1.8,1.4,0,4.297,99,1.1,0,0,0,0,186.8,0.2726,1995-09-28,1,0.90488089106258,False,0,0.34079570958661415
BKR101_P003,101,P003,1996,5,324,1995-11-27,331,60,133,488,0,0,234236,5,wheat/winter wheat,-4.6,-2.4,0.1,0,4.493,97,1.6,0,0,0,0,186.7,0.2725,1995-09-28,1,0.90488089106258,False,0,0.34079570958661415
BKR101_P003,101,P003,1996,5,324,1995-11-28,332,61,133,488,0,0,234236,5,wheat/winter wheat,-3.3,-1.4,0.7,0,0.972,99,3.1,0,0,0,0,186.6,0.2725,1995-09-28,1,0.90488089106258,False,0,0.34079570958661415
BKR101_P003,101,P003,1996,5,324,1995-11-29,333,62,133,488,0,0,234236,5,wheat/winter wheat,-1,0,0.6,0,0.76,99,3.4,0,0,0.1,0,188,0.2724,1995-09-28,1,0.90488089106258,False,0,0.34079570958661415
BKR101_P003,101,P003,1996,5,324,1995-11-30,334,63,133,488,0,0,234236,5,wheat/winter wheat,-3.9,-2.5,-1.2,0,1.203,97,2.7,0,0,0,0,187.9,0.2744,1995-09-28,1,0.90488089106258,False,0,0.34079570958661415
BKR101_P003,101,P003,1996,5,324,1995-12-01,335,64,133,488,0,0,234236,5,wheat/winter wheat,-6.3,-4.4,-2.2,0,3.944,93,2.7,0,0,0,0,187.8,0.2743,1995-09-28,1,0.90488089106258,False,0,0.34079570958661415
BKR101_P003,101,P003,1996,5,324,1995-12-02,336,65,133,488,0,0,234236,5,wheat/winter wheat,-3.5,-2.8,-2.1,0,0.973,91,3.2,0,0,0,0,187.7,0.2743,1995-09-28,1,0.90488089106258,False,0,0.34079570958661415
BKR101_P003,101,P003,1996,5,324,1995-12-03,337,66,133,488,0,0,234236,5,wheat/winter wheat,-5.2,-3.2,-1.2,0,2.301,95,2.5,0,0,0,0,187.7,0.2742,1995-09-28,1,0.90488089106258,False,0,0.34079570958661415
BKR101_P003,101,P003,1996,5,324,1995-12-04,338,67,133,488,0,0,234236,5,wheat/winter wheat,-4.3,-2.2,-1,0,1.355,81,3.8,0,0,0,0,187.6,0.2741,1995-09-28,1,0.90488089106258,False,0,0.34079570958661415
BKR101_P003,101,P003,1996,5,324,1995-12-05,339,68,133,488,0,0,234236,5,wheat/winter wheat,-7.9,-5.7,-3.4,0,3.667,74,5.6,0,0,0,0,187.5,0.274,1995-09-28,1,0.90488089106258,False,0,0.34079570958661415
BKR101_P003,101,P003,1996,5,324,1995-12-06,340,69,133,488,0,0,234236,5,wheat/winter wheat,-8.2,-6.9,-5,0,1.892,87,5.7,0,0,0,0,187.4,0.274,1995-09-28,1,0.90488089106258,False,0,0.34079570958661415
BKR101_P003,101,P003,1996,5,324,1995-12-07,341,70,133,488,0,0,234236,5,wheat/winter wheat,-5.1,-4.3,-2.9,3.7,0.967,94,5.5,0,0,0,0,187.3,0.2739,1995-09-28,1,0.90488089106258,False,0,0.34079570958661415
BKR101_P003,101,P003,1996,5,324,1995-12-08,342,71,133,488,0,0,234236,5,wheat/winter wheat,-3.1,-2,-0.4,0,3.28,99,1.6,0,0,0,0,187.2,0.2739,1995-09-28,1,0.90488089106258,False,0,0.34079570958661415
BKR101_P003,101,P003,1996,5,324,1995-12-09,343,72,133,488,0,0,234236,5,wheat/winter wheat,-2.1,-1.7,-1,0,0.957,99,1,0,0,0,0,187.1,0.2738,1995-09-28,1,0.90488089106258,False,0,0.34079570958661415
BKR101_P003,101,P003,1996,5,324,1995-12-10,344,73,133,488,0,0,234236,5,wheat/winter wheat,-0.9,-0.2,0.1,0.3,1.262,99,2.9,0,0,0,0,187,0.2737,1995-09-28,1,0.90488089106258,False,0,0.34079570958661415
BKR101_P003,101,P003,1996,5,324,1995-12-11,345,74,133,488,0,0,234236,5,wheat/winter wheat,-0.3,1,2.3,0.2,1.577,99,3.7,0,0,0,0,189.3,0.2736,1995-09-28,1,0.90488089106258,False,0,0.34079570958661415
BKR101_P003,101,P003,1996,5,324,1995-12-12,346,75,133,488,0,0,234236,5,wheat/winter wheat,-0.6,0.5,1.6,0,1.358,88,3.5,0,0,0.1,0,191.3,0.2769,1995-09-28,1,0.90488089106258,False,0,0.34079570958661415
BKR101_P003,101,P003,1996,5,324,1995-12-13,347,76,133,488,0,0,234236,5,wheat/winter wheat,-1.3,-1.1,-0.7,0.1,1.241,99,0.4,0,0,0,0,191.2,0.2798,1995-09-28,1,0.90488089106258,False,0,0.34079570958661415
BKR101_P003,101,P003,1996,5,324,1995-12-14,348,77,133,488,0,0,234236,5,wheat/winter wheat,-5.5,-1,0.7,0,1.467,93,2.6,0,0,0,0,191.1,0.2797,1995-09-28,1,0.90488089106258,False,0,0.34079570958661415
BKR101_P003,101,P003,1996,5,324,1995-12-15,349,78,133,488,0,0,234236,5,wheat/winter wheat,-7.5,-6.6,-5.6,0,3.778,97,0.8,0,0,0,0,191.1,0.2796,1995-09-28,1,0.90488089106258,False,0,0.34079570958661415
BKR101_P003,101,P003,1996,5,324,1995-12-16,350,79,133,488,0,0,234236,5,wheat/winter wheat,-8.8,-7.2,-6,0,2.171,98,2.8,0,0,0,0,191,0.2796,1995-09-28,1,0.90488089106258,False,0,0.34079570958661415
BKR101_P003,101,P003,1996,5,324,1995-12-17,351,80,133,488,0,0,234236,5,wheat/winter wheat,-8.9,-6.4,-4,0,1.142,99,0.5,0,0,0,0,191,0.2795,1995-09-28,1,0.90488089106258,False,0,0.34079570958661415
BKR101_P003,101,P003,1996,5,324,1995-12-18,352,81,133,488,0,0,234236,5,wheat/winter wheat,-3.8,-2.4,-1.6,0,1.045,99,0.5,0,0,0,0,190.9,0.2795,1995-09-28,1,0.90488089106258,False,0,0.34079570958661415
BKR101_P003,101,P003,1996,5,324,1995-12-19,353,82,133,488,0,0,234236,5,wheat/winter wheat,-2.6,-1.1,0.4,0,1.158,99,2.7,0,0,0,0,190.9,0.2794,1995-09-28,1,0.90488089106258,False,0,0.34079570958661415
BKR101_P003,101,P003,1996,5,324,1995-12-20,354,83,133,488,0,0,234236,5,wheat/winter wheat,-7.1,-1.5,1.1,0,1.878,90,2.8,0,0,0,0,190.8,0.2793,1995-09-28,1,0.90488089106258,False,0,0.34079570958661415
BKR101_P003,101,P003,1996,5,324,1995-12-21,355,84,133,488,0,0,234236,5,wheat/winter wheat,-10.1,-7.5,-3.9,0,3.778,95,1.6,0,0,0,0,190.8,0.2792,1995-09-28,1,0.90488089106258,False,0,0.34079570958661415
BKR101_P003,101,P003,1996,5,324,1995-12-22,356,85,133,488,0,0,234236,5,wheat/winter wheat,-10.9,-5.4,3.2,8.9,1.522,98,2,0,0,0,0,190.7,0.2792,1995-09-28,1,0.90488089106258,False,0,0.34079570958661415
BKR101_P003,101,P003,1996,5,324,1995-12-23,357,86,133,488,0,0,234236,5,wheat/winter wheat,2.4,5.8,7.8,4.4,1.597,99,6,0,0,0,0,193.6,0.2791,1995-09-28,1,0.90488089106258,False,0,0.34079570958661415
BKR101_P003,101,P003,1996,5,324,1995-12-24,358,87,133,488,0,0,234236,5,wheat/winter wheat,-5.3,-1.5,1.7,0.4,1.175,95,2.2,0,0,0,0,193.5,0.2832,1995-09-28,1,0.90488089106258,False,0,0.34079570958661415
BKR101_P003,101,P003,1996,5,324,1995-12-25,359,88,133,488,0,0,234236,5,wheat/winter wheat,-6.4,-3.1,-0.9,0.6,0.931,98,3.1,0,0,0,0,193.4,0.2831,1995-09-28,1,0.90488089106258,False,0,0.34079570958661415
BKR101_P003,101,P003,1996,5,324,1995-12-26,360,89,133,488,0,0,234236,5,wheat/winter wheat,-9.2,-3.6,-0.3,0.1,2.979,96,2.8,0,0,0,0,193.4,0.2831,1995-09-28,1,0.90488089106258,False,0,0.34079570958661415
BKR101_P003,101,P003,1996,5,324,1995-12-27,361,90,133,488,0,0,234236,5,wheat/winter wheat,-12.1,-8.8,-6.8,0,3.079,98,0,0,0,0,0,193.4,0.283,1995-09-28,1,0.90488089106258,False,0,0.34079570958661415
BKR101_P003,101,P003,1996,5,324,1995-12-28,362,91,133,488,0,0,234236,5,wheat/winter wheat,-10,-8,-6.7,0,1.233,99,1.2,0,0,0,0,193.3,0.2829,1995-09-28,1,0.90488089106258,False,0,0.34079570958661415
BKR101_P003,101,P003,1996,5,324,1995-12-29,363,92,133,488,0,0,234236,5,wheat/winter wheat,-13.8,-11.1,-9.1,0,2.856,96,0.5,0,0,0,0,193.3,0.2829,1995-09-28,1,0.90488089106258,False,0,0.34079570958661415
BKR101_P003,101,P003,1996,5,324,1995-12-30,364,93,133,488,0,0,234236,5,wheat/winter wheat,-17.3,-14.2,-10.6,0,3.09,94,2.1,0,0,0,0,193.3,0.2829,1995-09-28,1,0.90488089106258,False,0,0.34079570958661415
BKR101_P003,101,P003,1996,5,324,1995-12-31,365,94,133,488,0,0,234236,5,wheat/winter wheat,-15,-12.8,-10.6,0,2.215,91,5.2,0,0,0,0,193.2,0.2828,1995-09-28,1,0.90488089106258,False,0,0.34079570958661415
BKR101_P003,101,P003,1996,5,324,1996-01-01,1,95,133,488,0,0,234236,5,wheat/winter wheat,-10.8,-9.4,-8,0,1.116,90,4.9,0,0,0,0,193.2,0.2828,1995-09-28,1,0.90488089106258,False,0,0.34079570958661415
BKR101_P003,101,P003,1996,5,324,1996-01-02,2,96,133,488,0,0,234236,5,wheat/winter wheat,-9.4,-8.2,-6.8,0,1.585,91,2.7,0,0,0,0,193.2,0.2827,1995-09-28,1,0.90488089106258,False,0,0.34079570958661415
BKR101_P003,101,P003,1996,5,324,1996-01-03,3,97,133,488,0,0,234236,5,wheat/winter wheat,-7.1,-3.6,-0.5,0,2.075,92,3,0,0,0,0,193.1,0.2827,1995-09-28,1,0.90488089106258,False,0,0.34079570958661415
BKR101_P003,101,P003,1996,5,324,1996-01-04,4,98,133,488,0,0,234236,5,wheat/winter wheat,-7.8,-6.7,-4,0,2.51,88,1.8,0,0,0,0,193.1,0.2826,1995-09-28,1,0.90488089106258,False,0,0.34079570958661415
BKR101_P003,101,P003,1996,5,324,1996-01-05,5,99,133,488,0,0,234236,5,wheat/winter wheat,-7.6,-5.4,-3.7,0,2.608,97,3.7,0,0,0,0,193.1,0.2826,1995-09-28,1,0.90488089106258,False,0,0.34079570958661415
BKR101_P003,101,P003,1996,5,324,1996-01-06,6,100,133,488,0,0,234236,5,wheat/winter wheat,-6.4,-4,-3,0,1.376,90,5.4,0,0,0,0,193,0.2825,1995-09-28,1,0.90488089106258,False,0,0.34079570958661415
BKR101_P003,101,P003,1996,5,324,1996-01-07,7,101,133,488,0,0,234236,5,wheat/winter wheat,-6.8,-3.2,-0.4,0.5,3.238,92,4,0,0,0,0,193,0.2824,1995-09-28,1,0.90488089106258,False,0,0.34079570958661415
BKR101_P003,101,P003,1996,5,324,1996-01-08,8,102,133,488,0,0,234236,5,wheat/winter wheat,-0.6,0.1,0.9,0,1.5,99,1.5,0,0,0,0,195.1,0.2824,1995-09-28,1,0.90488089106258,False,0,0.34079570958661415
BKR101_P003,101,P003,1996,5,324,1996-01-09,9,103,133,488,0,0,234236,5,wheat/winter wheat,-0.5,0.1,0.6,0,1.621,99,3.3,0,0,0,0,197.4,0.2854,1995-09-28,1,0.90488089106258,False,0,0.34079570958661415
BKR101_P003,101,P003,1996,5,324,1996-01-10,10,104,133,488,0,0,234236,5,wheat/winter wheat,-0.6,0,0.6,0,1.731,99,3.3,0,0,0,0,199.8,0.2887,1995-09-28,1,0.90488089106258,False,0,0.34079570958661415
BKR101_P003,101,P003,1996,5,324,1996-01-11,11,105,133,488,0,0,234236,5,wheat/winter wheat,-0.8,-0.5,-0.1,0,2.15,99,1.4,0,0,0,0,199.7,0.2921,1995-09-28,1,0.90488089106258,False,0,0.34079570958661415
BKR101_P003,101,P003,1996,5,324,1996-01-12,12,106,133,488,0,0,234236,5,wheat/winter wheat,-1.5,-0.9,-0.4,0,2.297,99,0,0,0,0,0,199.6,0.292,1995-09-28,1,0.90488089106258,False,0,0.34079570958661415
BKR101_P003,101,P003,1996,5,324,1996-01-13,13,107,133,488,0,0,234236,5,wheat/winter wheat,-1.6,-1,-0.4,0,2.024,99,0,0,0,0,0,199.5,0.2919,1995-09-28,1,0.90488089106258,False,0,0.34079570958661415
BKR101_P003,101,P003,1996,5,324,1996-01-14,14,108,133,488,0,0,234236,5,wheat/winter wheat,-1.6,-1,-0.4,0,1.04,99,0,0,0,0,0,199.4,0.2918,1995-09-28,1,0.90488089106258,False,0,0.34079570958661415
BKR101_P003,101,P003,1996,5,324,1996-01-15,15,109,133,488,0,0,234236,5,wheat/winter wheat,-2.3,-1.5,-1,0,1.289,99,0,0,0,0,0,199.3,0.2918,1995-09-28,1,0.90488089106258,False,0,0.34079570958661415
BKR101_P003,101,P003,1996,5,324,1996-01-16,16,110,133,488,0,0,234236,5,wheat/winter wheat,-4,-2.5,-1.1,0,1.598,99,0,0,0,0,0,199.3,0.2917,1995-09-28,1,0.90488089106258,False,0,0.34079570958661415
BKR101_P003,101,P003,1996,5,324,1996-01-17,17,111,133,488,0,0,234236,5,wheat/winter wheat,-4.3,-4.1,-3.9,0,1.334,99,0,0,0,0,0,199.2,0.2916,1995-09-28,1,0.90488089106258,False,0,0.34079570958661415
BKR101_P003,101,P003,1996,5,324,1996-01-18,18,112,133,488,0,0,234236,5,wheat/winter wheat,-4.2,-2.9,-1.7,0,1.263,99,0,0,0,0,0,199.2,0.2915,1995-09-28,1,0.90488089106258,False,0,0.34079570958661415
BKR101_P003,101,P003,1996,5,324,1996-01-19,19,113,133,488,0,0,234236,5,wheat/winter wheat,-2.5,-1.2,0,0.1,1.352,97,1.8,0,0,0,0,199.1,0.2914,1995-09-28,1,0.90488089106258,False,0,0.34079570958661415
BKR101_P003,101,P003,1996,5,324,1996-01-20,20,114,133,488,0,0,234236,5,wheat/winter wheat,-8.3,-6.4,-3.1,0,2.339,87,5.4,0,0,0,0,199.1,0.2914,1995-09-28,1,0.90488089106258,False,0,0.34079570958661415
BKR101_P003,101,P003,1996,5,324,1996-01-21,21,115,133,488,0,0,234236,5,wheat/winter wheat,-9.9,-8.1,-4.9,0,4.723,87,3.9,0,0,0,0,199,0.2913,1995-09-28,1,0.90488089106258,False,0,0.34079570958661415
BKR101_P003,101,P003,1996,5,324,1996-01-22,22,116,133,488,0,0,234236,5,wheat/winter wheat,-8.2,-6.9,-5.4,0,2.927,83,5.9,0,0,0,0,199,0.2912,1995-09-28,1,0.90488089106258,False,0,0.34079570958661415
BKR101_P003,101,P003,1996,5,324,1996-01-23,23,117,133,488,0,0,234236,5,wheat/winter wheat,-9.8,-7.7,-4.5,0,5.707,73,5.8,0,0,0,0,198.9,0.2912,1995-09-28,1,0.90488089106258,False,0,0.34079570958661415
BKR101_P003,101,P003,1996,5,324,1996-01-24,24,118,133,488,0,0,234236,5,wheat/winter wheat,-12.9,-9.8,-6.5,0,5.702,72,6.5,0,0,0,0,198.9,0.2911,1995-09-28,1,0.90488089106258,False,0,0.34079570958661415
BKR101_P003,101,P003,1996,5,324,1996-01-25,25,119,133,488,0,0,234236,5,wheat/winter wheat,-14.4,-12.2,-8.7,0,5.76,75,5.5,0,0,0,0,198.9,0.2911,1995-09-28,1,0.90488089106258,False,0,0.34079570958661415
BKR101_P003,101,P003,1996,5,324,1996-01-26,26,120,133,488,0,0,234236,5,wheat/winter wheat,-14.7,-11.9,-9.3,0,3.701,76,5.4,0,0,0,0,198.9,0.291,1995-09-28,1,0.90488089106258,False,0,0.34079570958661415
BKR101_P003,101,P003,1996,5,324,1996-01-27,27,121,133,488,0,0,234236,5,wheat/winter wheat,-13.6,-10.9,-8.7,0,2.698,81,3.8,0,0,0,0,198.8,0.291,1995-09-28,1,0.90488089106258,False,0,0.34079570958661415
BKR101_P003,101,P003,1996,5,324,1996-01-28,28,122,133,488,0,0,234236,5,wheat/winter wheat,-11.1,-7.7,-2.8,0,6.312,86,3.1,0,0,0,0,198.8,0.291,1995-09-28,1,0.90488089106258,False,0,0.34079570958661415
BKR101_P003,101,P003,1996,5,324,1996-01-29,29,123,133,488,0,0,234236,5,wheat/winter wheat,-10.3,-7.2,-2.3,0,7.236,83,2.8,0,0,0,0,198.7,0.2909,1995-09-28,1,0.90488089106258,False,0,0.34079570958661415
BKR101_P003,101,P003,1996,5,324,1996-01-30,30,124,133,488,0,0,234236,5,wheat/winter wheat,-8.8,-4.3,-1.6,0,1.433,91,1.7,0,0,0,0,198.7,0.2908,1995-09-28,1,0.90488089106258,False,0,0.34079570958661415
BKR101_P003,101,P003,1996,5,324,1996-01-31,31,125,133,488,0,0,234236,5,wheat/winter wheat,-5.4,-3.4,-1.8,0,4.063,79,2.4,0,0,0,0,198.7,0.2908,1995-09-28,1,0.90488089106258,False,0,0.34079570958661415
BKR101_P003,101,P003,1996,5,324,1996-02-01,32,126,133,488,0,0,234236,5,wheat/winter wheat,-8.5,-5.1,-1.3,0,7.194,79,2.6,0,0,0,0,198.6,0.2907,1995-09-28,1,0.90488089106258,False,0,0.34079570958661415
BKR101_P003,101,P003,1996,5,324,1996-02-02,33,127,133,488,0,0,234236,5,wheat/winter wheat,-12,-8,-3.7,0,4.762,92,1,0,0,0,0,198.6,0.2906,1995-09-28,1,0.90488089106258,False,0,0.34079570958661415
BKR101_P003,101,P003,1996,5,324,1996-02-03,34,128,133,488,0,0,234236,5,wheat/winter wheat,-6.9,-5.4,-2.8,0,3.321,90,1.1,0,0,0,0,198.5,0.2906,1995-09-28,1,0.90488089106258,False,0,0.34079570958661415
BKR101_P003,101,P003,1996,5,324,1996-02-04,35,129,133,488,0,0,234236,5,wheat/winter wheat,-6.4,-4.6,-3.7,0.3,1.673,94,2.6,0,0,0,0,198.5,0.2905,1995-09-28,1,0.90488089106258,False,0,0.34079570958661415
BKR101_P003,101,P003,1996,5,324,1996-02-05,36,130,133,488,0,0,234236,5,wheat/winter wheat,-13.2,-7.1,-4.3,0.9,6.86,85,0.6,0,0,0,0,198.5,0.2905,1995-09-28,1,0.90488089106258,False,0,0.34079570958661415
BKR101_P003,101,P003,1996,5,324,1996-02-06,37,131,133,488,0,0,234236,5,wheat/winter wheat,-16.2,-11.2,-5.5,0,7.824,85,1.9,0,0,0,0,198.4,0.2904,1995-09-28,1,0.90488089106258,False,0,0.34079570958661415
BKR101_P003,101,P003,1996,5,324,1996-02-07,38,132,133,488,0,0,234236,5,wheat/winter wheat,-15.2,-11.4,-6.6,0,7.723,83,3,0,0,0,0,198.4,0.2904,1995-09-28,1,0.90488089106258,False,0,0.34079570958661415
BKR101_P003,101,P003,1996,5,324,1996-02-08,39,133,133,488,0,0,234236,5,wheat/winter wheat,-15.1,-12.6,-8.8,0,8.173,80,3.4,0,0,0,0,198.4,0.2903,1995-09-28,1,0.90488089106258,False,0,0.34079570958661415
BKR101_P003,101,P003,1996,5,324,1996-02-09,40,134,133,488,0,0,234236,5,wheat/winter wheat,-18,-13.9,-7.9,0,8.293,82,3,0,0,0,0,198.3,0.2903,1995-09-28,1,0.90488089106258,False,0,0.34079570958661415
BKR101_P003,101,P003,1996,5,324,1996-02-10,41,135,133,488,0,0,234236,5,wheat/winter wheat,-15.6,-12.1,-8.8,0,5.087,79,5.3,0,0,0,0,198.3,0.2903,1995-09-28,1,0.90488089106258,False,0,0.34079570958661415
BKR101_P003,101,P003,1996,5,324,1996-02-11,42,136,133,488,0,0,234236,5,wheat/winter wheat,-9.3,-5.8,-2.8,0.1,3.616,89,3.7,0,0,0,0,198.3,0.2902,1995-09-28,1,0.90488089106258,False,0,0.34079570958661415
BKR101_P003,101,P003,1996,5,324,1996-02-12,43,137,133,488,0,0,234236,5,wheat/winter wheat,-3.1,0.7,4.6,0,6.845,85,4.1,0,0,0.3,0,203.3,0.2902,1995-09-28,1,0.90488089106258,False,0,0.34079570958661415
BKR101_P003,101,P003,1996,5,324,1996-02-13,44,138,133,488,0,0,234236,5,wheat/winter wheat,-2.5,-1.1,0.5,0.7,2.83,92,4.3,0,0,0,0,203.1,0.2972,1995-09-28,1,0.90488089106258,False,0,0.34079570958661415
BKR101_P003,101,P003,1996,5,324,1996-02-14,45,139,133,488,0,0,234236,5,wheat/winter wheat,-3.1,-1.8,-0.5,0,2.011,90,4,0,0,0,0,203,0.2972,1995-09-28,1,0.90488089106258,False,0,0.34079570958661415
BKR101_P003,101,P003,1996,5,324,1996-02-15,46,140,133,488,0,0,234236,5,wheat/winter wheat,-4.3,-2.2,-0.7,0,7.489,81,4.8,0,0,0,0,202.9,0.2971,1995-09-28,1,0.90488089106258,False,0,0.34079570958661415
BKR101_P003,101,P003,1996,5,324,1996-02-16,47,141,133,488,0,0,234236,5,wheat/winter wheat,-1.2,2.1,4.3,1.9,1.805,96,7.9,0,0,0.1,0,206.7,0.297,1995-09-28,1,0.90488089106258,False,0,0.34079570958661415
BKR101_P003,101,P003,1996,5,324,1996-02-17,48,142,133,488,0,0,234236,5,wheat/winter wheat,-0.5,1.5,3,2.2,3.287,89,6.4,0,0,0.3,0,211.1,0.3023,1995-09-28,1,0.90488089106258,False,0,0.34079570958661415
BKR101_P003,101,P003,1996,5,324,1996-02-18,49,143,133,488,0,0,234236,5,wheat/winter wheat,-1.3,0.4,1.8,5.2,3.391,95,4.5,0,0,0.2,0,215.4,0.3086,1995-09-28,1,0.90488089106258,False,0,0.34079570958661415
BKR101_P003,101,P003,1996,5,324,1996-02-19,50,144,133,488,0,0,234236,5,wheat/winter wheat,0,1.4,3.5,0.1,3.787,96,2.9,0,0,0.2,0,220.3,0.3147,1995-09-28,1,0.90488089106258,False,0,0.34079570958661415
BKR101_P003,101,P003,1996,5,324,1996-02-20,51,145,133,488,0,0,234236,5,wheat/winter wheat,-3.2,-1,0.7,0,1.361,93,5,0,0,0,0,220.1,0.3216,1995-09-28,1,0.90488089106258,False,0,0.34079570958661415
BKR101_P003,101,P003,1996,5,324,1996-02-21,52,146,133,488,0,0,234236,5,wheat/winter wheat,-5.6,-3.7,-1.6,0.3,4.138,93,5.8,0,0,0,0,220,0.3215,1995-09-28,1,0.90488089106258,False,0,0.34079570958661415
BKR101_P003,101,P003,1996,5,324,1996-02-22,53,147,133,488,0,0,234236,5,wheat/winter wheat,-6.7,-5.4,-3.8,0,6.578,89,4.2,0,0,0,0,219.9,0.3214,1995-09-28,1,0.90488089106258,False,0,0.34079570958661415
BKR101_P003,101,P003,1996,5,324,1996-02-23,54,148,133,488,0,0,234236,5,wheat/winter wheat,-10.5,-6.7,-4,0,9.397,87,2.7,0,0,0,0,219.9,0.3213,1995-09-28,1,0.90488089106258,False,0,0.34079570958661415
BKR101_P003,101,P003,1996,5,324,1996-02-24,55,149,133,488,0,0,234236,5,wheat/winter wheat,-12.8,-7.8,-0.9,0,9.746,89,1,0,0,0,0,219.8,0.3213,1995-09-28,1,0.90488089106258,False,0,0.34079570958661415
BKR101_P003,101,P003,1996,5,324,1996-02-25,56,150,133,488,0,0,234236,5,wheat/winter wheat,-10.5,-1.8,6,0,7.462,82,3.2,0,0,0,0,219.7,0.3212,1995-09-28,1,0.90488089106258,False,0,0.34079570958661415
BKR101_P003,101,P003,1996,5,324,1996-02-26,57,151,133,488,0,0,234236,5,wheat/winter wheat,0.4,4.2,9.5,0,10.92,62,3.9,0,0,1.2,0,227.8,0.3211,1995-09-28,1,0.90488089106258,False,0,0.34079570958661415
BKR101_P003,101,P003,1996,5,324,1996-02-27,58,152,133,488,0,0,234236,5,wheat/winter wheat,-2.5,0.6,5.1,0,10.587,91,1.5,0,0,0.4,0,234.6,0.3326,1995-09-28,1,0.90488089106258,False,0,0.34079570958661415
BKR101_P003,101,P003,1996,5,324,1996-02-28,59,153,133,488,0,0,234236,5,wheat/winter wheat,-2.2,-1,-0.3,0,3.139,99,2.3,0,0,0,0,234.5,0.3422,1995-09-28,1,0.90488089106258,False,0,0.34079570958661415
BKR101_P003,101,P003,1996,5,324,1996-02-29,60,154,133,488,0,0,234236,5,wheat/winter wheat,-2.8,-1.2,0.5,0,5.314,95,3.6,0,0,0,0,234.4,0.3421,1995-09-28,1,0.90488089106258,False,0,0.34079570958661415
BKR101_P003,101,P003,1996,5,324,1996-03-01,61,155,133,488,0,0,234236,5,wheat/winter wheat,-1.5,0.1,2.3,0,11.151,71,5.3,0,0,0.8,0,241.5,0.342,1995-09-28,1,0.90488089106258,False,0,0.34079570958661415
BKR101_P003,101,P003,1996,5,324,1996-03-02,62,156,133,488,0,0,234236,5,wheat/winter wheat,-2.4,-0.9,1,0,7.93,80,4.1,0,0,0,0,241.3,0.352,1995-09-28,1,0.90488089106258,False,0,0.34079570958661415
BKR101_P003,101,P003,1996,5,324,1996-03-03,63,157,133,488,0,0,234236,5,wheat/winter wheat,-3.7,-2.2,-0.8,0,5.608,86,2.9,0,0,0,0,241.2,0.3519,1995-09-28,1,0.90488089106258,False,0,0.34079570958661415
BKR101_P003,101,P003,1996,5,324,1996-03-04,64,158,133,488,0,0,234236,5,wheat/winter wheat,-5.7,-2.9,-0.2,0,8.482,80,1.9,0,0,0,0,241.1,0.3518,1995-09-28,1,0.90488089106258,False,0,0.34079570958661415
BKR101_P003,101,P003,1996,5,324,1996-03-05,65,159,133,488,0,0,234236,5,wheat/winter wheat,-6.3,-1,3.8,0,9.938,80,2.5,0,0,0,0,241,0.3517,1995-09-28,1,0.90488089106258,False,0,0.34079570958661415
BKR101_P003,101,P003,1996,5,324,1996-03-06,66,160,133,488,0,0,234236,5,wheat/winter wheat,-0.9,-0.3,0.5,0,3.15,96,2.4,0,0,0,0,240.8,0.3516,1995-09-28,1,0.90488089106258,False,0,0.34079570958661415
BKR101_P003,101,P003,1996,5,324,1996-03-07,67,161,133,488,0,0,234236,5,wheat/winter wheat,-2.2,0.2,3.3,0,11.285,72,4.8,0,0,0.8,0,248.6,0.3515,1995-09-28,1,0.90488089106258,False,0,0.34079570958661415
BKR101_P003,101,P003,1996,5,324,1996-03-08,68,162,133,488,0,0,234236,5,wheat/winter wheat,-4.6,-1.3,2.8,0,13.946,72,4.6,0,0,0,0,248.5,0.3625,1995-09-28,1,0.90488089106258,False,0,0.34079570958661415
BKR101_P003,101,P003,1996,5,324,1996-03-09,69,163,133,488,0,0,234236,5,wheat/winter wheat,-5.8,-2,3,0,13.757,69,5.3,0,0,0,0,248.4,0.3624,1995-09-28,1,0.90488089106258,False,0,0.34079570958661415
BKR101_P003,101,P003,1996,5,324,1996-03-10,70,164,133,488,0,0,234236,5,wheat/winter wheat,-6.7,-3,-0.9,0,6.416,77,3.8,0,0,0,0,248.3,0.3623,1995-09-28,1,0.90488089106258,False,0,0.34079570958661415
BKR101_P003,101,P003,1996,5,324,1996-03-11,71,165,133,488,0,0,234236,5,wheat/winter wheat,-5.5,-3.7,-2.1,0,6.484,80,5.4,0,0,0,0,248.1,0.3623,1995-09-28,1,0.90488089106258,False,0,0.34079570958661415
BKR101_P003,101,P003,1996,5,324,1996-03-12,72,166,133,488,0,0,234236,5,wheat/winter wheat,-7.2,-4.1,-0.9,0,10.358,78,3.9,0,0,0,0,248,0.3622,1995-09-28,1,0.90488089106258,False,0,0.34079570958661415
BKR101_P003,101,P003,1996,5,324,1996-03-13,73,167,133,488,0,0,234236,5,wheat/winter wheat,-5.5,-3.1,-1.4,0,6.443,86,4.3,0,0,0,0,247.9,0.3621,1995-09-28,1,0.90488089106258,False,0,0.34079570958661415
BKR101_P003,101,P003,1996,5,324,1996-03-14,74,168,133,488,0,0,234236,5,wheat/winter wheat,-1.9,-1,-0.1,0,4.945,90,3.4,0,0,0,0,247.8,0.362,1995-09-28,1,0.90488089106258,False,0,0.34079570958661415
BKR101_P003,101,P003,1996,5,324,1996-03-15,75,169,133,488,0,0,234236,5,wheat/winter wheat,-2.2,-0.7,1.3,0,8.523,85,3.5,0,0,0,0,247.6,0.3619,1995-09-28,1,0.90488089106258,False,0,0.34079570958661415
BKR101_P003,101,P003,1996,5,324,1996-03-16,76,170,133,488,0,0,234236,5,wheat/winter wheat,-0.4,0.2,0.6,0,2.851,91,6.1,0,0,0.3,0,254.2,0.3618,1995-09-28,1,0.90488089106258,False,0,0.34079570958661415
BKR101_P003,101,P003,1996,5,324,1996-03-17,77,171,133,488,0,0,234236,5,wheat/winter wheat,-0.2,0.6,1.7,0,2.834,90,4.6,0,0,0.4,0,261,0.371,1995-09-28,1,0.90488089106258,False,0,0.34079570958661415
BKR101_P003,101,P003,1996,5,324,1996-03-18,78,172,133,488,0,0,234236,5,wheat/winter wheat,-1.6,1.1,5.1,0,12.527,78,2.8,0,0,0.9,0,270.7,0.3807,1995-09-28,1,0.90488089106258,False,0,0.34079570958661415
BKR101_P003,101,P003,1996,5,324,1996-03-19,79,173,133,488,0,0,234236,5,wheat/winter wheat,-3.5,0,4.4,0,13.529,84,2.4,0,0,0.8,0,280.3,0.3943,1995-09-28,1,0.90488089106258,False,0,0.34079570958661415
BKR101_P003,101,P003,1996,5,324,1996-03-20,80,174,133,488,0,0,234236,5,wheat/winter wheat,-4.2,0.3,6.6,0,16.996,79,3.6,0,0,1,0,290.4,0.4077,1995-09-28,1,0.90488089106258,False,0,0.34079570958661415
BKR101_P003,101,P003,1996,5,324,1996-03-21,81,175,133,488,0,0,234236,5,wheat/winter wheat,-4.3,-0.3,4.5,0,15.217,86,3.3,0,0,0,0,290.2,0.422,1995-09-28,1,0.90488089106258,False,0,0.34079570958661415
BKR101_P003,101,P003,1996,5,324,1996-03-22,82,176,133,488,0,0,234236,5,wheat/winter wheat,-1.8,2.5,8.1,0,12.311,82,3.6,0,0,1,0,302,0.4219,1995-09-28,1,0.90488089106258,False,0,0.34079570958661415
BKR101_P003,101,P003,1996,5,324,1996-03-23,83,177,133,488,0,0,234236,5,wheat/winter wheat,-0.1,3.9,9.1,1.2,11.443,83,4.1,0,0,1,0,315.1,0.4385,1995-09-28,1,0.90488089106258,False,0,0.34079570958661415
BKR101_P003,101,P003,1996,5,324,1996-03-24,84,178,133,488,0,0,234236,5,wheat/winter wheat,-0.3,2.6,3.6,5.1,2.504,99,2.7,0,0,0.3,0,325.2,0.4567,1995-09-28,1,0.90488089106258,False,0,0.34079570958661415
BKR101_P003,101,P003,1996,5,324,1996-03-25,85,179,133,488,0,0,234236,5,wheat/winter wheat,-1.1,-0.1,1.6,0,3.842,98,1.9,0,0,0,0,325,0.4708,1995-09-28,1,0.90488089106258,False,0,0.34079570958661415
BKR101_P003,101,P003,1996,5,324,1996-03-26,86,180,133,488,0,0,234236,5,wheat/winter wheat,-0.6,2.4,7.3,0,10.367,86,3.1,0,0,0.8,0,337.6,0.4706,1995-09-28,1,0.90488089106258,False,0,0.34079570958661415
BKR101_P003,101,P003,1996,5,324,1996-03-27,87,181,133,488,0,0,234236,5,wheat/winter wheat,-1.7,1.8,6.2,0,19.894,57,4,0,0,1.7,0,352.1,0.4881,1995-09-28,1,0.90488089106258,False,0,0.34079570958661415
BKR101_P003,101,P003,1996,5,324,1996-03-28,88,182,133,488,0,0,234236,5,wheat/winter wheat,-2.6,1.7,5.8,0,12.514,62,3.9,0,0,1.4,0,366,0.5081,1995-09-28,1,0.90488089106258,False,0,0.34079570958661415
BKR101_P003,101,P003,1996,5,324,1996-03-29,89,183,133,488,0,0,234236,5,wheat/winter wheat,-0.6,1.3,4.2,1.8,6.565,83,3.5,0,0,0.7,0,378.3,0.5274,1995-09-28,1,0.90488089106258,False,0,0.34079570958661415
BKR101_P003,101,P003,1996,5,324,1996-03-30,90,184,133,488,0,0,234236,5,wheat/winter wheat,-0.1,0.6,2.3,2.3,6.956,95,3.6,0,0,0.4,0,390.6,0.5443,1995-09-28,1,0.90488089106258,False,0,0.34079570958661415
BKR101_P003,101,P003,1996,5,324,1996-03-31,91,185,133,488,0,0,234236,5,wheat/winter wheat,-2.2,-0.4,1.4,0.2,9.749,92,3.2,0,0,0,0,390.4,0.5613,1995-09-28,1,0.90488089106258,False,0,0.34079570958661415
BKR101_P003,101,P003,1996,5,324,1996-04-01,92,186,133,488,0,0,234236,5,wheat/winter wheat,-3.8,-0.6,3.1,0,16.014,83,1.3,0,0,0.1,0,390.2,0.5611,1995-09-28,1,0.90488089106258,False,0,0.34079570958661415
BKR101_P003,101,P003,1996,5,324,1996-04-02,93,187,133,488,0,0,234236,5,wheat/winter wheat,-4,-0.2,3.2,0,17.018,80,1.5,0,0,0.1,0,390,0.561,1995-09-28,1,0.90488089106258,False,0,0.34079570958661415
BKR101_P003,101,P003,1996,5,324,1996-04-03,94,188,133,488,0,0,234236,5,wheat/winter wheat,-2.6,1,4.2,0,8.224,80,4.5,0,0,0.8,0,403.7,0.5608,1995-09-28,1,0.90488089106258,False,0,0.34079570958661415
BKR101_P003,101,P003,1996,5,324,1996-04-04,95,189,133,488,0,0,234236,5,wheat/winter wheat,-0.2,3,8.8,0,12.215,83,4.1,0,0,1.1,0,420.9,0.5797,1995-09-28,1,0.90488089106258,False,0,0.34079570958661415
BKR101_P003,101,P003,1996,5,324,1996-04-05,96,190,133,488,0,0,234236,5,wheat/winter wheat,-0.3,3.4,6.7,0,3.695,94,2,0,0,0.5,0,436.2,0.6034,1995-09-28,1,0.90488089106258,False,0,0.34079570958661415
BKR101_P003,101,P003,1996,5,324,1996-04-06,97,191,133,488,0,0,234236,5,wheat/winter wheat,2.3,8.9,16.3,0,18.541,69,3.3,0,0,2.6,0,465,0.6243,1995-09-28,1,0.90488089106258,False,0,0.34079570958661415
BKR101_P003,101,P003,1996,5,324,1996-04-07,98,192,133,488,0,0,234236,5,wheat/winter wheat,1.1,9,17,0,21.008,62,3,0,0,3,0,496.3,0.6631,1995-09-28,1,0.90488089106258,False,0,0.34079570958661415
BKR101_P003,101,P003,1996,5,324,1996-04-08,99,193,133,488,0,0,234236,5,wheat/winter wheat,1.3,8.6,15.8,0,19.478,68,1.6,0,0,2.4,0,529.4,0.7043,1995-09-28,1,0.90488089106258,False,0,0.34079570958661415
BKR101_P003,101,P003,1996,5,324,1996-04-09,100,194,133,488,0,0,234236,5,wheat/winter wheat,1.7,7.2,12.5,0,14.745,80,1.9,0,0,1.7,0,559.5,0.7472,1995-09-28,1,0.90488089106258,False,0,0.34079570958661415
BKR101_P003,101,P003,1996,5,324,1996-04-10,101,195,133,488,0,0,234236,5,wheat/winter wheat,0.1,5.7,11.4,2,13.567,82,0.9,0,0,1.5,0,588.3,0.7855,1995-09-28,1,0.90488089106258,False,0,0.34079570958661415
BKR101_P003,101,P003,1996,5,324,1996-04-11,102,196,133,488,0,0,234236,5,wheat/winter wheat,-1.9,1.9,5.8,2.2,3.257,88,4.1,0,0,0.6,0,608.7,0.8218,1995-09-28,1,0.90488089106258,False,0,0.34079570958661415
BKR101_P003,101,P003,1996,5,324,1996-04-12,103,197,133,488,0,0,234236,5,wheat/winter wheat,-3.7,-0.6,2.1,0.3,14.16,77,5.1,0,0,0,0,608.4,0.8474,1995-09-28,1,0.90488089106258,False,0,0.34079570958661415
BKR101_P003,101,P003,1996,5,324,1996-04-13,104,198,133,488,0,0,234236,5,wheat/winter wheat,-1.9,0.7,2,0.7,7.316,92,4.1,0,0,0.6,0,629.8,0.8472,1995-09-28,1,0.90488089106258,False,0,0.34079570958661415
BKR101_P003,101,P003,1996,5,324,1996-04-14,105,199,133,488,0,0,234236,5,wheat/winter wheat,0.4,4.7,9.2,0,20.893,65,4.1,0,0,2.3,0,665,0.874,1995-09-28,1,0.90488089106258,False,0,0.34079570958661415
BKR101_P003,101,P003,1996,5,324,1996-04-15,106,200,133,488,0,0,234236,5,wheat/winter wheat,-1.7,6.1,13.5,0,23.446,51,2.3,0,0,2.9,0,704.8,0.918,1995-09-28,1,0.90488089106258,False,0,0.34079570958661415
BKR101_P003,101,P003,1996,5,324,1996-04-16,107,201,133,488,0,0,234236,5,wheat/winter wheat,-0.6,7.5,14,0,23.525,49,1.5,0,0,2.9,0,750.3,0.967,1995-09-28,1,0.90488089106258,False,0,0.34079570958661415
BKR101_P003,101,P003,1996,5,324,1996-04-17,108,202,133,488,0,0,234236,5,wheat/winter wheat,-0.6,8.9,17.4,0,23.207,51,2,0,0,3.3,0,801.4,1.0221,1995-09-28,1,0.90488089106258,False,0,0.34079570958661415
BKR101_P003,101,P003,1996,5,324,1996-04-18,109,203,133,488,0,0,234236,5,wheat/winter wheat,1.6,11.7,21.1,0,22.283,49,1.8,0,0,3.6,0,861.3,1.0828,1995-09-28,1,0.90488089106258,False,0,0.34079570958661415
BKR101_P003,101,P003,1996,5,324,1996-04-19,110,204,133,488,0,0,234236,5,wheat/winter wheat,3.5,13.4,22.1,0,19.999,53,1.5,0,0,3.4,0,925.2,1.1522,1995-09-28,1,0.90488089106258,False,0,0.34079570958661415
BKR101_P003,101,P003,1996,5,324,1996-04-20,111,205,133,488,0,0,234236,5,wheat/winter wheat,5.3,15.2,24,0,19.543,53,1.8,0,0,3.7,0,993.9,1.2238,1995-09-28,1,0.90488089106258,False,0,0.34079570958661415
BKR101_P003,101,P003,1996,5,324,1996-04-21,112,206,133,488,0,0,234236,5,wheat/winter wheat,7.8,17.6,26.6,0,22.254,51,2.1,0,0,4.6,0,1073.3,1.2982,1995-09-28,1,0.90488089106258,False,0,0.34079570958661415
BKR101_P003,101,P003,1996,5,324,1996-04-22,113,207,133,488,0,0,234236,5,wheat/winter wheat,9,18.7,27.7,0,21.338,51,1.8,0,0,4.4,0,1155.2,1.3804,1995-09-28,1,0.90488089106258,False,0,0.34079570958661415
BKR101_P003,101,P003,1996,5,324,1996-04-23,114,208,133,488,0,0,234236,5,wheat/winter wheat,9.7,19.7,28.4,0,22.003,52,2.5,0,0,5.1,0,1243.8,1.4614,1995-09-28,1,0.90488089106258,False,0,0.34079570958661415
BKR101_P003,101,P003,1996,5,324,1996-04-24,115,209,133,488,0,0,234236,5,wheat/winter wheat,7.2,12.9,17.2,4.2,6.477,89,3.2,0,0,1.3,0,1301.5,1.5445,1995-09-28,1,0.90488089106258,False,0,0.34079570958661415
BKR101_P003,101,P003,1996,5,324,1996-04-25,116,210,133,488,0,0,234236,5,wheat/winter wheat,6.2,11.5,16.7,0,19.097,71,3,0,0,3.1,0,1388.2,1.5968,1995-09-28,1,0.90488089106258,False,0,0.34079570958661415
BKR101_P003,101,P003,1996,5,324,1996-04-26,117,211,133,488,0,0,234236,5,wheat/winter wheat,5.4,10,14.6,0.1,13.043,81,4.1,0,0,2.1,0,1462.4,1.6731,1995-09-28,1,0.90488089106258,False,0,0.34079570958661415
BKR101_P003,101,P003,1996,5,324,1996-04-27,118,212,133,488,0,0,234236,5,wheat/winter wheat,1.9,10.4,17.7,0,25.81,67,1.5,0,0,3.4,0,1564.1,1.7368,1995-09-28,1,0.90488089106258,False,0,0.34079570958661415
BKR101_P003,101,P003,1996,5,324,1996-04-28,119,213,133,488,0,0,234236,5,wheat/winter wheat,5.2,12.4,19.2,0,17.633,70,1.8,0,0,2.9,0,1659.3,1.8218,1995-09-28,1,0.90488089106258,False,0,0.34079570958661415
BKR101_P003,101,P003,1996,5,324,1996-04-29,120,214,133,488,0,0,234236,5,wheat/winter wheat,6.2,9.5,13.3,3,16.542,72,2.1,0,0,2.5,0,1750,1.8986,1995-09-28,1,0.90488089106258,False,0,0.34079570958661415
BKR101_P003,101,P003,1996,5,324,1996-04-30,121,215,133,488,0,0,234236,5,wheat/winter wheat,4.4,8.6,13.4,0,8.695,85,1.7,0,0,1.4,0,1823.3,1.97,1995-09-28,1,0.90488089106258,False,0,0.34079570958661415
BKR101_P003,101,P003,1996,5,324,1996-05-01,122,216,133,488,0,0,234236,5,wheat/winter wheat,6.3,11,16.5,0,19.541,83,1.7,0,0,2.6,0,1930.6,2.0264,1995-09-28,1,0.90488089106258,False,0,0.34079570958661415
BKR101_P003,101,P003,1996,5,324,1996-05-02,123,217,133,488,0,0,234236,5,wheat/winter wheat,6.2,10,14,0.1,6.53,96,1.4,0,0,1.1,0,2005.3,2.1065,1995-09-28,1,0.90488089106258,False,0,0.34079570958661415
BKR101_P003,101,P003,1996,5,324,1996-05-03,124,218,133,488,0,0,234236,5,wheat/winter wheat,5.1,11,19.1,20.4,13.698,92,2.1,0,0,1.9,0,2099.6,2.1607,1995-09-28,1,0.90488089106258,False,0,0.34079570958661415
BKR101_P003,101,P003,1996,5,324,1996-05-04,125,219,133,488,0,0,234236,5,wheat/winter wheat,6.5,9,10.8,4.2,5.827,83,4.9,0,0,1.4,0,2177,2.227,1995-09-28,1,0.90488089106258,False,0,0.34079570958661415
BKR101_P003,101,P003,1996,5,324,1996-05-05,126,220,133,488,0,0,234236,5,wheat/winter wheat,3.6,6.6,9.3,0,14.183,65,5.1,0,0,2.4,0,2270.1,2.2799,1995-09-28,1,0.90488089106258,False,0,0.34079570958661415
BKR101_P003,101,P003,1996,5,324,1996-05-06,127,221,133,488,0,0,234236,5,wheat/winter wheat,0.1,7.7,12.5,0,23.285,65,1.4,0,0,2.9,0,2391.4,2.3425,1995-09-28,1,0.90488089106258,False,0,0.34079570958661415
BKR101_P003,101,P003,1996,5,324,1996-05-07,128,222,133,488,0,0,234236,5,wheat/winter wheat,6.8,8.4,11,0.1,8.644,80,2.4,0,0,1.6,0,2479.9,2.4222,1995-09-28,1,0.90488089106258,False,0,0.34079570958661415
BKR101_P003,101,P003,1996,5,324,1996-05-08,129,223,133,488,0,0,234236,5,wheat/winter wheat,5.7,7,8.6,17,3.893,94,3.8,0,0,0.7,0,2560.4,2.4789,1995-09-28,1,0.90488089106258,False,0,0.34079570958661415
BKR101_P003,101,P003,1996,5,324,1996-05-09,130,224,133,488,0,0,234236,5,wheat/winter wheat,4.6,5.3,6.1,0.3,2.341,95,5.3,0,0,0.5,0,2639.9,2.5294,1995-09-28,1,0.90488089106258,False,0,0.34079570958661415
BKR101_P003,101,P003,1996,5,324,1996-05-10,131,225,133,488,0,0,234236,5,wheat/winter wheat,4.1,5.3,6.2,3.6,4.515,98,2,0,0,0.7,0,2721,2.5786,1995-09-28,1,0.90488089106258,False,0,0.34079570958661415
BKR101_P003,101,P003,1996,5,324,1996-05-11,132,226,133,488,0,0,234236,5,wheat/winter wheat,5.5,8.8,12.5,0,11.225,89,0.9,0,0,1.6,0,2823.9,2.628,1995-09-28,1,0.90488089106258,False,0,0.34079570958661415
BKR101_P003,101,P003,1996,5,324,1996-05-12,133,227,133,488,0,0,234236,5,wheat/winter wheat,6.7,8.8,10.2,0,5.852,97,2.6,0,0,0.9,0,2914.2,2.6889,1995-09-28,1,0.90488089106258,False,0,0.34079570958661415
BKR101_P003,101,P003,1996,5,324,1996-05-13,134,228,133,488,0,0,234236,5,wheat/winter wheat,8.2,13.4,19.2,0,17.335,88,2.5,0,0,2.6,0,3050.1,2.741,1995-09-28,1,0.90488089106258,False,0,0.34079570958661415
BKR101_P003,101,P003,1996,5,324,1996-05-14,135,229,133,488,0,0,234236,5,wheat/winter wheat,10.3,13.2,18.1,0,20.575,89,3.8,0,0,2.9,0,3202.5,2.8158,1995-09-28,1,0.90488089106258,False,0,0.34079570958661415
BKR101_P003,101,P003,1996,5,324,1996-05-15,136,230,133,488,0,0,234236,5,wheat/winter wheat,9.7,11.8,15.6,0.1,13.781,77,3,0,0,2.6,0,3328.5,2.8958,1995-09-28,1,0.90488089106258,False,0,0.34079570958661415
BKR101_P003,101,P003,1996,5,324,1996-05-16,137,231,133,488,0,0,234236,5,wheat/winter wheat,7.1,9.3,11.4,0.4,12.032,80,1.5,0,0,1.9,0,3448.2,2.9591,1995-09-28,1,0.90488089106258,False,0,0.34079570958661415
BKR101_P003,101,P003,1996,5,324,1996-05-17,138,232,133,488,0,0,234236,5,wheat/winter wheat,8.1,12.1,17.2,0.9,9.724,94,1.8,0,0,1.6,0,3560.6,3.0173,1995-09-28,1,0.90488089106258,False,0,0.34079570958661415
BKR101_P003,101,P003,1996,5,324,1996-05-18,139,233,133,488,0,0,234236,5,wheat/winter wheat,10.5,16.6,22.1,4.8,21.699,76,2.2,0,0,3.9,0,3735.4,3.0695,1995-09-28,1,0.90488089106258,False,0,0.34079570958661415
BKR101_P003,101,P003,1996,5,324,1996-05-19,140,234,133,488,0,0,234236,5,wheat/winter wheat,10.4,16.7,23.1,0.2,21.378,83,1.6,0,0,3.6,0,3907.4,3.1451,1995-09-28,1,0.90488089106258,False,0,0.34079570958661415
BKR101_P003,101,P003,1996,5,324,1996-05-20,141,235,133,488,0,0,234236,5,wheat/winter wheat,7.6,11.2,15.7,18.6,7.498,88,3.5,0,0,1.5,0,4014.5,3.215,1995-09-28,1,0.90488089106258,False,0,0.34079570958661415
BKR101_P003,101,P003,1996,5,324,1996-05-21,142,236,133,488,0,0,234236,5,wheat/winter wheat,5.6,11.8,17.1,0,25.349,67,4.3,0,0,4.3,0,4204.6,3.2584,1995-09-28,1,0.90488089106258,False,0,0.34079570958661415
BKR101_P003,101,P003,1996,5,324,1996-05-22,143,237,133,488,0,0,234236,5,wheat/winter wheat,8.1,11.9,15.1,0.5,14.548,73,2.3,0,0,2.6,0,4348.4,3.3348,1995-09-28,1,0.90488089106258,False,0,0.34079570958661415
BKR101_P003,101,P003,1996,5,324,1996-05-23,144,238,133,488,0,0,234236,5,wheat/winter wheat,5.7,10.9,13.6,1.1,12.49,89,3.2,0,0,1.9,0,4484.7,3.3924,1995-09-28,1,0.90488089106258,False,0,0.34079570958661415
BKR101_P003,101,P003,1996,5,324,1996-05-24,145,239,133,488,0,0,234236,5,wheat/winter wheat,10.5,14.9,19.6,1.7,18.011,84,3.9,0,0,3.1,0,4648.1,3.4466,1995-09-28,1,0.90488089106258,False,0,0.34079570958661415
BKR101_P003,101,P003,1996,5,324,1996-05-25,146,240,133,488,0,0,234236,5,wheat/winter wheat,11.8,14.9,19.2,8.3,15.051,89,3.5,0,0,2.5,0,4795.5,3.5112,1995-09-28,1,0.90488089106258,False,0,0.34079570958661415
BKR101_P003,101,P003,1996,5,324,1996-05-26,147,241,133,488,0,0,234236,5,wheat/winter wheat,8.3,12,15.7,5.4,20.084,80,4.4,0,0,3.2,0,4970,3.5691,1995-09-28,1,0.90488089106258,False,0,0.34079570958661415
BKR101_P003,101,P003,1996,5,324,1996-05-27,148,242,133,488,0,0,234236,5,wheat/winter wheat,9.2,12.7,16.7,5.2,14.711,89,3.5,0,0,2.3,0,5118.2,3.6372,1995-09-28,1,0.90488089106258,False,0,0.34079570958661415
BKR101_P003,101,P003,1996,5,324,1996-05-28,149,243,133,488,0,0,234236,5,wheat/winter wheat,5.8,8.1,11.3,3.3,9.803,87,5.6,0,0,1.6,0,5239.6,3.6948,1995-09-28,1,0.90488089106258,False,0,0.34079570958661415
BKR101_P003,101,P003,1996,5,324,1996-05-29,150,244,133,488,0,0,234236,5,wheat/winter wheat,3.5,11.8,18.1,0,25.9,64,3.8,0,0,4.5,0,5443.5,3.7417,1995-09-28,1,0.90488089106258,False,0,0.34079570958661415
BKR101_P003,101,P003,1996,5,324,1996-05-30,151,245,133,488,0,0,234236,5,wheat/winter wheat,13.6,18,22.1,0,14.866,78,1.8,0,0,3,0,5588.4,3.82,1995-09-28,1,0.90488089106258,False,0,0.34079570958661415
BKR101_P003,101,P003,1996,5,324,1996-05-31,152,246,133,488,0,0,234236,5,wheat/winter wheat,12.6,21.1,28.7,0,28.465,66,2.3,0,0,5.9,0,5797,3.8751,1995-09-28,1,0.90488089106258,False,0,0.34079570958661415
BKR101_P003,101,P003,1996,5,324,1996-06-01,153,247,133,488,0,0,234236,5,wheat/winter wheat,11.2,15.9,21.5,0.3,21.989,82,2.8,0,0,3.8,0,5986.3,3.9537,1995-09-28,1,0.90488089106258,False,0,0.34079570958661415
BKR101_P003,101,P003,1996,5,324,1996-06-02,154,248,133,488,0,0,234236,5,wheat/winter wheat,9.9,12.4,16.9,2.5,10.132,86,2.6,0,0,1.9,0,6110.5,4.0246,1995-09-28,1,0.90488089106258,False,0,0.34079570958661415
BKR101_P003,101,P003,1996,5,324,1996-06-03,155,249,133,488,0,0,234236,5,wheat/winter wheat,10.7,12,14,3.9,7.394,92,2.2,0,0,1.4,0,6225.1,4.0708,1995-09-28,1,0.90488089106258,False,0,0.34079570958661415
BKR101_P003,101,P003,1996,5,324,1996-06-04,156,250,133,488,0,0,234236,5,wheat/winter wheat,10.4,15.5,20.6,0,27.979,69,1.5,0,0,4.6,0,6456.1,4.1131,1995-09-28,1,0.90488089106258,False,0,0.34079570958661415
BKR101_P003,101,P003,1996,5,324,1996-06-05,157,251,133,488,0,0,234236,5,wheat/winter wheat,11.4,17.6,23,0,25.865,69,1.1,0,0,4.5,0,6673,4.1977,1995-09-28,1,0.90488089106258,False,0,0.34079570958661415
BKR101_P003,101,P003,1996,5,324,1996-06-06,158,252,133,488,0,0,234236,5,wheat/winter wheat,11.6,19.9,27.4,0,30.08,65,2.1,0,0,5.9,0,6902.6,4.2764,1995-09-28,1,0.90488089106258,False,0,0.34079570958661415
BKR101_P003,101,P003,1996,5,324,1996-06-07,159,253,133,488,0,0,234236,5,wheat/winter wheat,13.4,22.2,29.1,0,28.922,66,1.3,0,0,5.6,0,7115.1,4.3588,1995-09-28,1,0.90488089106258,False,0,0.34079570958661415
BKR101_P003,101,P003,1996,5,324,1996-06-08,160,254,133,488,0,0,234236,5,wheat/winter wheat,16.5,23.9,32,1.3,26.542,70,1.9,0,0,5.8,0,7282.3,4.4341,1995-09-28,1,0.90488089106258,False,0,0.34079570958661415
BKR101_P003,101,P003,1996,5,324,1996-06-09,161,255,133,488,0,0,234236,5,wheat/winter wheat,16.5,21.4,26.9,0.2,20.415,79,1.3,0,0,4.1,0,7443.7,4.4927,1995-09-28,1,0.90488089106258,False,0,0.34079570958661415
BKR101_P003,101,P003,1996,5,324,1996-06-10,162,256,133,488,0,0,234236,5,wheat/winter wheat,14.6,20.5,25.8,0.1,23.912,72,2.1,0,0,4.9,0,7637.8,4.5486,1995-09-28,1,0.90488089106258,False,0,0.34079570958661415
BKR101_P003,101,P003,1996,5,324,1996-06-11,163,257,133,488,0,0,234236,5,wheat/winter wheat,14.1,21.7,28.4,0,26.692,70,1.2,0,0,5.2,0,7838.5,4.6151,1995-09-28,1,0.90488089106258,False,0,0.34079570958661415
BKR101_P003,101,P003,1996,5,324,1996-06-12,164,258,133,488,0,0,234236,5,wheat/winter wheat,13.1,20.9,26.1,0.1,21.316,69,3.5,0,0,5,0,8017.1,4.6831,1995-09-28,1,0.90488089106258,False,0,0.34079570958661415
BKR101_P003,101,P003,1996,5,324,1996-06-13,165,259,133,488,0,0,234236,5,wheat/winter wheat,8.9,13,16.7,1.4,22.868,65,4.4,0,0,4.5,0,8224,4.7431,1995-09-28,1,0.90488089106258,False,0,0.34079570958661415
BKR101_P003,101,P003,1996,5,324,1996-06-14,166,260,133,488,0,0,234236,5,wheat/winter wheat,9.5,12.7,16.9,0,20.599,68,3.7,0,0,4,0,8413.3,4.8121,1995-09-28,1,0.90488089106258,False,0,0.34079570958661415
BKR101_P003,101,P003,1996,5,324,1996-06-15,167,261,133,488,0,0,234236,5,wheat/winter wheat,7.1,14.3,19.8,0,28.402,62,2.6,0,0,5,0,8656,4.8748,1995-09-28,1,0.90488089106258,False,0,0.34079570958661415
BKR101_P003,101,P003,1996,5,324,1996-06-16,168,262,133,488,0,0,234236,5,wheat/winter wheat,9.5,14.1,18,0,25.383,78,2.4,0,0,4.1,0,8880.8,4.9546,1995-09-28,1,0.90488089106258,False,0,0.34079570958661415
BKR101_P003,101,P003,1996,5,324,1996-06-17,169,263,133,488,0,0,234236,5,wheat/winter wheat,7.1,15.2,22.7,0,23.484,68,1.9,0,0,4.2,0,9098.4,5.028,1995-09-28,1,0.90488089106258,False,0,0.34079570958661415
BKR101_P003,101,P003,1996,5,324,1996-06-18,170,264,133,488,0,0,234236,5,wheat/winter wheat,11.7,15.6,18.4,0.3,19.684,64,3.9,0,0,4.4,0,9299,5.0984,1995-09-28,1,0.90488089106258,False,0,0.34079570958661415
BKR101_P003,101,P003,1996,5,324,1996-06-19,171,265,133,488,0,0,234236,5,wheat/winter wheat,9.3,11.7,13.8,0.5,10.076,82,4.8,0,0,2.1,0,9433.4,5.1629,1995-09-28,1,0.90488089106258,False,0,0.34079570958661415
BKR101_P003,101,P003,1996,5,324,1996-06-20,172,266,133,488,0,0,234236,5,wheat/winter wheat,8.4,11.4,14.4,0,15.757,73,3.6,0,0,3,0,9604.4,5.2058,1995-09-28,1,0.90488089106258,False,0,0.34079570958661415
BKR101_P003,101,P003,1996,5,324,1996-06-21,173,267,133,488,0,0,234236,5,wheat/winter wheat,6.7,11.2,16.5,1.1,15.022,77,3.1,0,0,2.7,0,9764.2,5.26,1995-09-28,1,0.90488089106258,False,0,0.34079570958661415
BKR101_P003,101,P003,1996,5,324,1996-06-22,174,268,133,488,0,0,234236,5,wheat/winter wheat,7.1,11.8,15.5,0,14.182,75,2.2,0,0,2.6,9.3,9926.7,5.3106,1995-09-28,1,0.90488089106258,False,0,0.34079570958661415
BKR101_P003,101,P003,1996,5,324,1996-06-23,175,269,133,488,0,0,234236,5,wheat/winter wheat,10.3,12.1,14.4,0,8.993,82,2.5,0,0,1.9,26,10052.4,5.3585,1995-09-28,1,0.90488089106258,False,0,0.34079570958661415
BKR101_P003,101,P003,1996,5,324,1996-06-24,176,270,133,488,0,0,234236,5,wheat/winter wheat,9.8,12,14.2,0,10.783,79,2.3,0,0,2.1,55,10192.9,5.3918,1995-09-28,1,0.90488089106258,False,0,0.34079570958661415
BKR101_P003,101,P003,1996,5,324,1996-06-25,177,271,133,488,0,0,234236,5,wheat/winter wheat,10.4,13.9,17.1,0,10.474,82,1.2,0,0,2,93.8,10326.6,5.4252,1995-09-28,1,0.90488089106258,False,0,0.34079570958661415
BKR101_P003,101,P003,1996,5,324,1996-06-26,178,272,133,488,0,0,234236,5,wheat/winter wheat,9.5,14.5,19.6,0,19.873,77,1.8,0,0,3.4,170.3,10530.5,5.4526,1995-09-28,1,0.90488089106258,False,0,0.34079570958661415
BKR101_P003,101,P003,1996,5,324,1996-06-27,179,273,133,488,0,0,234236,5,wheat/winter wheat,7,14.5,20.3,0,15.495,76,2.5,0,0,3,248.7,10701.7,5.4877,1995-09-28,1,0.90488089106258,False,0,0.34079570958661415
BKR101_P003,101,P003,1996,5,324,1996-06-28,180,274,133,488,0,0,234236,5,wheat/winter wheat,7.6,13.4,19.4,0,17.852,72,2.5,0,0,3.4,349.1,10890.4,5.5118,1995-09-28,1,0.90488089106258,False,0,0.34079570958661415
BKR101_P003,101,P003,1996,5,324,1996-06-29,181,275,133,488,0,0,234236,5,wheat/winter wheat,10.2,14.3,21.8,28.3,10.331,90,2.4,0,0,2,419.3,11005.7,5.533,1995-09-28,1,0.90488089106258,False,0,0.34079570958661415
BKR101_P003,101,P003,1996,5,324,1996-06-30,182,276,133,488,0,0,234236,5,wheat/winter wheat,10.4,12.5,15.5,1.7,10.64,89,4.5,0,0,1.9,512.6,11144.1,5.5426,1995-09-28,1,0.90488089106258,False,0,0.34079570958661415
BKR101_P003,101,P003,1996,5,324,1996-07-01,183,277,133,488,0,0,234236,5,wheat/winter wheat,11,14.1,17.6,2.6,16.325,86,3.6,0,0,2.8,651.4,11330.2,5.5506,1995-09-28,1,0.90488089106258,False,0,0.34079570958661415
BKR101_P003,101,P003,1996,5,324,1996-07-02,184,278,133,488,0,0,234236,5,wheat/winter wheat,9.7,13,17.4,1.7,18.236,81,3.9,0,0,3.2,814.6,11531.6,5.5562,1995-09-28,1,0.90488089106258,False,0,0.34079570958661415
BKR101_P003,101,P003,1996,5,324,1996-07-03,185,279,133,488,0,0,234236,5,wheat/winter wheat,9.1,14.7,19.8,0,20.467,73,2.7,0,0,3.8,999.2,11754.7,5.5573,1995-09-28,1,0.90488089106258,False,0,0.34079570958661415
BKR101_P003,101,P003,1996,5,324,1996-07-04,186,280,133,488,0,0,234236,5,wheat/winter wheat,13.6,17.7,22.1,0.3,15.12,78,4.1,0,0,3.5,1133.6,11916.4,5.5538,1995-09-28,1,0.90488089106258,False,0,0.34079570958661415
BKR101_P003,101,P003,1996,5,324,1996-07-05,187,281,133,488,0,0,234236,5,wheat/winter wheat,13.7,18.6,24.1,33.5,20.707,80,2.7,0,0,4.1,1303.2,12119.6,5.5465,1995-09-28,1,0.90488089106258,False,0,0.34079570958661415
BKR101_P003,101,P003,1996,5,324,1996-07-06,188,282,133,488,0,0,234236,5,wheat/winter wheat,10.6,14.1,17.5,4.4,9.205,94,3.2,0,0,1.6,1409,12245.2,5.5352,1995-09-28,1,0.90488089106258,False,0,0.34079570958661415
BKR101_P003,101,P003,1996,5,324,1996-07-07,189,283,133,488,0,0,234236,5,wheat/winter wheat,9.7,14,18.6,0.1,19.395,78,1.9,0,0,3.3,1585.9,12456.5,5.5217,1995-09-28,1,0.90488089106258,False,0,0.34079570958661415
BKR101_P003,101,P003,1996,5,324,1996-07-08,190,284,133,488,0,0,234236,5,wheat/winter wheat,11,12,13,15.5,3.157,97,3.2,0,0,0.8,1678.8,12565.8,5.506,1995-09-28,1,0.90488089106258,False,0,0.34079570958661415
BKR101_P003,101,P003,1996,5,324,1996-07-09,191,285,133,488,0,0,234236,5,wheat/winter wheat,11.3,12.1,14,5.8,7.888,88,6.4,0,0,1.7,1780.5,12685.5,5.4892,1995-09-28,1,0.90488089106258,False,0,0.34079570958661415
BKR101_P003,101,P003,1996,5,324,1996-07-10,192,286,133,488,0,0,234236,5,wheat/winter wheat,9.1,14.7,20,0,22.508,69,5.2,0,0,4.7,1978.1,12920.7,5.471,1995-09-28,1,0.90488089106258,False,0,0.34079570958661415
BKR101_P003,101,P003,1996,5,324,1996-07-11,193,287,133,488,0,0,234236,5,wheat/winter wheat,9.9,13.8,15.8,1.7,6.272,98,3.1,0,0,1.1,2067.1,13024.2,5.4505,1995-09-28,1,0.90488089106258,False,0,0.34079570958661415
BKR101_P003,101,P003,1996,5,324,1996-07-12,194,288,133,488,0,0,234236,5,wheat/winter wheat,13.9,16.5,19.2,0.3,12.196,83,2.7,0,0,2.5,2186.2,13163.4,5.4281,1995-09-28,1,0.90488089106258,False,0,0.34079570958661415
BKR101_P003,101,P003,1996,5,324,1996-07-13,195,289,133,488,0,0,234236,5,wheat/winter wheat,14.8,18.1,21.7,0.2,19.022,82,2.6,0,0,3.6,2349.3,13355.1,5.4025,1995-09-28,1,0.90488089106258,False,0,0.34079570958661415
BKR101_P003,101,P003,1996,5,324,1996-07-14,196,290,133,488,0,0,234236,5,wheat/winter wheat,15.8,19.6,23.2,0,18.473,81,3.3,0,0,3.8,2501.4,13532.6,5.3733,1995-09-28,1,0.90488089106258,False,0,0.34079570958661415
BKR101_P003,101,P003,1996,5,324,1996-07-15,197,291,133,488,0,0,234236,5,wheat/winter wheat,12.6,15.2,17.8,0,21.914,71,3.5,0,0,4.2,2699.4,13765.1,5.3397,1995-09-28,1,0.90488089106258,False,0,0.34079570958661415
BKR101_P003,101,P003,1996,5,324,1996-07-16,198,292,133,488,0,0,234236,5,wheat/winter wheat,10.7,14.1,19.1,0,22.669,70,3.8,0,0,4.3,2895.1,13994.3,5.3038,1995-09-28,1,0.90488089106258,False,0,0.34079570958661415
BKR101_P003,101,P003,1996,5,324,1996-07-17,199,293,133,488,0,0,234236,5,wheat/winter wheat,8.1,14.5,19.8,0,26.44,69,3.7,0,0,4.7,3123,14262.1,5.266,1995-09-28,1,0.90488089106258,False,0,0.34079570958661415
BKR101_P003,101,P003,1996,5,324,1996-07-18,200,294,133,488,0,0,234236,5,wheat/winter wheat,9.9,12.1,16.4,14.8,12.504,88,2.9,0,0,2.1,3248.3,14405.6,5.2262,1995-09-28,1,0.90488089106258,False,0,0.34079570958661415
BKR101_P003,101,P003,1996,5,324,1996-07-19,201,295,133,488,0,0,234236,5,wheat/winter wheat,7,12.5,17.6,0.1,24.091,74,1.9,0,0,3.7,3456.8,14649.5,5.1854,1995-09-28,1,0.90488089106258,False,0,0.34079570958661415
BKR101_P003,101,P003,1996,5,324,1996-07-20,202,296,133,488,0,0,234236,5,wheat/winter wheat,5.8,13.4,19.1,0,26.296,70,0.9,0,0,3.9,3683.1,14914.5,5.1435,1995-09-28,1,0.90488089106258,False,0,0.34079570958661415
BKR101_P003,101,P003,1996,5,324,1996-07-21,203,297,133,488,0,0,234236,5,wheat/winter wheat,6.6,14.9,21,0,22.054,68,0.7,0,0,3.5,3876.4,15139.2,5.1001,1995-09-28,1,0.90488089106258,False,0,0.34079570958661415
BKR101_P003,101,P003,1996,5,324,1996-07-22,204,298,133,488,0,0,234236,5,wheat/winter wheat,8.3,16.3,22.9,0,25.847,69,1.1,0,0,4.2,4092.2,15390.5,5.0548,1995-09-28,1,0.90488089106258,False,0,0.34079570958661415
BKR101_P003,101,P003,1996,5,324,1996-07-23,205,299,133,488,0,0,234236,5,wheat/winter wheat,9.9,18.6,25.4,0,25.556,63,3,0,0,5.4,4296.9,15627.7,5.0069,1995-09-28,1,0.90488089106258,False,0,0.34079570958661415
BKR101_P003,101,P003,1996,5,324,1996-07-24,206,300,133,488,0,0,234236,5,wheat/winter wheat,13.5,16.7,19.3,19.9,9.894,93,2,0,0,1.8,4387.5,15726.8,4.9556,1995-09-28,1,0.90488089106258,False,0,0.34079570958661415
BKR101_P003,101,P003,1996,5,324,1996-07-25,207,301,133,488,0,0,234236,5,wheat/winter wheat,14,15.8,18.1,1.9,11.104,95,2.4,0,0,1.8,4488.2,15837.7,4.9019,1995-09-28,1,0.90488089106258,False,0,0.34079570958661415
BKR101_P003,101,P003,1996,5,324,1996-07-26,208,302,133,488,0,0,234236,5,wheat/winter wheat,11.3,14.5,15.8,0,7.713,94,2.8,0,0,1.4,4575.8,15932.5,4.8461,1995-09-28,1,0.90488089106258,False,0,0.34079570958661415
BKR101_P003,101,P003,1996,5,324,1996-07-27,209,303,133,488,0,0,234236,5,wheat/winter wheat,10.7,17.8,23.5,0.1,26.087,72,1.6,0,0,4.5,4772.6,16158.2,4.7888,1995-09-28,1,0.90488089106258,False,0,0.34079570958661415
BKR101_P003,101,P003,1996,5,324,1996-07-28,210,304,133,488,0,0,234236,5,wheat/winter wheat,13,17.1,20.3,0,13.135,84,1,0,0,2.4,4882.5,16278.8,4.7288,1995-09-28,1,0.90488089106258,False,0,0.34079570958661415
BKR101_P003,101,P003,1996,5,324,1996-07-29,211,305,133,488,0,0,234236,5,wheat/winter wheat,12.9,17.1,21.6,0,20.915,80,1.9,0,0,3.6,5042.1,16458.8,4.6665,1995-09-28,1,0.90488089106258,False,0,0.34079570958661415
BKR101_P003,101,P003,1996,5,324,1996-07-30,212,306,133,488,0,0,234236,5,wheat/winter wheat,14.7,16.9,21.1,6.2,13.091,93,1.6,0,0,2.2,5142.7,16567.3,4.602,1995-09-28,1,0.90488089106258,False,0,0.34079570958661415
BKR101_P003,101,P003,1996,5,324,1996-07-31,213,307,133,488,0,0,234236,5,wheat/winter wheat,11.8,17,21.4,0,14.02,87,1.6,0,0,2.5,5255,16689.4,4.5354,1995-09-28,1,0.90488089106258,False,0,0.34079570958661415
BKR101_P003,101,P003,1996,5,324,1996-08-01,214,308,133,488,0,0,234236,5,wheat/winter wheat,13.8,19.8,25.1,0.3,19.361,77,1.3,0,0,3.6,5389.1,16837.2,4.4668,1995-09-28,1,0.90488089106258,False,0,0.34079570958661415
BKR101_P003,101,P003,1996,5,324,1996-08-02,215,309,133,488,0,0,234236,5,wheat/winter wheat,15.3,18.2,22.1,2.7,21.911,76,2.1,0,0,4,5548.2,17014.6,4.3954,1995-09-28,1,0.90488089106258,False,0,0.34079570958661415
BKR101_P003,101,P003,1996,5,324,1996-08-03,216,310,133,488,0,0,234236,5,wheat/winter wheat,9.8,15.6,19.1,0,20.921,73,1.8,0,0,3.5,5707.4,17191.9,4.3218,1995-09-28,1,0.90488089106258,False,0,0.34079570958661415
BKR101_P003,101,P003,1996,5,324,1996-08-04,217,311,133,488,0,0,234236,5,wheat/winter wheat,7.5,14.5,20,0,19.68,75,1.2,0,0,3.1,5852.5,17352,4.2471,1995-09-28,1,0.90488089106258,False,0,0.34079570958661415
BKR101_P003,101,P003,1996,5,324,1996-08-05,218,312,133,488,0,0,234236,5,wheat/winter wheat,8.9,15.4,21.6,0.8,24.347,78,1.8,0,0,3.8,6019.6,17538.3,4.1716,1995-09-28,1,0.90488089106258,False,0,0.34079570958661415
BKR101_P003,101,P003,1996,5,324,1996-08-06,219,313,133,488,0,0,234236,5,wheat/winter wheat,12.4,16.5,21.6,0,20.329,78,1.8,0,0,3.5,6154.9,17686.2,4.0953,1995-09-28,1,0.90488089106258,False,0,0.34079570958661415
BKR101_P003,101,P003,1996,5,324,1996-08-07,220,314,133,488,0,0,234236,5,wheat/winter wheat,11,17.5,23.4,0,21.769,73,2.3,0,0,4,6296,17840.6,4.0178,1995-09-28,1,0.90488089106258,False,0,0.34079570958661415
BKR101_P003,101,P003,1996,5,324,1996-08-08,221,315,133,488,0,0,234236,5,wheat/winter wheat,12.3,17.9,23.1,0,14.364,81,1.1,0,0,2.6,6385.3,17932.7,3.9389,1995-09-28,1,0.90488089106258,False,0,0.34079570958661415
BKR101_P003,101,P003,1996,5,324,1996-08-09,222,316,133,488,0,0,234236,5,wheat/winter wheat,14.2,19.5,25.1,0,23.211,61,2.9,0,0,5.1,6519.2,18077.9,3.8585,1995-09-28,1,0.90488089106258,False,0,0.34079570958661415
BKR101_P003,101,P003,1996,5,324,1996-08-10,223,317,133,488,0,0,234236,5,wheat/winter wheat,11.2,18.4,24.7,0,24.011,63,3.9,0,0,5.3,6661.5,18232.8,3.7764,1995-09-28,1,0.90488089106258,False,0,0.34079570958661415
BKR101_P003,101,P003,1996,5,324,1996-08-11,224,318,133,488,0,0,234236,5,wheat/winter wheat,13.1,20.3,27,0,19.165,68,3.7,0,0,4.7,6753.3,18326.8,3.693,1995-09-28,1,0.90488089106258,False,0,0.34079570958661415
BKR101_P003,101,P003,1996,5,324,1996-08-12,225,319,133,488,0,0,234236,5,wheat/winter wheat,16.9,18.9,21.6,0,8.281,83,2.5,0,0,2.1,6782.3,18345.4,3.6078,1995-09-28,1,0.90488089106258,False,0,0.34079570958661415
BKR101_P003,101,P003,1996,5,324,1996-08-13,226,320,133,488,0,0,234236,5,wheat/winter wheat,14.9,16.5,19.6,10.3,8.744,94,1.1,0,0,1.6,6814.5,18367.8,3.5215,1995-09-28,1,0.90488089106258,False,0,0.34079570958661415
BKR101_P003,101,P003,1996,5,324,1996-08-14,227,321,133,488,0,0,234236,5,wheat/winter wheat,12.3,16.5,21.5,0,19.267,83,1.5,0,0,3.1,6943.5,18505.9,3.4347,1995-09-28,1,0.90488089106258,False,0,0.34079570958661415
BKR101_P003,101,P003,1996,5,324,1996-08-15,228,322,133,488,0,0,234236,5,wheat/winter wheat,12.5,15.3,18.1,1.8,6.41,96,3,0,0,1.1,6976.1,18528.7,3.3478,1995-09-28,1,0.90488089106258,False,0,0.34079570958661415
BKR101_P003,101,P003,1996,5,324,1996-08-16,229,323,133,488,0,0,234236,5,wheat/winter wheat,15.1,16.3,18.5,2.7,6.707,97,2.8,0,0,1.1,6976.1,18528.7,3.3478,1995-09-28,1,0.90488089106258,False,0,0.34079570958661415
BKR101_P003,101,P003,1997,6,323,1996-09-28,272,0,133,488,0,0,234236,6,wheat/winter wheat,8.1,11.9,15.1,0.1,10.304,84,3.6,0,0,1.4,0,53,0.0775,1996-09-28,1,0.90488089106258,False,0,0.34079570958661415
BKR101_P003,101,P003,1997,6,323,1996-09-29,273,1,133,488,0,0,234236,6,wheat/winter wheat,7.6,10.5,13.3,4.7,3.899,94,4.8,0,0,0.7,0,53,0.0775,1996-09-28,1,0.90488089106258,False,0,0.34079570958661415
BKR101_P003,101,P003,1997,6,323,1996-09-30,274,2,133,488,0,0,234236,6,wheat/winter wheat,12.2,15.4,18.7,0.8,6.469,88,4.5,0,0,1.3,0,53,0.0775,1996-09-28,1,0.90488089106258,False,0,0.34079570958661415
BKR101_P003,101,P003,1997,6,323,1996-10-01,275,3,133,488,0,0,234236,6,wheat/winter wheat,10.2,14.5,18.1,6.1,8.171,85,3.1,0,0,1.3,0,53,0.0775,1996-09-28,1,0.90488089106258,False,0,0.34079570958661415
BKR101_P003,101,P003,1997,6,323,1996-10-02,276,4,133,488,0,0,234236,6,wheat/winter wheat,6,9.6,12.9,10.2,8.125,91,3.1,0,0,0.9,0,53,0.0775,1996-09-28,1,0.90488089106258,False,0,0.34079570958661415
BKR101_P003,101,P003,1997,6,323,1996-10-03,277,5,133,488,0,0,234236,6,wheat/winter wheat,5.1,9.1,14.3,0.1,13.067,85,3,0,0,1.2,0,53,0.0775,1996-09-28,1,0.90488089106258,False,0,0.34079570958661415
BKR101_P003,101,P003,1997,6,323,1996-10-04,278,6,133,488,0,0,234236,6,wheat/winter wheat,8.1,10.1,12.6,0.8,4.358,89,4.2,0,0,0.9,0,53,0.0775,1996-09-28,1,0.90488089106258,False,0,0.34079570958661415
BKR101_P003,101,P003,1997,6,323,1996-10-05,279,7,133,488,0,0,234236,6,wheat/winter wheat,4.6,8.6,12.5,0.1,8.995,95,1.3,0,0,0.7,0,53,0.0775,1996-09-28,1,0.90488089106258,False,0,0.34079570958661415
BKR101_P003,101,P003,1997,6,323,1996-10-06,280,8,133,488,0,0,234236,6,wheat/winter wheat,5.2,9.9,14.3,0.1,9.457,87,0.5,0,0,0.8,0,53,0.0775,1996-09-28,1,0.90488089106258,False,0,0.34079570958661415
BKR101_P003,101,P003,1997,6,323,1996-10-07,281,9,133,488,0,0,234236,6,wheat/winter wheat,3.7,9.1,14.5,7.1,10.267,87,0.2,0,0,0.8,0,53,0.0775,1996-09-28,1,0.90488089106258,False,0,0.34079570958661415
BKR101_P003,101,P003,1997,6,323,1996-10-08,282,10,133,488,0,0,234236,6,wheat/winter wheat,9.2,11.7,14.6,0.1,4.91,95,0.2,0,0,0.6,0,53,0.0775,1996-09-28,1,0.90488089106258,False,0,0.34079570958661415
BKR101_P003,101,P003,1997,6,323,1996-10-09,283,11,133,488,0,0,234236,6,wheat/winter wheat,9.1,11.7,15.2,0.2,5.678,94,0.2,0,0,0.7,0,53,0.0775,1996-09-28,1,0.90488089106258,False,0,0.34079570958661415
BKR101_P003,101,P003,1997,6,323,1996-10-10,284,12,133,488,0,0,234236,6,wheat/winter wheat,3.2,9.5,12.6,0,6.002,89,0.7,0,0,0.6,0,55.3,0.0775,1996-09-28,1,0.90488089106258,False,0,0.34079570958661415
BKR101_P003,101,P003,1997,6,323,1996-10-11,285,13,133,488,0,0,234236,6,wheat/winter wheat,0.7,6,12,0,10.047,87,0.6,0,0,0.6,0,57.7,0.0807,1996-09-28,1,0.90488089106258,False,0,0.34079570958661415
BKR101_P003,101,P003,1997,6,323,1996-10-12,286,14,133,488,0,0,234236,6,wheat/winter wheat,1.6,7.7,16.2,0,9.731,86,0.6,0,0,0.7,0,60.4,0.0842,1996-09-28,1,0.90488089106258,False,0,0.34079570958661415
BKR101_P003,101,P003,1997,6,323,1996-10-13,287,15,133,488,0,0,234236,6,wheat/winter wheat,1.2,7.9,16.7,0,9.294,92,0.1,0,0,0.6,0,63.1,0.0879,1996-09-28,1,0.90488089106258,False,0,0.34079570958661415
BKR101_P003,101,P003,1997,6,323,1996-10-14,288,16,133,488,0,0,234236,6,wheat/winter wheat,3.3,7.3,13.4,0.1,7.101,96,0.5,0,0,0.5,0,65.7,0.0918,1996-09-28,1,0.90488089106258,False,0,0.34079570958661415
BKR101_P003,101,P003,1997,6,323,1996-10-15,289,17,133,488,0,0,234236,6,wheat/winter wheat,3.2,8.4,16.7,0.1,7.877,94,0.6,0,0,0.5,0,68.5,0.0954,1996-09-28,1,0.90488089106258,False,0,0.34079570958661415
BKR101_P003,101,P003,1997,6,323,1996-10-16,290,18,133,488,0,0,234236,6,wheat/winter wheat,5.8,10.7,17.6,0.1,6.636,94,0.7,0,0,0.5,0,71.5,0.0995,1996-09-28,1,0.90488089106258,False,0,0.34079570958661415
BKR101_P003,101,P003,1997,6,323,1996-10-17,291,19,133,488,0,0,234236,6,wheat/winter wheat,10.3,11.1,12.4,3.7,1.839,99,1.9,0,0,0.3,0,73.3,0.1036,1996-09-28,1,0.90488089106258,False,0,0.34079570958661415
BKR101_P003,101,P003,1997,6,323,1996-10-18,292,20,133,488,0,0,234236,6,wheat/winter wheat,8.5,9.9,11.6,0,4.013,95,1.3,0,0,0.4,0,75.7,0.1062,1996-09-28,1,0.90488089106258,False,0,0.34079570958661415
BKR101_P003,101,P003,1997,6,323,1996-10-19,293,21,133,488,0,0,234236,6,wheat/winter wheat,6.4,10.1,13.8,0.8,9.545,86,2.5,0,0,0.7,0,79.2,0.1096,1996-09-28,1,0.90488089106258,False,0,0.34079570958661415
BKR101_P003,101,P003,1997,6,323,1996-10-20,294,22,133,488,0,0,234236,6,wheat/winter wheat,5.9,8.1,11.9,11.3,4.343,96,3.5,0,0,0.3,0,81.8,0.1146,1996-09-28,1,0.90488089106258,False,0,0.34079570958661415
BKR101_P003,101,P003,1997,6,323,1996-10-21,295,23,133,488,0,0,234236,6,wheat/winter wheat,6,7.5,8.8,3.4,3.277,98,1.5,0,0,0.3,0,84,0.1182,1996-09-28,1,0.90488089106258,False,0,0.34079570958661415
BKR101_P003,101,P003,1997,6,323,1996-10-22,296,24,133,488,0,0,234236,6,wheat/winter wheat,6,9.1,11.1,1.4,2.773,95,4,0,0,0.3,0,86.3,0.1214,1996-09-28,1,0.90488089106258,False,0,0.34079570958661415
BKR101_P003,101,P003,1997,6,323,1996-10-23,297,25,133,488,0,0,234236,6,wheat/winter wheat,3.9,6.2,10.4,0,5.731,96,1.8,0,0,0.3,0,89.2,0.1246,1996-09-28,1,0.90488089106258,False,0,0.34079570958661415
BKR101_P003,101,P003,1997,6,323,1996-10-24,298,26,133,488,0,0,234236,6,wheat/winter wheat,3.7,6.2,9.9,0.1,4.703,92,1.3,0,0,0.3,0,91.9,0.1287,1996-09-28,1,0.90488089106258,False,0,0.34079570958661415
BKR101_P003,101,P003,1997,6,323,1996-10-25,299,27,133,488,0,0,234236,6,wheat/winter wheat,0.2,4.4,10.1,0,8.905,87,3.2,0,0,0.4,0,94.9,0.1326,1996-09-28,1,0.90488089106258,False,0,0.34079570958661415
BKR101_P003,101,P003,1997,6,323,1996-10-26,300,28,133,488,0,0,234236,6,wheat/winter wheat,0.1,4.6,9.8,0.2,7.869,92,2.3,0,0,0.2,0,98.1,0.1368,1996-09-28,1,0.90488089106258,False,0,0.34079570958661415
BKR101_P003,101,P003,1997,6,323,1996-10-27,301,29,133,488,0,0,234236,6,wheat/winter wheat,4.4,8.7,11.8,5.4,4.477,94,3.2,0,0,0.3,0,101.2,0.1412,1996-09-28,1,0.90488089106258,False,0,0.34079570958661415
BKR101_P003,101,P003,1997,6,323,1996-10-28,302,30,133,488,0,0,234236,6,wheat/winter wheat,9.8,11.6,13.2,5,1.891,96,4.8,0,0,0.3,0,103.4,0.1457,1996-09-28,1,0.90488089106258,False,0,0.34079570958661415
BKR101_P003,101,P003,1997,6,323,1996-10-29,303,31,133,488,0,0,234236,6,wheat/winter wheat,8.3,10.5,12,6.7,2.797,86,6.8,0,0,0.6,0,106,0.1487,1996-09-28,1,0.90488089106258,False,0,0.34079570958661415
BKR101_P003,101,P003,1997,6,323,1996-10-30,304,32,133,488,0,0,234236,6,wheat/winter wheat,6,7.6,9.1,4.7,4.291,80,8.1,0,0,0.8,0,109.2,0.1524,1996-09-28,1,0.90488089106258,False,0,0.34079570958661415
BKR101_P003,101,P003,1997,6,323,1996-10-31,305,33,133,488,0,0,234236,6,wheat/winter wheat,7.4,8.5,10.5,0.3,4.331,85,5.2,0,0,0.6,0,112.6,0.1569,1996-09-28,1,0.90488089106258,False,0,0.34079570958661415
BKR101_P003,101,P003,1997,6,323,1996-11-01,306,34,133,488,0,0,234236,6,wheat/winter wheat,6.2,8.6,11.6,0,2.275,86,2.3,0,0,0.4,0,115,0.1617,1996-09-28,1,0.90488089106258,False,0,0.34079570958661415
BKR101_P003,101,P003,1997,6,323,1996-11-02,307,35,133,488,0,0,234236,6,wheat/winter wheat,8.1,10.6,12.7,1.9,2.134,93,0,0,0,0.3,0,117.4,0.1651,1996-09-28,1,0.90488089106258,False,0,0.34079570958661415
BKR101_P003,101,P003,1997,6,323,1996-11-03,308,36,133,488,0,0,234236,6,wheat/winter wheat,12.6,13.2,14.4,0.5,2.105,94,0,0,0,0.3,0,119.8,0.1684,1996-09-28,1,0.90488089106258,False,0,0.34079570958661415
BKR101_P003,101,P003,1997,6,323,1996-11-04,309,37,133,488,0,0,234236,6,wheat/winter wheat,10.6,12.6,15.3,0,6.308,81,0,0,0,0.1,0,124.3,0.1718,1996-09-28,1,0.90488089106258,False,0,0.34079570958661415
BKR101_P003,101,P003,1997,6,323,1996-11-05,310,38,133,488,0,0,234236,6,wheat/winter wheat,8.5,11.6,14.7,0,4.357,66,0,0,0,0.3,0,128.5,0.178,1996-09-28,1,0.90488089106258,False,0,0.34079570958661415
BKR101_P003,101,P003,1997,6,323,1996-11-06,311,39,133,488,0,0,234236,6,wheat/winter wheat,6.6,9,11.1,0.8,2.814,77,0,0,0,0.3,0,131.6,0.184,1996-09-28,1,0.90488089106258,False,0,0.34079570958661415
BKR101_P003,101,P003,1997,6,323,1996-11-07,312,40,133,488,0,0,234236,6,wheat/winter wheat,5.9,9,11.4,4.3,2.479,83,0,0,0,0.3,0,134.4,0.1882,1996-09-28,1,0.90488089106258,False,0,0.34079570958661415
BKR101_P003,101,P003,1997,6,323,1996-11-08,313,41,133,488,0,0,234236,6,wheat/winter wheat,2.2,5.1,7.7,0,5.025,87,0,0,0,0,0,138.2,0.1922,1996-09-28,1,0.90488089106258,False,0,0.34079570958661415
BKR101_P003,101,P003,1997,6,323,1996-11-09,314,42,133,488,0,0,234236,6,wheat/winter wheat,0.4,4,7.6,0.8,3.79,95,0,0,0,0.1,0,141.6,0.1974,1996-09-28,1,0.90488089106258,False,0,0.34079570958661415
BKR101_P003,101,P003,1997,6,323,1996-11-10,315,43,133,488,0,0,234236,6,wheat/winter wheat,3.2,4.7,6,0.4,3.892,96,0,0,0,0,0,145.2,0.202,1996-09-28,1,0.90488089106258,False,0,0.34079570958661415
BKR101_P003,101,P003,1997,6,323,1996-11-11,316,44,133,488,0,0,234236,6,wheat/winter wheat,3.8,5.9,9.4,9.9,4.063,95,1.2,0,0,0.1,0,149.2,0.2071,1996-09-28,1,0.90488089106258,False,0,0.34079570958661415
BKR101_P003,101,P003,1997,6,323,1996-11-12,317,45,133,488,0,0,234236,6,wheat/winter wheat,3.4,4,4.4,0,0.533,99,2.3,0,0,0.1,0,150.7,0.2125,1996-09-28,1,0.90488089106258,False,0,0.34079570958661415
BKR101_P003,101,P003,1997,6,323,1996-11-13,318,46,133,488,0,0,234236,6,wheat/winter wheat,4.3,6.2,10.8,0,0.56,88,2.7,0,0,0.3,0,152.2,0.2147,1996-09-28,1,0.90488089106258,False,0,0.34079570958661415
BKR101_P003,101,P003,1997,6,323,1996-11-14,319,47,133,488,0,0,234236,6,wheat/winter wheat,0.6,2.8,5.4,0,3.88,90,1.5,0,0,0.1,0,155.6,0.2167,1996-09-28,1,0.90488089106258,False,0,0.34079570958661415
BKR101_P003,101,P003,1997,6,323,1996-11-15,320,48,133,488,0,0,234236,6,wheat/winter wheat,-2.1,1.1,3.8,0,0.56,96,1.3,0,0,0.2,0,157.1,0.2214,1996-09-28,1,0.90488089106258,False,0,0.34079570958661415
BKR101_P003,101,P003,1997,6,323,1996-11-16,321,49,133,488,0,0,234236,6,wheat/winter wheat,1.2,3.5,4.5,0,0.56,91,0.9,0,0,0.2,0,158.5,0.2234,1996-09-28,1,0.90488089106258,False,0,0.34079570958661415
BKR101_P003,101,P003,1997,6,323,1996-11-17,322,50,133,488,0,0,234236,6,wheat/winter wheat,3.5,4.5,5,0,0.56,97,0.6,0,0,0.2,0,160,0.2255,1996-09-28,1,0.90488089106258,False,0,0.34079570958661415
BKR101_P003,101,P003,1997,6,323,1996-11-18,323,51,133,488,0,0,234236,6,wheat/winter wheat,1.8,5.2,6.2,5,0.56,96,2,0,0,0.2,0,161.4,0.2274,1996-09-28,1,0.90488089106258,False,0,0.34079570958661415
BKR101_P003,101,P003,1997,6,323,1996-11-19,324,52,133,488,0,0,234236,6,wheat/winter wheat,1.8,2.8,8.7,1,0.56,93,4.4,0,0,0.1,0,162.6,0.2293,1996-09-28,1,0.90488089106258,False,0,0.34079570958661415
BKR101_P003,101,P003,1997,6,323,1996-11-20,325,53,133,488,0,0,234236,6,wheat/winter wheat,0.8,3.8,6.3,0,0.56,92,2.6,0,0,0.2,0,163.9,0.231,1996-09-28,1,0.90488089106258,False,0,0.34079570958661415
BKR101_P003,101,P003,1997,6,323,1996-11-21,326,54,133,488,0,0,234236,6,wheat/winter wheat,2.1,4.4,5.5,0,0.4,88,4.8,0,0,0.2,0,165.2,0.2328,1996-09-28,1,0.90488089106258,False,0,0.34079570958661415
BKR101_P003,101,P003,1997,6,323,1996-11-22,327,55,133,488,0,0,234236,6,wheat/winter wheat,2.7,4,5.5,0,1.27,78,4.9,0,0,0.3,0,167.1,0.2345,1996-09-28,1,0.90488089106258,False,0,0.34079570958661415
BKR101_P003,101,P003,1997,6,323,1996-11-23,328,56,133,488,0,0,234236,6,wheat/winter wheat,-1,0.5,3.9,0,0.4,81,2.5,0,0,0.2,0,168.3,0.2371,1996-09-28,1,0.90488089106258,False,0,0.34079570958661415
BKR101_P003,101,P003,1997,6,323,1996-11-24,329,57,133,488,0,0,234236,6,wheat/winter wheat,-4.4,-0.3,1.1,0,0.47,95,1.7,0,0,0,0,168.2,0.2387,1996-09-28,1,0.90488089106258,False,0,0.34079570958661415
BKR101_P003,101,P003,1997,6,323,1996-11-25,330,58,133,488,0,0,234236,6,wheat/winter wheat,-2.8,-0.3,2,0,5.37,90,2.7,0,0,0,0,168.1,0.2386,1996-09-28,1,0.90488089106258,False,0,0.34079570958661415
BKR101_P003,101,P003,1997,6,323,1996-11-26,331,59,133,488,0,0,234236,6,wheat/winter wheat,-0.4,0.1,0.9,0,0.4,90,3.2,0,0,0.1,0,169.2,0.2386,1996-09-28,1,0.90488089106258,False,0,0.34079570958661415
BKR101_P003,101,P003,1997,6,323,1996-11-27,332,60,133,488,0,0,234236,6,wheat/winter wheat,-1.9,-1.1,0.6,1,0.4,96,2.6,0,0,0,0,169.1,0.2401,1996-09-28,1,0.90488089106258,False,0,0.34079570958661415
BKR101_P003,101,P003,1997,6,323,1996-11-28,333,61,133,488,0,0,234236,6,wheat/winter wheat,-2.2,0.4,1.7,3,0.4,97,1.9,0,0,0.1,0,170.2,0.24,1996-09-28,1,0.90488089106258,False,0,0.34079570958661415
BKR101_P003,101,P003,1997,6,323,1996-11-29,334,62,133,488,0,0,234236,6,wheat/winter wheat,-2.3,-0.2,1.4,1,1.63,90,3.4,0,0,0,0,170.1,0.2415,1996-09-28,1,0.90488089106258,False,0,0.34079570958661415
BKR101_P003,101,P003,1997,6,323,1996-11-30,335,63,133,488,0,0,234236,6,wheat/winter wheat,-0.1,1,1.7,7,0.4,98,2.4,0,0,0.1,0,171.1,0.2414,1996-09-28,1,0.90488089106258,False,0,0.34079570958661415
BKR101_P003,101,P003,1997,6,323,1996-12-01,336,64,133,488,0,0,234236,6,wheat/winter wheat,0.8,1.3,1.9,2,0.25,97,1.4,0,0,0.1,0,172,0.2428,1996-09-28,1,0.90488089106258,False,0,0.34079570958661415
BKR101_P003,101,P003,1997,6,323,1996-12-02,337,65,133,488,0,0,234236,6,wheat/winter wheat,0.7,3.8,5.8,3,0.25,96,3,0,0,0.1,0,173,0.2441,1996-09-28,1,0.90488089106258,False,0,0.34079570958661415
BKR101_P003,101,P003,1997,6,323,1996-12-03,338,66,133,488,0,0,234236,6,wheat/winter wheat,2.6,4.1,6.1,0,1.89,92,2.8,0,0,0.1,0,175.7,0.2453,1996-09-28,1,0.90488089106258,False,0,0.34079570958661415
BKR101_P003,101,P003,1997,6,323,1996-12-04,339,67,133,488,0,0,234236,6,wheat/winter wheat,2.3,4.1,7.7,0,2.643,73,2.6,0,0,0.3,0,178.9,0.249,1996-09-28,1,0.90488089106258,False,0,0.34079570958661415
BKR101_P003,101,P003,1997,6,323,1996-12-05,340,68,133,488,0,0,234236,6,wheat/winter wheat,-2.3,-0.3,2.1,0,3.608,98,1.6,0,0,0,0,178.8,0.2533,1996-09-28,1,0.90488089106258,False,0,0.34079570958661415
BKR101_P003,101,P003,1997,6,323,1996-12-06,341,69,133,488,0,0,234236,6,wheat/winter wheat,-3.6,-2.3,-0.5,0,3.163,99,1.4,0,0,0,0,178.7,0.2532,1996-09-28,1,0.90488089106258,False,0,0.34079570958661415
BKR101_P003,101,P003,1997,6,323,1996-12-07,342,70,133,488,0,0,234236,6,wheat/winter wheat,-2.8,-1.8,-1.2,0,0.871,99,2.2,0,0,0,0,178.6,0.2531,1996-09-28,1,0.90488089106258,False,0,0.34079570958661415
BKR101_P003,101,P003,1997,6,323,1996-12-08,343,71,133,488,0,0,234236,6,wheat/winter wheat,-2,-1.2,-0.6,0,0.723,99,1.9,0,0,0,0,178.5,0.2531,1996-09-28,1,0.90488089106258,False,0,0.34079570958661415
BKR101_P003,101,P003,1997,6,323,1996-12-09,344,72,133,488,0,0,234236,6,wheat/winter wheat,-2.8,-1.9,-1.1,0,0.718,99,3.1,0,0,0,0,178.4,0.253,1996-09-28,1,0.90488089106258,False,0,0.34079570958661415
BKR101_P003,101,P003,1997,6,323,1996-12-10,345,73,133,488,0,0,234236,6,wheat/winter wheat,-1.5,-1,-0.6,0,0.695,99,3.3,0,0,0,0,178.3,0.2529,1996-09-28,1,0.90488089106258,False,0,0.34079570958661415
BKR101_P003,101,P003,1997,6,323,1996-12-11,346,74,133,488,0,0,234236,6,wheat/winter wheat,-1.9,-1.4,-0.6,0,0.802,99,2,0,0,0,0,178.2,0.2528,1996-09-28,1,0.90488089106258,False,0,0.34079570958661415
BKR101_P003,101,P003,1997,6,323,1996-12-12,347,75,133,488,0,0,234236,6,wheat/winter wheat,-1,-0.3,0.2,0,0.674,98,3.1,0,0,0,0,178.1,0.2528,1996-09-28,1,0.90488089106258,False,0,0.34079570958661415
BKR101_P003,101,P003,1997,6,323,1996-12-13,348,76,133,488,0,0,234236,6,wheat/winter wheat,-0.5,0.1,0.7,0,1.106,98,2.6,0,0,0,0,179.7,0.2527,1996-09-28,1,0.90488089106258,False,0,0.34079570958661415
BKR101_P003,101,P003,1997,6,323,1996-12-14,349,77,133,488,0,0,234236,6,wheat/winter wheat,-5.4,-2.2,-0.4,0,4.291,83,2.4,0,0,0,0,179.6,0.2548,1996-09-28,1,0.90488089106258,False,0,0.34079570958661415
BKR101_P003,101,P003,1997,6,323,1996-12-15,350,78,133,488,0,0,234236,6,wheat/winter wheat,-2,0.9,4.7,1.5,1.093,83,6.8,0,0,0.2,0,181.2,0.2548,1996-09-28,1,0.90488089106258,False,0,0.34079570958661415
BKR101_P003,101,P003,1997,6,323,1996-12-16,351,79,133,488,0,0,234236,6,wheat/winter wheat,-5.1,-2.4,-0.7,0,2.042,88,1.8,0,0,0,0,181.1,0.2569,1996-09-28,1,0.90488089106258,False,0,0.34079570958661415
BKR101_P003,101,P003,1997,6,323,1996-12-17,352,80,133,488,0,0,234236,6,wheat/winter wheat,-1.6,-0.1,1.3,0,1.793,99,1.2,0,0,0,0,181,0.2569,1996-09-28,1,0.90488089106258,False,0,0.34079570958661415
BKR101_P003,101,P003,1997,6,323,1996-12-18,353,81,133,488,0,0,234236,6,wheat/winter wheat,0.1,0.9,2,0,0.897,99,1.8,0,0,0.1,0,182.4,0.2568,1996-09-28,1,0.90488089106258,False,0,0.34079570958661415
BKR101_P003,101,P003,1997,6,323,1996-12-19,354,82,133,488,0,0,234236,6,wheat/winter wheat,-2.7,-0.3,1.6,1.3,2.119,91,2.8,0,0,0,0,182.3,0.2587,1996-09-28,1,0.90488089106258,False,0,0.34079570958661415
BKR101_P003,101,P003,1997,6,323,1996-12-20,355,83,133,488,0,0,234236,6,wheat/winter wheat,-6.9,-4,-2.6,0,2.499,78,2.6,0,0,0,0,182.2,0.2586,1996-09-28,1,0.90488089106258,False,0,0.34079570958661415
BKR101_P003,101,P003,1997,6,323,1996-12-21,356,84,133,488,0,0,234236,6,wheat/winter wheat,-9.1,-7.3,-3.5,0,4.963,89,0.9,0,0,0,0,182.1,0.2585,1996-09-28,1,0.90488089106258,False,0,0.34079570958661415
BKR101_P003,101,P003,1997,6,323,1996-12-22,357,85,133,488,0,0,234236,6,wheat/winter wheat,-8.8,-5.6,-3.4,0,1.304,90,2,0,0,0,0,182,0.2585,1996-09-28,1,0.90488089106258,False,0,0.34079570958661415
BKR101_P003,101,P003,1997,6,323,1996-12-23,358,86,133,488,0,0,234236,6,wheat/winter wheat,-6.4,-5.3,-3.2,0,1.342,95,2.3,0,0,0,0,182,0.2584,1996-09-28,1,0.90488089106258,False,0,0.34079570958661415
BKR101_P003,101,P003,1997,6,323,1996-12-24,359,87,133,488,0,0,234236,6,wheat/winter wheat,-8.7,-6.9,-5.3,0,3.287,95,1.6,0,0,0,0,181.9,0.2584,1996-09-28,1,0.90488089106258,False,0,0.34079570958661415
BKR101_P003,101,P003,1997,6,323,1996-12-25,360,88,133,488,0,0,234236,6,wheat/winter wheat,-9.1,-5.4,-1.1,0,4.456,89,1.8,0,0,0,0,181.8,0.2583,1996-09-28,1,0.90488089106258,False,0,0.34079570958661415
BKR101_P003,101,P003,1997,6,323,1996-12-26,361,89,133,488,0,0,234236,6,wheat/winter wheat,-9.8,-7.4,-5.4,0,2.165,96,1.3,0,0,0,0,181.7,0.2583,1996-09-28,1,0.90488089106258,False,0,0.34079570958661415
BKR101_P003,101,P003,1997,6,323,1996-12-27,362,90,133,488,0,0,234236,6,wheat/winter wheat,-12.4,-9.6,-7.7,0,2.068,93,2.3,0,0,0,0,181.7,0.2582,1996-09-28,1,0.90488089106258,False,0,0.34079570958661415
BKR101_P003,101,P003,1997,6,323,1996-12-28,363,91,133,488,0,0,234236,6,wheat/winter wheat,-16.1,-14.1,-11.7,0,3.288,91,1.5,0,0,0,0,181.6,0.2582,1996-09-28,1,0.90488089106258,False,0,0.34079570958661415
BKR101_P003,101,P003,1997,6,323,1996-12-29,364,92,133,488,0,0,234236,6,wheat/winter wheat,-16.4,-12.1,-9.7,1.8,1.403,89,3.6,0,0,0,0,181.6,0.2581,1996-09-28,1,0.90488089106258,False,0,0.34079570958661415
BKR101_P003,101,P003,1997,6,323,1996-12-30,365,93,133,488,0,0,234236,6,wheat/winter wheat,-16.2,-13.5,-10.7,0,4.822,90,1.9,0,0,0,0,181.6,0.2581,1996-09-28,1,0.90488089106258,False,0,0.34079570958661415
BKR101_P003,101,P003,1997,6,323,1996-12-31,366,94,133,488,0,0,234236,6,wheat/winter wheat,-17.7,-15.5,-13.3,0,3.424,88,2.1,0,0,0,0,181.5,0.2581,1996-09-28,1,0.90488089106258,False,0,0.34079570958661415
BKR101_P003,101,P003,1997,6,323,1997-01-01,1,95,133,488,0,0,234236,6,wheat/winter wheat,-21.1,-18.4,-14.3,0,4.115,90,0.5,0,0,0,0,181.5,0.258,1996-09-28,1,0.90488089106258,False,0,0.34079570958661415
BKR101_P003,101,P003,1997,6,323,1997-01-02,2,96,133,488,0,0,234236,6,wheat/winter wheat,-21.4,-18,-13.4,0,4.082,89,0.6,0,0,0,0,181.4,0.258,1996-09-28,1,0.90488089106258,False,0,0.34079570958661415
BKR101_P003,101,P003,1997,6,323,1997-01-03,3,97,133,488,0,0,234236,6,wheat/winter wheat,-14.4,-9.6,-6.9,0,1.703,95,3.6,0,0,0,0,181.4,0.258,1996-09-28,1,0.90488089106258,False,0,0.34079570958661415
BKR101_P003,101,P003,1997,6,323,1997-01-04,4,98,133,488,0,0,234236,6,wheat/winter wheat,-12.1,-9.3,-6,0,2.952,85,3.9,0,0,0,0,181.3,0.2579,1996-09-28,1,0.90488089106258,False,0,0.34079570958661415
BKR101_P003,101,P003,1997,6,323,1997-01-05,5,99,133,488,0,0,234236,6,wheat/winter wheat,-17.2,-10.7,-6.7,0,2.158,94,1.4,0,0,0,0,181.3,0.2579,1996-09-28,1,0.90488089106258,False,0,0.34079570958661415
BKR101_P003,101,P003,1997,6,323,1997-01-06,6,100,133,488,0,0,234236,6,wheat/winter wheat,-7.6,-5.8,-4.3,0,1.619,99,1.4,0,0,0,0,181.2,0.2579,1996-09-28,1,0.90488089106258,False,0,0.34079570958661415
BKR101_P003,101,P003,1997,6,323,1997-01-07,7,101,133,488,0,0,234236,6,wheat/winter wheat,-7.2,-6.3,-5.2,0,2.041,99,0.6,0,0,0,0,181.1,0.2578,1996-09-28,1,0.90488089106258,False,0,0.34079570958661415
BKR101_P003,101,P003,1997,6,323,1997-01-08,8,102,133,488,0,0,234236,6,wheat/winter wheat,-7.7,-7.1,-6.1,0,1.414,99,1.9,0,0,0,0,181.1,0.2578,1996-09-28,1,0.90488089106258,False,0,0.34079570958661415
BKR101_P003,101,P003,1997,6,323,1997-01-09,9,103,133,488,0,0,234236,6,wheat/winter wheat,-6.7,-5.7,-4.8,0,2.086,95,2,0,0,0,0,181,0.2577,1996-09-28,1,0.90488089106258,False,0,0.34079570958661415
BKR101_P003,101,P003,1997,6,323,1997-01-10,10,104,133,488,0,0,234236,6,wheat/winter wheat,-12,-8,-6.2,0,4.385,98,1.7,0,0,0,0,180.9,0.2576,1996-09-28,1,0.90488089106258,False,0,0.34079570958661415
BKR101_P003,101,P003,1997,6,323,1997-01-11,11,105,133,488,0,0,234236,6,wheat/winter wheat,-7.9,-6.7,-5.8,0,1.651,99,1.4,0,0,0,0,180.9,0.2576,1996-09-28,1,0.90488089106258,False,0,0.34079570958661415
BKR101_P003,101,P003,1997,6,323,1997-01-12,12,106,133,488,0,0,234236,6,wheat/winter wheat,-8.1,-6.5,-3.8,0,2.54,99,0.9,0,0,0,0,180.8,0.2575,1996-09-28,1,0.90488089106258,False,0,0.34079570958661415
BKR101_P003,101,P003,1997,6,323,1997-01-13,13,107,133,488,0,0,234236,6,wheat/winter wheat,-5.1,-0.7,1.4,0,1.895,95,4.5,0,0,0,0,180.7,0.2575,1996-09-28,1,0.90488089106258,False,0,0.34079570958661415
BKR101_P003,101,P003,1997,6,323,1997-01-14,14,108,133,488,0,0,234236,6,wheat/winter wheat,-0.4,1.8,5.1,0,4.565,90,3.2,0,0,0,0,183.9,0.2574,1996-09-28,1,0.90488089106258,False,0,0.34079570958661415
BKR101_P003,101,P003,1997,6,323,1997-01-15,15,109,133,488,0,0,234236,6,wheat/winter wheat,-4.8,-1,3.6,0,4.872,89,1.9,0,0,0,0,183.8,0.2618,1996-09-28,1,0.90488089106258,False,0,0.34079570958661415
BKR101_P003,101,P003,1997,6,323,1997-01-16,16,110,133,488,0,0,234236,6,wheat/winter wheat,-6,-2.8,1.8,0,5.03,92,1.5,0,0,0,0,183.7,0.2617,1996-09-28,1,0.90488089106258,False,0,0.34079570958661415
BKR101_P003,101,P003,1997,6,323,1997-01-17,17,111,133,488,0,0,234236,6,wheat/winter wheat,-8.3,-5.2,-1.3,0,4.675,97,0.8,0,0,0,0,183.6,0.2616,1996-09-28,1,0.90488089106258,False,0,0.34079570958661415
BKR101_P003,101,P003,1997,6,323,1997-01-18,18,112,133,488,0,0,234236,6,wheat/winter wheat,-7.1,-0.6,2.7,0,1.583,90,3.4,0,0,0,0,183.5,0.2616,1996-09-28,1,0.90488089106258,False,0,0.34079570958661415
BKR101_P003,101,P003,1997,6,323,1997-01-19,19,113,133,488,0,0,234236,6,wheat/winter wheat,-0.9,1.4,2.5,0,1.406,99,1.7,0,0,0.1,0,185.7,0.2615,1996-09-28,1,0.90488089106258,False,0,0.34079570958661415
BKR101_P003,101,P003,1997,6,323,1997-01-20,20,114,133,488,0,0,234236,6,wheat/winter wheat,-1.1,-0.2,0.3,1.9,1.06,99,0.9,0,0,0,0,185.6,0.2644,1996-09-28,1,0.90488089106258,False,0,0.34079570958661415
BKR101_P003,101,P003,1997,6,323,1997-01-21,21,115,133,488,0,0,234236,6,wheat/winter wheat,-1.2,0.1,2.2,0,4.423,96,1.4,0,0,0,0,188.9,0.2643,1996-09-28,1,0.90488089106258,False,0,0.34079570958661415
BKR101_P003,101,P003,1997,6,323,1997-01-22,22,116,133,488,0,0,234236,6,wheat/winter wheat,-1,0.8,3.4,0,4.518,89,2.8,0,0,0.1,0,192.5,0.2688,1996-09-28,1,0.90488089106258,False,0,0.34079570958661415
BKR101_P003,101,P003,1997,6,323,1997-01-23,23,117,133,488,0,0,234236,6,wheat/winter wheat,2,3.4,5.7,0.2,3.167,94,3.6,0,0,0.1,0,196.6,0.2735,1996-09-28,1,0.90488089106258,False,0,0.34079570958661415
BKR101_P003,101,P003,1997,6,323,1997-01-24,24,118,133,488,0,0,234236,6,wheat/winter wheat,-0.8,1.7,4,0,2.468,97,1.7,0,0,0.1,0,199.9,0.2791,1996-09-28,1,0.90488089106258,False,0,0.34079570958661415
BKR101_P003,101,P003,1997,6,323,1997-01-25,25,119,133,488,0,0,234236,6,wheat/winter wheat,-2.4,-0.7,0.2,0,1.846,92,3.2,0,0,0,0,199.7,0.2834,1996-09-28,1,0.90488089106258,False,0,0.34079570958661415
BKR101_P003,101,P003,1997,6,323,1997-01-26,26,120,133,488,0,0,234236,6,wheat/winter wheat,-5.6,-2.9,0.1,0,4.686,91,3.6,0,0,0,0,199.6,0.2833,1996-09-28,1,0.90488089106258,False,0,0.34079570958661415
BKR101_P003,101,P003,1997,6,323,1997-01-27,27,121,133,488,0,0,234236,6,wheat/winter wheat,-8.5,-4.7,-1.3,0,5.279,91,2.5,0,0,0,0,199.6,0.2833,1996-09-28,1,0.90488089106258,False,0,0.34079570958661415
BKR101_P003,101,P003,1997,6,323,1997-01-28,28,122,133,488,0,0,234236,6,wheat/winter wheat,-4,0.1,2.5,0.1,1.577,99,4.9,0,0,0.1,0,202.1,0.2832,1996-09-28,1,0.90488089106258,False,0,0.34079570958661415
BKR101_P003,101,P003,1997,6,323,1997-01-29,29,123,133,488,0,0,234236,6,wheat/winter wheat,0.6,1.2,2.2,0,1.652,99,3.7,0,0,0.1,0,204.8,0.2866,1996-09-28,1,0.90488089106258,False,0,0.34079570958661415
BKR101_P003,101,P003,1997,6,323,1997-01-30,30,124,133,488,0,0,234236,6,wheat/winter wheat,1.7,2.2,3,0.1,1.687,98,4.8,0,0,0.1,0,207.7,0.2902,1996-09-28,1,0.90488089106258,False,0,0.34079570958661415
BKR101_P003,101,P003,1997,6,323,1997-01-31,31,125,133,488,0,0,234236,6,wheat/winter wheat,-2,1.7,3.7,0,5.484,74,4.5,0,0,0.4,0,212.5,0.2941,1996-09-28,1,0.90488089106258,False,0,0.34079570958661415
BKR101_P003,101,P003,1997,6,323,1997-02-01,32,126,133,488,0,0,234236,6,wheat/winter wheat,-4.7,-2,2,0,8.005,76,2.8,0,0,0,0,212.3,0.3004,1996-09-28,1,0.90488089106258,False,0,0.34079570958661415
BKR101_P003,101,P003,1997,6,323,1997-02-02,33,127,133,488,0,0,234236,6,wheat/winter wheat,-6.8,-3.2,1.7,0,7.76,82,1.6,0,0,0,0,212.2,0.3003,1996-09-28,1,0.90488089106258,False,0,0.34079570958661415
BKR101_P003,101,P003,1997,6,323,1997-02-03,34,128,133,488,0,0,234236,6,wheat/winter wheat,-7.6,-2.9,0.1,9.2,3.194,96,2.6,0,0,0,0,212.1,0.3002,1996-09-28,1,0.90488089106258,False,0,0.34079570958661415
BKR101_P003,101,P003,1997,6,323,1997-02-04,35,129,133,488,0,0,234236,6,wheat/winter wheat,-0.4,1.2,2.7,0.6,3.61,88,6.1,0,0,0.2,0,216.4,0.3002,1996-09-28,1,0.90488089106258,False,0,0.34079570958661415
BKR101_P003,101,P003,1997,6,323,1997-02-05,36,130,133,488,0,0,234236,6,wheat/winter wheat,-0.1,1.9,4.1,0.1,3.36,88,5,0,0,0.3,0,220.7,0.3058,1996-09-28,1,0.90488089106258,False,0,0.34079570958661415
BKR101_P003,101,P003,1997,6,323,1997-02-06,37,131,133,488,0,0,234236,6,wheat/winter wheat,-0.7,1.4,4,0,4.658,92,4.8,0,0,0.2,0,225.8,0.3116,1996-09-28,1,0.90488089106258,False,0,0.34079570958661415
BKR101_P003,101,P003,1997,6,323,1997-02-07,38,132,133,488,0,0,234236,6,wheat/winter wheat,1.4,4,7.7,0,7.077,73,6.2,0,0,0.7,0,232.2,0.3184,1996-09-28,1,0.90488089106258,False,0,0.34079570958661415
BKR101_P003,101,P003,1997,6,323,1997-02-08,39,133,133,488,0,0,234236,6,wheat/winter wheat,1.5,4.2,6.8,0,8.363,73,5.2,0,0,0.6,0,238.9,0.3268,1996-09-28,1,0.90488089106258,False,0,0.34079570958661415
BKR101_P003,101,P003,1997,6,323,1997-02-09,40,134,133,488,0,0,234236,6,wheat/winter wheat,-0.9,3.7,7.7,0,4.966,86,4.6,0,0,0.4,0,245.4,0.3357,1996-09-28,1,0.90488089106258,False,0,0.34079570958661415
BKR101_P003,101,P003,1997,6,323,1997-02-10,41,135,133,488,0,0,234236,6,wheat/winter wheat,5.6,7.7,10.8,0.8,7.171,79,5.5,0,0,0.8,0,254.1,0.3442,1996-09-28,1,0.90488089106258,False,0,0.34079570958661415
BKR101_P003,101,P003,1997,6,323,1997-02-11,42,136,133,488,0,0,234236,6,wheat/winter wheat,3.4,5.5,7.6,1,6.242,69,7.9,0,0,1.1,0,262.3,0.3554,1996-09-28,1,0.90488089106258,False,0,0.34079570958661415
BKR101_P003,101,P003,1997,6,323,1997-02-12,43,137,133,488,0,0,234236,6,wheat/winter wheat,2,4,8.1,4.3,3.095,94,3.7,0,0,0.2,0,268,0.366,1996-09-28,1,0.90488089106258,False,0,0.34079570958661415
BKR101_P003,101,P003,1997,6,323,1997-02-13,44,138,133,488,0,0,234236,6,wheat/winter wheat,3.5,6.9,8.9,10,3.447,90,6.1,0,0,0.4,0,274.9,0.3732,1996-09-28,1,0.90488089106258,False,0,0.34079570958661415
BKR101_P003,101,P003,1997,6,323,1997-02-14,45,139,133,488,0,0,234236,6,wheat/winter wheat,1.4,3.6,5.4,1,4.706,80,7.8,0,0,0.6,0,282.1,0.3819,1996-09-28,1,0.90488089106258,False,0,0.34079570958661415
BKR101_P003,101,P003,1997,6,323,1997-02-15,46,140,133,488,0,0,234236,6,wheat/winter wheat,-1.1,-0.3,1.1,0.4,2.719,94,1.2,0,0,0,0,282,0.391,1996-09-28,1,0.90488089106258,False,0,0.34079570958661415
BKR101_P003,101,P003,1997,6,323,1997-02-16,47,141,133,488,0,0,234236,6,wheat/winter wheat,-5.9,-2.7,-1.1,0.1,2.995,90,1.3,0,0,0,0,281.8,0.3909,1996-09-28,1,0.90488089106258,False,0,0.34079570958661415
BKR101_P003,101,P003,1997,6,323,1997-02-17,48,142,133,488,0,0,234236,6,wheat/winter wheat,-6.3,-3.2,0.6,0,6.658,80,3.5,0,0,0,0,281.7,0.3908,1996-09-28,1,0.90488089106258,False,0,0.34079570958661415
BKR101_P003,101,P003,1997,6,323,1997-02-18,49,143,133,488,0,0,234236,6,wheat/winter wheat,-4.1,1,4.7,5.7,2.357,96,5,0,0,0.1,0,287,0.3907,1996-09-28,1,0.90488089106258,False,0,0.34079570958661415
BKR101_P003,101,P003,1997,6,323,1997-02-19,50,144,133,488,0,0,234236,6,wheat/winter wheat,1.9,3.4,6.2,0,5.643,77,6.1,0,0,0.7,0,295.2,0.3975,1996-09-28,1,0.90488089106258,False,0,0.34079570958661415
BKR101_P003,101,P003,1997,6,323,1997-02-20,51,145,133,488,0,0,234236,6,wheat/winter wheat,0.4,4.6,6.8,3.5,5.224,72,7.5,0,0,0.9,0,304,0.4077,1996-09-28,1,0.90488089106258,False,0,0.34079570958661415
BKR101_P003,101,P003,1997,6,323,1997-02-21,52,146,133,488,0,0,234236,6,wheat/winter wheat,4.5,6.8,9.6,0.9,1.957,77,7.6,0,0,0.7,0,310.6,0.4186,1996-09-28,1,0.90488089106258,False,0,0.34079570958661415
BKR101_P003,101,P003,1997,6,323,1997-02-22,53,147,133,488,0,0,234236,6,wheat/winter wheat,2.6,7.1,10.8,0,6.806,78,5.8,0,0,1,0,322.3,0.4268,1996-09-28,1,0.90488089106258,False,0,0.34079570958661415
BKR101_P003,101,P003,1997,6,323,1997-02-23,54,148,133,488,0,0,234236,6,wheat/winter wheat,6.5,9.1,12.8,0,9.149,78,4.3,0,0,1.1,0,336.7,0.4411,1996-09-28,1,0.90488089106258,False,0,0.34079570958661415
BKR101_P003,101,P003,1997,6,323,1997-02-24,55,149,133,488,0,0,234236,6,wheat/winter wheat,5.9,9.4,13.3,1.4,6.098,83,5.9,0,0,0.9,0,349.6,0.4583,1996-09-28,1,0.90488089106258,False,0,0.34079570958661415
BKR101_P003,101,P003,1997,6,323,1997-02-25,56,150,133,488,0,0,234236,6,wheat/winter wheat,5.8,9.9,12.8,25.9,3.676,81,8.1,0,0,0.9,0,360.1,0.4736,1996-09-28,1,0.90488089106258,False,0,0.34079570958661415
BKR101_P003,101,P003,1997,6,323,1997-02-26,57,151,133,488,0,0,234236,6,wheat/winter wheat,4.3,6.4,8.4,6.6,5.027,91,6,0,0,0.5,0,369,0.4858,1996-09-28,1,0.90488089106258,False,0,0.34079570958661415
BKR101_P003,101,P003,1997,6,323,1997-02-27,58,152,133,488,0,0,234236,6,wheat/winter wheat,0.2,3.4,6,0,8.528,71,4.2,0,0,0.9,0,378.8,0.496,1996-09-28,1,0.90488089106258,False,0,0.34079570958661415
BKR101_P003,101,P003,1997,6,323,1997-02-28,59,153,133,488,0,0,234236,6,wheat/winter wheat,0,6,12.2,0,10.966,69,5.7,0,0,1.4,0,390.5,0.5072,1996-09-28,1,0.90488089106258,False,0,0.34079570958661415
BKR101_P003,101,P003,1997,6,323,1997-03-01,60,154,133,488,0,0,234236,6,wheat/winter wheat,6.5,8.3,11.9,0,8.865,69,4.8,0,0,1.6,0,408.1,0.5205,1996-09-28,1,0.90488089106258,False,0,0.34079570958661415
BKR101_P003,101,P003,1997,6,323,1997-03-02,61,155,133,488,0,0,234236,6,wheat/winter wheat,6.7,11.5,18.3,0.2,11.504,71,6.8,0,0,2.2,0,429,0.5402,1996-09-28,1,0.90488089106258,False,0,0.34079570958661415
BKR101_P003,101,P003,1997,6,323,1997-03-03,62,156,133,488,0,0,234236,6,wheat/winter wheat,4.9,6.7,9.6,0,11.429,62,6.5,0,0,1.8,0,447.9,0.5631,1996-09-28,1,0.90488089106258,False,0,0.34079570958661415
BKR101_P003,101,P003,1997,6,323,1997-03-04,63,157,133,488,0,0,234236,6,wheat/winter wheat,0.3,4.9,10,0,13.169,67,3.8,0,0,1.3,0,465.8,0.5835,1996-09-28,1,0.90488089106258,False,0,0.34079570958661415
BKR101_P003,101,P003,1997,6,323,1997-03-05,64,158,133,488,0,0,234236,6,wheat/winter wheat,-2.2,4.9,12.7,0,12.567,71,1,0,0,0.9,0,484.3,0.6028,1996-09-28,1,0.90488089106258,False,0,0.34079570958661415
BKR101_P003,101,P003,1997,6,323,1997-03-06,65,159,133,488,0,0,234236,6,wheat/winter wheat,0.6,5.9,10.1,0,3.992,87,2.8,0,0,0.6,0,498.6,0.6225,1996-09-28,1,0.90488089106258,False,0,0.34079570958661415
BKR101_P003,101,P003,1997,6,323,1997-03-07,66,160,133,488,0,0,234236,6,wheat/winter wheat,-1.9,3.9,10.9,0,13.965,76,1.4,0,0,0.9,0,517.6,0.6375,1996-09-28,1,0.90488089106258,False,0,0.34079570958661415
BKR101_P003,101,P003,1997,6,323,1997-03-08,67,161,133,488,0,0,234236,6,wheat/winter wheat,-1.4,6,12,0,8.707,77,1.5,0,0,0.9,0,537.9,0.6575,1996-09-28,1,0.90488089106258,False,0,0.34079570958661415
BKR101_P003,101,P003,1997,6,323,1997-03-09,68,162,133,488,0,0,234236,6,wheat/winter wheat,1,5.3,10,0,10.244,89,1,0,0,0.7,0,559.6,0.6785,1996-09-28,1,0.90488089106258,False,0,0.34079570958661415
BKR101_P003,101,P003,1997,6,323,1997-03-10,69,163,133,488,0,0,234236,6,wheat/winter wheat,-2.4,4.1,13.6,0,11.394,86,1.3,0,0,0.8,0,581,0.7009,1996-09-28,1,0.90488089106258,False,0,0.34079570958661415
BKR101_P003,101,P003,1997,6,323,1997-03-11,70,164,133,488,0,0,234236,6,wheat/winter wheat,0.1,6.6,14.8,0,12.539,81,1.9,0,0,1.1,0,606.9,0.7228,1996-09-28,1,0.90488089106258,False,0,0.34079570958661415
BKR101_P003,101,P003,1997,6,323,1997-03-12,71,165,133,488,0,0,234236,6,wheat/winter wheat,1.3,3.8,6.3,0,3.956,95,1.5,0,0,0.4,0,623.7,0.7489,1996-09-28,1,0.90488089106258,False,0,0.34079570958661415
BKR101_P003,101,P003,1997,6,323,1997-03-13,72,166,133,488,0,0,234236,6,wheat/winter wheat,0.3,5,8.8,0,2.357,96,4.3,0,0,0.3,0,640.3,0.7658,1996-09-28,1,0.90488089106258,False,0,0.34079570958661415
BKR101_P003,101,P003,1997,6,323,1997-03-14,73,167,133,488,0,0,234236,6,wheat/winter wheat,7.6,8.6,9.9,0,4.364,83,5.7,0,0,0.9,0,661.4,0.7822,1996-09-28,1,0.90488089106258,False,0,0.34079570958661415
BKR101_P003,101,P003,1997,6,323,1997-03-15,74,168,133,488,0,0,234236,6,wheat/winter wheat,4.2,8,9.9,3.2,3.866,95,5.5,0,0,0.4,0,682.5,0.8029,1996-09-28,1,0.90488089106258,False,0,0.34079570958661415
BKR101_P003,101,P003,1997,6,323,1997-03-16,75,169,133,488,0,0,234236,6,wheat/winter wheat,0.4,2.6,4.8,0,10.438,71,3.1,0,0,1,0,706.1,0.8233,1996-09-28,1,0.90488089106258,False,0,0.34079570958661415
BKR101_P003,101,P003,1997,6,323,1997-03-17,76,170,133,488,0,0,234236,6,wheat/winter wheat,-2.3,0.3,4,0.6,9.359,73,1.8,0,0,0.8,0,726.2,0.8459,1996-09-28,1,0.90488089106258,False,0,0.34079570958661415
BKR101_P003,101,P003,1997,6,323,1997-03-18,77,171,133,488,0,0,234236,6,wheat/winter wheat,-4.4,0.2,3.7,0,12.212,61,3.2,0,0,1.1,0,748.6,0.8653,1996-09-28,1,0.90488089106258,False,0,0.34079570958661415
BKR101_P003,101,P003,1997,6,323,1997-03-19,78,172,133,488,0,0,234236,6,wheat/winter wheat,-2.8,-1,0.9,5,3.9,97,4.5,0,0,0,0,748.3,0.8868,1996-09-28,1,0.90488089106258,False,0,0.34079570958661415
BKR101_P003,101,P003,1997,6,323,1997-03-20,79,173,133,488,0,0,234236,6,wheat/winter wheat,-8,-2.7,0.6,0,11.807,76,2.1,0,0,0,0,747.9,0.8865,1996-09-28,1,0.90488089106258,False,0,0.34079570958661415
BKR101_P003,101,P003,1997,6,323,1997-03-21,80,174,133,488,0,0,234236,6,wheat/winter wheat,-6.8,-1.5,2.4,0,13.446,82,2.4,0,0,0,0,747.6,0.8862,1996-09-28,1,0.90488089106258,False,0,0.34079570958661415
BKR101_P003,101,P003,1997,6,323,1997-03-22,81,175,133,488,0,0,234236,6,wheat/winter wheat,-2.4,0,2.9,0.1,9.448,91,1.9,0,0,0.6,0,768.8,0.886,1996-09-28,1,0.90488089106258,False,0,0.34079570958661415
BKR101_P003,101,P003,1997,6,323,1997-03-23,82,176,133,488,0,0,234236,6,wheat/winter wheat,-4.5,0.2,4.8,0,12.512,79,3.3,0,0,0.8,0,792.6,0.9064,1996-09-28,1,0.90488089106258,False,0,0.34079570958661415
BKR101_P003,101,P003,1997,6,323,1997-03-24,83,177,133,488,0,0,234236,6,wheat/winter wheat,-2,1.5,5.8,0,14.596,68,4.2,0,0,1.3,0,820.5,0.9292,1996-09-28,1,0.90488089106258,False,0,0.34079570958661415
BKR101_P003,101,P003,1997,6,323,1997-03-25,84,178,133,488,0,0,234236,6,wheat/winter wheat,-1.3,1.8,6.1,0,15.1,68,3.5,0,0,1.3,0,850.1,0.9559,1996-09-28,1,0.90488089106258,False,0,0.34079570958661415
BKR101_P003,101,P003,1997,6,323,1997-03-26,85,179,133,488,0,0,234236,6,wheat/winter wheat,-3.1,4.2,10.3,0.9,14.916,72,3.6,0,0,1.5,0,885.3,0.9843,1996-09-28,1,0.90488089106258,False,0,0.34079570958661415
BKR101_P003,101,P003,1997,6,323,1997-03-27,86,180,133,488,0,0,234236,6,wheat/winter wheat,7.8,9.4,11.2,0.2,13.256,61,7.7,0,0,2.9,0,930.5,1.0178,1996-09-28,1,0.90488089106258,False,0,0.34079570958661415
BKR101_P003,101,P003,1997,6,323,1997-03-28,87,181,133,488,0,0,234236,6,wheat/winter wheat,3.2,5.9,8.4,9.8,8.692,84,7.8,0,0,1.1,0,965.1,1.0599,1996-09-28,1,0.90488089106258,False,0,0.34079570958661415
BKR101_P003,101,P003,1997,6,323,1997-03-29,88,182,133,488,0,0,234236,6,wheat/winter wheat,0.8,4.2,6.3,0,6.809,77,5.7,0,0,1,0,996.6,1.0918,1996-09-28,1,0.90488089106258,False,0,0.34079570958661415
BKR101_P003,101,P003,1997,6,323,1997-03-30,89,183,133,488,0,0,234236,6,wheat/winter wheat,-0.3,4.3,9.2,0,18.183,84,4.4,0,0,1.4,0,1038.8,1.1206,1996-09-28,1,0.90488089106258,False,0,0.34079570958661415
BKR101_P003,101,P003,1997,6,323,1997-03-31,90,184,133,488,0,0,234236,6,wheat/winter wheat,4.5,8.3,12.5,0,15.233,77,4.6,0,0,1.9,0,1090.8,1.1589,1996-09-28,1,0.90488089106258,False,0,0.34079570958661415
BKR101_P003,101,P003,1997,6,323,1997-04-01,91,185,133,488,0,0,234236,6,wheat/winter wheat,3.3,9.5,15.6,0,18.941,70,3.9,0,0,2.6,0,1150.7,1.2052,1996-09-28,1,0.90488089106258,False,0,0.34079570958661415
BKR101_P003,101,P003,1997,6,323,1997-04-02,92,186,133,488,0,0,234236,6,wheat/winter wheat,4.1,8.2,12,0,9.24,78,3.1,0,0,1.4,0,1196.6,1.2575,1996-09-28,1,0.90488089106258,False,0,0.34079570958661415
BKR101_P003,101,P003,1997,6,323,1997-04-03,93,187,133,488,0,0,234236,6,wheat/winter wheat,3.1,7.7,13.4,3,10.855,83,5.4,0,0,1.5,0,1245.3,1.2969,1996-09-28,1,0.90488089106258,False,0,0.34079570958661415
BKR101_P003,101,P003,1997,6,323,1997-04-04,94,188,133,488,0,0,234236,6,wheat/winter wheat,1.3,3.8,7.6,0,14.348,75,6.3,0,0,1.5,0,1291.9,1.3379,1996-09-28,1,0.90488089106258,False,0,0.34079570958661415
BKR101_P003,101,P003,1997,6,323,1997-04-05,95,189,133,488,0,0,234236,6,wheat/winter wheat,-0.6,2.3,7.4,9.4,5.77,95,5.2,0,0,0.5,0,1327.2,1.3768,1996-09-28,1,0.90488089106258,False,0,0.34079570958661415
BKR101_P003,101,P003,1997,6,323,1997-04-06,96,190,133,488,0,0,234236,6,wheat/winter wheat,-0.8,1.6,5,2,12.817,82,5.2,0,0,1,0,1368.5,1.4062,1996-09-28,1,0.90488089106258,False,0,0.34079570958661415
BKR101_P003,101,P003,1997,6,323,1997-04-07,97,191,133,488,0,0,234236,6,wheat/winter wheat,-2.4,1.8,6.2,0,19.178,62,3.3,0,0,1.7,0,1416.5,1.4405,1996-09-28,1,0.90488089106258,False,0,0.34079570958661415
BKR101_P003,101,P003,1997,6,323,1997-04-08,98,192,133,488,0,0,234236,6,wheat/winter wheat,-3.6,2.7,7.8,0,12.857,57,2.3,0,0,1.6,0,1463.1,1.4803,1996-09-28,1,0.90488089106258,False,0,0.34079570958661415
BKR101_P003,101,P003,1997,6,323,1997-04-09,99,193,133,488,0,0,234236,6,wheat/winter wheat,3.2,7.2,12.6,0,8.557,57,3.1,0,0,2,0,1514.6,1.5189,1996-09-28,1,0.90488089106258,False,0,0.34079570958661415
BKR101_P003,101,P003,1997,6,323,1997-04-10,100,194,133,488,0,0,234236,6,wheat/winter wheat,6.5,8.5,10.5,0,12.981,65,6,0,0,2.5,0,1580.2,1.5608,1996-09-28,1,0.90488089106258,False,0,0.34079570958661415
BKR101_P003,101,P003,1997,6,323,1997-04-11,101,195,133,488,0,0,234236,6,wheat/winter wheat,3.2,5.9,8.1,1.1,10.618,69,8.8,0,0,1.9,0,1637.4,1.6131,1996-09-28,1,0.90488089106258,False,0,0.34079570958661415
BKR101_P003,101,P003,1997,6,323,1997-04-12,102,196,133,488,0,0,234236,6,wheat/winter wheat,-2.7,2.7,6.2,0,13.887,65,4.2,0,0,1.6,0,1691.4,1.658,1996-09-28,1,0.90488089106258,False,0,0.34079570958661415
BKR101_P003,101,P003,1997,6,323,1997-04-13,103,197,133,488,0,0,234236,6,wheat/winter wheat,-3.4,3.6,8.1,0,15.914,63,3.6,0,0,1.8,0,1752.3,1.7003,1996-09-28,1,0.90488089106258,False,0,0.34079570958661415
BKR101_P003,101,P003,1997,6,323,1997-04-14,104,198,133,488,0,0,234236,6,wheat/winter wheat,3.4,6.7,9.5,1.3,4.104,87,6.4,0,0,0.9,0,1803.4,1.7476,1996-09-28,1,0.90488089106258,False,0,0.34079570958661415
BKR101_P003,101,P003,1997,6,323,1997-04-15,105,199,133,488,0,0,234236,6,wheat/winter wheat,-0.9,2.2,5.7,1.2,13.344,72,5.1,0,0,1.4,0,1858.7,1.7867,1996-09-28,1,0.90488089106258,False,0,0.34079570958661415
BKR101_P003,101,P003,1997,6,323,1997-04-16,106,200,133,488,0,0,234236,6,wheat/winter wheat,-0.9,3.1,7.1,0,18.52,66,4.3,0,0,1.9,0,1924.8,1.8288,1996-09-28,1,0.90488089106258,False,0,0.34079570958661415
BKR101_P003,101,P003,1997,6,323,1997-04-17,107,201,133,488,0,0,234236,6,wheat/winter wheat,3.1,6.3,11.5,0,12.115,56,3.7,0,0,2.4,0,1992.9,1.8789,1996-09-28,1,0.90488089106258,False,0,0.34079570958661415
BKR101_P003,101,P003,1997,6,323,1997-04-18,108,202,133,488,0,0,234236,6,wheat/winter wheat,1.8,5.3,10.4,0.1,6.385,79,4.1,0,0,1.2,0,2050.2,1.9297,1996-09-28,1,0.90488089106258,False,0,0.34079570958661415
BKR101_P003,101,P003,1997,6,323,1997-04-19,109,203,133,488,0,0,234236,6,wheat/winter wheat,0.4,3,6.2,0,17.206,73,2.7,0,0,1.7,0,2119,1.9719,1996-09-28,1,0.90488089106258,False,0,0.34079570958661415
BKR101_P003,101,P003,1997,6,323,1997-04-20,110,204,133,488,0,0,234236,6,wheat/winter wheat,-3.3,2,6.3,0,17.99,66,1.6,0,0,1.7,0,2186,2.0223,1996-09-28,1,0.90488089106258,False,0,0.34079570958661415
BKR101_P003,101,P003,1997,6,323,1997-04-21,111,205,133,488,0,0,234236,6,wheat/winter wheat,-4,3.1,9.7,0,20.728,61,2.5,0,0,2.2,0,2262.2,2.0712,1996-09-28,1,0.90488089106258,False,0,0.34079570958661415
BKR101_P003,101,P003,1997,6,323,1997-04-22,112,206,133,488,0,0,234236,6,wheat/winter wheat,0.4,5.1,8.8,0,15.015,59,3.5,0,0,2.2,0,2341.2,2.1266,1996-09-28,1,0.90488089106258,False,0,0.34079570958661415
BKR101_P003,101,P003,1997,6,323,1997-04-23,113,207,133,488,0,0,234236,6,wheat/winter wheat,-0.7,4.7,9.9,0,20.225,60,3.8,0,0,2.5,0,2428.7,2.1832,1996-09-28,1,0.90488089106258,False,0,0.34079570958661415
BKR101_P003,101,P003,1997,6,323,1997-04-24,114,208,133,488,0,0,234236,6,wheat/winter wheat,1.8,10.4,16.7,0,21.11,49,6.6,0,0,4.6,0,2546.9,2.2453,1996-09-28,1,0.90488089106258,False,0,0.34079570958661415
BKR101_P003,101,P003,1997,6,323,1997-04-25,115,209,133,488,0,0,234236,6,wheat/winter wheat,2.1,9.3,12.5,0,16.086,66,5.2,0,0,2.8,0,2652.1,2.3269,1996-09-28,1,0.90488089106258,False,0,0.34079570958661415
BKR101_P003,101,P003,1997,6,323,1997-04-26,116,210,133,488,0,0,234236,6,wheat/winter wheat,-0.2,7,14.2,0,24.041,60,3.2,0,0,3.2,0,2766.4,2.3975,1996-09-28,1,0.90488089106258,False,0,0.34079570958661415
BKR101_P003,101,P003,1997,6,323,1997-04-27,117,211,133,488,0,0,234236,6,wheat/winter wheat,3.4,11.4,18.1,0,19.618,48,4.3,0,0,4.3,0,2891.5,2.473,1996-09-28,1,0.90488089106258,False,0,0.34079570958661415
BKR101_P003,101,P003,1997,6,323,1997-04-28,118,212,133,488,0,0,234236,6,wheat/winter wheat,9,11.5,15.5,9.4,10.025,92,4.5,0,0,1.5,0,2984.3,2.5528,1996-09-28,1,0.90488089106258,False,0,0.34079570958661415
BKR101_P003,101,P003,1997,6,323,1997-04-29,119,213,133,488,0,0,234236,6,wheat/winter wheat,9.2,11,13.7,3,11.221,94,4.8,0,0,1.4,0,3084.5,2.6101,1996-09-28,1,0.90488089106258,False,0,0.34079570958661415
BKR101_P003,101,P003,1997,6,323,1997-04-30,120,214,133,488,0,0,234236,6,wheat/winter wheat,8.2,9.4,10.1,5.9,2.929,98,4.3,0,0,0.6,0,3164.4,2.6697,1996-09-28,1,0.90488089106258,False,0,0.34079570958661415
BKR101_P003,101,P003,1997,6,323,1997-05-01,121,215,133,488,0,0,234236,6,wheat/winter wheat,7.6,9.5,12.5,0,9.5,99,1.6,0,0,1.2,0,3259.7,2.716,1996-09-28,1,0.90488089106258,False,0,0.34079570958661415
BKR101_P003,101,P003,1997,6,323,1997-05-02,122,216,133,488,0,0,234236,6,wheat/winter wheat,7.4,14.2,20.1,0,19.983,73,5.1,0,0,3.8,0,3406.9,2.7696,1996-09-28,1,0.90488089106258,False,0,0.34079570958661415
BKR101_P003,101,P003,1997,6,323,1997-05-03,123,217,133,488,0,0,234236,6,wheat/winter wheat,7.1,12.8,16.2,0,22.204,64,3.7,0,0,3.9,0,3569.2,2.8485,1996-09-28,1,0.90488089106258,False,0,0.34079570958661415
BKR101_P003,101,P003,1997,6,323,1997-05-04,124,218,133,488,0,0,234236,6,wheat/winter wheat,4.5,13.1,20,0,23.337,67,2.7,0,0,3.9,0,3736.5,2.9318,1996-09-28,1,0.90488089106258,False,0,0.34079570958661415
BKR101_P003,101,P003,1997,6,323,1997-05-05,125,219,133,488,0,0,234236,6,wheat/winter wheat,10.9,15.2,19.5,3,11.696,86,4,0,0,2.2,0,3852.7,3.0138,1996-09-28,1,0.90488089106258,False,0,0.34079570958661415
BKR101_P003,101,P003,1997,6,323,1997-05-06,126,220,133,488,0,0,234236,6,wheat/winter wheat,10.1,14.6,21.9,15.4,18.913,79,4.8,0,0,3.6,0,4001.7,3.0676,1996-09-28,1,0.90488089106258,False,0,0.34079570958661415
BKR101_P003,101,P003,1997,6,323,1997-05-07,127,221,133,488,0,0,234236,6,wheat/winter wheat,2.3,6.9,10.2,0.1,19.457,71,4.2,0,0,2.6,0,4139.1,3.1327,1996-09-28,1,0.90488089106258,False,0,0.34079570958661415
BKR101_P003,101,P003,1997,6,323,1997-05-08,128,222,133,488,0,0,234236,6,wheat/winter wheat,0,8.6,13.1,0,15.5,99,0.3,0,0,1.9,0,4273.2,3.1913,1996-09-28,1,0.90488089106258,False,0,0.34079570958661415
BKR101_P003,101,P003,1997,6,323,1997-05-09,129,223,133,488,0,0,234236,6,wheat/winter wheat,3.5,11.1,16.5,0,18.4,70,2.9,0,0,3,0,4426.7,3.2463,1996-09-28,1,0.90488089106258,False,0,0.34079570958661415
BKR101_P003,101,P003,1997,6,323,1997-05-10,130,224,133,488,0,0,234236,6,wheat/winter wheat,6.4,11,15.8,3,18.5,70,3.7,0,0,3.2,0,4580.1,3.3086,1996-09-28,1,0.90488089106258,False,0,0.34079570958661415
BKR101_P003,101,P003,1997,6,323,1997-05-11,131,225,133,488,0,0,234236,6,wheat/winter wheat,6.6,16.4,22.3,0,24.2,58,3.1,0,0,4.9,0,4776.9,3.3704,1996-09-28,1,0.90488089106258,False,0,0.34079570958661415
BKR101_P003,101,P003,1997,6,323,1997-05-12,132,226,133,488,0,0,234236,6,wheat/winter wheat,10.9,16.6,20.5,0,18.6,63,2.8,0,0,4,0,4942.6,3.4492,1996-09-28,1,0.90488089106258,False,0,0.34079570958661415
BKR101_P003,101,P003,1997,6,323,1997-05-13,133,227,133,488,0,0,234236,6,wheat/winter wheat,12.4,16,20.5,0,18.448,82,3,0,0,3.3,0,5104,3.515,1996-09-28,1,0.90488089106258,False,0,0.34079570958661415
BKR101_P003,101,P003,1997,6,323,1997-05-14,134,228,133,488,0,0,234236,6,wheat/winter wheat,10.9,17.7,25.1,10,21.5,82,3.7,0,0,4,0,5276.5,3.5787,1996-09-28,1,0.90488089106258,False,0,0.34079570958661415
BKR101_P003,101,P003,1997,6,323,1997-05-15,135,229,133,488,0,0,234236,6,wheat/winter wheat,12,15,20.4,0,15.9,80,3.8,0,0,3.1,0,5421.8,3.6463,1996-09-28,1,0.90488089106258,False,0,0.34079570958661415
BKR101_P003,101,P003,1997,6,323,1997-05-16,136,230,133,488,0,0,234236,6,wheat/winter wheat,14.4,19.8,24.2,0,23.392,59,3.9,0,0,5.7,0,5611.3,3.7027,1996-09-28,1,0.90488089106258,False,0,0.34079570958661415
BKR101_P003,101,P003,1997,6,323,1997-05-17,137,231,133,488,0,0,234236,6,wheat/winter wheat,13,19.4,26.2,0,25.332,64,4.8,0,0,6.2,0,5806.2,3.7757,1996-09-28,1,0.90488089106258,False,0,0.34079570958661415
BKR101_P003,101,P003,1997,6,323,1997-05-18,138,232,133,488,0,0,234236,6,wheat/winter wheat,13.4,19.1,26.6,0,24.631,66,3.3,0,0,5.5,0,5993.8,3.8502,1996-09-28,1,0.90488089106258,False,0,0.34079570958661415
BKR101_P003,101,P003,1997,6,323,1997-05-19,139,233,133,488,0,0,234236,6,wheat/winter wheat,13.2,16.8,20.7,7.2,13.37,92,2.5,0,0,2.3,0,6128.3,3.9212,1996-09-28,1,0.90488089106258,False,0,0.34079570958661415
BKR101_P003,101,P003,1997,6,323,1997-05-20,140,234,133,488,0,0,234236,6,wheat/winter wheat,12.3,14.6,18.5,5.9,11.468,96,1.6,0,0,1.9,0,6253.6,3.9718,1996-09-28,1,0.90488089106258,False,0,0.34079570958661415
BKR101_P003,101,P003,1997,6,323,1997-05-21,141,235,133,488,0,0,234236,6,wheat/winter wheat,9,13.4,16.1,14.5,15.23,89,3.4,0,0,2.3,0,6408.7,4.0186,1996-09-28,1,0.90488089106258,False,0,0.34079570958661415
BKR101_P003,101,P003,1997,6,323,1997-05-22,142,236,133,488,0,0,234236,6,wheat/winter wheat,7.4,8.6,10.2,0.9,5.47,94,2.7,0,0,1,0,6512.5,4.0764,1996-09-28,1,0.90488089106258,False,0,0.34079570958661415
BKR101_P003,101,P003,1997,6,323,1997-05-23,143,237,133,488,0,0,234236,6,wheat/winter wheat,5,8.1,11.5,1.1,11.736,84,2,0,0,1.7,0,6640.9,4.1148,1996-09-28,1,0.90488089106258,False,0,0.34079570958661415
BKR101_P003,101,P003,1997,6,323,1997-05-24,144,238,133,488,0,0,234236,6,wheat/winter wheat,2.2,7.5,12.7,0,23.888,69,2.4,0,0,3.1,0,6816.8,4.1623,1996-09-28,1,0.90488089106258,False,0,0.34079570958661415
BKR101_P003,101,P003,1997,6,323,1997-05-25,145,239,133,488,0,0,234236,6,wheat/winter wheat,-0.3,9.4,16,0,28.564,56,1.3,0,0,3.9,0,7028.4,4.227,1996-09-28,1,0.90488089106258,False,0,0.34079570958661415
BKR101_P003,101,P003,1997,6,323,1997-05-26,146,240,133,488,0,0,234236,6,wheat/winter wheat,5.8,11.1,15.8,1.1,16.77,66,1.6,0,0,2.8,0,7187.6,4.3045,1996-09-28,1,0.90488089106258,False,0,0.34079570958661415
BKR101_P003,101,P003,1997,6,323,1997-05-27,147,241,133,488,0,0,234236,6,wheat/winter wheat,7.5,9.6,12.1,9.9,8.418,97,3.2,0,0,1.1,0,7304.1,4.3625,1996-09-28,1,0.90488089106258,False,0,0.34079570958661415
BKR101_P003,101,P003,1997,6,323,1997-05-28,148,242,133,488,0,0,234236,6,wheat/winter wheat,3.7,9.4,14.1,0,21.017,75,2.9,0,0,3,0,7481.6,4.4048,1996-09-28,1,0.90488089106258,False,0,0.34079570958661415
BKR101_P003,101,P003,1997,6,323,1997-05-29,149,243,133,488,0,0,234236,6,wheat/winter wheat,5.1,9.7,13.5,0.1,14.092,82,4.5,0,0,2.2,0,7626.9,4.4689,1996-09-28,1,0.90488089106258,False,0,0.34079570958661415
BKR101_P003,101,P003,1997,6,323,1997-05-30,150,244,133,488,0,0,234236,6,wheat/winter wheat,4.4,9,12.1,2.1,18.595,80,3.8,0,0,2.6,0,7794.6,4.5212,1996-09-28,1,0.90488089106258,False,0,0.34079570958661415
BKR101_P003,101,P003,1997,6,323,1997-05-31,151,245,133,488,0,0,234236,6,wheat/winter wheat,1.3,8.4,13.6,0,25.105,67,3.5,0,0,3.6,0,7988.3,4.5813,1996-09-28,1,0.90488089106258,False,0,0.34079570958661415
BKR101_P003,101,P003,1997,6,323,1997-06-01,152,246,133,488,0,0,234236,6,wheat/winter wheat,5.6,10.8,16.2,0.3,13.511,85,2.8,0,0,2.2,0,8128.7,4.6504,1996-09-28,1,0.90488089106258,False,0,0.34079570958661415
BKR101_P003,101,P003,1997,6,323,1997-06-02,153,247,133,488,0,0,234236,6,wheat/winter wheat,6.4,13,18.7,0,30.012,62,3.1,0,0,5.1,0,8370.9,4.7001,1996-09-28,1,0.90488089106258,False,0,0.34079570958661415
BKR101_P003,101,P003,1997,6,323,1997-06-03,154,248,133,488,0,0,234236,6,wheat/winter wheat,6.4,13.5,19.5,0,25.429,66,1.5,0,0,4.1,0,8585.9,4.7854,1996-09-28,1,0.90488089106258,False,0,0.34079570958661415
BKR101_P003,101,P003,1997,6,323,1997-06-04,155,249,133,488,0,0,234236,6,wheat/winter wheat,9,16.5,21.5,0,24.245,61,2.2,0,0,4.6,0,8798,4.8606,1996-09-28,1,0.90488089106258,False,0,0.34079570958661415
BKR101_P003,101,P003,1997,6,323,1997-06-05,156,250,133,488,0,0,234236,6,wheat/winter wheat,9.4,18.1,23.5,0,25.2,95,1.2,0,0,4.1,0,9013.4,4.934,1996-09-28,1,0.90488089106258,False,0,0.34079570958661415
BKR101_P003,101,P003,1997,6,323,1997-06-06,157,251,133,488,0,0,234236,6,wheat/winter wheat,9.9,16.8,25.2,2,28.1,58,2.6,0,0,5.7,0,9249.9,5.0079,1996-09-28,1,0.90488089106258,False,0,0.34079570958661415
BKR101_P003,101,P003,1997,6,323,1997-06-07,158,252,133,488,0,0,234236,6,wheat/winter wheat,10.4,19,26.2,0,30.9,50,2,0,0,6.2,0,9507.2,5.0883,1996-09-28,1,0.90488089106258,False,0,0.34079570958661415
BKR101_P003,101,P003,1997,6,323,1997-06-08,159,253,133,488,0,0,234236,6,wheat/winter wheat,11.4,19.7,25.7,0,25.2,52,3.2,0,0,6.1,0,9723.8,5.1748,1996-09-28,1,0.90488089106258,False,0,0.34079570958661415
BKR101_P003,101,P003,1997,6,323,1997-06-09,160,254,133,488,0,0,234236,6,wheat/winter wheat,13.3,18.5,21.9,0,12.322,73,2.5,0,0,3.1,0,9850.6,5.247,1996-09-28,1,0.90488089106258,False,0,0.34079570958661415
BKR101_P003,101,P003,1997,6,323,1997-06-10,161,255,133,488,0,0,234236,6,wheat/winter wheat,11.6,17.1,21.7,0,27.458,72,2.2,0,0,4.9,0,10097.4,5.2888,1996-09-28,1,0.90488089106258,False,0,0.34079570958661415
BKR101_P003,101,P003,1997,6,323,1997-06-11,162,256,133,488,0,0,234236,6,wheat/winter wheat,10.8,19,25.9,0,29.825,64,2.4,0,0,5.9,0,10346,5.3695,1996-09-28,1,0.90488089106258,False,0,0.34079570958661415
BKR101_P003,101,P003,1997,6,323,1997-06-12,163,257,133,488,0,0,234236,6,wheat/winter wheat,11.8,20.7,27,0,24.351,59,2.5,0,0,5.5,0,10545.4,5.4498,1996-09-28,1,0.90488089106258,False,0,0.34079570958661415
BKR101_P003,101,P003,1997,6,323,1997-06-13,164,258,133,488,0,0,234236,6,wheat/winter wheat,16.3,19.3,23.8,11.9,16.697,88,1.6,0,0,3.2,0,10688.4,5.5136,1996-09-28,1,0.90488089106258,False,0,0.34079570958661415
BKR101_P003,101,P003,1997,6,323,1997-06-14,165,259,133,488,0,0,234236,6,wheat/winter wheat,13.6,17.8,22.2,8.2,17.484,90,2.6,0,0,3.1,4.7,10853.6,5.559,1996-09-28,1,0.90488089106258,False,0,0.34079570958661415
BKR101_P003,101,P003,1997,6,323,1997-06-15,166,260,133,488,0,0,234236,6,wheat/winter wheat,12.1,15,18,0.3,15.612,86,4.1,0,0,2.8,25.1,11018.8,5.6094,1996-09-28,1,0.90488089106258,False,0,0.34079570958661415
BKR101_P003,101,P003,1997,6,323,1997-06-16,167,261,133,488,0,0,234236,6,wheat/winter wheat,8.4,12.6,15.6,0,18.401,70,3.6,0,0,3.5,64.2,11212.7,5.6538,1996-09-28,1,0.90488089106258,False,0,0.34079570958661415
BKR101_P003,101,P003,1997,6,323,1997-06-17,168,262,133,488,0,0,234236,6,wheat/winter wheat,6.9,13,18.7,0,29.554,69,2.8,0,0,4.8,140.4,11485.9,5.7002,1996-09-28,1,0.90488089106258,False,0,0.34079570958661415
BKR101_P003,101,P003,1997,6,323,1997-06-18,169,263,133,488,0,0,234236,6,wheat/winter wheat,7.6,12.3,17.4,0,20.789,79,2.6,0,0,3.3,213,11692.7,5.7574,1996-09-28,1,0.90488089106258,False,0,0.34079570958661415
BKR101_P003,101,P003,1997,6,323,1997-06-19,170,264,133,488,0,0,234236,6,wheat/winter wheat,8.8,14.7,19.2,0,26.818,64,1.7,0,0,4.5,327.6,11955.8,5.795,1996-09-28,1,0.90488089106258,False,0,0.34079570958661415
BKR101_P003,101,P003,1997,6,323,1997-06-20,171,265,133,488,0,0,234236,6,wheat/winter wheat,11,13.4,16.5,3.3,10.04,91,1.4,0,0,1.8,392.3,12082.7,5.8343,1996-09-28,1,0.90488089106258,False,0,0.34079570958661415
BKR101_P003,101,P003,1997,6,323,1997-06-21,172,266,133,488,0,0,234236,6,wheat/winter wheat,11.1,14,17.7,0,10.8,99,0.4,0,0,1.8,469,12213.5,5.8496,1996-09-28,1,0.90488089106258,False,0,0.34079570958661415
BKR101_P003,101,P003,1997,6,323,1997-06-22,173,267,133,488,0,0,234236,6,wheat/winter wheat,12,16.2,20.6,13,10.8,85,3.3,0,0,2.4,551.3,12335.6,5.8615,1996-09-28,1,0.90488089106258,False,0,0.34079570958661415
BKR101_P003,101,P003,1997,6,323,1997-06-23,174,268,133,488,0,0,234236,6,wheat/winter wheat,10.4,14.6,19,3.9,18.229,82,3.7,0,0,3.3,697.9,12531.3,5.8686,1996-09-28,1,0.90488089106258,False,0,0.34079570958661415
BKR101_P003,101,P003,1997,6,323,1997-06-24,175,269,133,488,0,0,234236,6,wheat/winter wheat,10.9,13.3,16.3,2.1,13.583,85,4.8,0,0,2.5,830.5,12694,5.8742,1996-09-28,1,0.90488089106258,False,0,0.34079570958661415
BKR101_P003,101,P003,1997,6,323,1997-06-25,176,270,133,488,0,0,234236,6,wheat/winter wheat,7.4,11.8,15.7,0,14.786,75,2.6,0,0,2.7,975.6,12869.3,5.8748,1996-09-28,1,0.90488089106258,False,0,0.34079570958661415
BKR101_P003,101,P003,1997,6,323,1997-06-26,177,271,133,488,0,0,234236,6,wheat/winter wheat,6.5,13.9,19.4,1.9,10.865,85,2.8,0,0,2.1,1088.2,13004.8,5.8717,1996-09-28,1,0.90488089106258,False,0,0.34079570958661415
BKR101_P003,101,P003,1997,6,323,1997-06-27,178,272,133,488,0,0,234236,6,wheat/winter wheat,13.1,15.8,18.9,10.1,10.454,96,1.3,0,0,1.9,1191.8,13128.8,5.8664,1996-09-28,1,0.90488089106258,False,0,0.34079570958661415
BKR101_P003,101,P003,1997,6,323,1997-06-28,179,273,133,488,0,0,234236,6,wheat/winter wheat,14.9,19.9,24.7,0.5,23.148,73,1.1,0,0,4.3,1370.2,13342.3,5.8581,1996-09-28,1,0.90488089106258,False,0,0.34079570958661415
BKR101_P003,101,P003,1997,6,323,1997-06-29,180,274,133,488,0,0,234236,6,wheat/winter wheat,16.3,23.9,31,0.6,25.44,72,3.8,0,0,6.2,1519.7,13519.5,5.8448,1996-09-28,1,0.90488089106258,False,0,0.34079570958661415
BKR101_P003,101,P003,1997,6,323,1997-06-30,181,275,133,488,0,0,234236,6,wheat/winter wheat,15.1,21.2,27.1,0.3,15.375,80,2,0,0,3.4,1625.9,13643.2,5.8248,1996-09-28,1,0.90488089106258,False,0,0.34079570958661415
BKR101_P003,101,P003,1997,6,323,1997-07-01,182,276,133,488,0,0,234236,6,wheat/winter wheat,13.1,16.5,19.8,0,14.584,80,2.1,0,0,2.9,1760,13800,5.7994,1996-09-28,1,0.90488089106258,False,0,0.34079570958661415
BKR101_P003,101,P003,1997,6,323,1997-07-02,183,277,133,488,0,0,234236,6,wheat/winter wheat,11.1,18.4,24.5,0,25.315,70,2.2,0,0,4.9,1963.4,14039.7,5.7708,1996-09-28,1,0.90488089106258,False,0,0.34079570958661415
BKR101_P003,101,P003,1997,6,323,1997-07-03,184,278,133,488,0,0,234236,6,wheat/winter wheat,13.7,18.3,25.5,2.2,15.575,81,1.8,0,0,3.2,2079.4,14173,5.7381,1996-09-28,1,0.90488089106258,False,0,0.34079570958661415
BKR101_P003,101,P003,1997,6,323,1997-07-04,185,279,133,488,0,0,234236,6,wheat/winter wheat,12.7,17.2,22.1,1.8,15.272,89,1.7,0,0,2.7,2210.9,14324.4,5.7015,1996-09-28,1,0.90488089106258,False,0,0.34079570958661415
BKR101_P003,101,P003,1997,6,323,1997-07-05,186,280,133,488,0,0,234236,6,wheat/winter wheat,13.1,17.2,21.8,0.1,22.174,76,2.6,0,0,4.2,2396.4,14540.2,5.6614,1996-09-28,1,0.90488089106258,False,0,0.34079570958661415
BKR101_P003,101,P003,1997,6,323,1997-07-06,187,281,133,488,0,0,234236,6,wheat/winter wheat,12.2,15.8,18.1,0,11.774,75,4.1,0,0,3,2516.7,14676.7,5.6181,1996-09-28,1,0.90488089106258,False,0,0.34079570958661415
BKR101_P003,101,P003,1997,6,323,1997-07-07,188,282,133,488,0,0,234236,6,wheat/winter wheat,13.4,18.5,23.2,0,25.543,70,4.4,0,0,5.5,2724.5,14918.1,5.5721,1996-09-28,1,0.90488089106258,False,0,0.34079570958661415
BKR101_P003,101,P003,1997,6,323,1997-07-08,189,283,133,488,0,0,234236,6,wheat/winter wheat,12.9,18.4,23.4,0,26.982,67,3.5,0,0,5.6,2943.3,15172,5.5223,1996-09-28,1,0.90488089106258,False,0,0.34079570958661415
BKR101_P003,101,P003,1997,6,323,1997-07-09,190,284,133,488,0,0,234236,6,wheat/winter wheat,10.8,17,21.3,0,19.573,80,2.1,0,0,3.5,3116,15369.6,5.4689,1996-09-28,1,0.90488089106258,False,0,0.34079570958661415
BKR101_P003,101,P003,1997,6,323,1997-07-10,191,285,133,488,0,0,234236,6,wheat/winter wheat,12.2,18.2,23.5,0,26.318,62,1.7,0,0,4.9,3330.1,15616.5,5.4127,1996-09-28,1,0.90488089106258,False,0,0.34079570958661415
BKR101_P003,101,P003,1997,6,323,1997-07-11,192,286,133,488,0,0,234236,6,wheat/winter wheat,10.1,17.2,23.6,0.2,25.052,71,1.2,0,0,4.3,3521.4,15835.2,5.3531,1996-09-28,1,0.90488089106258,False,0,0.34079570958661415
BKR101_P003,101,P003,1997,6,323,1997-07-12,193,287,133,488,0,0,234236,6,wheat/winter wheat,11.6,17.5,23.2,0,26.818,69,1.7,0,0,4.8,3704.3,16043.2,5.2907,1996-09-28,1,0.90488089106258,False,0,0.34079570958661415
BKR101_P003,101,P003,1997,6,323,1997-07-13,194,288,133,488,0,0,234236,6,wheat/winter wheat,9.8,16.5,22,0,26.918,65,1.3,0,0,4.6,3862.3,16220.7,5.2254,1996-09-28,1,0.90488089106258,False,0,0.34079570958661415
BKR101_P003,101,P003,1997,6,323,1997-07-14,195,289,133,488,0,0,234236,6,wheat/winter wheat,9.2,17.6,23.8,0,26.741,65,1,0,0,4.5,3946.7,16309,5.1577,1996-09-28,1,0.90488089106258,False,0,0.34079570958661415
BKR101_P003,101,P003,1997,6,323,1997-07-15,196,290,133,488,0,0,234236,6,wheat/winter wheat,12.5,17.7,24.1,1,14.789,78,1,0,0,2.9,3958.4,16304.3,5.0866,1996-09-28,1,0.90488089106258,False,0,0.34079570958661415
BKR101_P003,101,P003,1997,6,323,1997-07-16,197,291,133,488,0,0,234236,6,wheat/winter wheat,14.6,18,23.4,6.9,16.089,81,1.3,0,0,3.1,3970.8,16295.3,5.0085,1996-09-28,1,0.90488089106258,False,0,0.34079570958661415
BKR101_P003,101,P003,1997,6,323,1997-07-17,198,292,133,488,0,0,234236,6,wheat/winter wheat,13.8,17.5,21.7,17.5,14.716,88,1.4,0,0,2.7,3983.9,16285.9,4.9228,1996-09-28,1,0.90488089106258,False,0,0.34079570958661415
BKR101_P003,101,P003,1997,6,323,1997-07-18,199,293,133,488,0,0,234236,6,wheat/winter wheat,14.9,15.5,16.5,17,3.331,99,2.9,0,0,0.8,3997.3,16283.3,4.8326,1996-09-28,1,0.90488089106258,False,0,0.34079570958661415
BKR101_P003,101,P003,1997,6,323,1997-07-19,200,294,133,488,0,0,234236,6,wheat/winter wheat,14,16.9,19.9,9.8,15.139,84,3.2,0,0,2.9,4126.4,16422,4.7454,1996-09-28,1,0.90488089106258,False,0,0.34079570958661415
BKR101_P003,101,P003,1997,6,323,1997-07-20,201,295,133,488,0,0,234236,6,wheat/winter wheat,14.8,15.7,17.1,47.6,3.359,99,3.6,0,0,0.8,4172.1,16460.3,4.6583,1996-09-28,1,0.90488089106258,False,0,0.34079570958661415
BKR101_P003,101,P003,1997,6,323,1997-07-21,202,296,133,488,0,0,234236,6,wheat/winter wheat,15.7,16.3,18.2,5.4,3.101,99,3.4,0,0,0.7,4236.7,16521.1,4.5703,1996-09-28,1,0.90488089106258,False,0,0.34079570958661415
BKR101_P003,101,P003,1997,6,323,1997-07-22,203,297,133,488,0,0,234236,6,wheat/winter wheat,16,22,25.6,0,13.259,63,1.9,0,0,3.5,4326.7,16611.8,4.4811,1996-09-28,1,0.90488089106258,False,0,0.34079570958661415
BKR101_P003,101,P003,1997,6,323,1997-07-23,204,298,133,488,0,0,234236,6,wheat/winter wheat,12.2,17.9,23.8,0,22.47,81,0.8,0,0,3.8,4465.2,16760.3,4.3889,1996-09-28,1,0.90488089106258,False,0,0.34079570958661415
BKR101_P003,101,P003,1997,6,323,1997-07-24,205,299,133,488,0,0,234236,6,wheat/winter wheat,14.6,19.2,24.3,0.1,18.768,81,1,0,0,3.4,4586,16887.2,4.2954,1996-09-28,1,0.90488089106258,False,0,0.34079570958661415
BKR101_P003,101,P003,1997,6,323,1997-07-25,206,300,133,488,0,0,234236,6,wheat/winter wheat,14.5,19.2,24.7,0,19.775,74,1.1,0,0,3.7,4715.2,17023.9,4.2002,1996-09-28,1,0.90488089106258,False,0,0.34079570958661415
BKR101_P003,101,P003,1997,6,323,1997-07-26,207,301,133,488,0,0,234236,6,wheat/winter wheat,15.3,18.4,22.6,18.4,17.968,84,2.9,0,0,3.4,4838,17152.6,4.1035,1996-09-28,1,0.90488089106258,False,0,0.34079570958661415
BKR101_P003,101,P003,1997,6,323,1997-07-27,208,302,133,488,0,0,234236,6,wheat/winter wheat,12.7,19.2,24.6,0.1,18.576,73,4,0,0,4.3,4962.1,17282.6,4.0058,1996-09-28,1,0.90488089106258,False,0,0.34079570958661415
BKR101_P003,101,P003,1997,6,323,1997-07-28,209,303,133,488,0,0,234236,6,wheat/winter wheat,14.2,17.7,22,0,23.231,70,3.9,0,0,4.8,5119.2,17451.9,3.9069,1996-09-28,1,0.90488089106258,False,0,0.34079570958661415
BKR101_P003,101,P003,1997,6,323,1997-07-29,210,304,133,488,0,0,234236,6,wheat/winter wheat,13.2,17.5,22.7,0.6,18.148,78,2.1,0,0,3.4,5239.5,17577.2,3.8075,1996-09-28,1,0.90488089106258,False,0,0.34079570958661415
BKR101_P003,101,P003,1997,6,323,1997-07-30,211,305,133,488,0,0,234236,6,wheat/winter wheat,11.9,18.4,24,0.1,24.08,71,1,0,0,4.1,5395.4,17744.8,3.7078,1996-09-28,1,0.90488089106258,False,0,0.34079570958661415
BKR101_P003,101,P003,1997,6,323,1997-07-31,212,306,133,488,0,0,234236,6,wheat/winter wheat,12.3,16.5,19.4,4.4,10.628,86,2.3,0,0,2.1,5479.2,17826.3,3.6077,1996-09-28,1,0.90488089106258,False,0,0.34079570958661415
BKR101_P003,101,P003,1997,6,323,1997-08-01,213,307,133,488,0,0,234236,6,wheat/winter wheat,10.3,14.8,19.2,0,18.541,82,2.2,0,0,3,5608.6,17962.3,3.5078,1996-09-28,1,0.90488089106258,False,0,0.34079570958661415
BKR101_P003,101,P003,1997,6,323,1997-08-02,214,308,133,488,0,0,234236,6,wheat/winter wheat,10.3,16.6,22.3,0,19.976,77,0.7,0,0,3.2,5738,18098.5,3.4087,1996-09-28,1,0.90488089106258,False,0,0.34079570958661415
BKR101_P003,101,P003,1997,6,323,1997-08-03,215,309,133,488,0,0,234236,6,wheat/winter wheat,11.4,19.2,25.6,0,21.916,73,0.6,0,0,3.7,5866.5,18233.4,3.31,1996-09-28,1,0.90488089106258,False,0,0.34079570958661415
BKR101_P003,101,P003,1997,6,323,1997-08-04,216,310,133,488,0,0,234236,6,wheat/winter wheat,14.3,19.6,24.8,9.7,15.746,83,0.7,0,0,2.9,5952.8,18317.9,3.2111,1996-09-28,1,0.90488089106258,False,0,0.34079570958661415
BKR101_P003,101,P003,1997,6,323,1997-08-05,217,311,133,488,0,0,234236,6,wheat/winter wheat,14.3,18.9,24,0,25.159,76,1.7,0,0,4.4,6095.1,18469.1,3.1121,1996-09-28,1,0.90488089106258,False,0,0.34079570958661415
BKR101_P003,101,P003,1997,6,323,1997-08-06,218,312,133,488,0,0,234236,6,wheat/winter wheat,13.8,18.5,24.2,7,16.495,87,1.3,0,0,2.9,6183.2,18555.9,3.0132,1996-09-28,1,0.90488089106258,False,0,0.34079570958661415
BKR101_P003,101,P003,1997,6,323,1997-08-07,219,313,133,488,0,0,234236,6,wheat/winter wheat,14.5,18.3,24.1,0,16.779,87,1.6,0,0,3,6268.9,18639.7,2.9147,1996-09-28,1,0.90488089106258,False,0,0.34079570958661415
BKR101_P003,101,P003,1997,6,323,1997-08-08,220,314,133,488,0,0,234236,6,wheat/winter wheat,14.3,20.2,26.3,0,22.706,76,1.2,0,0,4.1,6379.1,18752.8,2.8168,1996-09-28,1,0.90488089106258,False,0,0.34079570958661415
BKR101_P003,101,P003,1997,6,323,1997-08-09,221,315,133,488,0,0,234236,6,wheat/winter wheat,14.7,20.6,26.9,0,24.172,72,0.9,0,0,4.2,6490.7,18867.5,2.7192,1996-09-28,1,0.90488089106258,False,0,0.34079570958661415
BKR101_P003,101,P003,1997,6,323,1997-08-10,222,316,133,488,0,0,234236,6,wheat/winter wheat,14.1,21.4,28,0,23.5,72,0.7,0,0,4.1,6592.3,18970.4,2.6218,1996-09-28,1,0.90488089106258,False,0,0.34079570958661415
BKR101_P003,101,P003,1997,6,323,1997-08-11,223,317,133,488,0,0,234236,6,wheat/winter wheat,15.3,21.9,28.3,0,22.312,67,1.3,0,0,4.3,6679.8,19056.5,2.5248,1996-09-28,1,0.90488089106258,False,0,0.34079570958661415
BKR101_P003,101,P003,1997,6,323,1997-08-12,224,318,133,488,0,0,234236,6,wheat/winter wheat,15.2,22,28.2,0,23.503,68,0.9,0,0,4.3,6770.6,19146.6,2.4281,1996-09-28,1,0.90488089106258,False,0,0.34079570958661415
BKR101_P003,101,P003,1997,6,323,1997-08-13,225,319,133,488,0,0,234236,6,wheat/winter wheat,14.8,22.2,28.8,0,20.747,68,0.4,0,0,3.7,6841.9,19213.5,2.3318,1996-09-28,1,0.90488089106258,False,0,0.34079570958661415
BKR101_P003,101,P003,1997,6,323,1997-08-14,226,320,133,488,0,0,234236,6,wheat/winter wheat,15.9,23.5,29.6,0,18.555,60,1.5,0,0,4.1,6891.7,19255,2.2362,1996-09-28,1,0.90488089106258,False,0,0.34079570958661415
BKR101_P003,101,P003,1997,6,323,1997-08-15,227,321,133,488,0,0,234236,6,wheat/winter wheat,15.2,19.4,24,0.5,10.523,87,2.8,0,0,2.2,6922.7,19274.5,2.1412,1996-09-28,1,0.90488089106258,False,0,0.34079570958661415
BKR101_P003,101,P003,1997,6,323,1997-08-16,228,322,133,488,0,0,234236,6,wheat/winter wheat,13.7,19.2,25.6,0,19.991,79,0.7,0,0,2.2,6922.7,19274.5,2.1412,1996-09-28,1,0.90488089106258,False,0,0.34079570958661415
