ScenarioId,BKR_ID,ParameterId,GrowingYear,SeasonIndex,ValidLength,Date,DOY,DaysAfterSowing,Srow,Scol,Crow,Ccol,SoilId,CM-count,Crop,Tmin,Tavg,Tmax,Precip,Globrad,Relhumid,Wind,Sunhours,Irrig,ET0,Yield,AbBiom,LAI,SowingDate,SowingShiftDays,NFertilizerScale,IrrigationEnabled,IrrigationAmountMm,IrrigationThreshold
BKR101_P001,101,P001,1992,1,295,1991-10-04,277,0,133,488,0,0,234236,1,wheat/winter wheat,3.9,10.8,16.8,0,7.5,77,3.6,0,0,1.5,0,53,0.0972,1991-10-04,9,1.1794309596682293,True,16.55658580117267,0.33114332847357186
BKR101_P001,101,P001,1992,1,295,1991-10-05,278,1,133,488,0,0,234236,1,wheat/winter wheat,5.1,9.3,15.5,0,11,70,9.2,0,0,2.5,0,53,0.0972,1991-10-04,9,1.1794309596682293,True,16.55658580117267,0.33114332847357186
BKR101_P001,101,P001,1992,1,295,1991-10-06,279,2,133,488,0,0,234236,1,wheat/winter wheat,4.6,9,10.7,3,12.8,83,7.2,0,0,1.3,0,53,0.0972,1991-10-04,9,1.1794309596682293,True,16.55658580117267,0.33114332847357186
BKR101_P001,101,P001,1992,1,295,1991-10-07,280,3,133,488,0,0,234236,1,wheat/winter wheat,9.8,11.3,12.3,1,3.4,99,5,0,0,0.4,0,53,0.0972,1991-10-04,9,1.1794309596682293,True,16.55658580117267,0.33114332847357186
BKR101_P001,101,P001,1992,1,295,1991-10-08,281,4,133,488,0,0,234236,1,wheat/winter wheat,5.9,8.8,13.3,0,3.4,95,3.6,0,0,0.6,0,53,0.0972,1991-10-04,9,1.1794309596682293,True,16.55658580117267,0.33114332847357186
BKR101_P001,101,P001,1992,1,295,1991-10-09,282,5,133,488,0,0,234236,1,wheat/winter wheat,2.9,9.4,11.3,0,3.3,93,6.7,0,0,0.6,0,53,0.0972,1991-10-04,9,1.1794309596682293,True,16.55658580117267,0.33114332847357186
BKR101_P001,101,P001,1992,1,295,1991-10-10,283,6,133,488,0,0,234236,1,wheat/winter wheat,4.7,8,13.7,1,3.2,96,1.4,0,0,0.5,0,53,0.0972,1991-10-04,9,1.1794309596682293,True,16.55658580117267,0.33114332847357186
BKR101_P001,101,P001,1992,1,295,1991-10-11,284,7,133,488,0,0,234236,1,wheat/winter wheat,1.7,4.9,12.6,0,5,88,4.7,0,0,0.8,0,53,0.0972,1991-10-04,9,1.1794309596682293,True,16.55658580117267,0.33114332847357186
BKR101_P001,101,P001,1992,1,295,1991-10-12,285,8,133,488,0,0,234236,1,wheat/winter wheat,1.8,6,11.4,0,10,95,4.2,0,0,0.5,0,53,0.0972,1991-10-04,9,1.1794309596682293,True,16.55658580117267,0.33114332847357186
BKR101_P001,101,P001,1992,1,295,1991-10-13,286,9,133,488,0,0,234236,1,wheat/winter wheat,-1.9,4.1,8,0,7.943,61,2.5,0,0,1.2,0,53,0.0972,1991-10-04,9,1.1794309596682293,True,16.55658580117267,0.33114332847357186
BKR101_P001,101,P001,1992,1,295,1991-10-14,287,10,133,488,0,0,234236,1,wheat/winter wheat,-3.1,1.9,8.6,0,11.197,62,1.8,0,0,1,0,53,0.0972,1991-10-04,9,1.1794309596682293,True,16.55658580117267,0.33114332847357186
BKR101_P001,101,P001,1992,1,295,1991-10-15,288,11,133,488,0,0,234236,1,wheat/winter wheat,-3.2,0.6,8.1,0,5.564,61,2.3,0,0,1.1,0,53,0.0972,1991-10-04,9,1.1794309596682293,True,16.55658580117267,0.33114332847357186
BKR101_P001,101,P001,1992,1,295,1991-10-16,289,12,133,488,0,0,234236,1,wheat/winter wheat,4.1,5.7,8.8,0,2.9,92,5,0,0,0.6,0,53,0.0972,1991-10-04,9,1.1794309596682293,True,16.55658580117267,0.33114332847357186
BKR101_P001,101,P001,1992,1,295,1991-10-17,290,13,133,488,0,0,234236,1,wheat/winter wheat,2.1,4.7,7.1,0,1.002,80,4.2,0,0,0.9,0,53,0.0972,1991-10-04,9,1.1794309596682293,True,16.55658580117267,0.33114332847357186
BKR101_P001,101,P001,1992,1,295,1991-10-18,291,14,133,488,0,0,234236,1,wheat/winter wheat,0.1,2.9,7.2,0,6.981,85,3.5,0,0,0.5,0,55.4,0.0972,1991-10-04,9,1.1794309596682293,True,16.55658580117267,0.33114332847357186
BKR101_P001,101,P001,1992,1,295,1991-10-19,292,15,133,488,0,0,234236,1,wheat/winter wheat,-1.9,2.9,8.9,0,8.501,84,2.1,0,0,0.5,0,56.5,0.1016,1991-10-04,9,1.1794309596682293,True,16.55658580117267,0.33114332847357186
BKR101_P001,101,P001,1992,1,295,1991-10-20,293,16,133,488,0,0,234236,1,wheat/winter wheat,-0.2,5,11.9,0,8.693,79,3.7,0,0,0.8,0,57.7,0.1036,1991-10-04,9,1.1794309596682293,True,16.55658580117267,0.33114332847357186
BKR101_P001,101,P001,1992,1,295,1991-10-21,294,17,133,488,0,0,234236,1,wheat/winter wheat,-0.3,4.2,10.7,0,9.264,80,1.7,0,0,0.5,0,58.7,0.1057,1991-10-04,9,1.1794309596682293,True,16.55658580117267,0.33114332847357186
BKR101_P001,101,P001,1992,1,295,1991-10-22,295,18,133,488,0,0,234236,1,wheat/winter wheat,-2,4.4,12.2,0,7.139,84,2.6,0,0,0.5,0,59.7,0.1076,1991-10-04,9,1.1794309596682293,True,16.55658580117267,0.33114332847357186
BKR101_P001,101,P001,1992,1,295,1991-10-23,296,19,133,488,0,0,234236,1,wheat/winter wheat,1.2,4,6,0.6,3.761,88,5.1,0,0,0.4,0,60.3,0.1093,1991-10-04,9,1.1794309596682293,True,16.55658580117267,0.33114332847357186
BKR101_P001,101,P001,1992,1,295,1991-10-24,297,20,133,488,0,0,234236,1,wheat/winter wheat,-0.4,3.5,6.5,1.2,7.319,81,3.4,0,0,0.5,0,63.2,0.1105,1991-10-04,9,1.1794309596682293,True,16.55658580117267,0.33114332847357186
BKR101_P001,101,P001,1992,1,295,1991-10-25,298,21,133,488,0,0,234236,1,wheat/winter wheat,3.2,5.1,6.3,2.1,3.831,91,4.2,0,0,0.3,0,65.6,0.1157,1991-10-04,9,1.1794309596682293,True,16.55658580117267,0.33114332847357186
BKR101_P001,101,P001,1992,1,295,1991-10-26,299,22,133,488,0,0,234236,1,wheat/winter wheat,3.6,4.6,6.9,2.7,4.105,85,3.8,0,0,0.5,0,68.1,0.1201,1991-10-04,9,1.1794309596682293,True,16.55658580117267,0.33114332847357186
BKR101_P001,101,P001,1992,1,295,1991-10-27,300,23,133,488,0,0,234236,1,wheat/winter wheat,0,3.2,6,2.5,1.49,91,2.8,0,0,0.3,0,69.8,0.1246,1991-10-04,9,1.1794309596682293,True,16.55658580117267,0.33114332847357186
BKR101_P001,101,P001,1992,1,295,1991-10-28,301,24,133,488,0,0,234236,1,wheat/winter wheat,1.8,0,1.7,0,3.076,94,2.1,0,0,0.2,0,71.7,0.1278,1991-10-04,9,1.1794309596682293,True,16.55658580117267,0.33114332847357186
BKR101_P001,101,P001,1992,1,295,1991-10-29,302,25,133,488,0,0,234236,1,wheat/winter wheat,0.6,3.7,6.8,2.6,2.015,93,2.5,0,0,0.2,0,73.6,0.1312,1991-10-04,9,1.1794309596682293,True,16.55658580117267,0.33114332847357186
BKR101_P001,101,P001,1992,1,295,1991-10-30,303,26,133,488,0,0,234236,1,wheat/winter wheat,2.6,4.9,7.2,3,3.581,91,4.5,0,0,0.3,0,76.2,0.1347,1991-10-04,9,1.1794309596682293,True,16.55658580117267,0.33114332847357186
BKR101_P001,101,P001,1992,1,295,1991-10-31,304,27,133,488,0,0,234236,1,wheat/winter wheat,-1.7,3.7,5.8,0.1,4.263,76,2.9,0,0,0.5,0,79.1,0.1395,1991-10-04,9,1.1794309596682293,True,16.55658580117267,0.33114332847357186
BKR101_P001,101,P001,1992,1,295,1991-11-01,305,28,133,488,0,0,234236,1,wheat/winter wheat,-3.7,-1.2,3.8,0,6.915,89,1,0,0,0,0,79,0.1446,1991-10-04,9,1.1794309596682293,True,16.55658580117267,0.33114332847357186
BKR101_P001,101,P001,1992,1,295,1991-11-02,306,29,133,488,0,0,234236,1,wheat/winter wheat,-1.2,0.2,2.9,0,4.132,91,2.2,0,0,0.2,0,81.4,0.1446,1991-10-04,9,1.1794309596682293,True,16.55658580117267,0.33114332847357186
BKR101_P001,101,P001,1992,1,295,1991-11-03,307,30,133,488,0,0,234236,1,wheat/winter wheat,-0.6,3,7.1,0.9,7.467,73,6.1,0,0,0.6,0,84.6,0.1489,1991-10-04,9,1.1794309596682293,True,16.55658580117267,0.33114332847357186
BKR101_P001,101,P001,1992,1,295,1991-11-04,308,31,133,488,0,0,234236,1,wheat/winter wheat,4.2,7.2,9.6,2.4,3.516,57,6.3,0,0,1.3,0,87.8,0.1546,1991-10-04,9,1.1794309596682293,True,16.55658580117267,0.33114332847357186
BKR101_P001,101,P001,1992,1,295,1991-11-05,309,32,133,488,0,0,234236,1,wheat/winter wheat,2.9,5.4,7.9,0.6,3.303,57,5.6,0,0,1.1,0,90.7,0.1604,1991-10-04,9,1.1794309596682293,True,16.55658580117267,0.33114332847357186
BKR101_P001,101,P001,1992,1,295,1991-11-06,310,33,133,488,0,0,234236,1,wheat/winter wheat,5.2,7.7,10.9,1,1.879,57,4.4,0,0,1,0,93,0.1658,1991-10-04,9,1.1794309596682293,True,16.55658580117267,0.33114332847357186
BKR101_P001,101,P001,1992,1,295,1991-11-07,311,34,133,488,0,0,234236,1,wheat/winter wheat,10.4,10.8,11.3,0,1.9,57,6.6,0,0,1.3,0,95.5,0.1699,1991-10-04,9,1.1794309596682293,True,16.55658580117267,0.33114332847357186
BKR101_P001,101,P001,1992,1,295,1991-11-08,312,35,133,488,0,0,234236,1,wheat/winter wheat,6.8,10.8,12.4,1.8,1.165,57,7.4,0,0,1,0,97.4,0.1743,1991-10-04,9,1.1794309596682293,True,16.55658580117267,0.33114332847357186
BKR101_P001,101,P001,1992,1,295,1991-11-09,313,36,133,488,0,0,234236,1,wheat/winter wheat,-1.8,3.6,6.1,0,6.319,68,3.1,0,0,0.4,0,101,0.1777,1991-10-04,9,1.1794309596682293,True,16.55658580117267,0.33114332847357186
BKR101_P001,101,P001,1992,1,295,1991-11-10,314,37,133,488,0,0,234236,1,wheat/winter wheat,-6.5,-1.6,3.8,0,6.639,79,1.8,0,0,0,0,101,0.1843,1991-10-04,9,1.1794309596682293,True,16.55658580117267,0.33114332847357186
BKR101_P001,101,P001,1992,1,295,1991-11-11,315,38,133,488,0,0,234236,1,wheat/winter wheat,0.4,4.5,7.2,0.6,1.816,84,4.8,0,0,0.3,0,103.3,0.1842,1991-10-04,9,1.1794309596682293,True,16.55658580117267,0.33114332847357186
BKR101_P001,101,P001,1992,1,295,1991-11-12,316,39,133,488,0,0,234236,1,wheat/winter wheat,4.4,6.2,8.9,0.4,3.555,87,5,0,0,0.4,0,107.1,0.1884,1991-10-04,9,1.1794309596682293,True,16.55658580117267,0.33114332847357186
BKR101_P001,101,P001,1992,1,295,1991-11-13,317,40,133,488,0,0,234236,1,wheat/winter wheat,3.6,5.2,9.3,3,1.45,87,6.1,0,0,0.3,0,109.2,0.1952,1991-10-04,9,1.1794309596682293,True,16.55658580117267,0.33114332847357186
BKR101_P001,101,P001,1992,1,295,1991-11-14,318,41,133,488,0,0,234236,1,wheat/winter wheat,1.7,3,4.6,1,0.56,96,5.8,0,0,0.1,0,110.8,0.1989,1991-10-04,9,1.1794309596682293,True,16.55658580117267,0.33114332847357186
BKR101_P001,101,P001,1992,1,295,1991-11-15,319,42,133,488,0,0,234236,1,wheat/winter wheat,0.5,2,3.9,1,1.37,99,1.4,0,0,0.1,0,112.8,0.2017,1991-10-04,9,1.1794309596682293,True,16.55658580117267,0.33114332847357186
BKR101_P001,101,P001,1992,1,295,1991-11-16,320,43,133,488,0,0,234236,1,wheat/winter wheat,-0.6,1.2,2.4,1,0.56,100,3.1,0,0,0.1,0,114.3,0.2052,1991-10-04,9,1.1794309596682293,True,16.55658580117267,0.33114332847357186
BKR101_P001,101,P001,1992,1,295,1991-11-17,321,44,133,488,0,0,234236,1,wheat/winter wheat,0.6,4.1,6.3,2,0.56,100,4.7,0,0,0.1,0,115.8,0.2079,1991-10-04,9,1.1794309596682293,True,16.55658580117267,0.33114332847357186
BKR101_P001,101,P001,1992,1,295,1991-11-18,322,45,133,488,0,0,234236,1,wheat/winter wheat,3.5,5.9,8.4,0,2.402,80,3.8,0,0,0.4,0,119.1,0.2106,1991-10-04,9,1.1794309596682293,True,16.55658580117267,0.33114332847357186
BKR101_P001,101,P001,1992,1,295,1991-11-19,323,46,133,488,0,0,234236,1,wheat/winter wheat,2.6,3.8,5,4.3,1.606,89,5.4,0,0,0.2,0,121.4,0.2163,1991-10-04,9,1.1794309596682293,True,16.55658580117267,0.33114332847357186
BKR101_P001,101,P001,1992,1,295,1991-11-20,324,47,133,488,0,0,234236,1,wheat/winter wheat,2.5,4.1,5.7,1.9,2.515,88,7.5,0,0,0.3,0,124.8,0.2204,1991-10-04,9,1.1794309596682293,True,16.55658580117267,0.33114332847357186
BKR101_P001,101,P001,1992,1,295,1991-11-21,325,48,133,488,0,0,234236,1,wheat/winter wheat,2.8,4.3,5.4,0.2,2.651,77,9.2,0,0,0.5,0,128.4,0.2262,1991-10-04,9,1.1794309596682293,True,16.55658580117267,0.33114332847357186
BKR101_P001,101,P001,1992,1,295,1991-11-22,326,49,133,488,0,0,234236,1,wheat/winter wheat,1.4,3.3,5.2,1.8,3.506,87,6.4,0,0,0.2,0,132.2,0.2325,1991-10-04,9,1.1794309596682293,True,16.55658580117267,0.33114332847357186
BKR101_P001,101,P001,1992,1,295,1991-11-23,327,50,133,488,0,0,234236,1,wheat/winter wheat,-0.6,1.6,4.5,0,2.859,95,1.9,0,0,0,0,135.8,0.2392,1991-10-04,9,1.1794309596682293,True,16.55658580117267,0.33114332847357186
BKR101_P001,101,P001,1992,1,295,1991-11-24,328,51,133,488,0,0,234236,1,wheat/winter wheat,-1.4,0.7,2.5,0.7,1.222,97,1.5,0,0,0.1,0,137.8,0.2455,1991-10-04,9,1.1794309596682293,True,16.55658580117267,0.33114332847357186
BKR101_P001,101,P001,1992,1,295,1991-11-25,329,52,133,488,0,0,234236,1,wheat/winter wheat,2.6,5.6,7.2,0.6,1.897,96,2.4,0,0,0.1,0,141.1,0.249,1991-10-04,9,1.1794309596682293,True,16.55658580117267,0.33114332847357186
BKR101_P001,101,P001,1992,1,295,1991-11-26,330,53,133,488,0,0,234236,1,wheat/winter wheat,5.6,7,8.9,1.8,1.505,90,4.8,0,0,0.2,0,143.8,0.2546,1991-10-04,9,1.1794309596682293,True,16.55658580117267,0.33114332847357186
BKR101_P001,101,P001,1992,1,295,1991-11-27,331,54,133,488,0,0,234236,1,wheat/winter wheat,5.8,7.3,10.6,4,0.518,88,7.6,0,0,0.2,0,145,0.2593,1991-10-04,9,1.1794309596682293,True,16.55658580117267,0.33114332847357186
BKR101_P001,101,P001,1992,1,295,1991-11-28,332,55,133,488,0,0,234236,1,wheat/winter wheat,2.3,3.9,6.6,2,2.49,94,4.2,0,0,0.1,0,149,0.2614,1991-10-04,9,1.1794309596682293,True,16.55658580117267,0.33114332847357186
BKR101_P001,101,P001,1992,1,295,1991-11-29,333,56,133,488,0,0,234236,1,wheat/winter wheat,1.7,3.9,6.6,2,0.4,99,7.2,0,0,0,0,150.3,0.2682,1991-10-04,9,1.1794309596682293,True,16.55658580117267,0.33114332847357186
BKR101_P001,101,P001,1992,1,295,1991-11-30,334,57,133,488,0,0,234236,1,wheat/winter wheat,1.1,2,3.6,0,0.4,100,5.8,0,0,0,0,151.6,0.2704,1991-10-04,9,1.1794309596682293,True,16.55658580117267,0.33114332847357186
BKR101_P001,101,P001,1992,1,295,1991-12-01,335,58,133,488,0,0,234236,1,wheat/winter wheat,-0.1,3.8,5,0,0.83,92,7.2,0,0,0.1,0,153.5,0.2726,1991-10-04,9,1.1794309596682293,True,16.55658580117267,0.33114332847357186
BKR101_P001,101,P001,1992,1,295,1991-12-02,336,59,133,488,0,0,234236,1,wheat/winter wheat,4.6,6.4,10.1,0,1.854,89,5.5,0,0,0.3,0,157,0.2757,1991-10-04,9,1.1794309596682293,True,16.55658580117267,0.33114332847357186
BKR101_P001,101,P001,1992,1,295,1991-12-03,337,60,133,488,0,0,234236,1,wheat/winter wheat,2.7,4.9,7.4,3.9,3.422,88,6.5,0,0,0.2,0,161.4,0.2818,1991-10-04,9,1.1794309596682293,True,16.55658580117267,0.33114332847357186
BKR101_P001,101,P001,1992,1,295,1991-12-04,338,61,133,488,0,0,234236,1,wheat/winter wheat,3.4,6.7,10,1.5,2.988,81,5.6,0,0,0.4,0,166,0.289,1991-10-04,9,1.1794309596682293,True,16.55658580117267,0.33114332847357186
BKR101_P001,101,P001,1992,1,295,1991-12-05,339,62,133,488,0,0,234236,1,wheat/winter wheat,1.8,4.9,6.3,3.1,3.053,84,5.3,0,0,0.2,0,170.5,0.2966,1991-10-04,9,1.1794309596682293,True,16.55658580117267,0.33114332847357186
BKR101_P001,101,P001,1992,1,295,1991-12-06,340,63,133,488,0,0,234236,1,wheat/winter wheat,0.2,2.5,4.7,0,2.215,90,3.9,0,0,0.1,0,174.6,0.3041,1991-10-04,9,1.1794309596682293,True,16.55658580117267,0.33114332847357186
BKR101_P001,101,P001,1992,1,295,1991-12-07,341,64,133,488,0,0,234236,1,wheat/winter wheat,0.3,1.6,3.1,0,2.225,94,2.4,0,0,0,0,178.7,0.3109,1991-10-04,9,1.1794309596682293,True,16.55658580117267,0.33114332847357186
BKR101_P001,101,P001,1992,1,295,1991-12-08,342,65,133,488,0,0,234236,1,wheat/winter wheat,0.3,0.8,1.6,0,2.146,92,4.7,0,0,0.1,0,182.6,0.3175,1991-10-04,9,1.1794309596682293,True,16.55658580117267,0.33114332847357186
BKR101_P001,101,P001,1992,1,295,1991-12-09,343,66,133,488,0,0,234236,1,wheat/winter wheat,0.5,1.7,2.9,0,1.097,96,2.3,0,0,0.1,0,185.1,0.324,1991-10-04,9,1.1794309596682293,True,16.55658580117267,0.33114332847357186
BKR101_P001,101,P001,1992,1,295,1991-12-10,344,67,133,488,0,0,234236,1,wheat/winter wheat,1.7,2.4,3.5,0,1.025,94,2.3,0,0,0.1,0,187.4,0.328,1991-10-04,9,1.1794309596682293,True,16.55658580117267,0.33114332847357186
BKR101_P001,101,P001,1992,1,295,1991-12-11,345,68,133,488,0,0,234236,1,wheat/winter wheat,2.3,2.8,3.3,0,0.966,95,1.6,0,0,0.1,0,189.8,0.3319,1991-10-04,9,1.1794309596682293,True,16.55658580117267,0.33114332847357186
BKR101_P001,101,P001,1992,1,295,1991-12-12,346,69,133,488,0,0,234236,1,wheat/winter wheat,0.5,2.3,3.3,2.7,1.226,93,4,0,0,0.1,0,192.6,0.3357,1991-10-04,9,1.1794309596682293,True,16.55658580117267,0.33114332847357186
BKR101_P001,101,P001,1992,1,295,1991-12-13,347,70,133,488,0,0,234236,1,wheat/winter wheat,0.2,3.3,4.8,5.1,1.958,92,6.4,0,0,0.1,0,197.2,0.3404,1991-10-04,9,1.1794309596682293,True,16.55658580117267,0.33114332847357186
BKR101_P001,101,P001,1992,1,295,1991-12-14,348,71,133,488,0,0,234236,1,wheat/winter wheat,1.5,2.8,4.1,0,2.032,87,6,0,0,0.2,0,201.7,0.3478,1991-10-04,9,1.1794309596682293,True,16.55658580117267,0.33114332847357186
BKR101_P001,101,P001,1992,1,295,1991-12-15,349,72,133,488,0,0,234236,1,wheat/winter wheat,2.7,6.3,8.5,2.2,1.161,91,6.1,0,0,0.2,0,204.8,0.3551,1991-10-04,9,1.1794309596682293,True,16.55658580117267,0.33114332847357186
BKR101_P001,101,P001,1992,1,295,1991-12-16,350,73,133,488,0,0,234236,1,wheat/winter wheat,0.4,5.4,7.6,0,2.963,88,2.8,0,0,0,0,210,0.3601,1991-10-04,9,1.1794309596682293,True,16.55658580117267,0.33114332847357186
BKR101_P001,101,P001,1992,1,295,1991-12-17,351,74,133,488,0,0,234236,1,wheat/winter wheat,-2.4,0,3.6,0,3.842,94,1.1,0,0,0,0,214.1,0.3683,1991-10-04,9,1.1794309596682293,True,16.55658580117267,0.33114332847357186
BKR101_P001,101,P001,1992,1,295,1991-12-18,352,75,133,488,0,0,234236,1,wheat/winter wheat,-3.9,-0.8,2.5,0,3.449,94,0.5,0,0,0,0,214,0.3749,1991-10-04,9,1.1794309596682293,True,16.55658580117267,0.33114332847357186
BKR101_P001,101,P001,1992,1,295,1991-12-19,353,76,133,488,0,0,234236,1,wheat/winter wheat,-3.8,-1.5,0,0,2.892,95,2.7,0,0,0,0,213.9,0.3748,1991-10-04,9,1.1794309596682293,True,16.55658580117267,0.33114332847357186
BKR101_P001,101,P001,1992,1,295,1991-12-20,354,77,133,488,0,0,234236,1,wheat/winter wheat,-1.5,1.8,3,1.3,1.202,85,5.4,0,0,0.2,0,217,0.3747,1991-10-04,9,1.1794309596682293,True,16.55658580117267,0.33114332847357186
BKR101_P001,101,P001,1992,1,295,1991-12-21,355,78,133,488,0,0,234236,1,wheat/winter wheat,0.3,1.8,2.5,7.3,0.895,93,1.9,0,0,0.1,0,219.5,0.3797,1991-10-04,9,1.1794309596682293,True,16.55658580117267,0.33114332847357186
BKR101_P001,101,P001,1992,1,295,1991-12-22,356,79,133,488,0,0,234236,1,wheat/winter wheat,-2.4,-0.2,1.3,0,1.566,93,1.4,0,0,0,0,219.3,0.3836,1991-10-04,9,1.1794309596682293,True,16.55658580117267,0.33114332847357186
BKR101_P001,101,P001,1992,1,295,1991-12-23,357,80,133,488,0,0,234236,1,wheat/winter wheat,-3.8,-3.2,-2.7,0,1.861,91,2.3,0,0,0,0,219.2,0.3835,1991-10-04,9,1.1794309596682293,True,16.55658580117267,0.33114332847357186
BKR101_P001,101,P001,1992,1,295,1991-12-24,358,81,133,488,0,0,234236,1,wheat/winter wheat,-7.8,-4.8,-2.2,0,4.003,83,4.9,0,0,0,0,219.1,0.3834,1991-10-04,9,1.1794309596682293,True,16.55658580117267,0.33114332847357186
BKR101_P001,101,P001,1992,1,295,1991-12-25,359,82,133,488,0,0,234236,1,wheat/winter wheat,-9.6,-8.2,-6.2,0,3.198,88,3.2,0,0,0,0,219.1,0.3833,1991-10-04,9,1.1794309596682293,True,16.55658580117267,0.33114332847357186
BKR101_P001,101,P001,1992,1,295,1991-12-26,360,83,133,488,0,0,234236,1,wheat/winter wheat,-11.3,-9.8,-7.7,0,2.785,89,2.5,0,0,0,0,219,0.3832,1991-10-04,9,1.1794309596682293,True,16.55658580117267,0.33114332847357186
BKR101_P001,101,P001,1992,1,295,1991-12-27,361,84,133,488,0,0,234236,1,wheat/winter wheat,-12.1,-9,-4.7,0,2.96,88,0.7,0,0,0,0,218.9,0.3832,1991-10-04,9,1.1794309596682293,True,16.55658580117267,0.33114332847357186
BKR101_P001,101,P001,1992,1,295,1991-12-28,362,85,133,488,0,0,234236,1,wheat/winter wheat,-4.5,-2.3,0.9,0,3.384,90,1.5,0,0,0,0,218.8,0.3831,1991-10-04,9,1.1794309596682293,True,16.55658580117267,0.33114332847357186
BKR101_P001,101,P001,1992,1,295,1991-12-29,363,86,133,488,0,0,234236,1,wheat/winter wheat,-8.5,-6,-2.4,0,3.633,92,2.2,0,0,0,0,218.7,0.383,1991-10-04,9,1.1794309596682293,True,16.55658580117267,0.33114332847357186
BKR101_P001,101,P001,1992,1,295,1991-12-30,364,87,133,488,0,0,234236,1,wheat/winter wheat,-5.3,-4.1,-3,0,1.039,92,4.3,0,0,0,0,218.6,0.3829,1991-10-04,9,1.1794309596682293,True,16.55658580117267,0.33114332847357186
BKR101_P001,101,P001,1992,1,295,1991-12-31,365,88,133,488,0,0,234236,1,wheat/winter wheat,-2.8,-1.6,-0.6,0,1.33,92,2.3,0,0,0,0,218.5,0.3828,1991-10-04,9,1.1794309596682293,True,16.55658580117267,0.33114332847357186
BKR101_P001,101,P001,1992,1,295,1992-01-01,1,89,133,488,0,0,234236,1,wheat/winter wheat,-1.5,-0.6,1,0,0.52,90,6.7,0,0,0,0,218.4,0.3827,1991-10-04,9,1.1794309596682293,True,16.55658580117267,0.33114332847357186
BKR101_P001,101,P001,1992,1,295,1992-01-02,2,90,133,488,0,0,234236,1,wheat/winter wheat,0,2.8,6,0,0.52,85,12.8,0,0,0.1,0,220,0.3826,1991-10-04,9,1.1794309596682293,True,16.55658580117267,0.33114332847357186
BKR101_P001,101,P001,1992,1,295,1992-01-03,3,91,133,488,0,0,234236,1,wheat/winter wheat,6,7,8,0,1.63,77,11.4,0,0,0.5,0,224.7,0.3852,1991-10-04,9,1.1794309596682293,True,16.55658580117267,0.33114332847357186
BKR101_P001,101,P001,1992,1,295,1992-01-04,4,92,133,488,0,0,234236,1,wheat/winter wheat,4,5.7,8,0,0.52,70,8.6,0,0,0.3,0,226.3,0.3925,1991-10-04,9,1.1794309596682293,True,16.55658580117267,0.33114332847357186
BKR101_P001,101,P001,1992,1,295,1992-01-05,5,93,133,488,0,0,234236,1,wheat/winter wheat,4,5.6,7,1,0.52,76,7.8,0,0,0.3,0,228,0.395,1991-10-04,9,1.1794309596682293,True,16.55658580117267,0.33114332847357186
BKR101_P001,101,P001,1992,1,295,1992-01-06,6,94,133,488,0,0,234236,1,wheat/winter wheat,3.5,4,5,1,0.52,85,1.1,0,0,0.2,0,229.8,0.3976,1991-10-04,9,1.1794309596682293,True,16.55658580117267,0.33114332847357186
BKR101_P001,101,P001,1992,1,295,1992-01-07,7,95,133,488,0,0,234236,1,wheat/winter wheat,3,4.7,8,0,0.69,79,7.2,0,0,0.3,0,231.9,0.4003,1991-10-04,9,1.1794309596682293,True,16.55658580117267,0.33114332847357186
BKR101_P001,101,P001,1992,1,295,1992-01-08,8,96,133,488,0,0,234236,1,wheat/winter wheat,0.2,3.9,7,1,0.75,67,3.1,0,0,0.4,0,234.4,0.4036,1991-10-04,9,1.1794309596682293,True,16.55658580117267,0.33114332847357186
BKR101_P001,101,P001,1992,1,295,1992-01-09,9,97,133,488,0,0,234236,1,wheat/winter wheat,2.5,5.7,9,1,0.52,71,6.1,0,0,0.3,0,236.2,0.4073,1991-10-04,9,1.1794309596682293,True,16.55658580117267,0.33114332847357186
BKR101_P001,101,P001,1992,1,295,1992-01-10,10,98,133,488,0,0,234236,1,wheat/winter wheat,-3.5,-0.1,2,0,4.79,71,4.2,0,0,0,0,236.1,0.41,1991-10-04,9,1.1794309596682293,True,16.55658580117267,0.33114332847357186
BKR101_P001,101,P001,1992,1,295,1992-01-11,11,99,133,488,0,0,234236,1,wheat/winter wheat,-7,-3.2,1,0,3.77,74,0,0,0,0,0,236,0.4099,1991-10-04,9,1.1794309596682293,True,16.55658580117267,0.33114332847357186
BKR101_P001,101,P001,1992,1,295,1992-01-12,12,100,133,488,0,0,234236,1,wheat/winter wheat,-3,1,3.5,0,1.94,77,7.8,0,0,0.3,0,240.7,0.4098,1991-10-04,9,1.1794309596682293,True,16.55658580117267,0.33114332847357186
BKR101_P001,101,P001,1992,1,295,1992-01-13,13,101,133,488,0,0,234236,1,wheat/winter wheat,-1.5,-1,0,1,0.72,79,2.5,0,0,0,0,240.6,0.4169,1991-10-04,9,1.1794309596682293,True,16.55658580117267,0.33114332847357186
BKR101_P001,101,P001,1992,1,295,1992-01-14,14,102,133,488,0,0,234236,1,wheat/winter wheat,0,3.6,6,0,0.72,78,8.3,0,0,0.3,0,243.2,0.4168,1991-10-04,9,1.1794309596682293,True,16.55658580117267,0.33114332847357186
BKR101_P001,101,P001,1992,1,295,1992-01-15,15,103,133,488,0,0,234236,1,wheat/winter wheat,5,5.7,6,0,0.72,70,8.6,0,0,0.4,0,245.8,0.4207,1991-10-04,9,1.1794309596682293,True,16.55658580117267,0.33114332847357186
BKR101_P001,101,P001,1992,1,295,1992-01-16,16,104,133,488,0,0,234236,1,wheat/winter wheat,3,4.6,6,1,0.72,69,8.3,0,0,0.4,0,248.5,0.4246,1991-10-04,9,1.1794309596682293,True,16.55658580117267,0.33114332847357186
BKR101_P001,101,P001,1992,1,295,1992-01-17,17,105,133,488,0,0,234236,1,wheat/winter wheat,-1,2.8,4,0,5.36,59,7.8,0,0,0.6,0,255.7,0.4285,1991-10-04,9,1.1794309596682293,True,16.55658580117267,0.33114332847357186
BKR101_P001,101,P001,1992,1,295,1992-01-18,18,106,133,488,0,0,234236,1,wheat/winter wheat,-1,2.8,6,3,0.72,76,6.1,0,0,0.3,0,258.5,0.4389,1991-10-04,9,1.1794309596682293,True,16.55658580117267,0.33114332847357186
BKR101_P001,101,P001,1992,1,295,1992-01-19,19,107,133,488,0,0,234236,1,wheat/winter wheat,0,4.4,6,12,0.72,78,6.1,0,0,0.3,0,261.6,0.4431,1991-10-04,9,1.1794309596682293,True,16.55658580117267,0.33114332847357186
BKR101_P001,101,P001,1992,1,295,1992-01-20,20,108,133,488,0,0,234236,1,wheat/winter wheat,-5,-0.4,4.5,0,1.03,81,7.8,0,0,0,0,261.4,0.4475,1991-10-04,9,1.1794309596682293,True,16.55658580117267,0.33114332847357186
BKR101_P001,101,P001,1992,1,295,1992-01-21,21,109,133,488,0,0,234236,1,wheat/winter wheat,-9,-6.2,-3,0,2.6,73,0,0,0,0,0,261.3,0.4474,1991-10-04,9,1.1794309596682293,True,16.55658580117267,0.33114332847357186
BKR101_P001,101,P001,1992,1,295,1992-01-22,22,110,133,488,0,0,234236,1,wheat/winter wheat,-10.5,-7.5,-4,0,5.79,71,2.2,0,0,0,0,261.2,0.4473,1991-10-04,9,1.1794309596682293,True,16.55658580117267,0.33114332847357186
BKR101_P001,101,P001,1992,1,295,1992-01-23,23,111,133,488,0,0,234236,1,wheat/winter wheat,-13,-8.2,-4,0,3.68,68,3.6,0,0,0,0,261.2,0.4472,1991-10-04,9,1.1794309596682293,True,16.55658580117267,0.33114332847357186
BKR101_P001,101,P001,1992,1,295,1992-01-24,24,112,133,488,0,0,234236,1,wheat/winter wheat,-9,-6.9,-4,0,3.54,70,2.2,0,0,0,0,261.1,0.4471,1991-10-04,9,1.1794309596682293,True,16.55658580117267,0.33114332847357186
BKR101_P001,101,P001,1992,1,295,1992-01-25,25,113,133,488,0,0,234236,1,wheat/winter wheat,-9,-7.5,-6.5,0,0.79,79,0,0,0,0,0,261,0.447,1991-10-04,9,1.1794309596682293,True,16.55658580117267,0.33114332847357186
BKR101_P001,101,P001,1992,1,295,1992-01-26,26,114,133,488,0,0,234236,1,wheat/winter wheat,-7,-4.3,-2,0,0.79,79,1.1,0,0,0,0,260.9,0.447,1991-10-04,9,1.1794309596682293,True,16.55658580117267,0.33114332847357186
BKR101_P001,101,P001,1992,1,295,1992-01-27,27,115,133,488,0,0,234236,1,wheat/winter wheat,-1.5,0,1,0,0.79,80,1.4,0,0,0.2,0,264.4,0.4468,1991-10-04,9,1.1794309596682293,True,16.55658580117267,0.33114332847357186
BKR101_P001,101,P001,1992,1,295,1992-01-28,28,116,133,488,0,0,234236,1,wheat/winter wheat,-2.5,-1.2,0,0,0.79,79,2.5,0,0,0,0,264.3,0.452,1991-10-04,9,1.1794309596682293,True,16.55658580117267,0.33114332847357186
BKR101_P001,101,P001,1992,1,295,1992-01-29,29,117,133,488,0,0,234236,1,wheat/winter wheat,-1,-0.3,0.5,0,0.79,79,2.2,0,0,0,0,264.1,0.4518,1991-10-04,9,1.1794309596682293,True,16.55658580117267,0.33114332847357186
BKR101_P001,101,P001,1992,1,295,1992-01-30,30,118,133,488,0,0,234236,1,wheat/winter wheat,-1.5,-0.1,1,0,2.24,77,1.1,0,0,0,0,264,0.4517,1991-10-04,9,1.1794309596682293,True,16.55658580117267,0.33114332847357186
BKR101_P001,101,P001,1992,1,295,1992-01-31,31,119,133,488,0,0,234236,1,wheat/winter wheat,-2.5,-2.1,-1.5,0,0.79,78,1.1,0,0,0,0,263.8,0.4516,1991-10-04,9,1.1794309596682293,True,16.55658580117267,0.33114332847357186
BKR101_P001,101,P001,1992,1,295,1992-02-01,32,120,133,488,0,0,234236,1,wheat/winter wheat,-2,-1.5,-1,0,0.86,78,2.5,0,0,0,0,263.7,0.4514,1991-10-04,9,1.1794309596682293,True,16.55658580117267,0.33114332847357186
BKR101_P001,101,P001,1992,1,295,1992-02-02,33,121,133,488,0,0,234236,1,wheat/winter wheat,-2,-1.3,-0.5,1,0.86,78,5,0,0,0,0,263.6,0.4513,1991-10-04,9,1.1794309596682293,True,16.55658580117267,0.33114332847357186
BKR101_P001,101,P001,1992,1,295,1992-02-03,34,122,133,488,0,0,234236,1,wheat/winter wheat,-1,1.2,4,6,1.78,74,6.7,0,0,0.4,0,269,0.4512,1991-10-04,9,1.1794309596682293,True,16.55658580117267,0.33114332847357186
BKR101_P001,101,P001,1992,1,295,1992-02-04,35,123,133,488,0,0,234236,1,wheat/winter wheat,0,1.9,3,0,5.14,68,9.2,0,0,0.7,0,278.4,0.4589,1991-10-04,9,1.1794309596682293,True,16.55658580117267,0.33114332847357186
BKR101_P001,101,P001,1992,1,295,1992-02-05,36,124,133,488,0,0,234236,1,wheat/winter wheat,0,1.3,2.5,1,0.86,75,8.6,0,0,0.4,0,283.2,0.4726,1991-10-04,9,1.1794309596682293,True,16.55658580117267,0.33114332847357186
BKR101_P001,101,P001,1992,1,295,1992-02-06,37,125,133,488,0,0,234236,1,wheat/winter wheat,-1,2.1,6,1,0.86,78,1.4,0,0,0.4,0,288.2,0.4795,1991-10-04,9,1.1794309596682293,True,16.55658580117267,0.33114332847357186
BKR101_P001,101,P001,1992,1,295,1992-02-07,38,126,133,488,0,0,234236,1,wheat/winter wheat,6,6.3,7.5,0,2.54,70,8.6,0,0,0.9,0,296.4,0.4867,1991-10-04,9,1.1794309596682293,True,16.55658580117267,0.33114332847357186
BKR101_P001,101,P001,1992,1,295,1992-02-08,39,127,133,488,0,0,234236,1,wheat/winter wheat,0,3.7,6,0,0.86,72,4.2,0,0,0.5,0,302.1,0.4983,1991-10-04,9,1.1794309596682293,True,16.55658580117267,0.33114332847357186
BKR101_P001,101,P001,1992,1,295,1992-02-09,40,128,133,488,0,0,234236,1,wheat/winter wheat,-2,1.9,8,0,3.97,77,3.6,0,0,0.5,0,311.2,0.5063,1991-10-04,9,1.1794309596682293,True,16.55658580117267,0.33114332847357186
BKR101_P001,101,P001,1992,1,295,1992-02-10,41,129,133,488,0,0,234236,1,wheat/winter wheat,1,3.4,6.5,1,2.71,75,3.1,0,0,0.5,0,319.7,0.5193,1991-10-04,9,1.1794309596682293,True,16.55658580117267,0.33114332847357186
BKR101_P001,101,P001,1992,1,295,1992-02-11,42,130,133,488,0,0,234236,1,wheat/winter wheat,1,2.5,4,4,0.92,79,4.7,0,0,0.4,0,326.1,0.5311,1991-10-04,9,1.1794309596682293,True,16.55658580117267,0.33114332847357186
BKR101_P001,101,P001,1992,1,295,1992-02-12,43,131,133,488,0,0,234236,1,wheat/winter wheat,3,4.4,6,0,1.68,77,1.1,0,0,0.4,0,333.7,0.54,1991-10-04,9,1.1794309596682293,True,16.55658580117267,0.33114332847357186
BKR101_P001,101,P001,1992,1,295,1992-02-13,44,132,133,488,0,0,234236,1,wheat/winter wheat,4.5,6.6,9,2,0.92,76,3.6,0,0,0.6,0,340.9,0.5506,1991-10-04,9,1.1794309596682293,True,16.55658580117267,0.33114332847357186
BKR101_P001,101,P001,1992,1,295,1992-02-14,45,133,133,488,0,0,234236,1,wheat/winter wheat,1,2.8,5,3,3.4,75,5.8,0,0,0.6,0,351.1,0.5604,1991-10-04,9,1.1794309596682293,True,16.55658580117267,0.33114332847357186
BKR101_P001,101,P001,1992,1,295,1992-02-15,46,134,133,488,0,0,234236,1,wheat/winter wheat,1,4,7,1,0.92,73,6.1,0,0,0.6,0,358.9,0.5744,1991-10-04,9,1.1794309596682293,True,16.55658580117267,0.33114332847357186
BKR101_P001,101,P001,1992,1,295,1992-02-16,47,135,133,488,0,0,234236,1,wheat/winter wheat,-1,1.4,3.5,2,1.4,70,9.2,0,0,0.5,0,366.8,0.5849,1991-10-04,9,1.1794309596682293,True,16.55658580117267,0.33114332847357186
BKR101_P001,101,P001,1992,1,295,1992-02-17,48,136,133,488,0,0,234236,1,wheat/winter wheat,-4.5,-1.8,0,1,4.74,73,4.7,0,0,0,0,366.7,0.5957,1991-10-04,9,1.1794309596682293,True,16.55658580117267,0.33114332847357186
BKR101_P001,101,P001,1992,1,295,1992-02-18,49,137,133,488,0,0,234236,1,wheat/winter wheat,-6,-3.1,-1,0,5.31,69,3.1,0,0,0,0,366.5,0.5955,1991-10-04,9,1.1794309596682293,True,16.55658580117267,0.33114332847357186
BKR101_P001,101,P001,1992,1,295,1992-02-19,50,138,133,488,0,0,234236,1,wheat/winter wheat,-3,-0.7,0.5,1,0.92,72,5.8,0,0,0,0,366.3,0.5953,1991-10-04,9,1.1794309596682293,True,16.55658580117267,0.33114332847357186
BKR101_P001,101,P001,1992,1,295,1992-02-20,51,139,133,488,0,0,234236,1,wheat/winter wheat,-4,-1.2,1.5,0,2.16,78,3.6,0,0,0,0,366.2,0.5952,1991-10-04,9,1.1794309596682293,True,16.55658580117267,0.33114332847357186
BKR101_P001,101,P001,1992,1,295,1992-02-21,52,140,133,488,0,0,234236,1,wheat/winter wheat,0,1.3,2.5,0,1.64,80,6.1,0,0,0.4,0,375.2,0.595,1991-10-04,9,1.1794309596682293,True,16.55658580117267,0.33114332847357186
BKR101_P001,101,P001,1992,1,295,1992-02-22,53,141,133,488,0,0,234236,1,wheat/winter wheat,1,3.1,4.5,2,2.45,72,4.7,0,0,0.6,0,386,0.6072,1991-10-04,9,1.1794309596682293,True,16.55658580117267,0.33114332847357186
BKR101_P001,101,P001,1992,1,295,1992-02-23,54,142,133,488,0,0,234236,1,wheat/winter wheat,2.5,4.8,8,0,3.5,70,10.8,0,0,1,0,399,0.6217,1991-10-04,9,1.1794309596682293,True,16.55658580117267,0.33114332847357186
BKR101_P001,101,P001,1992,1,295,1992-02-24,55,143,133,488,0,0,234236,1,wheat/winter wheat,1.5,3.5,6.5,0,7.34,72,4.7,0,0,0.9,0,416.9,0.6391,1991-10-04,9,1.1794309596682293,True,16.55658580117267,0.33114332847357186
BKR101_P001,101,P001,1992,1,295,1992-02-25,56,144,133,488,0,0,234236,1,wheat/winter wheat,1,3.7,7,0,1.64,74,0,0,0,0.5,0,428.1,0.6627,1991-10-04,9,1.1794309596682293,True,16.55658580117267,0.33114332847357186
BKR101_P001,101,P001,1992,1,295,1992-02-26,57,145,133,488,0,0,234236,1,wheat/winter wheat,-2,2.5,7.5,0,3.97,73,1.4,0,0,0.6,0,442,0.6775,1991-10-04,9,1.1794309596682293,True,16.55658580117267,0.33114332847357186
BKR101_P001,101,P001,1992,1,295,1992-02-27,58,146,133,488,0,0,234236,1,wheat/winter wheat,1,4.3,9,0,6.64,74,3.1,0,0,0.8,0,461.1,0.6957,1991-10-04,9,1.1794309596682293,True,16.55658580117267,0.33114332847357186
BKR101_P001,101,P001,1992,1,295,1992-02-28,59,147,133,488,0,0,234236,1,wheat/winter wheat,-4,1.1,6,0,6.99,79,1.1,0,0,0.5,0,478.1,0.7205,1991-10-04,9,1.1794309596682293,True,16.55658580117267,0.33114332847357186
BKR101_P001,101,P001,1992,1,295,1992-02-29,60,148,133,488,0,0,234236,1,wheat/winter wheat,3,6.8,12,0,4.08,68,4.2,0,0,1.2,0,496.1,0.7427,1991-10-04,9,1.1794309596682293,True,16.55658580117267,0.33114332847357186
BKR101_P001,101,P001,1992,1,295,1992-03-01,61,149,133,488,0,0,234236,1,wheat/winter wheat,4,8,14,0,13.75,68,3.1,0,0,1.4,0,526,0.7656,1991-10-04,9,1.1794309596682293,True,16.55658580117267,0.33114332847357186
BKR101_P001,101,P001,1992,1,295,1992-03-02,62,150,133,488,0,0,234236,1,wheat/winter wheat,5,6.9,13,1,8.12,61,3.1,0,0,1.5,0,553,0.8033,1991-10-04,9,1.1794309596682293,True,16.55658580117267,0.33114332847357186
BKR101_P001,101,P001,1992,1,295,1992-03-03,63,151,133,488,0,0,234236,1,wheat/winter wheat,4,5.5,7,0,2.9,70,11.7,0,0,1.1,0,571.3,0.8368,1991-10-04,9,1.1794309596682293,True,16.55658580117267,0.33114332847357186
BKR101_P001,101,P001,1992,1,295,1992-03-04,64,152,133,488,0,0,234236,1,wheat/winter wheat,4,6.9,11,0,12.65,61,5,0,0,1.8,0,605,0.8591,1991-10-04,9,1.1794309596682293,True,16.55658580117267,0.33114332847357186
BKR101_P001,101,P001,1992,1,295,1992-03-05,65,153,133,488,0,0,234236,1,wheat/winter wheat,4,7.5,13,0,21.85,68,1.4,0,0,1.3,0,641.3,0.8997,1991-10-04,9,1.1794309596682293,True,16.55658580117267,0.33114332847357186
BKR101_P001,101,P001,1992,1,295,1992-03-06,66,154,133,488,0,0,234236,1,wheat/winter wheat,1.5,5,10,1,3.45,72,3.6,0,0,0.9,0,662.7,0.9427,1991-10-04,9,1.1794309596682293,True,16.55658580117267,0.33114332847357186
BKR101_P001,101,P001,1992,1,295,1992-03-07,67,155,133,488,0,0,234236,1,wheat/winter wheat,5.5,6,7,0,2.35,77,3.1,0,0,0.8,0,683.6,0.9678,1991-10-04,9,1.1794309596682293,True,16.55658580117267,0.33114332847357186
BKR101_P001,101,P001,1992,1,295,1992-03-08,68,156,133,488,0,0,234236,1,wheat/winter wheat,0,5.7,11,0,12.79,57,3.1,0,0,1.6,0,722.1,0.9919,1991-10-04,9,1.1794309596682293,True,16.55658580117267,0.33114332847357186
BKR101_P001,101,P001,1992,1,295,1992-03-09,69,157,133,488,0,0,234236,1,wheat/winter wheat,-0.5,4.5,11.5,0,13.2,55,4.2,0,0,1.8,0,759.5,1.0358,1991-10-04,9,1.1794309596682293,True,16.55658580117267,0.33114332847357186
BKR101_P001,101,P001,1992,1,295,1992-03-10,70,158,133,488,0,0,234236,1,wheat/winter wheat,-2.5,4.7,12.5,0,13.48,53,2.2,0,0,1.6,0,799.3,1.0781,1991-10-04,9,1.1794309596682293,True,16.55658580117267,0.33114332847357186
BKR101_P001,101,P001,1992,1,295,1992-03-11,71,159,133,488,0,0,234236,1,wheat/winter wheat,1,4,6.5,2,7.66,65,5.8,0,0,1.3,0,832.8,1.1225,1991-10-04,9,1.1794309596682293,True,16.55658580117267,0.33114332847357186
BKR101_P001,101,P001,1992,1,295,1992-03-12,72,160,133,488,0,0,234236,1,wheat/winter wheat,-0.5,3.1,6,14,3.23,75,5.8,0,0,0.8,0,858.7,1.1596,1991-10-04,9,1.1794309596682293,True,16.55658580117267,0.33114332847357186
BKR101_P001,101,P001,1992,1,295,1992-03-13,73,161,133,488,0,0,234236,1,wheat/winter wheat,0,2.8,6,3,3.23,74,7.8,0,0,0.9,0,885,1.1881,1991-10-04,9,1.1794309596682293,True,16.55658580117267,0.33114332847357186
BKR101_P001,101,P001,1992,1,295,1992-03-14,74,162,133,488,0,0,234236,1,wheat/winter wheat,-0.5,1.1,3,1,14.94,50,9.7,0,0,1.7,0,922.4,1.2169,1991-10-04,9,1.1794309596682293,True,16.55658580117267,0.33114332847357186
BKR101_P001,101,P001,1992,1,295,1992-03-15,75,163,133,488,0,0,234236,1,wheat/winter wheat,-2.5,0.4,2,2,7.03,71,2.5,0,0,0.7,0,952.7,1.2578,1991-10-04,9,1.1794309596682293,True,16.55658580117267,0.33114332847357186
BKR101_P001,101,P001,1992,1,295,1992-03-16,76,164,133,488,0,0,234236,1,wheat/winter wheat,-1,2.5,6,0,13.52,55,7.2,0,0,1.7,0,996.7,1.291,1991-10-04,9,1.1794309596682293,True,16.55658580117267,0.33114332847357186
BKR101_P001,101,P001,1992,1,295,1992-03-17,77,165,133,488,0,0,234236,1,wheat/winter wheat,-2,2.3,5,0,4.34,70,2.5,0,0,0.8,0,1028.2,1.3389,1991-10-04,9,1.1794309596682293,True,16.55658580117267,0.33114332847357186
BKR101_P001,101,P001,1992,1,295,1992-03-18,78,166,133,488,0,0,234236,1,wheat/winter wheat,3.5,6.8,11,0,10.67,71,3.1,0,0,1.5,0,1080.4,1.3732,1991-10-04,9,1.1794309596682293,True,16.55658580117267,0.33114332847357186
BKR101_P001,101,P001,1992,1,295,1992-03-19,79,167,133,488,0,0,234236,1,wheat/winter wheat,-1,4.7,11.5,1,10.2,71,4.7,0,0,1.4,0,1128.3,1.429,1991-10-04,9,1.1794309596682293,True,16.55658580117267,0.33114332847357186
BKR101_P001,101,P001,1992,1,295,1992-03-20,80,168,133,488,0,0,234236,1,wheat/winter wheat,4,6.1,8,12,3.07,74,3.1,0,0,1,0,1164.2,1.4795,1991-10-04,9,1.1794309596682293,True,16.55658580117267,0.33114332847357186
BKR101_P001,101,P001,1992,1,295,1992-03-21,81,169,133,488,0,0,234236,1,wheat/winter wheat,4.5,8.3,11,6,3.96,75,2.5,0,0,1.1,0,1205,1.5169,1991-10-04,9,1.1794309596682293,True,16.55658580117267,0.33114332847357186
BKR101_P001,101,P001,1992,1,295,1992-03-22,82,170,133,488,0,0,234236,1,wheat/winter wheat,4,5.5,8,5,6.94,66,8.6,0,0,1.7,0,1252.1,1.5583,1991-10-04,9,1.1794309596682293,True,16.55658580117267,0.33114332847357186
BKR101_P001,101,P001,1992,1,295,1992-03-23,83,171,133,488,0,0,234236,1,wheat/winter wheat,0.1,3.7,7.3,1,0.941,86,0.9,0,0,0.5,0,1289.7,1.6055,1991-10-04,9,1.1794309596682293,True,16.55658580117267,0.33114332847357186
BKR101_P001,101,P001,1992,1,295,1992-03-24,84,172,133,488,0,0,234236,1,wheat/winter wheat,-1.5,2.7,6.2,0,6.982,90,3.3,0,0,0.6,0,1334.6,1.6428,1991-10-04,9,1.1794309596682293,True,16.55658580117267,0.33114332847357186
BKR101_P001,101,P001,1992,1,295,1992-03-25,85,173,133,488,0,0,234236,1,wheat/winter wheat,0.3,2.1,2.8,6.3,1.657,95,4.1,0,0,0.3,0,1373.2,1.6872,1991-10-04,9,1.1794309596682293,True,16.55658580117267,0.33114332847357186
BKR101_P001,101,P001,1992,1,295,1992-03-26,86,174,133,488,0,0,234236,1,wheat/winter wheat,1.1,3.5,6.7,0.2,7.5,84,3.2,0,0,0.8,0,1422.8,1.7252,1991-10-04,9,1.1794309596682293,True,16.55658580117267,0.33114332847357186
BKR101_P001,101,P001,1992,1,295,1992-03-27,87,175,133,488,0,0,234236,1,wheat/winter wheat,1.5,2.5,4.5,1.4,6.195,92,2.8,0,0,0.6,0,1469.2,1.7736,1991-10-04,9,1.1794309596682293,True,16.55658580117267,0.33114332847357186
BKR101_P001,101,P001,1992,1,295,1992-03-28,88,176,133,488,0,0,234236,1,wheat/winter wheat,0.5,1.9,3.7,3.2,7.76,92,4.9,0,0,0.6,0,1518.3,1.8187,1991-10-04,9,1.1794309596682293,True,16.55658580117267,0.33114332847357186
BKR101_P001,101,P001,1992,1,295,1992-03-29,89,177,133,488,0,0,234236,1,wheat/winter wheat,-0.6,1.5,4.1,0.7,8.971,89,3.7,0,0,0.7,0,1569.5,1.8663,1991-10-04,9,1.1794309596682293,True,16.55658580117267,0.33114332847357186
BKR101_P001,101,P001,1992,1,295,1992-03-30,90,178,133,488,0,0,234236,1,wheat/winter wheat,-3.2,1.2,5,0,11.857,85,2.9,0,0,0.9,0,1625.5,1.9157,1991-10-04,9,1.1794309596682293,True,16.55658580117267,0.33114332847357186
BKR101_P001,101,P001,1992,1,295,1992-03-31,91,179,133,488,0,0,234236,1,wheat/winter wheat,-0.3,5.6,12.4,0,17.459,76,5.7,0,0,1.9,0,1710.7,1.9699,1991-10-04,9,1.1794309596682293,True,16.55658580117267,0.33114332847357186
BKR101_P001,101,P001,1992,1,295,1992-04-01,92,180,133,488,0,0,234236,1,wheat/winter wheat,2.4,7.4,14.9,2.6,11.068,83,5.5,0,0,1.5,0,1785.3,2.051,1991-10-04,9,1.1794309596682293,True,16.55658580117267,0.33114332847357186
BKR101_P001,101,P001,1992,1,295,1992-04-02,93,181,133,488,0,0,234236,1,wheat/winter wheat,2.8,7.2,12.9,0,17.325,75,4.5,0,0,2.1,0,1883.5,2.1206,1991-10-04,9,1.1794309596682293,True,16.55658580117267,0.33114332847357186
BKR101_P001,101,P001,1992,1,295,1992-04-03,94,182,133,488,0,0,234236,1,wheat/winter wheat,0.6,5.9,10.3,0,13.225,84,3.4,0,0,1.3,0,1967.7,2.2102,1991-10-04,9,1.1794309596682293,True,16.55658580117267,0.33114332847357186
BKR101_P001,101,P001,1992,1,295,1992-04-04,95,183,133,488,0,0,234236,1,wheat/winter wheat,1.6,5.3,8.5,0,12.408,79,4.2,0,0,1.4,0,2049.8,2.2857,1991-10-04,9,1.1794309596682293,True,16.55658580117267,0.33114332847357186
BKR101_P001,101,P001,1992,1,295,1992-04-05,96,184,133,488,0,0,234236,1,wheat/winter wheat,-0.4,3.7,7.1,0,11.725,80,3,0,0,1.2,0,2126.3,2.3582,1991-10-04,9,1.1794309596682293,True,16.55658580117267,0.33114332847357186
BKR101_P001,101,P001,1992,1,295,1992-04-06,97,185,133,488,0,0,234236,1,wheat/winter wheat,-1.1,4.1,8.2,0.1,8.571,84,2.5,0,0,1,0,2197.3,2.425,1991-10-04,9,1.1794309596682293,True,16.55658580117267,0.33114332847357186
BKR101_P001,101,P001,1992,1,295,1992-04-07,98,186,133,488,0,0,234236,1,wheat/winter wheat,2.1,6.7,11.1,0,12.082,75,1.8,0,0,1.5,0,2288,2.4865,1991-10-04,9,1.1794309596682293,True,16.55658580117267,0.33114332847357186
BKR101_P001,101,P001,1992,1,295,1992-04-08,99,187,133,488,0,0,234236,1,wheat/winter wheat,3,7.2,12.3,0,13.904,70,1.4,0,0,1.8,0,2388.4,2.5633,1991-10-04,9,1.1794309596682293,True,16.55658580117267,0.33114332847357186
BKR101_P001,101,P001,1992,1,295,1992-04-09,100,188,133,488,0,0,234236,1,wheat/winter wheat,-0.5,5.8,11.5,0,18.94,73,2.4,0,0,2,0,2503.4,2.6464,1991-10-04,9,1.1794309596682293,True,16.55658580117267,0.33114332847357186
BKR101_P001,101,P001,1992,1,295,1992-04-10,101,189,133,488,0,0,234236,1,wheat/winter wheat,-1.5,6.8,13.2,0,19.844,68,0.9,0,0,2.1,0,2630.3,2.7399,1991-10-04,9,1.1794309596682293,True,16.55658580117267,0.33114332847357186
BKR101_P001,101,P001,1992,1,295,1992-04-11,102,190,133,488,0,0,234236,1,wheat/winter wheat,4.4,10.2,15.6,0,15.731,68,2.7,0,0,2.5,0,2757,2.8409,1991-10-04,9,1.1794309596682293,True,16.55658580117267,0.33114332847357186
BKR101_P001,101,P001,1992,1,295,1992-04-12,103,191,133,488,0,0,234236,1,wheat/winter wheat,6.8,11.5,16.6,0,16.258,71,3.4,0,0,2.7,0,2892.9,2.9382,1991-10-04,9,1.1794309596682293,True,16.55658580117267,0.33114332847357186
BKR101_P001,101,P001,1992,1,295,1992-04-13,104,192,133,488,0,0,234236,1,wheat/winter wheat,7.3,8.5,10.1,2.1,0.853,87,4.3,0,0,0.8,0,2966.7,3.0382,1991-10-04,9,1.1794309596682293,True,16.55658580117267,0.33114332847357186
BKR101_P001,101,P001,1992,1,295,1992-04-14,105,193,133,488,0,0,234236,1,wheat/winter wheat,5,7.3,10,0.1,7.813,82,5.5,0,0,1.4,0,3057.4,3.0908,1991-10-04,9,1.1794309596682293,True,16.55658580117267,0.33114332847357186
BKR101_P001,101,P001,1992,1,295,1992-04-15,106,194,133,488,0,0,234236,1,wheat/winter wheat,2.4,7.6,14,1,9.26,79,3.7,0,0,1.6,0,3154.5,3.1539,1991-10-04,9,1.1794309596682293,True,16.55658580117267,0.33114332847357186
BKR101_P001,101,P001,1992,1,295,1992-04-16,107,195,133,488,0,0,234236,1,wheat/winter wheat,1.6,5.1,7.1,2.3,6.421,86,4.9,0,0,0.9,0,3240.2,3.2193,1991-10-04,9,1.1794309596682293,True,16.55658580117267,0.33114332847357186
BKR101_P001,101,P001,1992,1,295,1992-04-17,108,196,133,488,0,0,234236,1,wheat/winter wheat,-0.1,2.7,6,2.1,13.913,87,3.8,0,0,1.1,0,3342.1,3.2761,1991-10-04,9,1.1794309596682293,True,16.55658580117267,0.33114332847357186
BKR101_P001,101,P001,1992,1,295,1992-04-18,109,197,133,488,0,0,234236,1,wheat/winter wheat,1.7,6.3,9.9,1.7,11.61,88,5.2,0,0,1.3,0,3453.1,3.3431,1991-10-04,9,1.1794309596682293,True,16.55658580117267,0.33114332847357186
BKR101_P001,101,P001,1992,1,295,1992-04-19,110,198,133,488,0,0,234236,1,wheat/winter wheat,5.4,8.2,10,1.9,15.128,72,7.7,0,0,2.5,0,3590.1,3.4144,1991-10-04,9,1.1794309596682293,True,16.55658580117267,0.33114332847357186
BKR101_P001,101,P001,1992,1,295,1992-04-20,111,199,133,488,0,0,234236,1,wheat/winter wheat,1.4,5.6,8.8,0,18.68,59,5.8,0,0,2.7,0,3731.3,3.4996,1991-10-04,9,1.1794309596682293,True,16.55658580117267,0.33114332847357186
BKR101_P001,101,P001,1992,1,295,1992-04-21,112,200,133,488,0,0,234236,1,wheat/winter wheat,-1,6.2,11.3,0,22.453,61,3.1,0,0,2.8,0,3894.1,3.5854,1991-10-04,9,1.1794309596682293,True,16.55658580117267,0.33114332847357186
BKR101_P001,101,P001,1992,1,295,1992-04-22,113,201,133,488,0,0,234236,1,wheat/winter wheat,2,8.2,12.8,0,16.247,59,4.1,0,0,2.9,0,4041.5,3.6821,1991-10-04,9,1.1794309596682293,True,16.55658580117267,0.33114332847357186
BKR101_P001,101,P001,1992,1,295,1992-04-23,114,202,133,488,0,0,234236,1,wheat/winter wheat,3,6.5,9.4,0,9.388,78,2.3,0,0,1.4,0,4152,3.7665,1991-10-04,9,1.1794309596682293,True,16.55658580117267,0.33114332847357186
BKR101_P001,101,P001,1992,1,295,1992-04-24,115,203,133,488,0,0,234236,1,wheat/winter wheat,5.4,10.4,15.1,0,11.982,75,1.9,0,0,2,0,4284.4,3.8281,1991-10-04,9,1.1794309596682293,True,16.55658580117267,0.33114332847357186
BKR101_P001,101,P001,1992,1,295,1992-04-25,116,204,133,488,0,0,234236,1,wheat/winter wheat,7.8,15.3,24.1,1.7,18.803,71,3.6,0,0,3.9,0,4460,3.8982,1991-10-04,9,1.1794309596682293,True,16.55658580117267,0.33114332847357186
BKR101_P001,101,P001,1992,1,295,1992-04-26,117,205,133,488,0,0,234236,1,wheat/winter wheat,10.2,13.9,19,2.8,12.85,81,2,0,0,2.3,0,4600.2,3.9872,1991-10-04,9,1.1794309596682293,True,16.55658580117267,0.33114332847357186
BKR101_P001,101,P001,1992,1,295,1992-04-27,118,206,133,488,0,0,234236,1,wheat/winter wheat,6.6,12.8,15.5,0,14.213,74,4.4,0,0,2.7,0,4758.7,4.0579,1991-10-04,9,1.1794309596682293,True,16.55658580117267,0.33114332847357186
BKR101_P001,101,P001,1992,1,295,1992-04-28,119,207,133,488,0,0,234236,1,wheat/winter wheat,4.8,12.1,17,0.1,13.885,67,3.5,0,0,2.9,0,4911.5,4.1373,1991-10-04,9,1.1794309596682293,True,16.55658580117267,0.33114332847357186
BKR101_P001,101,P001,1992,1,295,1992-04-29,120,208,133,488,0,0,234236,1,wheat/winter wheat,6.9,10.6,12.8,2.2,9.451,86,3.8,0,0,1.6,0,5036,4.2134,1991-10-04,9,1.1794309596682293,True,16.55658580117267,0.33114332847357186
BKR101_P001,101,P001,1992,1,295,1992-04-30,121,209,133,488,0,0,234236,1,wheat/winter wheat,2.8,9.6,14.8,0,16.828,70,2.3,0,0,2.6,0,5202.8,4.2751,1991-10-04,9,1.1794309596682293,True,16.55658580117267,0.33114332847357186
BKR101_P001,101,P001,1992,1,295,1992-05-01,122,210,133,488,0,0,234236,1,wheat/winter wheat,6.1,12.4,17.1,0.2,16.585,68,4.9,0,0,3.4,0,5376.2,4.3572,1991-10-04,9,1.1794309596682293,True,16.55658580117267,0.33114332847357186
BKR101_P001,101,P001,1992,1,295,1992-05-02,123,211,133,488,0,0,234236,1,wheat/winter wheat,5.7,8.2,10.2,3,7.744,90,2,0,0,1.2,0,5490,4.4421,1991-10-04,9,1.1794309596682293,True,16.55658580117267,0.33114332847357186
BKR101_P001,101,P001,1992,1,295,1992-05-03,124,212,133,488,0,0,234236,1,wheat/winter wheat,6,9.1,11.9,0.1,15.686,76,2.9,0,0,2.3,0,5651.9,4.4977,1991-10-04,9,1.1794309596682293,True,16.55658580117267,0.33114332847357186
BKR101_P001,101,P001,1992,1,295,1992-05-04,125,213,133,488,0,0,234236,1,wheat/winter wheat,2.5,8.3,13,0,25.974,70,1.6,0,0,3.1,0,5868.3,4.5763,1991-10-04,9,1.1794309596682293,True,16.55658580117267,0.33114332847357186
BKR101_P001,101,P001,1992,1,295,1992-05-05,126,214,133,488,0,0,234236,1,wheat/winter wheat,1.4,9.9,15.8,0,25.763,67,1.3,0,0,3.3,0,6096.4,4.6808,1991-10-04,9,1.1794309596682293,True,16.55658580117267,0.33114332847357186
BKR101_P001,101,P001,1992,1,295,1992-05-06,127,215,133,488,0,0,234236,1,wheat/winter wheat,4.4,12.4,17.6,0,21.625,66,3.2,0,0,3.7,0,6309.3,4.7904,1991-10-04,9,1.1794309596682293,True,16.55658580117267,0.33114332847357186
BKR101_P001,101,P001,1992,1,295,1992-05-07,128,216,133,488,0,0,234236,1,wheat/winter wheat,11.5,13.3,16.3,2.4,6.94,87,4.5,0,0,1.6,0,6413.1,4.8918,1991-10-04,9,1.1794309596682293,True,16.55658580117267,0.33114332847357186
BKR101_P001,101,P001,1992,1,295,1992-05-08,129,217,133,488,0,0,234236,1,wheat/winter wheat,5.1,10.5,17.1,2.7,4.78,88,5.3,0,0,1.3,0,6507.1,4.941,1991-10-04,9,1.1794309596682293,True,16.55658580117267,0.33114332847357186
BKR101_P001,101,P001,1992,1,295,1992-05-09,130,218,133,488,0,0,234236,1,wheat/winter wheat,4.3,7.5,11.4,2.4,13.221,85,4.4,0,0,1.8,0,6651.7,4.9853,1991-10-04,9,1.1794309596682293,True,16.55658580117267,0.33114332847357186
BKR101_P001,101,P001,1992,1,295,1992-05-10,131,219,133,488,0,0,234236,1,wheat/winter wheat,5.8,7.9,11,3.1,12.661,84,4.5,0,0,1.8,0,6803.8,5.0532,1991-10-04,9,1.1794309596682293,True,16.55658580117267,0.33114332847357186
BKR101_P001,101,P001,1992,1,295,1992-05-11,132,220,133,488,0,0,234236,1,wheat/winter wheat,4.8,7,10,10.9,5.555,95,2.6,0,0,0.9,0,6910.2,5.1243,1991-10-04,9,1.1794309596682293,True,16.55658580117267,0.33114332847357186
BKR101_P001,101,P001,1992,1,295,1992-05-12,133,221,133,488,0,0,234236,1,wheat/winter wheat,3.3,9.8,14.6,0.3,16.787,80,4.4,0,0,2.5,0,7096,5.1738,1991-10-04,9,1.1794309596682293,True,16.55658580117267,0.33114332847357186
BKR101_P001,101,P001,1992,1,295,1992-05-13,134,222,133,488,0,0,234236,1,wheat/winter wheat,12.2,15.6,20,0,18.084,78,4.1,0,0,3.5,0,7290.3,5.2595,1991-10-04,9,1.1794309596682293,True,16.55658580117267,0.33114332847357186
BKR101_P001,101,P001,1992,1,295,1992-05-14,135,223,133,488,0,0,234236,1,wheat/winter wheat,11.1,16.6,22,0,23.217,76,2.7,0,0,4.1,0,7525.6,5.3483,1991-10-04,9,1.1794309596682293,True,16.55658580117267,0.33114332847357186
BKR101_P001,101,P001,1992,1,295,1992-05-15,136,224,133,488,0,0,234236,1,wheat/winter wheat,11.2,17.9,24.4,0,26.553,64,3.7,0,0,5.6,0,7781.7,5.4547,1991-10-04,9,1.1794309596682293,True,16.55658580117267,0.33114332847357186
BKR101_P001,101,P001,1992,1,295,1992-05-16,137,225,133,488,0,0,234236,1,wheat/winter wheat,8.9,15.2,24.3,0,22.104,68,2.1,0,0,4.2,0,7993.5,5.5693,1991-10-04,9,1.1794309596682293,True,16.55658580117267,0.33114332847357186
BKR101_P001,101,P001,1992,1,295,1992-05-17,138,226,133,488,0,0,234236,1,wheat/winter wheat,7.7,12.2,17.1,0,22.841,77,3,0,0,3.5,0,8226.2,5.6633,1991-10-04,9,1.1794309596682293,True,16.55658580117267,0.33114332847357186
BKR101_P001,101,P001,1992,1,295,1992-05-18,139,227,133,488,0,0,234236,1,wheat/winter wheat,4.4,12.3,18.3,0,27.565,67,2.5,0,0,4.3,0,8497.5,5.7658,1991-10-04,9,1.1794309596682293,True,16.55658580117267,0.33114332847357186
BKR101_P001,101,P001,1992,1,295,1992-05-19,140,228,133,488,0,0,234236,1,wheat/winter wheat,6.9,14.6,21.4,0,27.761,71,2.4,0,0,4.6,0,8768.6,5.8843,1991-10-04,9,1.1794309596682293,True,16.55658580117267,0.33114332847357186
BKR101_P001,101,P001,1992,1,295,1992-05-20,141,229,133,488,0,0,234236,1,wheat/winter wheat,9.1,17.4,24.3,0,27.008,65,2.2,0,0,5,0,9027.9,6.0015,1991-10-04,9,1.1794309596682293,True,16.55658580117267,0.33114332847357186
BKR101_P001,101,P001,1992,1,295,1992-05-21,142,230,133,488,0,0,234236,1,wheat/winter wheat,10.4,19,25.8,0,25.792,65,1.8,0,0,4.9,0,9269.6,6.1121,1991-10-04,9,1.1794309596682293,True,16.55658580117267,0.33114332847357186
BKR101_P001,101,P001,1992,1,295,1992-05-22,143,231,133,488,0,0,234236,1,wheat/winter wheat,13.1,20,26.4,0,24.676,66,2.3,0,0,5.1,0,9492.7,6.214,1991-10-04,9,1.1794309596682293,True,16.55658580117267,0.33114332847357186
BKR101_P001,101,P001,1992,1,295,1992-05-23,144,232,133,488,0,0,234236,1,wheat/winter wheat,12.6,19.6,26.7,0,26.534,64,4,0,0,6.1,0,9729.4,6.3068,1991-10-04,9,1.1794309596682293,True,16.55658580117267,0.33114332847357186
BKR101_P001,101,P001,1992,1,295,1992-05-24,145,233,133,488,0,0,234236,1,wheat/winter wheat,10.5,17.4,23.8,0,28.822,57,4.7,0,0,6.6,0,10001.8,6.404,1991-10-04,9,1.1794309596682293,True,16.55658580117267,0.33114332847357186
BKR101_P001,101,P001,1992,1,295,1992-05-25,146,234,133,488,0,0,234236,1,wheat/winter wheat,9.3,16,22.2,0,28.856,52,4,0,16.557,6.3,0,10278.8,6.5147,1991-10-04,9,1.1794309596682293,True,16.55658580117267,0.33114332847357186
BKR101_P001,101,P001,1992,1,295,1992-05-26,147,235,133,488,0,0,234236,1,wheat/winter wheat,8.3,15.9,21.7,0,26.042,60,3.4,0,0,5.3,0,10535.3,6.626,1991-10-04,9,1.1794309596682293,True,16.55658580117267,0.33114332847357186
BKR101_P001,101,P001,1992,1,295,1992-05-27,148,236,133,488,0,0,234236,1,wheat/winter wheat,12.2,17.5,24,0,24.145,72,2.8,0,0,4.7,5.3,10765.9,6.728,1991-10-04,9,1.1794309596682293,True,16.55658580117267,0.33114332847357186
BKR101_P001,101,P001,1992,1,295,1992-05-28,149,237,133,488,0,0,234236,1,wheat/winter wheat,9.2,15.3,20.7,0,27.65,66,2.8,0,0,5,41.1,11045.5,6.8169,1991-10-04,9,1.1794309596682293,True,16.55658580117267,0.33114332847357186
BKR101_P001,101,P001,1992,1,295,1992-05-29,150,238,133,488,0,0,234236,1,wheat/winter wheat,10.6,16.5,22.1,0,22.554,67,3.2,0,0,4.6,96.3,11277,6.9106,1991-10-04,9,1.1794309596682293,True,16.55658580117267,0.33114332847357186
BKR101_P001,101,P001,1992,1,295,1992-05-30,151,239,133,488,0,0,234236,1,wheat/winter wheat,8.2,17.3,24.1,0,25.211,66,1.9,0,16.557,4.7,186.6,11534.8,6.9759,1991-10-04,9,1.1794309596682293,True,16.55658580117267,0.33114332847357186
BKR101_P001,101,P001,1992,1,295,1992-05-31,152,240,133,488,0,0,234236,1,wheat/winter wheat,10.4,17.9,24,0,26.542,65,2.1,0,0,5,312.3,11806.1,7.0347,1991-10-04,9,1.1794309596682293,True,16.55658580117267,0.33114332847357186
BKR101_P001,101,P001,1992,1,295,1992-06-01,153,241,133,488,0,0,234236,1,wheat/winter wheat,10.8,19.6,26.4,0,23.439,61,3.5,0,0,5.6,448,12038.8,7.0818,1991-10-04,9,1.1794309596682293,True,16.55658580117267,0.33114332847357186
BKR101_P001,101,P001,1992,1,295,1992-06-02,154,242,133,488,0,0,234236,1,wheat/winter wheat,13.5,21.9,28.5,0,25.697,57,5.1,0,0,7.3,618,12277.6,7.1089,1991-10-04,9,1.1794309596682293,True,16.55658580117267,0.33114332847357186
BKR101_P001,101,P001,1992,1,295,1992-06-03,155,243,133,488,0,0,234236,1,wheat/winter wheat,15.4,20.9,27.9,0,18.089,69,3.7,0,16.557,4.9,752.3,12440.2,7.1218,1991-10-04,9,1.1794309596682293,True,16.55658580117267,0.33114332847357186
BKR101_P001,101,P001,1992,1,295,1992-06-04,156,244,133,488,0,0,234236,1,wheat/winter wheat,14.2,22,29.2,0,27.434,59,4.3,0,0,7.2,961,12691.5,7.121,1991-10-04,9,1.1794309596682293,True,16.55658580117267,0.33114332847357186
BKR101_P001,101,P001,1992,1,295,1992-06-05,157,245,133,488,0,0,234236,1,wheat/winter wheat,12.9,21.5,28.3,0,26.932,58,3.6,0,0,6.6,1176,12948.7,7.1099,1991-10-04,9,1.1794309596682293,True,16.55658580117267,0.33114332847357186
BKR101_P001,101,P001,1992,1,295,1992-06-06,158,246,133,488,0,0,234236,1,wheat/winter wheat,14.8,19.2,25.3,0.1,20.237,67,3.4,0,0,4.9,1344.5,13148.2,7.0889,1991-10-04,9,1.1794309596682293,True,16.55658580117267,0.33114332847357186
BKR101_P001,101,P001,1992,1,295,1992-06-07,159,247,133,488,0,0,234236,1,wheat/winter wheat,12.7,18.7,23.3,0,23.578,53,4,0,16.557,6,1558.4,13401.3,7.0599,1991-10-04,9,1.1794309596682293,True,16.55658580117267,0.33114332847357186
BKR101_P001,101,P001,1992,1,295,1992-06-08,160,248,133,488,0,0,234236,1,wheat/winter wheat,14,18.8,23.9,0,22.289,61,3.6,0,0,5.4,1728.7,13600.5,7.0233,1991-10-04,9,1.1794309596682293,True,16.55658580117267,0.33114332847357186
BKR101_P001,101,P001,1992,1,295,1992-06-09,161,249,133,488,0,0,234236,1,wheat/winter wheat,12.5,18.4,24.7,0.2,19.766,66,2.6,0,0,4.5,1877.2,13772.1,6.9791,1991-10-04,9,1.1794309596682293,True,16.55658580117267,0.33114332847357186
BKR101_P001,101,P001,1992,1,295,1992-06-10,162,250,133,488,0,0,234236,1,wheat/winter wheat,9.8,13.2,19.5,0.5,15.084,80,2.9,0,0,2.9,2000.9,13913.3,6.9278,1991-10-04,9,1.1794309596682293,True,16.55658580117267,0.33114332847357186
BKR101_P001,101,P001,1992,1,295,1992-06-11,163,251,133,488,0,0,234236,1,wheat/winter wheat,10.1,12.9,15.6,3.7,9.236,88,1.9,0,0,1.8,2091.6,14014.2,6.8736,1991-10-04,9,1.1794309596682293,True,16.55658580117267,0.33114332847357186
BKR101_P001,101,P001,1992,1,295,1992-06-12,164,252,133,488,0,0,234236,1,wheat/winter wheat,12,15.2,20.5,7.5,13.186,87,2.3,0,0,2.5,2189.1,14122.7,6.8167,1991-10-04,9,1.1794309596682293,True,16.55658580117267,0.33114332847357186
BKR101_P001,101,P001,1992,1,295,1992-06-13,165,253,133,488,0,0,234236,1,wheat/winter wheat,12,15.8,20.7,0,22.192,79,2.7,0,0,4,2351,14308,6.7553,1991-10-04,9,1.1794309596682293,True,16.55658580117267,0.33114332847357186
BKR101_P001,101,P001,1992,1,295,1992-06-14,166,254,133,488,0,0,234236,1,wheat/winter wheat,10.9,19.1,25.3,0,27.049,64,2.6,0,0,5.5,2535.5,14519.4,6.6892,1991-10-04,9,1.1794309596682293,True,16.55658580117267,0.33114332847357186
BKR101_P001,101,P001,1992,1,295,1992-06-15,167,255,133,488,0,0,234236,1,wheat/winter wheat,15.8,20.3,24.9,0,17.069,70,2,0,16.557,3.9,2634.5,14626.5,6.6159,1991-10-04,9,1.1794309596682293,True,16.55658580117267,0.33114332847357186
BKR101_P001,101,P001,1992,1,295,1992-06-16,168,256,133,488,0,0,234236,1,wheat/winter wheat,12.9,18.3,23.1,0,13.446,77,1.6,0,0,2.9,2713.5,14708.4,6.5346,1991-10-04,9,1.1794309596682293,True,16.55658580117267,0.33114332847357186
BKR101_P001,101,P001,1992,1,295,1992-06-17,169,257,133,488,0,0,234236,1,wheat/winter wheat,9.9,17.6,23.9,0,28.396,66,2,0,0,5.2,2920.9,14944,6.4471,1991-10-04,9,1.1794309596682293,True,16.55658580117267,0.33114332847357186
BKR101_P001,101,P001,1992,1,295,1992-06-18,170,258,133,488,0,0,234236,1,wheat/winter wheat,9.6,16.6,21.7,0,24.662,66,2.3,0,0,4.7,3109.5,15156.2,6.3542,1991-10-04,9,1.1794309596682293,True,16.55658580117267,0.33114332847357186
BKR101_P001,101,P001,1992,1,295,1992-06-19,171,259,133,488,0,0,234236,1,wheat/winter wheat,11.6,19.1,26,0.5,27.037,60,3.8,0,0,6.3,3293.1,15361.3,6.257,1991-10-04,9,1.1794309596682293,True,16.55658580117267,0.33114332847357186
BKR101_P001,101,P001,1992,1,295,1992-06-20,172,260,133,488,0,0,234236,1,wheat/winter wheat,14.4,19.7,26,0,21.457,61,2.9,0,16.557,5.3,3426.6,15505.3,6.1539,1991-10-04,9,1.1794309596682293,True,16.55658580117267,0.33114332847357186
BKR101_P001,101,P001,1992,1,295,1992-06-21,173,261,133,488,0,0,234236,1,wheat/winter wheat,11.8,19.8,26.9,0,26.909,58,2.3,0,0,5.8,3580.1,15672.3,6.0447,1991-10-04,9,1.1794309596682293,True,16.55658580117267,0.33114332847357186
BKR101_P001,101,P001,1992,1,295,1992-06-22,174,262,133,488,0,0,234236,1,wheat/winter wheat,12.3,17,22,0,27.97,69,3.6,0,0,5.5,3785.8,15901.3,5.9295,1991-10-04,9,1.1794309596682293,True,16.55658580117267,0.33114332847357186
BKR101_P001,101,P001,1992,1,295,1992-06-23,175,263,133,488,0,0,234236,1,wheat/winter wheat,8.1,16.4,22.5,0,25.687,70,2,0,0,4.6,3973,16107.6,5.8107,1991-10-04,9,1.1794309596682293,True,16.55658580117267,0.33114332847357186
BKR101_P001,101,P001,1992,1,295,1992-06-24,176,264,133,488,0,0,234236,1,wheat/winter wheat,11.7,17.4,23.4,0,28.113,70,2.8,0,16.557,5.3,4153.3,16304.9,5.6892,1991-10-04,9,1.1794309596682293,True,16.55658580117267,0.33114332847357186
BKR101_P001,101,P001,1992,1,295,1992-06-25,177,265,133,488,0,0,234236,1,wheat/winter wheat,10.8,17.8,24.4,0,28.016,59,3,0,0,5.9,4320.8,16486.3,5.5642,1991-10-04,9,1.1794309596682293,True,16.55658580117267,0.33114332847357186
BKR101_P001,101,P001,1992,1,295,1992-06-26,178,266,133,488,0,0,234236,1,wheat/winter wheat,9.1,17.3,24,0,29.542,57,2.6,0,0,5.9,4537.2,16725.7,5.4358,1991-10-04,9,1.1794309596682293,True,16.55658580117267,0.33114332847357186
BKR101_P001,101,P001,1992,1,295,1992-06-27,179,267,133,488,0,0,234236,1,wheat/winter wheat,10,19,26.4,0,29.091,57,1.7,0,16.557,5.6,4730,16936.3,5.3049,1991-10-04,9,1.1794309596682293,True,16.55658580117267,0.33114332847357186
BKR101_P001,101,P001,1992,1,295,1992-06-28,180,268,133,488,0,0,234236,1,wheat/winter wheat,11.3,19,27.3,0,15.511,61,1.2,0,0,3.5,4811.1,17012.7,5.1705,1991-10-04,9,1.1794309596682293,True,16.55658580117267,0.33114332847357186
BKR101_P001,101,P001,1992,1,295,1992-06-29,181,269,133,488,0,0,234236,1,wheat/winter wheat,17.4,25.6,30,10,27.493,41,2,0,0,6.6,4953.3,17161,5.033,1991-10-04,9,1.1794309596682293,True,16.55658580117267,0.33114332847357186
BKR101_P001,101,P001,1992,1,295,1992-06-30,182,270,133,488,0,0,234236,1,wheat/winter wheat,13.2,23.6,31.6,0,26.113,52,2.4,0,0,6.4,5086,17297.2,4.889,1991-10-04,9,1.1794309596682293,True,16.55658580117267,0.33114332847357186
BKR101_P001,101,P001,1992,1,295,1992-07-01,183,271,133,488,0,0,234236,1,wheat/winter wheat,14.8,24.2,32.3,0,26.323,58,2,0,0,6.1,5209,17421,4.7404,1991-10-04,9,1.1794309596682293,True,16.55658580117267,0.33114332847357186
BKR101_P001,101,P001,1992,1,295,1992-07-02,184,272,133,488,0,0,234236,1,wheat/winter wheat,14.9,21.2,25.8,0,21.499,68,3.2,0,0,5.1,5343.9,17558.6,4.5873,1991-10-04,9,1.1794309596682293,True,16.55658580117267,0.33114332847357186
BKR101_P001,101,P001,1992,1,295,1992-07-03,185,273,133,488,0,0,234236,1,wheat/winter wheat,10.7,19,24.8,0,24.314,57,1.4,0,16.557,4.7,5506.8,17729.4,4.432,1991-10-04,9,1.1794309596682293,True,16.55658580117267,0.33114332847357186
BKR101_P001,101,P001,1992,1,295,1992-07-04,186,274,133,488,0,0,234236,1,wheat/winter wheat,15.7,19.3,25.6,8.5,15.512,79,2.3,0,0,3.5,5586.5,17801,4.2761,1991-10-04,9,1.1794309596682293,True,16.55658580117267,0.33114332847357186
BKR101_P001,101,P001,1992,1,295,1992-07-05,187,275,133,488,0,0,234236,1,wheat/winter wheat,15.5,17.8,21.7,0.2,8.617,72,3.3,0,0,2.9,5648.2,17851.4,4.1199,1991-10-04,9,1.1794309596682293,True,16.55658580117267,0.33114332847357186
BKR101_P001,101,P001,1992,1,295,1992-07-06,188,276,133,488,0,0,234236,1,wheat/winter wheat,12,14.1,15.6,2.3,5.381,85,3.7,0,0,1.6,5719.9,17913.9,3.9644,1991-10-04,9,1.1794309596682293,True,16.55658580117267,0.33114332847357186
BKR101_P001,101,P001,1992,1,295,1992-07-07,189,277,133,488,0,0,234236,1,wheat/winter wheat,13,17.7,23,0,23.461,65,2.4,0,0,4.8,5914.7,18122.7,3.8116,1991-10-04,9,1.1794309596682293,True,16.55658580117267,0.33114332847357186
BKR101_P001,101,P001,1992,1,295,1992-07-08,190,278,133,488,0,0,234236,1,wheat/winter wheat,10.7,19.4,26.5,0,27.885,59,1.4,0,0,5.3,6083.3,18300.6,3.6602,1991-10-04,9,1.1794309596682293,True,16.55658580117267,0.33114332847357186
BKR101_P001,101,P001,1992,1,295,1992-07-09,191,279,133,488,0,0,234236,1,wheat/winter wheat,12.1,21.6,28.3,0,24.032,56,1.6,0,0,5.1,6215.5,18435,3.5095,1991-10-04,9,1.1794309596682293,True,16.55658580117267,0.33114332847357186
BKR101_P001,101,P001,1992,1,295,1992-07-10,192,280,133,488,0,0,234236,1,wheat/winter wheat,11.8,21.3,28.7,0,23.596,57,1.8,0,0,5.2,6339.4,18559.6,3.3588,1991-10-04,9,1.1794309596682293,True,16.55658580117267,0.33114332847357186
BKR101_P001,101,P001,1992,1,295,1992-07-11,193,281,133,488,0,0,234236,1,wheat/winter wheat,16,18.6,21.6,0.5,13.015,81,2.4,0,0,2.9,6418.6,18631.5,3.2087,1991-10-04,9,1.1794309596682293,True,16.55658580117267,0.33114332847357186
BKR101_P001,101,P001,1992,1,295,1992-07-12,194,282,133,488,0,0,234236,1,wheat/winter wheat,14.9,18.3,24.1,0.8,15.163,79,2.5,0,16.557,3.3,6496.3,18702,3.0606,1991-10-04,9,1.1794309596682293,True,16.55658580117267,0.33114332847357186
BKR101_P001,101,P001,1992,1,295,1992-07-13,195,283,133,488,0,0,234236,1,wheat/winter wheat,13.1,18.5,23.7,0,22.174,66,3.5,0,0,5,6611.1,18816.7,2.9148,1991-10-04,9,1.1794309596682293,True,16.55658580117267,0.33114332847357186
BKR101_P001,101,P001,1992,1,295,1992-07-14,196,284,133,488,0,0,234236,1,wheat/winter wheat,13.7,16.8,19.2,4.3,9.065,87,4.6,0,0,2.1,6673.5,18869.8,2.7715,1991-10-04,9,1.1794309596682293,True,16.55658580117267,0.33114332847357186
BKR101_P001,101,P001,1992,1,295,1992-07-15,197,285,133,488,0,0,234236,1,wheat/winter wheat,11.1,15.8,19.5,0,17.489,67,4.1,0,0,4.1,6777.3,18972.3,2.6315,1991-10-04,9,1.1794309596682293,True,16.55658580117267,0.33114332847357186
BKR101_P001,101,P001,1992,1,295,1992-07-16,198,286,133,488,0,0,234236,1,wheat/winter wheat,8.5,15.2,20.4,0,21.521,68,2.7,0,0,4.1,6894.9,19091.7,2.4951,1991-10-04,9,1.1794309596682293,True,16.55658580117267,0.33114332847357186
BKR101_P001,101,P001,1992,1,295,1992-07-17,199,287,133,488,0,0,234236,1,wheat/winter wheat,9.7,19.8,26.8,4,17.443,66,2.1,0,0,4,6969.7,19160.9,2.3627,1991-10-04,9,1.1794309596682293,True,16.55658580117267,0.33114332847357186
BKR101_P001,101,P001,1992,1,295,1992-07-18,200,288,133,488,0,0,234236,1,wheat/winter wheat,13.8,18.5,22.5,1,16.623,81,4.2,0,0,3.6,7043.6,19229.4,2.2328,1991-10-04,9,1.1794309596682293,True,16.55658580117267,0.33114332847357186
BKR101_P001,101,P001,1992,1,295,1992-07-19,201,289,133,488,0,0,234236,1,wheat/winter wheat,13.5,14.5,17.1,0,2.683,89,2.1,0,0,1.1,7080,19254.4,2.106,1991-10-04,9,1.1794309596682293,True,16.55658580117267,0.33114332847357186
BKR101_P001,101,P001,1992,1,295,1992-07-20,202,290,133,488,0,0,234236,1,wheat/winter wheat,17.2,24.8,32.1,0,24.2,60,2,0,0,5.7,7123.1,19287.5,1.9836,1991-10-04,9,1.1794309596682293,True,16.55658580117267,0.33114332847357186
BKR101_P001,101,P001,1992,1,295,1992-07-21,203,291,133,488,0,0,234236,1,wheat/winter wheat,16.9,26.7,35.6,4,24.1,56,3,0,0,6.8,7167.6,19322.5,1.8626,1991-10-04,9,1.1794309596682293,True,16.55658580117267,0.33114332847357186
BKR101_P001,101,P001,1992,1,295,1992-07-22,204,292,133,488,0,0,234236,1,wheat/winter wheat,17,19.7,24.4,0,13,79,2,0,0,3,7182,19322.9,1.7441,1991-10-04,9,1.1794309596682293,True,16.55658580117267,0.33114332847357186
BKR101_P001,101,P001,1992,1,295,1992-07-23,205,293,133,488,0,0,234236,1,wheat/winter wheat,15.3,21.2,25.3,0,7.826,56,2.4,0,0,3.3,7182,19322.9,1.6315,1991-10-04,9,1.1794309596682293,True,16.55658580117267,0.33114332847357186
BKR101_P001,101,P001,1992,1,295,1992-07-24,206,294,133,488,0,0,234236,1,wheat/winter wheat,11.4,20.3,27.6,0,27.633,59,2,0,0,3.3,7182,19322.9,1.6315,1991-10-04,9,1.1794309596682293,True,16.55658580117267,0.33114332847357186
BKR101_P001,101,P001,1993,2,314,1992-10-04,278,0,133,488,0,0,234236,2,wheat/winter wheat,5.1,9.3,15.5,0,11,70,9.2,0,0,2.5,0,53,0.0972,1992-10-04,9,1.1794309596682293,True,16.55658580117267,0.33114332847357186
BKR101_P001,101,P001,1993,2,314,1992-10-05,279,1,133,488,0,0,234236,2,wheat/winter wheat,4.6,9,10.7,3,12.8,83,7.2,0,0,1.3,0,53,0.0972,1992-10-04,9,1.1794309596682293,True,16.55658580117267,0.33114332847357186
BKR101_P001,101,P001,1993,2,314,1992-10-06,280,2,133,488,0,0,234236,2,wheat/winter wheat,9.8,11.3,12.3,1,3.4,99,5,0,0,0.4,0,53,0.0972,1992-10-04,9,1.1794309596682293,True,16.55658580117267,0.33114332847357186
BKR101_P001,101,P001,1993,2,314,1992-10-07,281,3,133,488,0,0,234236,2,wheat/winter wheat,5.9,8.8,13.3,0,3.4,95,3.6,0,0,0.6,0,53,0.0972,1992-10-04,9,1.1794309596682293,True,16.55658580117267,0.33114332847357186
BKR101_P001,101,P001,1993,2,314,1992-10-08,282,4,133,488,0,0,234236,2,wheat/winter wheat,2.9,9.4,11.3,0,3.3,93,6.7,0,0,0.6,0,53,0.0972,1992-10-04,9,1.1794309596682293,True,16.55658580117267,0.33114332847357186
BKR101_P001,101,P001,1993,2,314,1992-10-09,283,5,133,488,0,0,234236,2,wheat/winter wheat,4.7,8,13.7,1,3.2,96,1.4,0,0,0.5,0,53,0.0972,1992-10-04,9,1.1794309596682293,True,16.55658580117267,0.33114332847357186
BKR101_P001,101,P001,1993,2,314,1992-10-10,284,6,133,488,0,0,234236,2,wheat/winter wheat,1.7,4.9,12.6,0,5,88,4.7,0,0,0.8,0,53,0.0972,1992-10-04,9,1.1794309596682293,True,16.55658580117267,0.33114332847357186
BKR101_P001,101,P001,1993,2,314,1992-10-11,285,7,133,488,0,0,234236,2,wheat/winter wheat,1.8,6,11.4,0,10,95,4.2,0,0,0.5,0,53,0.0972,1992-10-04,9,1.1794309596682293,True,16.55658580117267,0.33114332847357186
BKR101_P001,101,P001,1993,2,314,1992-10-12,286,8,133,488,0,0,234236,2,wheat/winter wheat,-1.9,4.1,8,0,7.943,61,2.5,0,0,1.2,0,53,0.0972,1992-10-04,9,1.1794309596682293,True,16.55658580117267,0.33114332847357186
BKR101_P001,101,P001,1993,2,314,1992-10-13,287,9,133,488,0,0,234236,2,wheat/winter wheat,-3.1,1.9,8.6,0,11.197,62,1.8,0,0,1,0,53,0.0972,1992-10-04,9,1.1794309596682293,True,16.55658580117267,0.33114332847357186
BKR101_P001,101,P001,1993,2,314,1992-10-14,288,10,133,488,0,0,234236,2,wheat/winter wheat,-3.2,0.6,8.1,0,5.564,61,2.3,0,0,1.1,0,53,0.0972,1992-10-04,9,1.1794309596682293,True,16.55658580117267,0.33114332847357186
BKR101_P001,101,P001,1993,2,314,1992-10-15,289,11,133,488,0,0,234236,2,wheat/winter wheat,4.1,5.7,8.8,0,2.9,92,5,0,0,0.6,0,53,0.0972,1992-10-04,9,1.1794309596682293,True,16.55658580117267,0.33114332847357186
BKR101_P001,101,P001,1993,2,314,1992-10-16,290,12,133,488,0,0,234236,2,wheat/winter wheat,2.1,4.7,7.1,0,1.002,80,4.2,0,0,0.9,0,53,0.0972,1992-10-04,9,1.1794309596682293,True,16.55658580117267,0.33114332847357186
BKR101_P001,101,P001,1993,2,314,1992-10-17,291,13,133,488,0,0,234236,2,wheat/winter wheat,0.1,2.9,7.2,0,6.981,85,3.5,0,0,0.7,0,53,0.0972,1992-10-04,9,1.1794309596682293,True,16.55658580117267,0.33114332847357186
BKR101_P001,101,P001,1993,2,314,1992-10-18,292,14,133,488,0,0,234236,2,wheat/winter wheat,-1.9,2.9,8.9,0,8.501,84,2.1,0,0,0.6,0,53,0.0972,1992-10-04,9,1.1794309596682293,True,16.55658580117267,0.33114332847357186
BKR101_P001,101,P001,1993,2,314,1992-10-19,293,15,133,488,0,0,234236,2,wheat/winter wheat,-0.2,5,11.9,0,8.693,79,3.7,0,0,0.8,0,55.8,0.0972,1992-10-04,9,1.1794309596682293,True,16.55658580117267,0.33114332847357186
BKR101_P001,101,P001,1993,2,314,1992-10-20,294,16,133,488,0,0,234236,2,wheat/winter wheat,-0.3,4.2,10.7,0,9.264,80,1.7,0,0,0.5,0,56.8,0.1023,1992-10-04,9,1.1794309596682293,True,16.55658580117267,0.33114332847357186
BKR101_P001,101,P001,1993,2,314,1992-10-21,295,17,133,488,0,0,234236,2,wheat/winter wheat,-2,4.4,12.2,0,7.139,84,2.6,0,0,0.5,0,57.7,0.104,1992-10-04,9,1.1794309596682293,True,16.55658580117267,0.33114332847357186
BKR101_P001,101,P001,1993,2,314,1992-10-22,296,18,133,488,0,0,234236,2,wheat/winter wheat,1.2,4,6,0.6,3.761,88,5.1,0,0,0.4,0,58.3,0.1057,1992-10-04,9,1.1794309596682293,True,16.55658580117267,0.33114332847357186
BKR101_P001,101,P001,1993,2,314,1992-10-23,297,19,133,488,0,0,234236,2,wheat/winter wheat,-0.4,3.5,6.5,1.2,7.319,81,3.4,0,0,0.5,0,59.1,0.1068,1992-10-04,9,1.1794309596682293,True,16.55658580117267,0.33114332847357186
BKR101_P001,101,P001,1993,2,314,1992-10-24,298,20,133,488,0,0,234236,2,wheat/winter wheat,3.2,5.1,6.3,2.1,3.831,91,4.2,0,0,0.3,0,59.9,0.1083,1992-10-04,9,1.1794309596682293,True,16.55658580117267,0.33114332847357186
BKR101_P001,101,P001,1993,2,314,1992-10-25,299,21,133,488,0,0,234236,2,wheat/winter wheat,3.6,4.6,6.9,2.7,4.105,85,3.8,0,0,0.5,0,62.1,0.1097,1992-10-04,9,1.1794309596682293,True,16.55658580117267,0.33114332847357186
BKR101_P001,101,P001,1993,2,314,1992-10-26,300,22,133,488,0,0,234236,2,wheat/winter wheat,0,3.2,6,2.5,1.49,91,2.8,0,0,0.3,0,63.7,0.1139,1992-10-04,9,1.1794309596682293,True,16.55658580117267,0.33114332847357186
BKR101_P001,101,P001,1993,2,314,1992-10-27,301,23,133,488,0,0,234236,2,wheat/winter wheat,1.8,0,1.7,0,3.076,94,2.1,0,0,0.2,0,65.5,0.1168,1992-10-04,9,1.1794309596682293,True,16.55658580117267,0.33114332847357186
BKR101_P001,101,P001,1993,2,314,1992-10-28,302,24,133,488,0,0,234236,2,wheat/winter wheat,0.6,3.7,6.8,2.6,2.015,93,2.5,0,0,0.2,0,67.2,0.12,1992-10-04,9,1.1794309596682293,True,16.55658580117267,0.33114332847357186
BKR101_P001,101,P001,1993,2,314,1992-10-29,303,25,133,488,0,0,234236,2,wheat/winter wheat,2.6,4.9,7.2,3,3.581,91,4.5,0,0,0.3,0,69.6,0.1232,1992-10-04,9,1.1794309596682293,True,16.55658580117267,0.33114332847357186
BKR101_P001,101,P001,1993,2,314,1992-10-30,304,26,133,488,0,0,234236,2,wheat/winter wheat,-1.7,3.7,5.8,0.1,4.263,76,2.9,0,0,0.5,0,72.2,0.1276,1992-10-04,9,1.1794309596682293,True,16.55658580117267,0.33114332847357186
BKR101_P001,101,P001,1993,2,314,1992-10-31,305,27,133,488,0,0,234236,2,wheat/winter wheat,-3.7,-1.2,3.8,0,6.915,89,1,0,0,0,0,72.2,0.1324,1992-10-04,9,1.1794309596682293,True,16.55658580117267,0.33114332847357186
BKR101_P001,101,P001,1993,2,314,1992-11-01,306,28,133,488,0,0,234236,2,wheat/winter wheat,-1.2,0.2,2.9,0,4.132,91,2.2,0,0,0.2,0,74.3,0.1323,1992-10-04,9,1.1794309596682293,True,16.55658580117267,0.33114332847357186
BKR101_P001,101,P001,1993,2,314,1992-11-02,307,29,133,488,0,0,234236,2,wheat/winter wheat,-0.6,3,7.1,0.9,7.467,73,6.1,0,0,0.6,0,77.2,0.1363,1992-10-04,9,1.1794309596682293,True,16.55658580117267,0.33114332847357186
BKR101_P001,101,P001,1993,2,314,1992-11-03,308,30,133,488,0,0,234236,2,wheat/winter wheat,4.2,7.2,9.6,2.4,3.516,57,6.3,0,0,1.3,0,80.2,0.1416,1992-10-04,9,1.1794309596682293,True,16.55658580117267,0.33114332847357186
BKR101_P001,101,P001,1993,2,314,1992-11-04,309,31,133,488,0,0,234236,2,wheat/winter wheat,2.9,5.4,7.9,0.6,3.303,57,5.6,0,0,1.1,0,82.9,0.1469,1992-10-04,9,1.1794309596682293,True,16.55658580117267,0.33114332847357186
BKR101_P001,101,P001,1993,2,314,1992-11-05,310,32,133,488,0,0,234236,2,wheat/winter wheat,5.2,7.7,10.9,1,1.879,57,4.4,0,0,1,0,85,0.1519,1992-10-04,9,1.1794309596682293,True,16.55658580117267,0.33114332847357186
BKR101_P001,101,P001,1993,2,314,1992-11-06,311,33,133,488,0,0,234236,2,wheat/winter wheat,10.4,10.8,11.3,0,1.9,57,6.6,0,0,1.3,0,87.2,0.1557,1992-10-04,9,1.1794309596682293,True,16.55658580117267,0.33114332847357186
BKR101_P001,101,P001,1993,2,314,1992-11-07,312,34,133,488,0,0,234236,2,wheat/winter wheat,6.8,10.8,12.4,1.8,1.165,57,7.4,0,0,1,0,89,0.1598,1992-10-04,9,1.1794309596682293,True,16.55658580117267,0.33114332847357186
BKR101_P001,101,P001,1993,2,314,1992-11-08,313,35,133,488,0,0,234236,2,wheat/winter wheat,-1.8,3.6,6.1,0,6.319,68,3.1,0,0,0.4,0,92.3,0.1629,1992-10-04,9,1.1794309596682293,True,16.55658580117267,0.33114332847357186
BKR101_P001,101,P001,1993,2,314,1992-11-09,314,36,133,488,0,0,234236,2,wheat/winter wheat,-6.5,-1.6,3.8,0,6.639,79,1.8,0,0,0,0,92.3,0.169,1992-10-04,9,1.1794309596682293,True,16.55658580117267,0.33114332847357186
BKR101_P001,101,P001,1993,2,314,1992-11-10,315,37,133,488,0,0,234236,2,wheat/winter wheat,0.4,4.5,7.2,0.6,1.816,84,4.8,0,0,0.3,0,94.4,0.169,1992-10-04,9,1.1794309596682293,True,16.55658580117267,0.33114332847357186
BKR101_P001,101,P001,1993,2,314,1992-11-11,316,38,133,488,0,0,234236,2,wheat/winter wheat,4.4,6.2,8.9,0.4,3.555,87,5,0,0,0.4,0,97.9,0.1728,1992-10-04,9,1.1794309596682293,True,16.55658580117267,0.33114332847357186
BKR101_P001,101,P001,1993,2,314,1992-11-12,317,39,133,488,0,0,234236,2,wheat/winter wheat,3.6,5.2,9.3,3,1.45,87,6.1,0,0,0.3,0,99.8,0.1791,1992-10-04,9,1.1794309596682293,True,16.55658580117267,0.33114332847357186
BKR101_P001,101,P001,1993,2,314,1992-11-13,318,40,133,488,0,0,234236,2,wheat/winter wheat,1.7,3,4.6,1,0.56,96,5.8,0,0,0.1,0,101.3,0.1825,1992-10-04,9,1.1794309596682293,True,16.55658580117267,0.33114332847357186
BKR101_P001,101,P001,1993,2,314,1992-11-14,319,41,133,488,0,0,234236,2,wheat/winter wheat,0.5,2,3.9,1,1.37,99,1.4,0,0,0.1,0,103.1,0.1852,1992-10-04,9,1.1794309596682293,True,16.55658580117267,0.33114332847357186
BKR101_P001,101,P001,1993,2,314,1992-11-15,320,42,133,488,0,0,234236,2,wheat/winter wheat,-0.6,1.2,2.4,1,0.56,100,3.1,0,0,0.1,0,104.5,0.1884,1992-10-04,9,1.1794309596682293,True,16.55658580117267,0.33114332847357186
BKR101_P001,101,P001,1993,2,314,1992-11-16,321,43,133,488,0,0,234236,2,wheat/winter wheat,0.6,4.1,6.3,2,0.56,100,4.7,0,0,0.1,0,105.9,0.1909,1992-10-04,9,1.1794309596682293,True,16.55658580117267,0.33114332847357186
BKR101_P001,101,P001,1993,2,314,1992-11-17,322,44,133,488,0,0,234236,2,wheat/winter wheat,3.5,5.9,8.4,0,2.402,80,3.8,0,0,0.4,0,108.9,0.1934,1992-10-04,9,1.1794309596682293,True,16.55658580117267,0.33114332847357186
BKR101_P001,101,P001,1993,2,314,1992-11-18,323,45,133,488,0,0,234236,2,wheat/winter wheat,2.6,3.8,5,4.3,1.606,89,5.4,0,0,0.2,0,111,0.1987,1992-10-04,9,1.1794309596682293,True,16.55658580117267,0.33114332847357186
BKR101_P001,101,P001,1993,2,314,1992-11-19,324,46,133,488,0,0,234236,2,wheat/winter wheat,2.5,4.1,5.7,1.9,2.515,88,7.5,0,0,0.3,0,114.1,0.2026,1992-10-04,9,1.1794309596682293,True,16.55658580117267,0.33114332847357186
BKR101_P001,101,P001,1993,2,314,1992-11-20,325,47,133,488,0,0,234236,2,wheat/winter wheat,2.8,4.3,5.4,0.2,2.651,77,9.2,0,0,0.5,0,117.4,0.208,1992-10-04,9,1.1794309596682293,True,16.55658580117267,0.33114332847357186
BKR101_P001,101,P001,1993,2,314,1992-11-21,326,48,133,488,0,0,234236,2,wheat/winter wheat,1.4,3.3,5.2,1.8,3.506,87,6.4,0,0,0.2,0,121,0.2138,1992-10-04,9,1.1794309596682293,True,16.55658580117267,0.33114332847357186
BKR101_P001,101,P001,1993,2,314,1992-11-22,327,49,133,488,0,0,234236,2,wheat/winter wheat,-0.6,1.6,4.5,0,2.859,95,1.9,0,0,0,0,124.2,0.2201,1992-10-04,9,1.1794309596682293,True,16.55658580117267,0.33114332847357186
BKR101_P001,101,P001,1993,2,314,1992-11-23,328,50,133,488,0,0,234236,2,wheat/winter wheat,-1.4,0.7,2.5,0.7,1.222,97,1.5,0,0,0.1,0,126.1,0.2259,1992-10-04,9,1.1794309596682293,True,16.55658580117267,0.33114332847357186
BKR101_P001,101,P001,1993,2,314,1992-11-24,329,51,133,488,0,0,234236,2,wheat/winter wheat,2.6,5.6,7.2,0.6,1.897,96,2.4,0,0,0.1,0,129.1,0.2292,1992-10-04,9,1.1794309596682293,True,16.55658580117267,0.33114332847357186
BKR101_P001,101,P001,1993,2,314,1992-11-25,330,52,133,488,0,0,234236,2,wheat/winter wheat,5.6,7,8.9,1.8,1.505,90,4.8,0,0,0.2,0,131.6,0.2344,1992-10-04,9,1.1794309596682293,True,16.55658580117267,0.33114332847357186
BKR101_P001,101,P001,1993,2,314,1992-11-26,331,53,133,488,0,0,234236,2,wheat/winter wheat,5.8,7.3,10.6,4,0.518,88,7.6,0,0,0.2,0,132.7,0.2388,1992-10-04,9,1.1794309596682293,True,16.55658580117267,0.33114332847357186
BKR101_P001,101,P001,1993,2,314,1992-11-27,332,54,133,488,0,0,234236,2,wheat/winter wheat,2.3,3.9,6.6,2,2.49,94,4.2,0,0,0.1,0,136.4,0.2407,1992-10-04,9,1.1794309596682293,True,16.55658580117267,0.33114332847357186
BKR101_P001,101,P001,1993,2,314,1992-11-28,333,55,133,488,0,0,234236,2,wheat/winter wheat,1.7,3.9,6.6,2,0.4,99,7.2,0,0,0,0,137.6,0.2471,1992-10-04,9,1.1794309596682293,True,16.55658580117267,0.33114332847357186
BKR101_P001,101,P001,1993,2,314,1992-11-29,334,56,133,488,0,0,234236,2,wheat/winter wheat,1.1,2,3.6,0,0.4,100,5.8,0,0,0,0,138.8,0.2492,1992-10-04,9,1.1794309596682293,True,16.55658580117267,0.33114332847357186
BKR101_P001,101,P001,1993,2,314,1992-11-30,335,57,133,488,0,0,234236,2,wheat/winter wheat,-0.1,3.8,5,0,0.83,92,7.2,0,0,0.1,0,140.5,0.2513,1992-10-04,9,1.1794309596682293,True,16.55658580117267,0.33114332847357186
BKR101_P001,101,P001,1993,2,314,1992-12-01,336,58,133,488,0,0,234236,2,wheat/winter wheat,4.6,6.4,10.1,0,1.854,89,5.5,0,0,0.3,0,143.8,0.2542,1992-10-04,9,1.1794309596682293,True,16.55658580117267,0.33114332847357186
BKR101_P001,101,P001,1993,2,314,1992-12-02,337,59,133,488,0,0,234236,2,wheat/winter wheat,2.7,4.9,7.4,3.9,3.422,88,6.5,0,0,0.2,0,147.8,0.2598,1992-10-04,9,1.1794309596682293,True,16.55658580117267,0.33114332847357186
BKR101_P001,101,P001,1993,2,314,1992-12-03,338,60,133,488,0,0,234236,2,wheat/winter wheat,3.4,6.7,10,1.5,2.988,81,5.6,0,0,0.4,0,152,0.2666,1992-10-04,9,1.1794309596682293,True,16.55658580117267,0.33114332847357186
BKR101_P001,101,P001,1993,2,314,1992-12-04,339,61,133,488,0,0,234236,2,wheat/winter wheat,1.8,4.9,6.3,3.1,3.053,84,5.3,0,0,0.2,0,156.2,0.2738,1992-10-04,9,1.1794309596682293,True,16.55658580117267,0.33114332847357186
BKR101_P001,101,P001,1993,2,314,1992-12-05,340,62,133,488,0,0,234236,2,wheat/winter wheat,0.2,2.5,4.7,0,2.215,90,3.9,0,0,0.1,0,160,0.2808,1992-10-04,9,1.1794309596682293,True,16.55658580117267,0.33114332847357186
BKR101_P001,101,P001,1993,2,314,1992-12-06,341,63,133,488,0,0,234236,2,wheat/winter wheat,0.3,1.6,3.1,0,2.225,94,2.4,0,0,0,0,163.7,0.2872,1992-10-04,9,1.1794309596682293,True,16.55658580117267,0.33114332847357186
BKR101_P001,101,P001,1993,2,314,1992-12-07,342,64,133,488,0,0,234236,2,wheat/winter wheat,0.3,0.8,1.6,0,2.146,92,4.7,0,0,0.1,0,167.4,0.2934,1992-10-04,9,1.1794309596682293,True,16.55658580117267,0.33114332847357186
BKR101_P001,101,P001,1993,2,314,1992-12-08,343,65,133,488,0,0,234236,2,wheat/winter wheat,0.5,1.7,2.9,0,1.097,96,2.3,0,0,0.1,0,169.6,0.2994,1992-10-04,9,1.1794309596682293,True,16.55658580117267,0.33114332847357186
BKR101_P001,101,P001,1993,2,314,1992-12-09,344,66,133,488,0,0,234236,2,wheat/winter wheat,1.7,2.4,3.5,0,1.025,94,2.3,0,0,0.1,0,171.8,0.3032,1992-10-04,9,1.1794309596682293,True,16.55658580117267,0.33114332847357186
BKR101_P001,101,P001,1993,2,314,1992-12-10,345,67,133,488,0,0,234236,2,wheat/winter wheat,2.3,2.8,3.3,0,0.966,95,1.6,0,0,0.1,0,174,0.3069,1992-10-04,9,1.1794309596682293,True,16.55658580117267,0.33114332847357186
BKR101_P001,101,P001,1993,2,314,1992-12-11,346,68,133,488,0,0,234236,2,wheat/winter wheat,0.5,2.3,3.3,2.7,1.226,93,4,0,0,0.1,0,176.7,0.3105,1992-10-04,9,1.1794309596682293,True,16.55658580117267,0.33114332847357186
BKR101_P001,101,P001,1993,2,314,1992-12-12,347,69,133,488,0,0,234236,2,wheat/winter wheat,0.2,3.3,4.8,5.1,1.958,92,6.4,0,0,0.1,0,180.9,0.3149,1992-10-04,9,1.1794309596682293,True,16.55658580117267,0.33114332847357186
BKR101_P001,101,P001,1993,2,314,1992-12-13,348,70,133,488,0,0,234236,2,wheat/winter wheat,1.5,2.8,4.1,0,2.032,87,6,0,0,0.2,0,185,0.3219,1992-10-04,9,1.1794309596682293,True,16.55658580117267,0.33114332847357186
BKR101_P001,101,P001,1993,2,314,1992-12-14,349,71,133,488,0,0,234236,2,wheat/winter wheat,2.7,6.3,8.5,2.2,1.161,91,6.1,0,0,0.2,0,187.9,0.3287,1992-10-04,9,1.1794309596682293,True,16.55658580117267,0.33114332847357186
BKR101_P001,101,P001,1993,2,314,1992-12-15,350,72,133,488,0,0,234236,2,wheat/winter wheat,0.4,5.4,7.6,0,2.963,88,2.8,0,0,0,0,192.7,0.3335,1992-10-04,9,1.1794309596682293,True,16.55658580117267,0.33114332847357186
BKR101_P001,101,P001,1993,2,314,1992-12-16,351,73,133,488,0,0,234236,2,wheat/winter wheat,2.4,0,3.6,0,3.842,94,1.1,0,0,0,0,196.4,0.3412,1992-10-04,9,1.1794309596682293,True,16.55658580117267,0.33114332847357186
BKR101_P001,101,P001,1993,2,314,1992-12-17,352,74,133,488,0,0,234236,2,wheat/winter wheat,-3.9,-0.8,2.5,0,3.449,94,0.5,0,0,0,0,196.3,0.3472,1992-10-04,9,1.1794309596682293,True,16.55658580117267,0.33114332847357186
BKR101_P001,101,P001,1993,2,314,1992-12-18,353,75,133,488,0,0,234236,2,wheat/winter wheat,-3.8,-1.5,0,0,2.892,95,2.7,0,0,0,0,196.2,0.3471,1992-10-04,9,1.1794309596682293,True,16.55658580117267,0.33114332847357186
BKR101_P001,101,P001,1993,2,314,1992-12-19,354,76,133,488,0,0,234236,2,wheat/winter wheat,-1.5,1.8,3,1.3,1.202,85,5.4,0,0,0.2,0,199.1,0.347,1992-10-04,9,1.1794309596682293,True,16.55658580117267,0.33114332847357186
BKR101_P001,101,P001,1993,2,314,1992-12-20,355,77,133,488,0,0,234236,2,wheat/winter wheat,0.3,1.8,2.5,7.3,0.895,93,1.9,0,0,0.1,0,201.4,0.3517,1992-10-04,9,1.1794309596682293,True,16.55658580117267,0.33114332847357186
BKR101_P001,101,P001,1993,2,314,1992-12-21,356,78,133,488,0,0,234236,2,wheat/winter wheat,-2.4,-0.2,1.3,0,1.566,93,1.4,0,0,0,0,201.3,0.3554,1992-10-04,9,1.1794309596682293,True,16.55658580117267,0.33114332847357186
BKR101_P001,101,P001,1993,2,314,1992-12-22,357,79,133,488,0,0,234236,2,wheat/winter wheat,-3.8,-3.2,-2.7,0,1.861,91,2.3,0,0,0,0,201.2,0.3553,1992-10-04,9,1.1794309596682293,True,16.55658580117267,0.33114332847357186
BKR101_P001,101,P001,1993,2,314,1992-12-23,358,80,133,488,0,0,234236,2,wheat/winter wheat,-7.8,-4.8,-2.2,0,4.003,83,4.9,0,0,0,0,201.1,0.3552,1992-10-04,9,1.1794309596682293,True,16.55658580117267,0.33114332847357186
BKR101_P001,101,P001,1993,2,314,1992-12-24,359,81,133,488,0,0,234236,2,wheat/winter wheat,-9.6,-8.2,-6.2,0,3.198,88,3.2,0,0,0,0,201,0.3552,1992-10-04,9,1.1794309596682293,True,16.55658580117267,0.33114332847357186
BKR101_P001,101,P001,1993,2,314,1992-12-25,360,82,133,488,0,0,234236,2,wheat/winter wheat,-11.3,-9.8,-7.7,0,2.785,89,2.5,0,0,0,0,200.9,0.3551,1992-10-04,9,1.1794309596682293,True,16.55658580117267,0.33114332847357186
BKR101_P001,101,P001,1993,2,314,1992-12-26,361,83,133,488,0,0,234236,2,wheat/winter wheat,-12.1,-9,-4.7,0,2.96,88,0.7,0,0,0,0,200.9,0.355,1992-10-04,9,1.1794309596682293,True,16.55658580117267,0.33114332847357186
BKR101_P001,101,P001,1993,2,314,1992-12-27,362,84,133,488,0,0,234236,2,wheat/winter wheat,-4.5,-2.3,0.9,0,3.384,90,1.5,0,0,0,0,200.8,0.355,1992-10-04,9,1.1794309596682293,True,16.55658580117267,0.33114332847357186
BKR101_P001,101,P001,1993,2,314,1992-12-28,363,85,133,488,0,0,234236,2,wheat/winter wheat,-8.5,-6,-2.4,0,3.633,92,2.2,0,0,0,0,200.7,0.3549,1992-10-04,9,1.1794309596682293,True,16.55658580117267,0.33114332847357186
BKR101_P001,101,P001,1993,2,314,1992-12-29,364,86,133,488,0,0,234236,2,wheat/winter wheat,-5.3,-4.1,-3,0,1.039,92,4.3,0,0,0,0,200.6,0.3548,1992-10-04,9,1.1794309596682293,True,16.55658580117267,0.33114332847357186
BKR101_P001,101,P001,1993,2,314,1992-12-30,365,87,133,488,0,0,234236,2,wheat/winter wheat,-2.8,-1.6,-0.6,0,1.33,92,2.3,0,0,0,0,200.5,0.3547,1992-10-04,9,1.1794309596682293,True,16.55658580117267,0.33114332847357186
BKR101_P001,101,P001,1993,2,314,1992-12-31,366,88,133,488,0,0,234236,2,wheat/winter wheat,-3.3,-2.1,-0.9,0,1.422,92,1.9,0,0,0,0,200.4,0.3546,1992-10-04,9,1.1794309596682293,True,16.55658580117267,0.33114332847357186
BKR101_P001,101,P001,1993,2,314,1993-01-01,1,89,133,488,0,0,234236,2,wheat/winter wheat,-9.9,-7.4,-3.1,0,3.821,92,2.1,0,0,0,0,200.3,0.3545,1992-10-04,9,1.1794309596682293,True,16.55658580117267,0.33114332847357186
BKR101_P001,101,P001,1993,2,314,1993-01-02,2,90,133,488,0,0,234236,2,wheat/winter wheat,-13.6,-10.7,-8.5,0,4.249,85,3.3,0,0,0,0,200.3,0.3545,1992-10-04,9,1.1794309596682293,True,16.55658580117267,0.33114332847357186
BKR101_P001,101,P001,1993,2,314,1993-01-03,3,91,133,488,0,0,234236,2,wheat/winter wheat,-15.8,-13.2,-9.1,0,4.051,79,3.8,0,0,0,0,200.2,0.3544,1992-10-04,9,1.1794309596682293,True,16.55658580117267,0.33114332847357186
BKR101_P001,101,P001,1993,2,314,1993-01-04,4,92,133,488,0,0,234236,2,wheat/winter wheat,-15.3,-12.6,-9.9,0,3.946,79,4.4,0,0,0,0,200.2,0.3544,1992-10-04,9,1.1794309596682293,True,16.55658580117267,0.33114332847357186
BKR101_P001,101,P001,1993,2,314,1993-01-05,5,93,133,488,0,0,234236,2,wheat/winter wheat,-13.1,-5.9,0.1,0,4.121,68,4.7,0,0,0,0,200.1,0.3543,1992-10-04,9,1.1794309596682293,True,16.55658580117267,0.33114332847357186
BKR101_P001,101,P001,1993,2,314,1993-01-06,6,94,133,488,0,0,234236,2,wheat/winter wheat,-0.1,2.3,4.1,3,0.966,54,6.3,0,0,0.5,0,202.6,0.3542,1992-10-04,9,1.1794309596682293,True,16.55658580117267,0.33114332847357186
BKR101_P001,101,P001,1993,2,314,1993-01-07,7,95,133,488,0,0,234236,2,wheat/winter wheat,0.4,3.1,5.3,6.9,2.127,54,3.3,0,0,0.6,0,207.5,0.3583,1992-10-04,9,1.1794309596682293,True,16.55658580117267,0.33114332847357186
BKR101_P001,101,P001,1993,2,314,1993-01-08,8,96,133,488,0,0,234236,2,wheat/winter wheat,0.2,2.9,7.1,0.1,1.881,54,5.7,0,0,0.7,0,211.9,0.3662,1992-10-04,9,1.1794309596682293,True,16.55658580117267,0.33114332847357186
BKR101_P001,101,P001,1993,2,314,1993-01-09,9,97,133,488,0,0,234236,2,wheat/winter wheat,-0.5,2.2,5.7,2.5,3.214,54,6,0,0,0.7,0,217,0.3732,1992-10-04,9,1.1794309596682293,True,16.55658580117267,0.33114332847357186
BKR101_P001,101,P001,1993,2,314,1993-01-10,10,98,133,488,0,0,234236,2,wheat/winter wheat,6.4,7.4,8.4,1.3,2.073,54,6.8,0,0,1.1,0,222.7,0.3815,1992-10-04,9,1.1794309596682293,True,16.55658580117267,0.33114332847357186
BKR101_P001,101,P001,1993,2,314,1993-01-11,11,99,133,488,0,0,234236,2,wheat/winter wheat,7.6,9.1,10.4,1.2,1.69,54,8.8,0,0,1.1,0,227.6,0.3905,1992-10-04,9,1.1794309596682293,True,16.55658580117267,0.33114332847357186
BKR101_P001,101,P001,1993,2,314,1993-01-12,12,100,133,488,0,0,234236,2,wheat/winter wheat,1.8,4,7.6,7.9,1.183,54,5.9,0,0,0.6,0,231,0.3981,1992-10-04,9,1.1794309596682293,True,16.55658580117267,0.33114332847357186
BKR101_P001,101,P001,1993,2,314,1993-01-13,13,101,133,488,0,0,234236,2,wheat/winter wheat,2.5,4.2,8.5,0,3.661,54,7.7,0,0,1,0,237.3,0.4033,1992-10-04,9,1.1794309596682293,True,16.55658580117267,0.33114332847357186
BKR101_P001,101,P001,1993,2,314,1993-01-14,14,102,133,488,0,0,234236,2,wheat/winter wheat,3.5,6.8,12.3,1.1,3.61,51,9.6,0,0,1.4,0,244.5,0.4131,1992-10-04,9,1.1794309596682293,True,16.55658580117267,0.33114332847357186
BKR101_P001,101,P001,1993,2,314,1993-01-15,15,103,133,488,0,0,234236,2,wheat/winter wheat,0.5,3.9,8.4,0,3.902,50,6.4,0,0,1,0,251.4,0.424,1992-10-04,9,1.1794309596682293,True,16.55658580117267,0.33114332847357186
BKR101_P001,101,P001,1993,2,314,1993-01-16,16,104,133,488,0,0,234236,2,wheat/winter wheat,9.2,10.9,12.1,0,3.689,47,8.5,0,0,1.7,0,260.1,0.4345,1992-10-04,9,1.1794309596682293,True,16.55658580117267,0.33114332847357186
BKR101_P001,101,P001,1993,2,314,1993-01-17,17,105,133,488,0,0,234236,2,wheat/winter wheat,7.2,9.2,11.8,0,5.053,47,6.7,0,0,1.4,0,269,0.4474,1992-10-04,9,1.1794309596682293,True,16.55658580117267,0.33114332847357186
BKR101_P001,101,P001,1993,2,314,1993-01-18,18,106,133,488,0,0,234236,2,wheat/winter wheat,2,5.3,8.6,0,3.788,47,5.9,0,0,1.1,0,277.4,0.4603,1992-10-04,9,1.1794309596682293,True,16.55658580117267,0.33114332847357186
BKR101_P001,101,P001,1993,2,314,1993-01-19,19,107,133,488,0,0,234236,2,wheat/winter wheat,0.2,2.9,5.4,1,2.799,47,6.5,0,0,1,0,285.1,0.4725,1992-10-04,9,1.1794309596682293,True,16.55658580117267,0.33114332847357186
BKR101_P001,101,P001,1993,2,314,1993-01-20,20,108,133,488,0,0,234236,2,wheat/winter wheat,3.8,6.6,9.1,3,1.273,47,6.7,0,0,0.9,0,289.7,0.4835,1992-10-04,9,1.1794309596682293,True,16.55658580117267,0.33114332847357186
BKR101_P001,101,P001,1993,2,314,1993-01-21,21,109,133,488,0,0,234236,2,wheat/winter wheat,6.3,7.7,9.6,2.2,3.403,47,7.9,0,0,1.6,0,299.9,0.4902,1992-10-04,9,1.1794309596682293,True,16.55658580117267,0.33114332847357186
BKR101_P001,101,P001,1993,2,314,1993-01-22,22,110,133,488,0,0,234236,2,wheat/winter wheat,4.3,9.4,12.6,1.2,2.261,46,10.3,0,0,1.5,0,308.1,0.5045,1992-10-04,9,1.1794309596682293,True,16.55658580117267,0.33114332847357186
BKR101_P001,101,P001,1993,2,314,1993-01-23,23,111,133,488,0,0,234236,2,wheat/winter wheat,2.1,4,5.3,3.4,3.546,45,8.4,0,0,1.2,0,318,0.5158,1992-10-04,9,1.1794309596682293,True,16.55658580117267,0.33114332847357186
BKR101_P001,101,P001,1993,2,314,1993-01-24,24,112,133,488,0,0,234236,2,wheat/winter wheat,2.8,7.6,10.2,1.9,3.161,44,11.8,0,0,1.7,0,329,0.5294,1992-10-04,9,1.1794309596682293,True,16.55658580117267,0.33114332847357186
BKR101_P001,101,P001,1993,2,314,1993-01-25,25,113,133,488,0,0,234236,2,wheat/winter wheat,-0.9,2.1,4.8,0.7,2.482,44,8.5,0,0,0.9,0,336.7,0.5444,1992-10-04,9,1.1794309596682293,True,16.55658580117267,0.33114332847357186
BKR101_P001,101,P001,1993,2,314,1993-01-26,26,114,133,488,0,0,234236,2,wheat/winter wheat,-0.5,1,2.1,7.2,1.422,44,9.8,0,0,0.7,0,342.2,0.5548,1992-10-04,9,1.1794309596682293,True,16.55658580117267,0.33114332847357186
BKR101_P001,101,P001,1993,2,314,1993-01-27,27,115,133,488,0,0,234236,2,wheat/winter wheat,-4.7,-1.9,0.2,1.1,7.396,44,3.7,0,0,0,0,342.1,0.5622,1992-10-04,9,1.1794309596682293,True,16.55658580117267,0.33114332847357186
BKR101_P001,101,P001,1993,2,314,1993-01-28,28,116,133,488,0,0,234236,2,wheat/winter wheat,-5.8,-2.4,-0.8,0,4.362,44,2.7,0,0,0,0,341.9,0.562,1992-10-04,9,1.1794309596682293,True,16.55658580117267,0.33114332847357186
BKR101_P001,101,P001,1993,2,314,1993-01-29,29,117,133,488,0,0,234236,2,wheat/winter wheat,-6.3,-4.3,-2.8,0,3.242,44,1.7,0,0,0,0,341.8,0.5619,1992-10-04,9,1.1794309596682293,True,16.55658580117267,0.33114332847357186
BKR101_P001,101,P001,1993,2,314,1993-01-30,30,118,133,488,0,0,234236,2,wheat/winter wheat,-7.7,-5.4,-2.8,0,5.86,44,1.6,0,0,0,0,341.6,0.5618,1992-10-04,9,1.1794309596682293,True,16.55658580117267,0.33114332847357186
BKR101_P001,101,P001,1993,2,314,1993-01-31,31,119,133,488,0,0,234236,2,wheat/winter wheat,-9.4,-6.2,-0.4,0,7.588,44,1.1,0,0,0,0,341.5,0.5616,1992-10-04,9,1.1794309596682293,True,16.55658580117267,0.33114332847357186
BKR101_P001,101,P001,1993,2,314,1993-02-01,32,120,133,488,0,0,234236,2,wheat/winter wheat,-7.8,-2.7,-0.1,0,1.999,44,1.1,0,0,0,0,341.4,0.5615,1992-10-04,9,1.1794309596682293,True,16.55658580117267,0.33114332847357186
BKR101_P001,101,P001,1993,2,314,1993-02-02,33,121,133,488,0,0,234236,2,wheat/winter wheat,-6.7,-2.9,-0.3,0,6.553,44,2.5,0,0,0,0,341.2,0.5614,1992-10-04,9,1.1794309596682293,True,16.55658580117267,0.33114332847357186
BKR101_P001,101,P001,1993,2,314,1993-02-03,34,122,133,488,0,0,234236,2,wheat/winter wheat,-2.1,-0.6,-0.1,0,2.459,44,4.2,0,0,0,0,341,0.5612,1992-10-04,9,1.1794309596682293,True,16.55658580117267,0.33114332847357186
BKR101_P001,101,P001,1993,2,314,1993-02-04,35,123,133,488,0,0,234236,2,wheat/winter wheat,-2.4,-1,0.6,0,3.005,44,4.6,0,0,0,0,340.9,0.5611,1992-10-04,9,1.1794309596682293,True,16.55658580117267,0.33114332847357186
BKR101_P001,101,P001,1993,2,314,1993-02-05,36,124,133,488,0,0,234236,2,wheat/winter wheat,-0.7,0.1,1.5,0,1.779,44,6.8,0,0,0.7,0,347.4,0.5609,1992-10-04,9,1.1794309596682293,True,16.55658580117267,0.33114332847357186
BKR101_P001,101,P001,1993,2,314,1993-02-06,37,125,133,488,0,0,234236,2,wheat/winter wheat,0.5,1.6,2.5,2.4,1.463,44,4.4,0,0,0.8,0,354.1,0.5698,1992-10-04,9,1.1794309596682293,True,16.55658580117267,0.33114332847357186
BKR101_P001,101,P001,1993,2,314,1993-02-07,38,126,133,488,0,0,234236,2,wheat/winter wheat,-2.5,-0.2,1.6,0,4.489,44,1.4,0,0,0,0,353.9,0.5787,1992-10-04,9,1.1794309596682293,True,16.55658580117267,0.33114332847357186
BKR101_P001,101,P001,1993,2,314,1993-02-08,39,127,133,488,0,0,234236,2,wheat/winter wheat,-0.2,1.8,4,0,4.026,44,2.7,0,0,0.8,0,364.6,0.5786,1992-10-04,9,1.1794309596682293,True,16.55658580117267,0.33114332847357186
BKR101_P001,101,P001,1993,2,314,1993-02-09,40,128,133,488,0,0,234236,2,wheat/winter wheat,2.2,2.8,3.8,0.1,1.912,44,1.4,0,0,0.7,0,372.7,0.593,1992-10-04,9,1.1794309596682293,True,16.55658580117267,0.33114332847357186
BKR101_P001,101,P001,1993,2,314,1993-02-10,41,129,133,488,0,0,234236,2,wheat/winter wheat,-0.6,0.5,2.3,0,1.822,44,2.4,0,0,0.7,0,380.4,0.6039,1992-10-04,9,1.1794309596682293,True,16.55658580117267,0.33114332847357186
BKR101_P001,101,P001,1993,2,314,1993-02-11,42,130,133,488,0,0,234236,2,wheat/winter wheat,-1.2,-0.6,0.1,0,2.211,44,1.7,0,0,0,0,380.2,0.6141,1992-10-04,9,1.1794309596682293,True,16.55658580117267,0.33114332847357186
BKR101_P001,101,P001,1993,2,314,1993-02-12,43,131,133,488,0,0,234236,2,wheat/winter wheat,-1,0.6,5,0,6.463,44,2.4,0,0,0.8,0,392.9,0.614,1992-10-04,9,1.1794309596682293,True,16.55658580117267,0.33114332847357186
BKR101_P001,101,P001,1993,2,314,1993-02-13,44,132,133,488,0,0,234236,2,wheat/winter wheat,-1.2,-0.7,-0.3,0,1.324,44,0.8,0,0,0,0,392.7,0.6311,1992-10-04,9,1.1794309596682293,True,16.55658580117267,0.33114332847357186
BKR101_P001,101,P001,1993,2,314,1993-02-14,45,133,133,488,0,0,234236,2,wheat/winter wheat,-0.6,0.7,2.4,0,2.801,44,2,0,0,0.7,0,402.4,0.6309,1992-10-04,9,1.1794309596682293,True,16.55658580117267,0.33114332847357186
BKR101_P001,101,P001,1993,2,314,1993-02-15,46,134,133,488,0,0,234236,2,wheat/winter wheat,-2,1.1,3,0,5.401,44,3.3,0,0,0.9,0,415.8,0.6438,1992-10-04,9,1.1794309596682293,True,16.55658580117267,0.33114332847357186
BKR101_P001,101,P001,1993,2,314,1993-02-16,47,135,133,488,0,0,234236,2,wheat/winter wheat,-2.3,-0.8,0.3,0.8,3.742,44,3.9,0,0,0,0,415.6,0.6618,1992-10-04,9,1.1794309596682293,True,16.55658580117267,0.33114332847357186
BKR101_P001,101,P001,1993,2,314,1993-02-17,48,136,133,488,0,0,234236,2,wheat/winter wheat,0,2.8,6.3,4.1,2.312,44,5.8,0,0,1.1,0,426,0.6616,1992-10-04,9,1.1794309596682293,True,16.55658580117267,0.33114332847357186
BKR101_P001,101,P001,1993,2,314,1993-02-18,49,137,133,488,0,0,234236,2,wheat/winter wheat,-0.9,1.9,3.5,0.4,5.38,44,4.5,0,0,1.1,0,440.7,0.6755,1992-10-04,9,1.1794309596682293,True,16.55658580117267,0.33114332847357186
BKR101_P001,101,P001,1993,2,314,1993-02-19,50,138,133,488,0,0,234236,2,wheat/winter wheat,1.8,2.8,3.9,3.9,4.001,44,7.1,0,0,1.3,0,454.4,0.6951,1992-10-04,9,1.1794309596682293,True,16.55658580117267,0.33114332847357186
BKR101_P001,101,P001,1993,2,314,1993-02-20,51,139,133,488,0,0,234236,2,wheat/winter wheat,-0.5,1.6,4.1,3.4,8.917,41,7,0,0,1.4,0,472.1,0.7133,1992-10-04,9,1.1794309596682293,True,16.55658580117267,0.33114332847357186
BKR101_P001,101,P001,1993,2,314,1993-02-21,52,140,133,488,0,0,234236,2,wheat/winter wheat,-4,-1,1.3,0.8,4.72,39,6.1,0,0,0,0,471.8,0.7366,1992-10-04,9,1.1794309596682293,True,16.55658580117267,0.33114332847357186
BKR101_P001,101,P001,1993,2,314,1993-02-22,53,141,133,488,0,0,234236,2,wheat/winter wheat,-7.8,-4.4,-1.8,0,11.69,39,3.8,0,0,0,0,471.6,0.7364,1992-10-04,9,1.1794309596682293,True,16.55658580117267,0.33114332847357186
BKR101_P001,101,P001,1993,2,314,1993-02-23,54,142,133,488,0,0,234236,2,wheat/winter wheat,-7.2,-3.4,-0.9,0,6.376,39,3.9,0,0,0,0,471.5,0.7363,1992-10-04,9,1.1794309596682293,True,16.55658580117267,0.33114332847357186
BKR101_P001,101,P001,1993,2,314,1993-02-24,55,143,133,488,0,0,234236,2,wheat/winter wheat,-1.3,-0.9,-0.5,0.8,3.487,39,5.3,0,0,0,0,471.2,0.7361,1992-10-04,9,1.1794309596682293,True,16.55658580117267,0.33114332847357186
BKR101_P001,101,P001,1993,2,314,1993-02-25,56,144,133,488,0,0,234236,2,wheat/winter wheat,-1.2,-0.8,-0.4,0.3,2.614,39,3.3,0,0,0,0,471,0.7359,1992-10-04,9,1.1794309596682293,True,16.55658580117267,0.33114332847357186
BKR101_P001,101,P001,1993,2,314,1993-02-26,57,145,133,488,0,0,234236,2,wheat/winter wheat,-5.5,-2,1.5,0.1,7.36,39,2.2,0,0,0,0,470.8,0.7356,1992-10-04,9,1.1794309596682293,True,16.55658580117267,0.33114332847357186
BKR101_P001,101,P001,1993,2,314,1993-02-27,58,146,133,488,0,0,234236,2,wheat/winter wheat,-8.1,-2.7,2.4,0.7,6.112,39,2.3,0,0,0,0,470.6,0.7354,1992-10-04,9,1.1794309596682293,True,16.55658580117267,0.33114332847357186
BKR101_P001,101,P001,1993,2,314,1993-02-28,59,147,133,488,0,0,234236,2,wheat/winter wheat,-4.2,-1.1,1.4,0,5.249,39,2.6,0,0,0,0,470.4,0.7353,1992-10-04,9,1.1794309596682293,True,16.55658580117267,0.33114332847357186
BKR101_P001,101,P001,1993,2,314,1993-03-01,60,148,133,488,0,0,234236,2,wheat/winter wheat,-1.1,0.5,3.7,0,10.331,39,5.6,0,0,1.4,0,489,0.735,1992-10-04,9,1.1794309596682293,True,16.55658580117267,0.33114332847357186
BKR101_P001,101,P001,1993,2,314,1993-03-02,61,149,133,488,0,0,234236,2,wheat/winter wheat,-4.3,-1.3,1.8,0,10.576,39,6.6,0,0,0,0,488.8,0.7597,1992-10-04,9,1.1794309596682293,True,16.55658580117267,0.33114332847357186
BKR101_P001,101,P001,1993,2,314,1993-03-03,62,150,133,488,0,0,234236,2,wheat/winter wheat,-6.7,-4,-1.1,0,9.458,39,4.1,0,0,0,0,488.6,0.7595,1992-10-04,9,1.1794309596682293,True,16.55658580117267,0.33114332847357186
BKR101_P001,101,P001,1993,2,314,1993-03-04,63,151,133,488,0,0,234236,2,wheat/winter wheat,-5.8,-3.8,-0.9,0.1,10.886,39,1.6,0,0,0,0,488.4,0.7593,1992-10-04,9,1.1794309596682293,True,16.55658580117267,0.33114332847357186
BKR101_P001,101,P001,1993,2,314,1993-03-05,64,152,133,488,0,0,234236,2,wheat/winter wheat,-7.6,-2.8,0,0,6.548,39,4.1,0,0,0,0,488.2,0.7591,1992-10-04,9,1.1794309596682293,True,16.55658580117267,0.33114332847357186
BKR101_P001,101,P001,1993,2,314,1993-03-06,65,153,133,488,0,0,234236,2,wheat/winter wheat,0.2,2.5,5.6,0,10.1,39,4,0,0,1.6,0,511.1,0.759,1992-10-04,9,1.1794309596682293,True,16.55658580117267,0.33114332847357186
BKR101_P001,101,P001,1993,2,314,1993-03-07,66,154,133,488,0,0,234236,2,wheat/winter wheat,-1.1,1.8,5,0,10.581,39,2.5,0,0,1.3,0,534.3,0.7892,1992-10-04,9,1.1794309596682293,True,16.55658580117267,0.33114332847357186
BKR101_P001,101,P001,1993,2,314,1993-03-08,67,155,133,488,0,0,234236,2,wheat/winter wheat,-2.2,-0.3,2.9,0,7.955,39,1.3,0,0,0,0,534.1,0.8198,1992-10-04,9,1.1794309596682293,True,16.55658580117267,0.33114332847357186
BKR101_P001,101,P001,1993,2,314,1993-03-09,68,156,133,488,0,0,234236,2,wheat/winter wheat,-4.7,-0.7,4,0,13.799,39,2.1,0,0,0,0,533.8,0.8195,1992-10-04,9,1.1794309596682293,True,16.55658580117267,0.33114332847357186
BKR101_P001,101,P001,1993,2,314,1993-03-10,69,157,133,488,0,0,234236,2,wheat/winter wheat,-4.7,1.9,7.6,0,11.77,39,2.7,0,0,1.5,0,558.8,0.8193,1992-10-04,9,1.1794309596682293,True,16.55658580117267,0.33114332847357186
BKR101_P001,101,P001,1993,2,314,1993-03-11,70,158,133,488,0,0,234236,2,wheat/winter wheat,-1,1.5,4.3,0,8.105,39,2,0,0,1.2,0,581,0.8521,1992-10-04,9,1.1794309596682293,True,16.55658580117267,0.33114332847357186
BKR101_P001,101,P001,1993,2,314,1993-03-12,71,159,133,488,0,0,234236,2,wheat/winter wheat,-3.9,2.7,8.6,0,10.138,39,0.9,0,0,1.1,0,607.7,0.8813,1992-10-04,9,1.1794309596682293,True,16.55658580117267,0.33114332847357186
BKR101_P001,101,P001,1993,2,314,1993-03-13,72,160,133,488,0,0,234236,2,wheat/winter wheat,-0.1,5.4,12.3,0,9.977,39,1.4,0,0,1.5,0,639.3,0.9162,1992-10-04,9,1.1794309596682293,True,16.55658580117267,0.33114332847357186
BKR101_P001,101,P001,1993,2,314,1993-03-14,73,161,133,488,0,0,234236,2,wheat/winter wheat,1.6,6.7,13.6,0,10.436,39,1.5,0,0,1.7,0,675.1,0.957,1992-10-04,9,1.1794309596682293,True,16.55658580117267,0.33114332847357186
BKR101_P001,101,P001,1993,2,314,1993-03-15,74,162,133,488,0,0,234236,2,wheat/winter wheat,2.1,8.3,15.1,0,12.602,37,2.2,0,0,2.3,0,719.7,1.0025,1992-10-04,9,1.1794309596682293,True,16.55658580117267,0.33114332847357186
BKR101_P001,101,P001,1993,2,314,1993-03-16,75,163,133,488,0,0,234236,2,wheat/winter wheat,7.6,10.4,15.5,1.8,8.991,34,6.1,0,0,3.8,0,761,1.0582,1992-10-04,9,1.1794309596682293,True,16.55658580117267,0.33114332847357186
BKR101_P001,101,P001,1993,2,314,1993-03-17,76,164,133,488,0,0,234236,2,wheat/winter wheat,7,8.1,9.6,0.5,2.795,34,7.9,0,0,2.6,0,788.3,1.1083,1992-10-04,9,1.1794309596682293,True,16.55658580117267,0.33114332847357186
BKR101_P001,101,P001,1993,2,314,1993-03-18,77,165,133,488,0,0,234236,2,wheat/winter wheat,5.8,9.8,10.7,1.4,3.101,34,7.6,0,0,2.7,0,818.5,1.1408,1992-10-04,9,1.1794309596682293,True,16.55658580117267,0.33114332847357186
BKR101_P001,101,P001,1993,2,314,1993-03-19,78,166,133,488,0,0,234236,2,wheat/winter wheat,2.6,5.4,8.1,0.2,9.836,34,7.8,0,0,2.8,0,860.2,1.1758,1992-10-04,9,1.1794309596682293,True,16.55658580117267,0.33114332847357186
BKR101_P001,101,P001,1993,2,314,1993-03-20,79,167,133,488,0,0,234236,2,wheat/winter wheat,4.1,6.6,10,0,12.253,34,6.3,0,0,3.2,0,910.7,1.2235,1992-10-04,9,1.1794309596682293,True,16.55658580117267,0.33114332847357186
BKR101_P001,101,P001,1993,2,314,1993-03-21,80,168,133,488,0,0,234236,2,wheat/winter wheat,1.2,8,15,0,13.576,34,3.3,0,0,2.9,0,969.1,1.2804,1992-10-04,9,1.1794309596682293,True,16.55658580117267,0.33114332847357186
BKR101_P001,101,P001,1993,2,314,1993-03-22,81,169,133,488,0,0,234236,2,wheat/winter wheat,6.4,10.3,14.3,0.1,7.096,34,2.9,0,0,2.6,0,1016.4,1.3449,1992-10-04,9,1.1794309596682293,True,16.55658580117267,0.33114332847357186
BKR101_P001,101,P001,1993,2,314,1993-03-23,82,170,133,488,0,0,234236,2,wheat/winter wheat,4.6,8.1,9.7,0.8,11.177,34,6.2,0,0,3.2,0,1075.5,1.3956,1992-10-04,9,1.1794309596682293,True,16.55658580117267,0.33114332847357186
BKR101_P001,101,P001,1993,2,314,1993-03-24,83,171,133,488,0,0,234236,2,wheat/winter wheat,2,4.7,7.9,0,13.198,34,5.7,0,0,2.7,0,1132,1.4575,1992-10-04,9,1.1794309596682293,True,16.55658580117267,0.33114332847357186
BKR101_P001,101,P001,1993,2,314,1993-03-25,84,172,133,488,0,0,234236,2,wheat/winter wheat,-0.4,2.5,5.7,0.7,10.462,34,4.2,0,0,2,0,1179.2,1.5161,1992-10-04,9,1.1794309596682293,True,16.55658580117267,0.33114332847357186
BKR101_P001,101,P001,1993,2,314,1993-03-26,85,173,133,488,0,0,234236,2,wheat/winter wheat,-2.3,1.1,5.6,0,13.919,34,3.2,0,0,1.8,0,1228.2,1.5647,1992-10-04,9,1.1794309596682293,True,16.55658580117267,0.33114332847357186
BKR101_P001,101,P001,1993,2,314,1993-03-27,86,174,133,488,0,0,234236,2,wheat/winter wheat,-2.8,-0.1,2.7,0.1,10.843,34,2.4,0,0,0.1,0,1227.6,1.6151,1992-10-04,9,1.1794309596682293,True,16.55658580117267,0.33114332847357186
BKR101_P001,101,P001,1993,2,314,1993-03-28,87,175,133,488,0,0,234236,2,wheat/winter wheat,-1.9,0.7,4.4,0,10.895,34,3.7,0,0,1.7,0,1272.9,1.6146,1992-10-04,9,1.1794309596682293,True,16.55658580117267,0.33114332847357186
BKR101_P001,101,P001,1993,2,314,1993-03-29,88,176,133,488,0,0,234236,2,wheat/winter wheat,-1.1,0.1,2.1,0.8,6.072,34,4.4,0,0,1.5,0,1312.3,1.6613,1992-10-04,9,1.1794309596682293,True,16.55658580117267,0.33114332847357186
BKR101_P001,101,P001,1993,2,314,1993-03-30,89,177,133,488,0,0,234236,2,wheat/winter wheat,-0.6,0.8,2.4,0,6.285,34,4,0,0,1.6,0,1354.4,1.7018,1992-10-04,9,1.1794309596682293,True,16.55658580117267,0.33114332847357186
BKR101_P001,101,P001,1993,2,314,1993-03-31,90,178,133,488,0,0,234236,2,wheat/winter wheat,-0.5,3.1,6.8,0,14.071,34,3,0,0,2.1,0,1416,1.7452,1992-10-04,9,1.1794309596682293,True,16.55658580117267,0.33114332847357186
BKR101_P001,101,P001,1993,2,314,1993-04-01,91,179,133,488,0,0,234236,2,wheat/winter wheat,0.9,4.8,11,0,11.638,34,5.3,0,0,2.9,0,1479,1.8083,1992-10-04,9,1.1794309596682293,True,16.55658580117267,0.33114332847357186
BKR101_P001,101,P001,1993,2,314,1993-04-02,92,180,133,488,0,0,234236,2,wheat/winter wheat,-0.6,5.2,11,0,19.067,34,5.2,0,0,3.3,0,1559.8,1.872,1992-10-04,9,1.1794309596682293,True,16.55658580117267,0.33114332847357186
BKR101_P001,101,P001,1993,2,314,1993-04-03,93,181,133,488,0,0,234236,2,wheat/winter wheat,4.2,5.5,7.1,0,4.593,34,2.4,0,0,1.9,0,1612.6,1.9527,1992-10-04,9,1.1794309596682293,True,16.55658580117267,0.33114332847357186
BKR101_P001,101,P001,1993,2,314,1993-04-04,94,182,133,488,0,0,234236,2,wheat/winter wheat,2.6,5.4,8.8,0,6.538,34,1.4,0,0,1.6,0,1671.2,2.0045,1992-10-04,9,1.1794309596682293,True,16.55658580117267,0.33114332847357186
BKR101_P001,101,P001,1993,2,314,1993-04-05,95,183,133,488,0,0,234236,2,wheat/winter wheat,-0.2,5.5,10.3,0,9.387,34,2.2,0,0,2.1,0,1739.3,2.0613,1992-10-04,9,1.1794309596682293,True,16.55658580117267,0.33114332847357186
BKR101_P001,101,P001,1993,2,314,1993-04-06,96,184,133,488,0,0,234236,2,wheat/winter wheat,4.6,6.9,11,2,10.675,34,3.6,0,0,2.9,0,1815.8,2.1262,1992-10-04,9,1.1794309596682293,True,16.55658580117267,0.33114332847357186
BKR101_P001,101,P001,1993,2,314,1993-04-07,97,185,133,488,0,0,234236,2,wheat/winter wheat,4.9,6.7,9.9,3.8,9.719,34,3.2,0,0,2.6,0,1891.4,2.1977,1992-10-04,9,1.1794309596682293,True,16.55658580117267,0.33114332847357186
BKR101_P001,101,P001,1993,2,314,1993-04-08,98,186,133,488,0,0,234236,2,wheat/winter wheat,2.5,4.9,6.4,0,3.076,34,4.1,0,0,2.1,0,1949.6,2.2669,1992-10-04,9,1.1794309596682293,True,16.55658580117267,0.33114332847357186
BKR101_P001,101,P001,1993,2,314,1993-04-09,99,187,133,488,0,0,234236,2,wheat/winter wheat,-2.6,1.4,3.4,0,11.055,34,3.6,0,0,1.8,0,2016.9,2.3194,1992-10-04,9,1.1794309596682293,True,16.55658580117267,0.33114332847357186
BKR101_P001,101,P001,1993,2,314,1993-04-10,100,188,133,488,0,0,234236,2,wheat/winter wheat,-4.2,0.9,6.2,0,21.283,34,2.6,0,0,2.2,0,2096.5,2.38,1992-10-04,9,1.1794309596682293,True,16.55658580117267,0.33114332847357186
BKR101_P001,101,P001,1993,2,314,1993-04-11,101,189,133,488,0,0,234236,2,wheat/winter wheat,-3.3,2.3,8.1,0,22.783,34,3.7,0,0,2.7,0,2186.4,2.4517,1992-10-04,9,1.1794309596682293,True,16.55658580117267,0.33114332847357186
BKR101_P001,101,P001,1993,2,314,1993-04-12,102,190,133,488,0,0,234236,2,wheat/winter wheat,-2.1,4,10.1,0,22.411,34,3.1,0,0,2.9,0,2289.2,2.5323,1992-10-04,9,1.1794309596682293,True,16.55658580117267,0.33114332847357186
BKR101_P001,101,P001,1993,2,314,1993-04-13,103,191,133,488,0,0,234236,2,wheat/winter wheat,-1,5.6,11.7,0,19.741,34,3,0,0,3.1,0,2402.9,2.6235,1992-10-04,9,1.1794309596682293,True,16.55658580117267,0.33114332847357186
BKR101_P001,101,P001,1993,2,314,1993-04-14,104,192,133,488,0,0,234236,2,wheat/winter wheat,1.5,8.1,14.5,0,17.22,34,3.5,0,0,3.6,0,2522.8,2.7229,1992-10-04,9,1.1794309596682293,True,16.55658580117267,0.33114332847357186
BKR101_P001,101,P001,1993,2,314,1993-04-15,105,193,133,488,0,0,234236,2,wheat/winter wheat,2.2,8.6,14.8,0,19.896,34,3.5,0,0,3.9,0,2659.5,2.8248,1992-10-04,9,1.1794309596682293,True,16.55658580117267,0.33114332847357186
BKR101_P001,101,P001,1993,2,314,1993-04-16,106,194,133,488,0,0,234236,2,wheat/winter wheat,0.3,7.2,13.9,0,21.499,33,1.3,0,0,2.8,0,2797.5,2.9377,1992-10-04,9,1.1794309596682293,True,16.55658580117267,0.33114332847357186
BKR101_P001,101,P001,1993,2,314,1993-04-17,107,195,133,488,0,0,234236,2,wheat/winter wheat,2,10.7,16.7,0,17.429,32,4,0,0,4.3,0,2939.7,3.0489,1992-10-04,9,1.1794309596682293,True,16.55658580117267,0.33114332847357186
BKR101_P001,101,P001,1993,2,314,1993-04-18,108,196,133,488,0,0,234236,2,wheat/winter wheat,8.1,9.9,13,7.5,9.979,32,5.3,0,0,4,0,3044.1,3.1592,1992-10-04,9,1.1794309596682293,True,16.55658580117267,0.33114332847357186
BKR101_P001,101,P001,1993,2,314,1993-04-19,109,197,133,488,0,0,234236,2,wheat/winter wheat,3.2,6.7,10.4,0,20.928,32,5.6,0,0,4.1,0,3189.7,3.2373,1992-10-04,9,1.1794309596682293,True,16.55658580117267,0.33114332847357186
BKR101_P001,101,P001,1993,2,314,1993-04-20,110,198,133,488,0,0,234236,2,wheat/winter wheat,0.4,7,12.6,0,19.444,32,2.4,0,0,3.2,0,3333.2,3.3435,1992-10-04,9,1.1794309596682293,True,16.55658580117267,0.33114332847357186
BKR101_P001,101,P001,1993,2,314,1993-04-21,111,199,133,488,0,0,234236,2,wheat/winter wheat,3.6,13.8,22.9,0,19.686,32,4.2,0,0,5.7,0,3502.8,3.4458,1992-10-04,9,1.1794309596682293,True,16.55658580117267,0.33114332847357186
BKR101_P001,101,P001,1993,2,314,1993-04-22,112,200,133,488,0,0,234236,2,wheat/winter wheat,9.6,16.1,22,0,20.481,32,2.4,0,0,4.7,0,3687.6,3.5602,1992-10-04,9,1.1794309596682293,True,16.55658580117267,0.33114332847357186
BKR101_P001,101,P001,1993,2,314,1993-04-23,113,201,133,488,0,0,234236,2,wheat/winter wheat,9.2,15.1,20,0,20.111,32,2.6,0,0,4.7,0,3876.1,3.6765,1992-10-04,9,1.1794309596682293,True,16.55658580117267,0.33114332847357186
BKR101_P001,101,P001,1993,2,314,1993-04-24,114,202,133,488,0,0,234236,2,wheat/winter wheat,9.4,18.1,26.9,0,21.857,30,4.7,0,0,7.4,0,4069.6,3.7875,1992-10-04,9,1.1794309596682293,True,16.55658580117267,0.33114332847357186
BKR101_P001,101,P001,1993,2,314,1993-04-25,115,203,133,488,0,0,234236,2,wheat/winter wheat,12.4,20.1,27.1,0,20.789,29,5.3,0,0,7.8,0,4256.6,3.8914,1992-10-04,9,1.1794309596682293,True,16.55658580117267,0.33114332847357186
BKR101_P001,101,P001,1993,2,314,1993-04-26,116,204,133,488,0,0,234236,2,wheat/winter wheat,12,20.2,27.6,0,23.425,29,4.4,0,0,7.6,0,4463,3.9859,1992-10-04,9,1.1794309596682293,True,16.55658580117267,0.33114332847357186
BKR101_P001,101,P001,1993,2,314,1993-04-27,117,205,133,488,0,0,234236,2,wheat/winter wheat,9.8,18.7,26.7,0,21.178,28,1.7,0,0,4.8,0,4657.7,4.0892,1992-10-04,9,1.1794309596682293,True,16.55658580117267,0.33114332847357186
BKR101_P001,101,P001,1993,2,314,1993-04-28,118,206,133,488,0,0,234236,2,wheat/winter wheat,11.9,19.5,27.2,0,21.598,27,2.9,0,0,6.2,0,4852.1,4.1857,1992-10-04,9,1.1794309596682293,True,16.55658580117267,0.33114332847357186
BKR101_P001,101,P001,1993,2,314,1993-04-29,119,207,133,488,0,0,234236,2,wheat/winter wheat,11.3,19.3,26.7,0,22.531,27,3.6,0,0,6.8,0,5057.5,4.2811,1992-10-04,9,1.1794309596682293,True,16.55658580117267,0.33114332847357186
BKR101_P001,101,P001,1993,2,314,1993-04-30,120,208,133,488,0,0,234236,2,wheat/winter wheat,11.9,19.2,26.4,3.3,23.03,27,3.9,0,0,7.2,0,5267.4,4.3808,1992-10-04,9,1.1794309596682293,True,16.55658580117267,0.33114332847357186
BKR101_P001,101,P001,1993,2,314,1993-05-01,121,209,133,488,0,0,234236,2,wheat/winter wheat,10.8,18.6,25.9,0,22.96,27,2.8,0,0,6.1,0,5480,4.4816,1992-10-04,9,1.1794309596682293,True,16.55658580117267,0.33114332847357186
BKR101_P001,101,P001,1993,2,314,1993-05-02,122,210,133,488,0,0,234236,2,wheat/winter wheat,10.9,16.7,25,0.1,18.738,27,2.9,0,0,5.7,0,5657.7,4.5828,1992-10-04,9,1.1794309596682293,True,16.55658580117267,0.33114332847357186
BKR101_P001,101,P001,1993,2,314,1993-05-03,123,211,133,488,0,0,234236,2,wheat/winter wheat,7.6,11.2,14,0,5.458,27,3,0,0,3.2,0,5756.2,4.6668,1992-10-04,9,1.1794309596682293,True,16.55658580117267,0.33114332847357186
BKR101_P001,101,P001,1993,2,314,1993-05-04,124,212,133,488,0,0,234236,2,wheat/winter wheat,2.8,8.9,13.5,0,25.992,27,2.4,0,0,4.2,0,5979.9,4.7131,1992-10-04,9,1.1794309596682293,True,16.55658580117267,0.33114332847357186
BKR101_P001,101,P001,1993,2,314,1993-05-05,125,213,133,488,0,0,234236,2,wheat/winter wheat,1.1,8.7,14.1,0,24.505,27,2.2,0,0,4,0,6196.4,4.8178,1992-10-04,9,1.1794309596682293,True,16.55658580117267,0.33114332847357186
BKR101_P001,101,P001,1993,2,314,1993-05-06,126,214,133,488,0,0,234236,2,wheat/winter wheat,5.8,8.3,11.2,0.4,5.824,27,2.7,0,0,2.8,0,6299.5,4.9187,1992-10-04,9,1.1794309596682293,True,16.55658580117267,0.33114332847357186
BKR101_P001,101,P001,1993,2,314,1993-05-07,127,215,133,488,0,0,234236,2,wheat/winter wheat,8,14.9,23.6,0.3,19.952,27,2,0,0,4.8,0,6490.8,4.9664,1992-10-04,9,1.1794309596682293,True,16.55658580117267,0.33114332847357186
BKR101_P001,101,P001,1993,2,314,1993-05-08,128,216,133,488,0,0,234236,2,wheat/winter wheat,10.3,17.9,24.8,0,21.539,26,2.8,0,0,5.9,0,6708.5,5.054,1992-10-04,9,1.1794309596682293,True,16.55658580117267,0.33114332847357186
BKR101_P001,101,P001,1993,2,314,1993-05-09,129,217,133,488,0,0,234236,2,wheat/winter wheat,12.1,18.7,26,0,22.127,26,3.5,0,0,6.9,0,6922.3,5.1526,1992-10-04,9,1.1794309596682293,True,16.55658580117267,0.33114332847357186
BKR101_P001,101,P001,1993,2,314,1993-05-10,130,218,133,488,0,0,234236,2,wheat/winter wheat,11.4,18.2,24.5,0,21.646,25,2.5,0,0,5.8,0,7134.7,5.2485,1992-10-04,9,1.1794309596682293,True,16.55658580117267,0.33114332847357186
BKR101_P001,101,P001,1993,2,314,1993-05-11,131,219,133,488,0,0,234236,2,wheat/winter wheat,13.1,19.7,26.6,0,21.752,25,3.4,0,0,6.9,0,7264.5,5.3426,1992-10-04,9,1.1794309596682293,True,16.55658580117267,0.33114332847357186
BKR101_P001,101,P001,1993,2,314,1993-05-12,132,220,133,488,0,0,234236,2,wheat/winter wheat,11.3,19.5,26.1,0,23.897,24,3.2,0,16.557,6.9,0,7284.3,5.3994,1992-10-04,9,1.1794309596682293,True,16.55658580117267,0.33114332847357186
BKR101_P001,101,P001,1993,2,314,1993-05-13,133,221,133,488,0,0,234236,2,wheat/winter wheat,10.5,19.6,27.8,0,24.034,24,2.4,0,16.557,6.3,0,7278.8,5.408,1992-10-04,9,1.1794309596682293,True,16.55658580117267,0.33114332847357186
BKR101_P001,101,P001,1993,2,314,1993-05-14,134,222,133,488,0,0,234236,2,wheat/winter wheat,13.1,19.8,25.8,0,25.746,24,2.2,0,0,6.2,0,7432.3,5.4029,1992-10-04,9,1.1794309596682293,True,16.55658580117267,0.33114332847357186
BKR101_P001,101,P001,1993,2,314,1993-05-15,135,223,133,488,0,0,234236,2,wheat/winter wheat,11.2,16,19.9,0,18.465,24,2.1,0,0,4.7,0,7595.4,5.4678,1992-10-04,9,1.1794309596682293,True,16.55658580117267,0.33114332847357186
BKR101_P001,101,P001,1993,2,314,1993-05-16,136,224,133,488,0,0,234236,2,wheat/winter wheat,5.7,12.6,16.4,0.5,17.823,24,2.6,0,0,4.4,0,7749.9,5.5362,1992-10-04,9,1.1794309596682293,True,16.55658580117267,0.33114332847357186
BKR101_P001,101,P001,1993,2,314,1993-05-17,137,225,133,488,0,0,234236,2,wheat/winter wheat,5.3,14.2,21.5,0,28.344,24,2.8,0,16.557,6.1,0,7952.3,5.6004,1992-10-04,9,1.1794309596682293,True,16.55658580117267,0.33114332847357186
BKR101_P001,101,P001,1993,2,314,1993-05-18,138,226,133,488,0,0,234236,2,wheat/winter wheat,8.3,17,24.4,0,28.503,24,3.7,0,0,7.5,0,8140.8,5.6836,1992-10-04,9,1.1794309596682293,True,16.55658580117267,0.33114332847357186
BKR101_P001,101,P001,1993,2,314,1993-05-19,139,227,133,488,0,0,234236,2,wheat/winter wheat,12.2,20.4,27.5,0,26.14,24,3.5,0,0,7.7,0,8334.1,5.7601,1992-10-04,9,1.1794309596682293,True,16.55658580117267,0.33114332847357186
BKR101_P001,101,P001,1993,2,314,1993-05-20,140,228,133,488,0,0,234236,2,wheat/winter wheat,13.7,22.1,29.2,0,24.667,24,3,0,16.557,7.3,0,8497.7,5.8375,1992-10-04,9,1.1794309596682293,True,16.55658580117267,0.33114332847357186
BKR101_P001,101,P001,1993,2,314,1993-05-21,141,229,133,488,0,0,234236,2,wheat/winter wheat,15.3,19.2,28.7,8.6,16.847,24,3,0,0,6.7,8.2,8594,5.9025,1992-10-04,9,1.1794309596682293,True,16.55658580117267,0.33114332847357186
BKR101_P001,101,P001,1993,2,314,1993-05-22,142,230,133,488,0,0,234236,2,wheat/winter wheat,11.8,13.2,15.5,2.6,3.272,24,2.7,0,0,3.5,21.7,8673.1,5.9367,1992-10-04,9,1.1794309596682293,True,16.55658580117267,0.33114332847357186
BKR101_P001,101,P001,1993,2,314,1993-05-23,143,231,133,488,0,0,234236,2,wheat/winter wheat,12.1,15.2,19,0,12.748,24,1.8,0,0,3.9,56.2,8800.7,5.9616,1992-10-04,9,1.1794309596682293,True,16.55658580117267,0.33114332847357186
BKR101_P001,101,P001,1993,2,314,1993-05-24,144,232,133,488,0,0,234236,2,wheat/winter wheat,11.6,16,22.1,0,18.983,24,1.7,0,0,4.7,119.3,8970.7,5.9956,1992-10-04,9,1.1794309596682293,True,16.55658580117267,0.33114332847357186
BKR101_P001,101,P001,1993,2,314,1993-05-25,145,233,133,488,0,0,234236,2,wheat/winter wheat,10.5,17.2,23.3,0,22.38,24,1.9,0,0,5.3,215,9171,6.0326,1992-10-04,9,1.1794309596682293,True,16.55658580117267,0.33114332847357186
BKR101_P001,101,P001,1993,2,314,1993-05-26,146,234,133,488,0,0,234236,2,wheat/winter wheat,9.8,12.5,15.9,0,12.802,24,2.5,0,16.557,4.1,290.4,9307.8,6.0661,1992-10-04,9,1.1794309596682293,True,16.55658580117267,0.33114332847357186
BKR101_P001,101,P001,1993,2,314,1993-05-27,147,235,133,488,0,0,234236,2,wheat/winter wheat,8.6,10.7,12.4,7.1,5.53,24,2.6,0,0,3.2,339.9,9388.3,6.084,1992-10-04,9,1.1794309596682293,True,16.55658580117267,0.33114332847357186
BKR101_P001,101,P001,1993,2,314,1993-05-28,148,236,133,488,0,0,234236,2,wheat/winter wheat,11.1,14,19.1,0.7,12.002,24,2.5,0,0,4.5,427.4,9514.4,6.0922,1992-10-04,9,1.1794309596682293,True,16.55658580117267,0.33114332847357186
BKR101_P001,101,P001,1993,2,314,1993-05-29,149,237,133,488,0,0,234236,2,wheat/winter wheat,8.8,11.5,15.5,0.1,13.475,24,5,0,0,5.5,540.1,9663.2,6.1001,1992-10-04,9,1.1794309596682293,True,16.55658580117267,0.33114332847357186
BKR101_P001,101,P001,1993,2,314,1993-05-30,150,238,133,488,0,0,234236,2,wheat/winter wheat,7.9,16.1,22.9,10.2,25.627,24,2.3,0,0,5.9,740.7,9906.1,6.1049,1992-10-04,9,1.1794309596682293,True,16.55658580117267,0.33114332847357186
BKR101_P001,101,P001,1993,2,314,1993-05-31,151,239,133,488,0,0,234236,2,wheat/winter wheat,10.8,14.7,19.1,2.3,21.851,24,4.4,0,0,6.7,917.5,10119.5,6.1026,1992-10-04,9,1.1794309596682293,True,16.55658580117267,0.33114332847357186
BKR101_P001,101,P001,1993,2,314,1993-06-01,152,240,133,488,0,0,234236,2,wheat/winter wheat,9.3,14.5,18.9,0,22.29,24,3.8,0,0,6.3,1100.4,10339.5,6.0963,1992-10-04,9,1.1794309596682293,True,16.55658580117267,0.33114332847357186
BKR101_P001,101,P001,1993,2,314,1993-06-02,153,241,133,488,0,0,234236,2,wheat/winter wheat,8.6,16.3,21.9,0,22.668,24,1.7,0,0,5,1274.2,10547.8,6.0862,1992-10-04,9,1.1794309596682293,True,16.55658580117267,0.33114332847357186
BKR101_P001,101,P001,1993,2,314,1993-06-03,154,242,133,488,0,0,234236,2,wheat/winter wheat,12.1,14.8,18.3,1.8,10.01,24,2.6,0,16.557,4.3,1354.3,10641.8,6.071,1992-10-04,9,1.1794309596682293,True,16.55658580117267,0.33114332847357186
BKR101_P001,101,P001,1993,2,314,1993-06-04,155,243,133,488,0,0,234236,2,wheat/winter wheat,9.6,15.4,21.5,0,29.05,24,2.8,0,0,6.6,1536.2,10858.3,6.0517,1992-10-04,9,1.1794309596682293,True,16.55658580117267,0.33114332847357186
BKR101_P001,101,P001,1993,2,314,1993-06-05,156,244,133,488,0,0,234236,2,wheat/winter wheat,5.6,15.8,23.5,0,30.434,24,1,0,0,5.1,1771.3,11138.4,6.0278,1992-10-04,9,1.1794309596682293,True,16.55658580117267,0.33114332847357186
BKR101_P001,101,P001,1993,2,314,1993-06-06,157,245,133,488,0,0,234236,2,wheat/winter wheat,9.8,18.1,24.1,0,19.492,24,1.2,0,16.557,4.4,1914,11305.7,5.9994,1992-10-04,9,1.1794309596682293,True,16.55658580117267,0.33114332847357186
BKR101_P001,101,P001,1993,2,314,1993-06-07,158,246,133,488,0,0,234236,2,wheat/winter wheat,10,16.5,21,0,28.235,24,2.7,0,0,6.4,2110.9,11537.6,5.9647,1992-10-04,9,1.1794309596682293,True,16.55658580117267,0.33114332847357186
BKR101_P001,101,P001,1993,2,314,1993-06-08,159,247,133,488,0,0,234236,2,wheat/winter wheat,9.4,16.8,22.7,0,26.325,24,1.6,0,0,5.4,2320.4,11783.9,5.925,1992-10-04,9,1.1794309596682293,True,16.55658580117267,0.33114332847357186
BKR101_P001,101,P001,1993,2,314,1993-06-09,160,248,133,488,0,0,234236,2,wheat/winter wheat,9.8,18.6,25.4,0,30.017,24,2.5,0,0,7,2547.3,12050.1,5.8803,1992-10-04,9,1.1794309596682293,True,16.55658580117267,0.33114332847357186
BKR101_P001,101,P001,1993,2,314,1993-06-10,161,249,133,488,0,0,234236,2,wheat/winter wheat,12.8,22,29.8,0,27.872,24,3,0,16.557,8,2727.6,12258.6,5.8294,1992-10-04,9,1.1794309596682293,True,16.55658580117267,0.33114332847357186
BKR101_P001,101,P001,1993,2,314,1993-06-11,162,250,133,488,0,0,234236,2,wheat/winter wheat,16,21.6,25.1,0,18.194,24,2.8,0,0,6.1,2833.8,12376.5,5.7703,1992-10-04,9,1.1794309596682293,True,16.55658580117267,0.33114332847357186
BKR101_P001,101,P001,1993,2,314,1993-06-12,163,251,133,488,0,0,234236,2,wheat/winter wheat,11.5,14.1,17.8,32,3.43,24,4.7,0,0,5,2908.4,12455.8,5.703,1992-10-04,9,1.1794309596682293,True,16.55658580117267,0.33114332847357186
BKR101_P001,101,P001,1993,2,314,1993-06-13,164,252,133,488,0,0,234236,2,wheat/winter wheat,11.5,12.1,13.5,27.1,3.859,24,6.3,0,0,5.2,2984.2,12536.4,5.6332,1992-10-04,9,1.1794309596682293,True,16.55658580117267,0.33114332847357186
BKR101_P001,101,P001,1993,2,314,1993-06-14,165,253,133,488,0,0,234236,2,wheat/winter wheat,10.4,13.2,16.5,0,17.388,24,4.1,0,0,5.8,3142.4,12716,5.5621,1992-10-04,9,1.1794309596682293,True,16.55658580117267,0.33114332847357186
BKR101_P001,101,P001,1993,2,314,1993-06-15,166,254,133,488,0,0,234236,2,wheat/winter wheat,8.9,12.5,15.8,0.1,18.312,24,3.9,0,0,5.5,3314.2,12911.6,5.4892,1992-10-04,9,1.1794309596682293,True,16.55658580117267,0.33114332847357186
BKR101_P001,101,P001,1993,2,314,1993-06-16,167,255,133,488,0,0,234236,2,wheat/winter wheat,7,12.5,17.3,0.4,15.356,24,3.9,0,0,5.3,3492.6,13115,5.4151,1992-10-04,9,1.1794309596682293,True,16.55658580117267,0.33114332847357186
BKR101_P001,101,P001,1993,2,314,1993-06-17,168,256,133,488,0,0,234236,2,wheat/winter wheat,12.2,14.2,17.4,4.2,17.787,24,4.7,0,0,6.4,3663.3,13308.7,5.3397,1992-10-04,9,1.1794309596682293,True,16.55658580117267,0.33114332847357186
BKR101_P001,101,P001,1993,2,314,1993-06-18,169,257,133,488,0,0,234236,2,wheat/winter wheat,10.1,14.8,17.8,0.5,14.115,24,3.8,0,0,5.4,3810.9,13474.2,5.2621,1992-10-04,9,1.1794309596682293,True,16.55658580117267,0.33114332847357186
BKR101_P001,101,P001,1993,2,314,1993-06-19,170,258,133,488,0,0,234236,2,wheat/winter wheat,13.8,15,16.1,6.4,7.833,24,3.2,0,0,4.5,3911,13582.2,5.1821,1992-10-04,9,1.1794309596682293,True,16.55658580117267,0.33114332847357186
BKR101_P001,101,P001,1993,2,314,1993-06-20,171,259,133,488,0,0,234236,2,wheat/winter wheat,11,14.4,17.5,7.5,17.771,24,3.8,0,0,5.8,4085.1,13778.8,5.0998,1992-10-04,9,1.1794309596682293,True,16.55658580117267,0.33114332847357186
BKR101_P001,101,P001,1993,2,314,1993-06-21,172,260,133,488,0,0,234236,2,wheat/winter wheat,8.5,14,17.6,0,24.021,24,2.9,0,0,5.7,4308.2,14033.8,5.0155,1992-10-04,9,1.1794309596682293,True,16.55658580117267,0.33114332847357186
BKR101_P001,101,P001,1993,2,314,1993-06-22,173,261,133,488,0,0,234236,2,wheat/winter wheat,11.1,14.4,17.7,0,18.736,24,1.4,0,0,4.1,4477.1,14223.6,4.9296,1992-10-04,9,1.1794309596682293,True,16.55658580117267,0.33114332847357186
BKR101_P001,101,P001,1993,2,314,1993-06-23,174,262,133,488,0,0,234236,2,wheat/winter wheat,10.5,14.6,18.4,1,16.044,24,1.5,0,0,4,4625.9,14388.9,4.8421,1992-10-04,9,1.1794309596682293,True,16.55658580117267,0.33114332847357186
BKR101_P001,101,P001,1993,2,314,1993-06-24,175,263,133,488,0,0,234236,2,wheat/winter wheat,9.7,11.7,14.5,5.6,19.642,24,5.4,0,0,6.3,4798.7,14582.9,4.7529,1992-10-04,9,1.1794309596682293,True,16.55658580117267,0.33114332847357186
BKR101_P001,101,P001,1993,2,314,1993-06-25,176,264,133,488,0,0,234236,2,wheat/winter wheat,8.5,11.2,14.2,0.1,18.637,52,5.5,0,0,4.6,4963.9,14767.9,4.6637,1992-10-04,9,1.1794309596682293,True,16.55658580117267,0.33114332847357186
BKR101_P001,101,P001,1993,2,314,1993-06-26,177,265,133,488,0,0,234236,2,wheat/winter wheat,8.1,11.6,15,0,16.292,76,4.6,0,0,3.1,5114.2,14935,4.575,1992-10-04,9,1.1794309596682293,True,16.55658580117267,0.33114332847357186
BKR101_P001,101,P001,1993,2,314,1993-06-27,178,266,133,488,0,0,234236,2,wheat/winter wheat,9.6,12.4,16.1,0.7,12.49,80,3.3,0,0,2.5,5234.7,15066.3,4.4864,1992-10-04,9,1.1794309596682293,True,16.55658580117267,0.33114332847357186
BKR101_P001,101,P001,1993,2,314,1993-06-28,179,267,133,488,0,0,234236,2,wheat/winter wheat,8.6,13,17.7,2,18.62,77,2.8,0,0,3.3,5385.4,15233.6,4.3976,1992-10-04,9,1.1794309596682293,True,16.55658580117267,0.33114332847357186
BKR101_P001,101,P001,1993,2,314,1993-06-29,180,268,133,488,0,0,234236,2,wheat/winter wheat,7.8,15.3,21.1,0,20.573,75,2.1,0,0,3.7,5542.5,15408.4,4.3084,1992-10-04,9,1.1794309596682293,True,16.55658580117267,0.33114332847357186
BKR101_P001,101,P001,1993,2,314,1993-06-30,181,269,133,488,0,0,234236,2,wheat/winter wheat,9.5,14.6,19.7,0,27.386,69,3.3,0,0,4.9,5736.7,15627.4,4.2177,1992-10-04,9,1.1794309596682293,True,16.55658580117267,0.33114332847357186
BKR101_P001,101,P001,1993,2,314,1993-07-01,182,270,133,488,0,0,234236,2,wheat/winter wheat,6.8,14.5,21.1,0,24.757,73,1,0,16.557,3.9,5900,15809.2,4.1259,1992-10-04,9,1.1794309596682293,True,16.55658580117267,0.33114332847357186
BKR101_P001,101,P001,1993,2,314,1993-07-02,183,271,133,488,0,0,234236,2,wheat/winter wheat,8.6,18.4,26.4,0,29.751,63,1.2,0,0,5.3,6057.8,15983.9,4.0333,1992-10-04,9,1.1794309596682293,True,16.55658580117267,0.33114332847357186
BKR101_P001,101,P001,1993,2,314,1993-07-03,184,272,133,488,0,0,234236,2,wheat/winter wheat,11.8,18.8,22.9,0,21.365,66,3.5,0,0,4.8,6196.5,16135.2,3.9379,1992-10-04,9,1.1794309596682293,True,16.55658580117267,0.33114332847357186
BKR101_P001,101,P001,1993,2,314,1993-07-04,185,273,133,488,0,0,234236,2,wheat/winter wheat,16.5,19.9,22.8,0,15.749,75,4,0,0,4,6287,16228.4,3.84,1992-10-04,9,1.1794309596682293,True,16.55658580117267,0.33114332847357186
BKR101_P001,101,P001,1993,2,314,1993-07-05,186,274,133,488,0,0,234236,2,wheat/winter wheat,12.9,17.1,22.5,0.1,13.653,81,2.1,0,0,2.8,6364.5,16305.7,3.7392,1992-10-04,9,1.1794309596682293,True,16.55658580117267,0.33114332847357186
BKR101_P001,101,P001,1993,2,314,1993-07-06,187,275,133,488,0,0,234236,2,wheat/winter wheat,10.9,13.3,16,14,14.541,74,4.6,0,16.557,3.2,6459.5,16404.1,3.637,1992-10-04,9,1.1794309596682293,True,16.55658580117267,0.33114332847357186
BKR101_P001,101,P001,1993,2,314,1993-07-07,188,276,133,488,0,0,234236,2,wheat/winter wheat,10.6,12.6,16.6,4.1,18.009,81,6.2,0,0,3.3,6562.7,16512.3,3.5355,1992-10-04,9,1.1794309596682293,True,16.55658580117267,0.33114332847357186
BKR101_P001,101,P001,1993,2,314,1993-07-08,189,277,133,488,0,0,234236,2,wheat/winter wheat,10.2,14.2,18.7,0,20.314,72,4.1,0,0,4,6698.6,16659.8,3.4349,1992-10-04,9,1.1794309596682293,True,16.55658580117267,0.33114332847357186
BKR101_P001,101,P001,1993,2,314,1993-07-09,190,278,133,488,0,0,234236,2,wheat/winter wheat,11.9,20.1,26.6,0,27.742,57,4.2,0,0,6.8,6866.4,16844.7,3.3347,1992-10-04,9,1.1794309596682293,True,16.55658580117267,0.33114332847357186
BKR101_P001,101,P001,1993,2,314,1993-07-10,191,279,133,488,0,0,234236,2,wheat/winter wheat,12,17,26.7,0.8,14.7,82,2.3,0,0,3.1,6948,16926.9,3.2327,1992-10-04,9,1.1794309596682293,True,16.55658580117267,0.33114332847357186
BKR101_P001,101,P001,1993,2,314,1993-07-11,192,280,133,488,0,0,234236,2,wheat/winter wheat,9.9,11.7,13.4,21,3.996,97,2.2,0,0,0.9,7022,17000.1,3.1304,1992-10-04,9,1.1794309596682293,True,16.55658580117267,0.33114332847357186
BKR101_P001,101,P001,1993,2,314,1993-07-12,193,281,133,488,0,0,234236,2,wheat/winter wheat,9.7,12.5,16.3,2.7,16.86,81,4,0,0,2.9,7169.5,17161.2,3.03,1992-10-04,9,1.1794309596682293,True,16.55658580117267,0.33114332847357186
BKR101_P001,101,P001,1993,2,314,1993-07-13,194,282,133,488,0,0,234236,2,wheat/winter wheat,8.8,11.9,15.4,0.3,19.201,82,3.9,0,0,3,7308.2,17312.1,2.9311,1992-10-04,9,1.1794309596682293,True,16.55658580117267,0.33114332847357186
BKR101_P001,101,P001,1993,2,314,1993-07-14,195,283,133,488,0,0,234236,2,wheat/winter wheat,7.8,14.5,19.2,0,20.239,70,2.1,0,0,3.6,7451.3,17468.3,2.8341,1992-10-04,9,1.1794309596682293,True,16.55658580117267,0.33114332847357186
BKR101_P001,101,P001,1993,2,314,1993-07-15,196,284,133,488,0,0,234236,2,wheat/winter wheat,12.5,15,18.2,8,10.2,91,2,0,0,1.9,7534.7,17553.5,2.738,1992-10-04,9,1.1794309596682293,True,16.55658580117267,0.33114332847357186
BKR101_P001,101,P001,1993,2,314,1993-07-16,197,285,133,488,0,0,234236,2,wheat/winter wheat,12.8,16.5,21.3,4.6,19.456,78,1.3,0,0,3.4,7657,17684.9,2.6428,1992-10-04,9,1.1794309596682293,True,16.55658580117267,0.33114332847357186
BKR101_P001,101,P001,1993,2,314,1993-07-17,198,286,133,488,0,0,234236,2,wheat/winter wheat,12.9,18,22.3,1.8,16.721,85,3.1,0,0,3.2,7760.8,17794.4,2.5481,1992-10-04,9,1.1794309596682293,True,16.55658580117267,0.33114332847357186
BKR101_P001,101,P001,1993,2,314,1993-07-18,199,287,133,488,0,0,234236,2,wheat/winter wheat,13,17.1,22,0.3,20.36,79,3,0,0,3.9,7879.1,17921.1,2.4535,1992-10-04,9,1.1794309596682293,True,16.55658580117267,0.33114332847357186
BKR101_P001,101,P001,1993,2,314,1993-07-19,200,288,133,488,0,0,234236,2,wheat/winter wheat,12.1,17.1,21.8,0.1,12.997,82,1.2,0,0,2.5,7958.6,18001.8,2.3595,1992-10-04,9,1.1794309596682293,True,16.55658580117267,0.33114332847357186
BKR101_P001,101,P001,1993,2,314,1993-07-20,201,289,133,488,0,0,234236,2,wheat/winter wheat,12.3,16.8,21.1,2.4,17.06,78,2.5,0,0,3.3,8056.7,18104.6,2.2662,1992-10-04,9,1.1794309596682293,True,16.55658580117267,0.33114332847357186
BKR101_P001,101,P001,1993,2,314,1993-07-21,202,290,133,488,0,0,234236,2,wheat/winter wheat,10.7,13.8,17,0.1,10.507,84,4,0,0,2.2,8130.1,18178.4,2.1739,1992-10-04,9,1.1794309596682293,True,16.55658580117267,0.33114332847357186
BKR101_P001,101,P001,1993,2,314,1993-07-22,203,291,133,488,0,0,234236,2,wheat/winter wheat,10.7,14.7,18.8,0.4,19.637,75,3.8,0,0,3.7,8236.2,18291.3,2.0835,1992-10-04,9,1.1794309596682293,True,16.55658580117267,0.33114332847357186
BKR101_P001,101,P001,1993,2,314,1993-07-23,204,292,133,488,0,0,234236,2,wheat/winter wheat,11.6,14.6,18.3,1.2,15.162,79,4.4,0,0,3.1,8318.7,18376.2,1.9947,1992-10-04,9,1.1794309596682293,True,16.55658580117267,0.33114332847357186
BKR101_P001,101,P001,1993,2,314,1993-07-24,205,293,133,488,0,0,234236,2,wheat/winter wheat,14.2,18.2,22.8,6.7,15.473,83,4.5,0,0,3.3,8386,18443.4,1.9077,1992-10-04,9,1.1794309596682293,True,16.55658580117267,0.33114332847357186
BKR101_P001,101,P001,1993,2,314,1993-07-25,206,294,133,488,0,0,234236,2,wheat/winter wheat,11.9,17.3,22.9,0.4,17.755,75,4.6,0,0,4,8461.2,18520,1.8216,1992-10-04,9,1.1794309596682293,True,16.55658580117267,0.33114332847357186
BKR101_P001,101,P001,1993,2,314,1993-07-26,207,295,133,488,0,0,234236,2,wheat/winter wheat,10.1,13.8,20.2,2.3,19.286,80,4.9,0,0,3.5,8539.9,18601,1.7368,1992-10-04,9,1.1794309596682293,True,16.55658580117267,0.33114332847357186
BKR101_P001,101,P001,1993,2,314,1993-07-27,208,296,133,488,0,0,234236,2,wheat/winter wheat,10,13.8,18.9,2.3,16.76,85,4.6,0,0,2.9,8609.3,18671.3,1.6541,1992-10-04,9,1.1794309596682293,True,16.55658580117267,0.33114332847357186
BKR101_P001,101,P001,1993,2,314,1993-07-28,209,297,133,488,0,0,234236,2,wheat/winter wheat,13.3,16,19.2,0.5,13.993,89,4.4,0,0,2.5,8663.6,18723.9,1.5735,1992-10-04,9,1.1794309596682293,True,16.55658580117267,0.33114332847357186
BKR101_P001,101,P001,1993,2,314,1993-07-29,210,298,133,488,0,0,234236,2,wheat/winter wheat,11.8,17.2,21.3,0,16.15,78,2.5,0,0,3.2,8719.4,18778.6,1.4947,1992-10-04,9,1.1794309596682293,True,16.55658580117267,0.33114332847357186
BKR101_P001,101,P001,1993,2,314,1993-07-30,211,299,133,488,0,0,234236,2,wheat/winter wheat,15.9,22.8,28.8,0,20.372,69,2.4,0,0,4.7,8755.6,18810,1.4173,1992-10-04,9,1.1794309596682293,True,16.55658580117267,0.33114332847357186
BKR101_P001,101,P001,1993,2,314,1993-07-31,212,300,133,488,0,0,234236,2,wheat/winter wheat,12.6,16.9,21.7,3.4,9.037,89,3.4,0,0,1.9,8775.4,18822.4,1.3405,1992-10-04,9,1.1794309596682293,True,16.55658580117267,0.33114332847357186
BKR101_P001,101,P001,1993,2,314,1993-08-01,213,301,133,488,0,0,234236,2,wheat/winter wheat,10.6,15.5,20,0,18.513,76,2.7,0,0,3.4,8826,18871.5,1.2654,1992-10-04,9,1.1794309596682293,True,16.55658580117267,0.33114332847357186
BKR101_P001,101,P001,1993,2,314,1993-08-02,214,302,133,488,0,0,234236,2,wheat/winter wheat,10.6,18.2,25.1,0.1,21.643,68,2.5,0,0,4.4,8869.6,18912.4,1.1924,1992-10-04,9,1.1794309596682293,True,16.55658580117267,0.33114332847357186
BKR101_P001,101,P001,1993,2,314,1993-08-03,215,303,133,488,0,0,234236,2,wheat/winter wheat,13,20.8,27.3,1.6,21.539,67,2.2,0,0,4.6,8898.2,18935.9,1.121,1992-10-04,9,1.1794309596682293,True,16.55658580117267,0.33114332847357186
BKR101_P001,101,P001,1993,2,314,1993-08-04,216,304,133,488,0,0,234236,2,wheat/winter wheat,14.2,18.8,24,0,18.199,79,1.3,0,0,3.3,8918.6,18949.8,1.051,1992-10-04,9,1.1794309596682293,True,16.55658580117267,0.33114332847357186
BKR101_P001,101,P001,1993,2,314,1993-08-05,217,305,133,488,0,0,234236,2,wheat/winter wheat,13.5,17.4,21.3,0.1,8.849,91,1.3,0,0,1.7,8926.8,18948.5,0.9826,1992-10-04,9,1.1794309596682293,True,16.55658580117267,0.33114332847357186
BKR101_P001,101,P001,1993,2,314,1993-08-06,218,306,133,488,0,0,234236,2,wheat/winter wheat,13.5,15.2,16.9,10.4,10.963,87,5.9,0,0,2.2,8935,18948.8,0.9152,1992-10-04,9,1.1794309596682293,True,16.55658580117267,0.33114332847357186
BKR101_P001,101,P001,1993,2,314,1993-08-07,219,307,133,488,0,0,234236,2,wheat/winter wheat,12.6,15.6,19.3,0.3,15.078,78,5.4,0,0,3.3,8942.7,18948.8,0.8511,1992-10-04,9,1.1794309596682293,True,16.55658580117267,0.33114332847357186
BKR101_P001,101,P001,1993,2,314,1993-08-08,220,308,133,488,0,0,234236,2,wheat/winter wheat,13.3,16.4,19.3,1.5,9.35,88,1.6,0,0,1.8,8950.2,18946.7,0.7893,1992-10-04,9,1.1794309596682293,True,16.55658580117267,0.33114332847357186
BKR101_P001,101,P001,1993,2,314,1993-08-09,221,309,133,488,0,0,234236,2,wheat/winter wheat,11.9,16.7,20.9,2.2,16.654,85,2.1,0,0,2.8,8957.7,18947.3,0.7279,1992-10-04,9,1.1794309596682293,True,16.55658580117267,0.33114332847357186
BKR101_P001,101,P001,1993,2,314,1993-08-10,222,310,133,488,0,0,234236,2,wheat/winter wheat,10.9,14.9,18.6,8.6,9.591,90,3.9,0,0,1.8,8964.4,18945.6,0.6712,1992-10-04,9,1.1794309596682293,True,16.55658580117267,0.33114332847357186
BKR101_P001,101,P001,1993,2,314,1993-08-11,223,311,133,488,0,0,234236,2,wheat/winter wheat,9.1,13.8,17.6,0.8,18.868,71,4.2,0,0,3.6,8964.4,18945.6,0.6159,1992-10-04,9,1.1794309596682293,True,16.55658580117267,0.33114332847357186
BKR101_P001,101,P001,1993,2,314,1993-08-12,224,312,133,488,0,0,234236,2,wheat/winter wheat,12.9,19.5,24.6,0,17.459,67,4.4,0,0,4.5,8964.4,18945.6,0.6159,1992-10-04,9,1.1794309596682293,True,16.55658580117267,0.33114332847357186
BKR101_P001,101,P001,1993,2,314,1993-08-13,225,313,133,488,0,0,234236,2,wheat/winter wheat,9.7,15.5,19.2,0.1,19.674,70,4.1,0,0,4.5,8964.4,18945.6,0.6159,1992-10-04,9,1.1794309596682293,True,16.55658580117267,0.33114332847357186
BKR101_P001,101,P001,1994,3,298,1993-10-04,277,0,133,488,0,0,234236,3,wheat/winter wheat,10,13,17.8,0,12.197,78,4.6,0,0,1.9,0,53,0.0972,1993-10-04,9,1.1794309596682293,True,16.55658580117267,0.33114332847357186
BKR101_P001,101,P001,1994,3,298,1993-10-05,278,1,133,488,0,0,234236,3,wheat/winter wheat,9.4,14.2,19.7,0,10.89,82,2.4,0,0,1.4,0,53,0.0972,1993-10-04,9,1.1794309596682293,True,16.55658580117267,0.33114332847357186
BKR101_P001,101,P001,1994,3,298,1993-10-06,279,2,133,488,0,0,234236,3,wheat/winter wheat,8.4,12.1,16.3,0,7.302,91,2.3,0,0,0.9,0,53,0.0972,1993-10-04,9,1.1794309596682293,True,16.55658580117267,0.33114332847357186
BKR101_P001,101,P001,1994,3,298,1993-10-07,280,3,133,488,0,0,234236,3,wheat/winter wheat,8.4,12.7,17.5,0,8.501,89,2,0,0,1,0,53,0.0972,1993-10-04,9,1.1794309596682293,True,16.55658580117267,0.33114332847357186
BKR101_P001,101,P001,1994,3,298,1993-10-08,281,4,133,488,0,0,234236,3,wheat/winter wheat,4,10.8,17.1,0.1,8.45,90,3.2,0,0,0.9,0,53,0.0972,1993-10-04,9,1.1794309596682293,True,16.55658580117267,0.33114332847357186
BKR101_P001,101,P001,1994,3,298,1993-10-09,282,5,133,488,0,0,234236,3,wheat/winter wheat,8.6,12.4,14.2,6,2.903,96,3.3,0,0,0.6,0,53,0.0972,1993-10-04,9,1.1794309596682293,True,16.55658580117267,0.33114332847357186
BKR101_P001,101,P001,1994,3,298,1993-10-10,283,6,133,488,0,0,234236,3,wheat/winter wheat,7.8,11,15.5,0,10.693,82,3.4,0,0,1.3,0,53,0.0972,1993-10-04,9,1.1794309596682293,True,16.55658580117267,0.33114332847357186
BKR101_P001,101,P001,1994,3,298,1993-10-11,284,7,133,488,0,0,234236,3,wheat/winter wheat,6.2,11.1,15.5,0.4,4.848,94,2.6,0,0,0.6,0,53,0.0972,1993-10-04,9,1.1794309596682293,True,16.55658580117267,0.33114332847357186
BKR101_P001,101,P001,1994,3,298,1993-10-12,285,8,133,488,0,0,234236,3,wheat/winter wheat,7.6,13.4,18.9,0.3,5.227,86,4.1,0,0,1.1,0,53,0.0972,1993-10-04,9,1.1794309596682293,True,16.55658580117267,0.33114332847357186
BKR101_P001,101,P001,1994,3,298,1993-10-13,286,9,133,488,0,0,234236,3,wheat/winter wheat,10.9,13.6,17.3,0,9.625,80,5.3,0,0,1.6,0,53,0.0972,1993-10-04,9,1.1794309596682293,True,16.55658580117267,0.33114332847357186
BKR101_P001,101,P001,1994,3,298,1993-10-14,287,10,133,488,0,0,234236,3,wheat/winter wheat,9.4,12,13.6,1.4,3.564,91,3.7,0,0,0.6,0,55.5,0.0972,1993-10-04,9,1.1794309596682293,True,16.55658580117267,0.33114332847357186
BKR101_P001,101,P001,1994,3,298,1993-10-15,288,11,133,488,0,0,234236,3,wheat/winter wheat,2.5,6.2,8.8,1.4,3.109,95,3.1,0,0,0.3,0,57.7,0.1017,1993-10-04,9,1.1794309596682293,True,16.55658580117267,0.33114332847357186
BKR101_P001,101,P001,1994,3,298,1993-10-16,289,12,133,488,0,0,234236,3,wheat/winter wheat,1.6,4.9,8.6,0,8.287,88,3.6,0,0,0.6,0,60.9,0.1057,1993-10-04,9,1.1794309596682293,True,16.55658580117267,0.33114332847357186
BKR101_P001,101,P001,1994,3,298,1993-10-17,290,13,133,488,0,0,234236,3,wheat/winter wheat,0.7,4.4,9.3,0,10.777,82,3,0,0,0.6,0,64.2,0.1116,1993-10-04,9,1.1794309596682293,True,16.55658580117267,0.33114332847357186
BKR101_P001,101,P001,1994,3,298,1993-10-18,291,14,133,488,0,0,234236,3,wheat/winter wheat,-2.5,1.5,7.8,0,9.734,85,1.8,0,0,0.4,0,67.1,0.1175,1993-10-04,9,1.1794309596682293,True,16.55658580117267,0.33114332847357186
BKR101_P001,101,P001,1994,3,298,1993-10-19,292,15,133,488,0,0,234236,3,wheat/winter wheat,-2.9,1.2,9.5,0,9,79,1.1,0,0,0.4,0,69.9,0.1227,1993-10-04,9,1.1794309596682293,True,16.55658580117267,0.33114332847357186
BKR101_P001,101,P001,1994,3,298,1993-10-20,293,16,133,488,0,0,234236,3,wheat/winter wheat,5,5.2,8.7,1,5.7,85,3.1,0,0,0.6,0,73.1,0.1279,1993-10-04,9,1.1794309596682293,True,16.55658580117267,0.33114332847357186
BKR101_P001,101,P001,1994,3,298,1993-10-21,294,17,133,488,0,0,234236,3,wheat/winter wheat,4.3,6.2,8.1,0.3,4.2,86,1.1,0,0,0.4,0,76.2,0.1337,1993-10-04,9,1.1794309596682293,True,16.55658580117267,0.33114332847357186
BKR101_P001,101,P001,1994,3,298,1993-10-22,295,18,133,488,0,0,234236,3,wheat/winter wheat,5,6.8,9,0,4,88,8.6,0,0,0.5,0,79.4,0.1393,1993-10-04,9,1.1794309596682293,True,16.55658580117267,0.33114332847357186
BKR101_P001,101,P001,1994,3,298,1993-10-23,296,19,133,488,0,0,234236,3,wheat/winter wheat,4.8,5.6,6.3,0,2.4,82,6.1,0,0,0.5,0,81.9,0.145,1993-10-04,9,1.1794309596682293,True,16.55658580117267,0.33114332847357186
BKR101_P001,101,P001,1994,3,298,1993-10-24,297,20,133,488,0,0,234236,3,wheat/winter wheat,1,5.7,7.5,0,2.3,81,4.2,0,0,0.5,0,84.6,0.1497,1993-10-04,9,1.1794309596682293,True,16.55658580117267,0.33114332847357186
BKR101_P001,101,P001,1994,3,298,1993-10-25,298,21,133,488,0,0,234236,3,wheat/winter wheat,1.8,4.7,8.9,0,3.8,87,2.5,0,0,0.4,0,87.6,0.1545,1993-10-04,9,1.1794309596682293,True,16.55658580117267,0.33114332847357186
BKR101_P001,101,P001,1994,3,298,1993-10-26,299,22,133,488,0,0,234236,3,wheat/winter wheat,5.5,5.4,7.8,0,2.1,93,1.1,0,0,0.3,0,90.2,0.1601,1993-10-04,9,1.1794309596682293,True,16.55658580117267,0.33114332847357186
BKR101_P001,101,P001,1994,3,298,1993-10-27,300,23,133,488,0,0,234236,3,wheat/winter wheat,6.4,7.2,8.6,0,2,93,0,0,0,0.4,0,92.8,0.1647,1993-10-04,9,1.1794309596682293,True,16.55658580117267,0.33114332847357186
BKR101_P001,101,P001,1994,3,298,1993-10-28,301,24,133,488,0,0,234236,3,wheat/winter wheat,5.3,6.9,8.1,0,2,87,3.1,0,0,0.4,0,95.5,0.1695,1993-10-04,9,1.1794309596682293,True,16.55658580117267,0.33114332847357186
BKR101_P001,101,P001,1994,3,298,1993-10-29,302,25,133,488,0,0,234236,3,wheat/winter wheat,0.1,3.6,5.5,1.5,1.314,90,2.1,0,0,0.3,0,97.8,0.1744,1993-10-04,9,1.1794309596682293,True,16.55658580117267,0.33114332847357186
BKR101_P001,101,P001,1994,3,298,1993-10-30,303,26,133,488,0,0,234236,3,wheat/winter wheat,-1.2,1.9,7.8,0,8.225,89,2,0,0,0.2,0,101.5,0.1785,1993-10-04,9,1.1794309596682293,True,16.55658580117267,0.33114332847357186
BKR101_P001,101,P001,1994,3,298,1993-10-31,304,27,133,488,0,0,234236,3,wheat/winter wheat,-3.1,0.3,5.8,0,5.64,95,0.8,0,0,0.1,0,105,0.1853,1993-10-04,9,1.1794309596682293,True,16.55658580117267,0.33114332847357186
BKR101_P001,101,P001,1994,3,298,1993-11-01,305,28,133,488,0,0,234236,3,wheat/winter wheat,-2.7,-0.5,4.6,0,4.966,98,0.6,0,0,0,0,105,0.1915,1993-10-04,9,1.1794309596682293,True,16.55658580117267,0.33114332847357186
BKR101_P001,101,P001,1994,3,298,1993-11-02,306,29,133,488,0,0,234236,3,wheat/winter wheat,-3,0,1.6,0,2.861,99,1.8,0,0,0.1,0,107.6,0.1915,1993-10-04,9,1.1794309596682293,True,16.55658580117267,0.33114332847357186
BKR101_P001,101,P001,1994,3,298,1993-11-03,307,30,133,488,0,0,234236,3,wheat/winter wheat,-1,0.3,1.2,0,2.53,99,2.1,0,0,0.1,0,110.2,0.1963,1993-10-04,9,1.1794309596682293,True,16.55658580117267,0.33114332847357186
BKR101_P001,101,P001,1994,3,298,1993-11-04,308,31,133,488,0,0,234236,3,wheat/winter wheat,0.2,1.3,2.7,0,1.455,99,1.8,0,0,0.1,0,112.5,0.201,1993-10-04,9,1.1794309596682293,True,16.55658580117267,0.33114332847357186
BKR101_P001,101,P001,1994,3,298,1993-11-05,309,32,133,488,0,0,234236,3,wheat/winter wheat,0.6,2.6,5,0,2.049,99,3.3,0,0,0.1,0,115.2,0.2051,1993-10-04,9,1.1794309596682293,True,16.55658580117267,0.33114332847357186
BKR101_P001,101,P001,1994,3,298,1993-11-06,310,33,133,488,0,0,234236,3,wheat/winter wheat,0.6,2.2,4.1,0,1.28,98,5.4,0,0,0.1,0,117.4,0.21,1993-10-04,9,1.1794309596682293,True,16.55658580117267,0.33114332847357186
BKR101_P001,101,P001,1994,3,298,1993-11-07,311,34,133,488,0,0,234236,3,wheat/winter wheat,4.5,4.9,5.2,4.8,1.14,98,2.3,0,0,0.2,0,119.7,0.214,1993-10-04,9,1.1794309596682293,True,16.55658580117267,0.33114332847357186
BKR101_P001,101,P001,1994,3,298,1993-11-08,312,35,133,488,0,0,234236,3,wheat/winter wheat,4.8,5.5,6.2,1.1,1.811,98,1.6,0,0,0.2,0,122.5,0.2181,1993-10-04,9,1.1794309596682293,True,16.55658580117267,0.33114332847357186
BKR101_P001,101,P001,1994,3,298,1993-11-09,313,36,133,488,0,0,234236,3,wheat/winter wheat,4.8,5.5,6.2,3.1,1.411,97,3.4,0,0,0.1,0,125,0.2232,1993-10-04,9,1.1794309596682293,True,16.55658580117267,0.33114332847357186
BKR101_P001,101,P001,1994,3,298,1993-11-10,314,37,133,488,0,0,234236,3,wheat/winter wheat,4,5.1,6.9,0,2.404,96,2.3,0,0,0.2,0,128.4,0.2277,1993-10-04,9,1.1794309596682293,True,16.55658580117267,0.33114332847357186
BKR101_P001,101,P001,1994,3,298,1993-11-11,315,38,133,488,0,0,234236,3,wheat/winter wheat,1.2,2.5,5.5,0.5,2.24,91,4.8,0,0,0.2,0,131.4,0.2337,1993-10-04,9,1.1794309596682293,True,16.55658580117267,0.33114332847357186
BKR101_P001,101,P001,1994,3,298,1993-11-12,316,39,133,488,0,0,234236,3,wheat/winter wheat,0.8,3.7,6.4,0,3.454,94,3.2,0,0,0.1,0,135.6,0.2391,1993-10-04,9,1.1794309596682293,True,16.55658580117267,0.33114332847357186
BKR101_P001,101,P001,1994,3,298,1993-11-13,317,40,133,488,0,0,234236,3,wheat/winter wheat,-2.7,1.5,6.3,0,5.101,95,1.6,0,0,0,0,139.8,0.2467,1993-10-04,9,1.1794309596682293,True,16.55658580117267,0.33114332847357186
BKR101_P001,101,P001,1994,3,298,1993-11-14,318,41,133,488,0,0,234236,3,wheat/winter wheat,-1.4,0.8,2.7,7.5,1.753,97,4.1,0,0,0.1,0,142.5,0.2541,1993-10-04,9,1.1794309596682293,True,16.55658580117267,0.33114332847357186
BKR101_P001,101,P001,1994,3,298,1993-11-15,319,42,133,488,0,0,234236,3,wheat/winter wheat,-0.1,1.2,3.3,1.1,0.76,97,3.5,0,0,0.1,0,144.4,0.2589,1993-10-04,9,1.1794309596682293,True,16.55658580117267,0.33114332847357186
BKR101_P001,101,P001,1994,3,298,1993-11-16,320,43,133,488,0,0,234236,3,wheat/winter wheat,0.6,1.1,1.7,0,1.342,93,2,0,0,0.1,0,146.8,0.2623,1993-10-04,9,1.1794309596682293,True,16.55658580117267,0.33114332847357186
BKR101_P001,101,P001,1994,3,298,1993-11-17,321,44,133,488,0,0,234236,3,wheat/winter wheat,-2.6,-0.1,1.2,0,1.838,93,0.7,0,0,0,0,146.8,0.2666,1993-10-04,9,1.1794309596682293,True,16.55658580117267,0.33114332847357186
BKR101_P001,101,P001,1994,3,298,1993-11-18,322,45,133,488,0,0,234236,3,wheat/winter wheat,-4.2,-2.5,-1.4,0,3.576,94,0.9,0,0,0,0,146.7,0.2666,1993-10-04,9,1.1794309596682293,True,16.55658580117267,0.33114332847357186
BKR101_P001,101,P001,1994,3,298,1993-11-19,323,46,133,488,0,0,234236,3,wheat/winter wheat,-3.1,-1.3,0.2,0.5,1.585,94,2.6,0,0,0,0,146.6,0.2665,1993-10-04,9,1.1794309596682293,True,16.55658580117267,0.33114332847357186
BKR101_P001,101,P001,1994,3,298,1993-11-20,324,47,133,488,0,0,234236,3,wheat/winter wheat,-8.1,-4.5,-0.4,0.3,3.456,88,4.9,0,0,0,0,146.5,0.2664,1993-10-04,9,1.1794309596682293,True,16.55658580117267,0.33114332847357186
BKR101_P001,101,P001,1994,3,298,1993-11-21,325,48,133,488,0,0,234236,3,wheat/winter wheat,-8.4,-7.3,-5.8,0,2.412,83,5.9,0,0,0,0,146.5,0.2664,1993-10-04,9,1.1794309596682293,True,16.55658580117267,0.33114332847357186
BKR101_P001,101,P001,1994,3,298,1993-11-22,326,49,133,488,0,0,234236,3,wheat/winter wheat,-5.5,-4.4,-3.3,6,1.811,94,3.1,0,0,0,0,146.4,0.2663,1993-10-04,9,1.1794309596682293,True,16.55658580117267,0.33114332847357186
BKR101_P001,101,P001,1994,3,298,1993-11-23,327,50,133,488,0,0,234236,3,wheat/winter wheat,-10.3,-4.8,-3.2,0,4.063,92,3.3,0,0,0,0,146.4,0.2662,1993-10-04,9,1.1794309596682293,True,16.55658580117267,0.33114332847357186
BKR101_P001,101,P001,1994,3,298,1993-11-24,328,51,133,488,0,0,234236,3,wheat/winter wheat,-13,-8.6,-5.3,0,2.734,96,1.8,0,0,0,0,146.3,0.2662,1993-10-04,9,1.1794309596682293,True,16.55658580117267,0.33114332847357186
BKR101_P001,101,P001,1994,3,298,1993-11-25,329,52,133,488,0,0,234236,3,wheat/winter wheat,-7.6,-5.6,-2.7,0,4.025,98,0.8,0,0,0,0,146.3,0.2662,1993-10-04,9,1.1794309596682293,True,16.55658580117267,0.33114332847357186
BKR101_P001,101,P001,1994,3,298,1993-11-26,330,53,133,488,0,0,234236,3,wheat/winter wheat,-8.3,-5.3,-2.6,0,1.52,99,0.8,0,0,0,0,146.2,0.2661,1993-10-04,9,1.1794309596682293,True,16.55658580117267,0.33114332847357186
BKR101_P001,101,P001,1994,3,298,1993-11-27,331,54,133,488,0,0,234236,3,wheat/winter wheat,-3.6,-2.9,-2.1,0,1.513,92,2.5,0,0,0,0,146.1,0.266,1993-10-04,9,1.1794309596682293,True,16.55658580117267,0.33114332847357186
BKR101_P001,101,P001,1994,3,298,1993-11-28,332,55,133,488,0,0,234236,3,wheat/winter wheat,-5,-3.1,-1.7,0.1,2.446,92,2.9,0,0,0,0,146.1,0.266,1993-10-04,9,1.1794309596682293,True,16.55658580117267,0.33114332847357186
BKR101_P001,101,P001,1994,3,298,1993-11-29,333,56,133,488,0,0,234236,3,wheat/winter wheat,-6.9,-5.1,-4.6,0,1.768,94,1.5,0,0,0,0,146,0.2659,1993-10-04,9,1.1794309596682293,True,16.55658580117267,0.33114332847357186
BKR101_P001,101,P001,1994,3,298,1993-11-30,334,57,133,488,0,0,234236,3,wheat/winter wheat,-10.3,-8.3,-6.4,0,1.753,97,2.9,0,0,0,0,146,0.2659,1993-10-04,9,1.1794309596682293,True,16.55658580117267,0.33114332847357186
BKR101_P001,101,P001,1994,3,298,1993-12-01,335,58,133,488,0,0,234236,3,wheat/winter wheat,-7.6,-6.6,-5.7,0,2.265,96,5.2,0,0,0,0,145.9,0.2658,1993-10-04,9,1.1794309596682293,True,16.55658580117267,0.33114332847357186
BKR101_P001,101,P001,1994,3,298,1993-12-02,336,59,133,488,0,0,234236,3,wheat/winter wheat,-6.4,-0.7,3.9,0.8,2.069,94,5.7,0,0,0,0,145.8,0.2658,1993-10-04,9,1.1794309596682293,True,16.55658580117267,0.33114332847357186
BKR101_P001,101,P001,1994,3,298,1993-12-03,337,60,133,488,0,0,234236,3,wheat/winter wheat,3.6,6.2,8.5,0,1.145,94,6.6,0,0,0.1,0,148.1,0.2657,1993-10-04,9,1.1794309596682293,True,16.55658580117267,0.33114332847357186
BKR101_P001,101,P001,1994,3,298,1993-12-04,338,61,133,488,0,0,234236,3,wheat/winter wheat,4.9,6.9,8.8,0,3.03,82,6.3,0,0,0.4,0,152.3,0.2697,1993-10-04,9,1.1794309596682293,True,16.55658580117267,0.33114332847357186
BKR101_P001,101,P001,1994,3,298,1993-12-05,339,62,133,488,0,0,234236,3,wheat/winter wheat,3.3,5.1,8.4,0,1.966,85,6.1,0,0,0.3,0,156,0.2771,1993-10-04,9,1.1794309596682293,True,16.55658580117267,0.33114332847357186
BKR101_P001,101,P001,1994,3,298,1993-12-06,340,63,133,488,0,0,234236,3,wheat/winter wheat,4.9,6.1,6.9,0,1.094,91,4.6,0,0,0.2,0,158.3,0.2836,1993-10-04,9,1.1794309596682293,True,16.55658580117267,0.33114332847357186
BKR101_P001,101,P001,1994,3,298,1993-12-07,341,64,133,488,0,0,234236,3,wheat/winter wheat,1.3,3.2,4.9,3.1,3.218,87,5.8,0,0,0.2,0,162.2,0.2876,1993-10-04,9,1.1794309596682293,True,16.55658580117267,0.33114332847357186
BKR101_P001,101,P001,1994,3,298,1993-12-08,342,65,133,488,0,0,234236,3,wheat/winter wheat,1,2.4,3.3,3.5,1.393,90,5.7,0,0,0.1,0,164.9,0.2944,1993-10-04,9,1.1794309596682293,True,16.55658580117267,0.33114332847357186
BKR101_P001,101,P001,1994,3,298,1993-12-09,343,66,133,488,0,0,234236,3,wheat/winter wheat,3,5.8,7.7,19,1.198,88,9.2,0,0,0.2,0,167.6,0.2991,1993-10-04,9,1.1794309596682293,True,16.55658580117267,0.33114332847357186
BKR101_P001,101,P001,1994,3,298,1993-12-10,344,67,133,488,0,0,234236,3,wheat/winter wheat,1.2,4.1,5.6,3.4,2.845,90,6.3,0,0,0.1,0,171.7,0.3037,1993-10-04,9,1.1794309596682293,True,16.55658580117267,0.33114332847357186
BKR101_P001,101,P001,1994,3,298,1993-12-11,345,68,133,488,0,0,234236,3,wheat/winter wheat,2.3,4,5.6,0.5,1.841,82,7.3,0,0,0.3,0,175.7,0.3109,1993-10-04,9,1.1794309596682293,True,16.55658580117267,0.33114332847357186
BKR101_P001,101,P001,1994,3,298,1993-12-12,346,69,133,488,0,0,234236,3,wheat/winter wheat,2.1,3.1,3.9,1.5,1.617,91,6.9,0,0,0.1,0,179.1,0.3176,1993-10-04,9,1.1794309596682293,True,16.55658580117267,0.33114332847357186
BKR101_P001,101,P001,1994,3,298,1993-12-13,347,70,133,488,0,0,234236,3,wheat/winter wheat,-0.1,1.9,6.3,5.3,0.787,98,3.5,0,0,0.1,0,180.9,0.3235,1993-10-04,9,1.1794309596682293,True,16.55658580117267,0.33114332847357186
BKR101_P001,101,P001,1994,3,298,1993-12-14,348,71,133,488,0,0,234236,3,wheat/winter wheat,-1.1,2.3,5.8,1.6,1.03,96,3.3,0,0,0.1,0,183.3,0.3266,1993-10-04,9,1.1794309596682293,True,16.55658580117267,0.33114332847357186
BKR101_P001,101,P001,1994,3,298,1993-12-15,349,72,133,488,0,0,234236,3,wheat/winter wheat,-1.1,1,2.9,0.8,2.026,92,2.7,0,0,0.1,0,187.2,0.3306,1993-10-04,9,1.1794309596682293,True,16.55658580117267,0.33114332847357186
BKR101_P001,101,P001,1994,3,298,1993-12-16,350,73,133,488,0,0,234236,3,wheat/winter wheat,2.6,4.3,5.5,2.4,2.06,79,6.8,0,0,0.4,0,191.6,0.3372,1993-10-04,9,1.1794309596682293,True,16.55658580117267,0.33114332847357186
BKR101_P001,101,P001,1994,3,298,1993-12-17,351,74,133,488,0,0,234236,3,wheat/winter wheat,3,4.2,5.2,1.4,1.666,81,8.2,0,0,0.3,0,195.7,0.3448,1993-10-04,9,1.1794309596682293,True,16.55658580117267,0.33114332847357186
BKR101_P001,101,P001,1994,3,298,1993-12-18,352,75,133,488,0,0,234236,3,wheat/winter wheat,0.3,3.5,6.5,0.3,2.42,95,5,0,0,0,0,200.2,0.3516,1993-10-04,9,1.1794309596682293,True,16.55658580117267,0.33114332847357186
BKR101_P001,101,P001,1994,3,298,1993-12-19,353,76,133,488,0,0,234236,3,wheat/winter wheat,6.3,8.5,10.9,7.4,1.27,83,9.3,0,0,0.4,0,203.6,0.3592,1993-10-04,9,1.1794309596682293,True,16.55658580117267,0.33114332847357186
BKR101_P001,101,P001,1994,3,298,1993-12-20,354,77,133,488,0,0,234236,3,wheat/winter wheat,2.1,4,7.2,0,1.495,77,6.2,0,0,0.4,0,207.4,0.3649,1993-10-04,9,1.1794309596682293,True,16.55658580117267,0.33114332847357186
BKR101_P001,101,P001,1994,3,298,1993-12-21,355,78,133,488,0,0,234236,3,wheat/winter wheat,-1.5,0.3,2.1,0.1,2.236,98,1.2,0,0,0,0,211.6,0.3712,1993-10-04,9,1.1794309596682293,True,16.55658580117267,0.33114332847357186
BKR101_P001,101,P001,1994,3,298,1993-12-22,356,79,133,488,0,0,234236,3,wheat/winter wheat,-1.1,0.5,1.2,1.6,1.781,93,5.5,0,0,0.1,0,215.7,0.3781,1993-10-04,9,1.1794309596682293,True,16.55658580117267,0.33114332847357186
BKR101_P001,101,P001,1994,3,298,1993-12-23,357,80,133,488,0,0,234236,3,wheat/winter wheat,0.8,2.4,3.6,5.1,1.938,88,6.5,0,0,0.2,0,220.5,0.3849,1993-10-04,9,1.1794309596682293,True,16.55658580117267,0.33114332847357186
BKR101_P001,101,P001,1994,3,298,1993-12-24,358,81,133,488,0,0,234236,3,wheat/winter wheat,0.1,0.7,1.2,2.4,0.857,98,2.9,0,0,0.1,0,222.8,0.3928,1993-10-04,9,1.1794309596682293,True,16.55658580117267,0.33114332847357186
BKR101_P001,101,P001,1994,3,298,1993-12-25,359,82,133,488,0,0,234236,3,wheat/winter wheat,-0.4,-0.1,0.5,9,0.599,99,0.2,0,0,0,0,222.7,0.3966,1993-10-04,9,1.1794309596682293,True,16.55658580117267,0.33114332847357186
BKR101_P001,101,P001,1994,3,298,1993-12-26,360,83,133,488,0,0,234236,3,wheat/winter wheat,-0.5,0.1,0.5,3.2,0.61,99,1.2,0,0,0.1,0,224.5,0.3965,1993-10-04,9,1.1794309596682293,True,16.55658580117267,0.33114332847357186
BKR101_P001,101,P001,1994,3,298,1993-12-27,361,84,133,488,0,0,234236,3,wheat/winter wheat,-1.9,-1.1,0.3,0,2.352,98,1.8,0,0,0,0,224.4,0.3995,1993-10-04,9,1.1794309596682293,True,16.55658580117267,0.33114332847357186
BKR101_P001,101,P001,1994,3,298,1993-12-28,362,85,133,488,0,0,234236,3,wheat/winter wheat,-5.7,-1.9,-0.6,0,2.444,97,2.2,0,0,0,0,224.3,0.3994,1993-10-04,9,1.1794309596682293,True,16.55658580117267,0.33114332847357186
BKR101_P001,101,P001,1994,3,298,1993-12-29,363,86,133,488,0,0,234236,3,wheat/winter wheat,-6.5,-4.8,-1.4,0,3.578,96,1.4,0,0,0,0,224.2,0.3993,1993-10-04,9,1.1794309596682293,True,16.55658580117267,0.33114332847357186
BKR101_P001,101,P001,1994,3,298,1993-12-30,364,87,133,488,0,0,234236,3,wheat/winter wheat,-0.7,2.3,5.5,2.5,3.075,93,6.2,0,0,0.1,0,229.2,0.3992,1993-10-04,9,1.1794309596682293,True,16.55658580117267,0.33114332847357186
BKR101_P001,101,P001,1994,3,298,1993-12-31,365,88,133,488,0,0,234236,3,wheat/winter wheat,4.4,6,8.5,2.2,2.297,88,6,0,0,0.2,0,234.9,0.4074,1993-10-04,9,1.1794309596682293,True,16.55658580117267,0.33114332847357186
BKR101_P001,101,P001,1994,3,298,1994-01-01,1,89,133,488,0,0,234236,3,wheat/winter wheat,1.9,3,4.4,3.3,2.156,93,4.7,0,0,0.1,0,240.4,0.4168,1993-10-04,9,1.1794309596682293,True,16.55658580117267,0.33114332847357186
BKR101_P001,101,P001,1994,3,298,1994-01-02,2,90,133,488,0,0,234236,3,wheat/winter wheat,-0.9,0.8,2.2,0.6,2.635,93,4,0,0,0,0,245.5,0.4256,1993-10-04,9,1.1794309596682293,True,16.55658580117267,0.33114332847357186
BKR101_P001,101,P001,1994,3,298,1994-01-03,3,91,133,488,0,0,234236,3,wheat/winter wheat,-0.5,0.1,1.1,0.3,1.532,97,2.3,0,0,0,0,249.4,0.4339,1993-10-04,9,1.1794309596682293,True,16.55658580117267,0.33114332847357186
BKR101_P001,101,P001,1994,3,298,1994-01-04,4,92,133,488,0,0,234236,3,wheat/winter wheat,0,2.6,6.4,1.2,3.977,92,3.9,0,0,0,0,255.2,0.4403,1993-10-04,9,1.1794309596682293,True,16.55658580117267,0.33114332847357186
BKR101_P001,101,P001,1994,3,298,1994-01-05,5,93,133,488,0,0,234236,3,wheat/winter wheat,3.3,4.3,5.3,4.2,1.796,88,5,0,0,0.2,0,260.6,0.4496,1993-10-04,9,1.1794309596682293,True,16.55658580117267,0.33114332847357186
BKR101_P001,101,P001,1994,3,298,1994-01-06,6,94,133,488,0,0,234236,3,wheat/winter wheat,2.1,5,6.8,1.5,2.132,93,3.8,0,0,0.1,0,267.2,0.4583,1993-10-04,9,1.1794309596682293,True,16.55658580117267,0.33114332847357186
BKR101_P001,101,P001,1994,3,298,1994-01-07,7,95,133,488,0,0,234236,3,wheat/winter wheat,0.7,1.7,2.8,0,1.853,98,2.2,0,0,0,0,272.4,0.4689,1993-10-04,9,1.1794309596682293,True,16.55658580117267,0.33114332847357186
BKR101_P001,101,P001,1994,3,298,1994-01-08,8,96,133,488,0,0,234236,3,wheat/winter wheat,-1.5,2.1,5.2,0,2.466,94,2.5,0,0,0,0,278.9,0.4773,1993-10-04,9,1.1794309596682293,True,16.55658580117267,0.33114332847357186
BKR101_P001,101,P001,1994,3,298,1994-01-09,9,97,133,488,0,0,234236,3,wheat/winter wheat,-2.5,-0.5,1.1,0.3,1.165,99,1.2,0,0,0,0,278.7,0.4875,1993-10-04,9,1.1794309596682293,True,16.55658580117267,0.33114332847357186
BKR101_P001,101,P001,1994,3,298,1994-01-10,10,98,133,488,0,0,234236,3,wheat/winter wheat,1,1.5,2,0,0.974,99,4.4,0,0,0,0,282,0.4873,1993-10-04,9,1.1794309596682293,True,16.55658580117267,0.33114332847357186
BKR101_P001,101,P001,1994,3,298,1994-01-11,11,99,133,488,0,0,234236,3,wheat/winter wheat,0.8,1.3,2,0.3,0.715,99,2.3,0,0,0.1,0,284.7,0.4925,1993-10-04,9,1.1794309596682293,True,16.55658580117267,0.33114332847357186
BKR101_P001,101,P001,1994,3,298,1994-01-12,12,100,133,488,0,0,234236,3,wheat/winter wheat,2,4.2,6.3,1.1,2.054,93,4.6,0,0,0.1,0,291.2,0.4968,1993-10-04,9,1.1794309596682293,True,16.55658580117267,0.33114332847357186
BKR101_P001,101,P001,1994,3,298,1994-01-13,13,101,133,488,0,0,234236,3,wheat/winter wheat,6,7.9,9.5,7.3,2.339,80,7.5,0,0,0.5,0,299.3,0.5071,1993-10-04,9,1.1794309596682293,True,16.55658580117267,0.33114332847357186
BKR101_P001,101,P001,1994,3,298,1994-01-14,14,102,133,488,0,0,234236,3,wheat/winter wheat,4.7,6.1,7.5,0.1,2.546,76,7,0,0,0.6,0,307.9,0.5197,1993-10-04,9,1.1794309596682293,True,16.55658580117267,0.33114332847357186
BKR101_P001,101,P001,1994,3,298,1994-01-15,15,103,133,488,0,0,234236,3,wheat/winter wheat,1.8,4.2,5.6,1.7,2.626,87,5.8,0,0,0.3,0,316.4,0.533,1993-10-04,9,1.1794309596682293,True,16.55658580117267,0.33114332847357186
BKR101_P001,101,P001,1994,3,298,1994-01-16,16,104,133,488,0,0,234236,3,wheat/winter wheat,-1.2,0.8,2.6,0.2,1.989,91,3.1,0,0,0.1,0,322.4,0.546,1993-10-04,9,1.1794309596682293,True,16.55658580117267,0.33114332847357186
BKR101_P001,101,P001,1994,3,298,1994-01-17,17,105,133,488,0,0,234236,3,wheat/winter wheat,-4,-2.3,-0.9,0,5.002,73,2.7,0,0,0,0,322.2,0.5552,1993-10-04,9,1.1794309596682293,True,16.55658580117267,0.33114332847357186
BKR101_P001,101,P001,1994,3,298,1994-01-18,18,106,133,488,0,0,234236,3,wheat/winter wheat,-3,-0.7,1.6,0,1.403,89,6.6,0,0,0,0,322,0.5551,1993-10-04,9,1.1794309596682293,True,16.55658580117267,0.33114332847357186
BKR101_P001,101,P001,1994,3,298,1994-01-19,19,107,133,488,0,0,234236,3,wheat/winter wheat,0.8,1.7,2.4,0.3,2.183,85,5.3,0,0,0.2,0,328.8,0.5549,1993-10-04,9,1.1794309596682293,True,16.55658580117267,0.33114332847357186
BKR101_P001,101,P001,1994,3,298,1994-01-20,20,108,133,488,0,0,234236,3,wheat/winter wheat,-0.3,0.4,1,1,1.673,98,3.8,0,0,0.1,0,334.2,0.5652,1993-10-04,9,1.1794309596682293,True,16.55658580117267,0.33114332847357186
BKR101_P001,101,P001,1994,3,298,1994-01-21,21,109,133,488,0,0,234236,3,wheat/winter wheat,0.1,1.7,3.7,0,1.717,87,5.7,0,0,0.2,0,340,0.5735,1993-10-04,9,1.1794309596682293,True,16.55658580117267,0.33114332847357186
BKR101_P001,101,P001,1994,3,298,1994-01-22,22,110,133,488,0,0,234236,3,wheat/winter wheat,2.1,4.1,5.8,0.1,1.541,95,6.1,0,0,0.1,0,345.9,0.5824,1993-10-04,9,1.1794309596682293,True,16.55658580117267,0.33114332847357186
BKR101_P001,101,P001,1994,3,298,1994-01-23,23,111,133,488,0,0,234236,3,wheat/winter wheat,2,4.7,7.8,8.6,1.117,86,7.7,0,0,0.3,0,350.8,0.5914,1993-10-04,9,1.1794309596682293,True,16.55658580117267,0.33114332847357186
BKR101_P001,101,P001,1994,3,298,1994-01-24,24,112,133,488,0,0,234236,3,wheat/winter wheat,1.1,2.6,3.8,0.8,2.86,81,8.4,0,0,0.4,0,359.8,0.5988,1993-10-04,9,1.1794309596682293,True,16.55658580117267,0.33114332847357186
BKR101_P001,101,P001,1994,3,298,1994-01-25,25,113,133,488,0,0,234236,3,wheat/winter wheat,0.9,3.3,7.6,6.9,1.509,90,6.3,0,0,0.2,0,365.8,0.6123,1993-10-04,9,1.1794309596682293,True,16.55658580117267,0.33114332847357186
BKR101_P001,101,P001,1994,3,298,1994-01-26,26,114,133,488,0,0,234236,3,wheat/winter wheat,2.6,3.8,5.2,8,3.092,88,6.6,0,0,0.3,0,376.1,0.6213,1993-10-04,9,1.1794309596682293,True,16.55658580117267,0.33114332847357186
BKR101_P001,101,P001,1994,3,298,1994-01-27,27,115,133,488,0,0,234236,3,wheat/winter wheat,2.9,4.5,6.9,18.6,1.091,89,7.8,0,0,0.2,0,381.5,0.6366,1993-10-04,9,1.1794309596682293,True,16.55658580117267,0.33114332847357186
BKR101_P001,101,P001,1994,3,298,1994-01-28,28,116,133,488,0,0,234236,3,wheat/winter wheat,1.7,2.9,4.1,16.9,0.648,92,8,0,0,0.1,0,386.3,0.6446,1993-10-04,9,1.1794309596682293,True,16.55658580117267,0.33114332847357186
BKR101_P001,101,P001,1994,3,298,1994-01-29,29,117,133,488,0,0,234236,3,wheat/winter wheat,0.6,1.6,3.6,1,1.37,93,7.2,0,0,0.1,0,392.3,0.6516,1993-10-04,9,1.1794309596682293,True,16.55658580117267,0.33114332847357186
BKR101_P001,101,P001,1994,3,298,1994-01-30,30,118,133,488,0,0,234236,3,wheat/winter wheat,0.6,3.8,7.1,2,1.73,92,12.2,0,0,0.2,0,399.7,0.6605,1993-10-04,9,1.1794309596682293,True,16.55658580117267,0.33114332847357186
BKR101_P001,101,P001,1994,3,298,1994-01-31,31,119,133,488,0,0,234236,3,wheat/winter wheat,2.2,3.8,5.4,0,1.3,79,5.8,0,0,0.4,0,406.2,0.6712,1993-10-04,9,1.1794309596682293,True,16.55658580117267,0.33114332847357186
BKR101_P001,101,P001,1994,3,298,1994-02-01,32,120,133,488,0,0,234236,3,wheat/winter wheat,1.9,3.2,5.9,0,1.28,93,6.1,0,0,0.2,0,412.7,0.6807,1993-10-04,9,1.1794309596682293,True,16.55658580117267,0.33114332847357186
BKR101_P001,101,P001,1994,3,298,1994-02-02,33,121,133,488,0,0,234236,3,wheat/winter wheat,1.9,3.6,5.1,0,0.928,70,6.7,0,0,0.5,0,418.7,0.6901,1993-10-04,9,1.1794309596682293,True,16.55658580117267,0.33114332847357186
BKR101_P001,101,P001,1994,3,298,1994-02-03,34,122,133,488,0,0,234236,3,wheat/winter wheat,0.5,1.4,2.7,0,3.015,87,3.2,0,0,0.2,0,428.8,0.6987,1993-10-04,9,1.1794309596682293,True,16.55658580117267,0.33114332847357186
BKR101_P001,101,P001,1994,3,298,1994-02-04,35,123,133,488,0,0,234236,3,wheat/winter wheat,-1.3,0,1.9,0,3.572,88,4.5,0,0,0.2,0,439.2,0.7131,1993-10-04,9,1.1794309596682293,True,16.55658580117267,0.33114332847357186
BKR101_P001,101,P001,1994,3,298,1994-02-05,36,124,133,488,0,0,234236,3,wheat/winter wheat,-1,0,1.6,0,5.594,81,6.1,0,0,0.3,0,451.7,0.7281,1993-10-04,9,1.1794309596682293,True,16.55658580117267,0.33114332847357186
BKR101_P001,101,P001,1994,3,298,1994-02-06,37,125,133,488,0,0,234236,3,wheat/winter wheat,-0.5,0.1,0.8,0,1.83,93,1.7,0,0,0.2,0,459.9,0.7461,1993-10-04,9,1.1794309596682293,True,16.55658580117267,0.33114332847357186
BKR101_P001,101,P001,1994,3,298,1994-02-07,38,126,133,488,0,0,234236,3,wheat/winter wheat,-0.1,0.4,1.3,0,1.672,98,0.3,0,0,0.2,0,468,0.7578,1993-10-04,9,1.1794309596682293,True,16.55658580117267,0.33114332847357186
BKR101_P001,101,P001,1994,3,298,1994-02-08,39,127,133,488,0,0,234236,3,wheat/winter wheat,0.1,0.4,0.9,0,1.294,98,0.4,0,0,0.2,0,475.7,0.7695,1993-10-04,9,1.1794309596682293,True,16.55658580117267,0.33114332847357186
BKR101_P001,101,P001,1994,3,298,1994-02-09,40,128,133,488,0,0,234236,3,wheat/winter wheat,-0.2,2,4.7,0,3.93,90,3.5,0,0,0.2,0,488.8,0.7806,1993-10-04,9,1.1794309596682293,True,16.55658580117267,0.33114332847357186
BKR101_P001,101,P001,1994,3,298,1994-02-10,41,129,133,488,0,0,234236,3,wheat/winter wheat,1,2.8,5.4,0.1,4.726,93,2.7,0,0,0.2,0,504.3,0.7993,1993-10-04,9,1.1794309596682293,True,16.55658580117267,0.33114332847357186
BKR101_P001,101,P001,1994,3,298,1994-02-11,42,130,133,488,0,0,234236,3,wheat/winter wheat,-0.4,1.1,2.8,0,3.548,95,2.2,0,0,0.2,0,516.8,0.8214,1993-10-04,9,1.1794309596682293,True,16.55658580117267,0.33114332847357186
BKR101_P001,101,P001,1994,3,298,1994-02-12,43,131,133,488,0,0,234236,3,wheat/winter wheat,-7.9,-2.6,-0.2,0.5,1.192,92,4.1,0,0,0,0,516.6,0.8392,1993-10-04,9,1.1794309596682293,True,16.55658580117267,0.33114332847357186
BKR101_P001,101,P001,1994,3,298,1994-02-13,44,132,133,488,0,0,234236,3,wheat/winter wheat,-13.3,-10.7,-8.1,0,9.314,62,7,0,0,0,0,516.4,0.839,1993-10-04,9,1.1794309596682293,True,16.55658580117267,0.33114332847357186
BKR101_P001,101,P001,1994,3,298,1994-02-14,45,133,133,488,0,0,234236,3,wheat/winter wheat,-12,-8.4,-3.4,0,9.574,51,6.9,0,0,0,0,516.3,0.8389,1993-10-04,9,1.1794309596682293,True,16.55658580117267,0.33114332847357186
BKR101_P001,101,P001,1994,3,298,1994-02-15,46,134,133,488,0,0,234236,3,wheat/winter wheat,-9.4,-6.3,-1.5,0,9.371,70,5.2,0,0,0,0,516.1,0.8387,1993-10-04,9,1.1794309596682293,True,16.55658580117267,0.33114332847357186
BKR101_P001,101,P001,1994,3,298,1994-02-16,47,135,133,488,0,0,234236,3,wheat/winter wheat,-9.8,-5.3,-0.1,0,9.136,68,3.6,0,0,0,0,515.9,0.8385,1993-10-04,9,1.1794309596682293,True,16.55658580117267,0.33114332847357186
BKR101_P001,101,P001,1994,3,298,1994-02-17,48,136,133,488,0,0,234236,3,wheat/winter wheat,-7.5,-4.9,-2.8,0,7.374,72,2.3,0,0,0,0,515.7,0.8383,1993-10-04,9,1.1794309596682293,True,16.55658580117267,0.33114332847357186
BKR101_P001,101,P001,1994,3,298,1994-02-18,49,137,133,488,0,0,234236,3,wheat/winter wheat,-9.7,-5.2,-1.9,0,7.811,72,1.4,0,0,0,0,515.5,0.8382,1993-10-04,9,1.1794309596682293,True,16.55658580117267,0.33114332847357186
BKR101_P001,101,P001,1994,3,298,1994-02-19,50,138,133,488,0,0,234236,3,wheat/winter wheat,-8.4,-5,-2.9,0.3,3.548,93,2.7,0,0,0,0,515.3,0.838,1993-10-04,9,1.1794309596682293,True,16.55658580117267,0.33114332847357186
BKR101_P001,101,P001,1994,3,298,1994-02-20,51,139,133,488,0,0,234236,3,wheat/winter wheat,-8.8,-5.5,-2.1,0,6.655,87,5.1,0,0,0,0,515.1,0.8378,1993-10-04,9,1.1794309596682293,True,16.55658580117267,0.33114332847357186
BKR101_P001,101,P001,1994,3,298,1994-02-21,52,140,133,488,0,0,234236,3,wheat/winter wheat,-3.6,-1.9,0.4,1.6,5.183,91,4,0,0,0,0,514.9,0.8376,1993-10-04,9,1.1794309596682293,True,16.55658580117267,0.33114332847357186
BKR101_P001,101,P001,1994,3,298,1994-02-22,53,141,133,488,0,0,234236,3,wheat/winter wheat,-4,-3,-1.4,3,4.744,88,2,0,0,0,0,514.6,0.8374,1993-10-04,9,1.1794309596682293,True,16.55658580117267,0.33114332847357186
BKR101_P001,101,P001,1994,3,298,1994-02-23,54,142,133,488,0,0,234236,3,wheat/winter wheat,-8.1,-4.1,-2.1,3,4.266,91,2.8,0,0,0,0,514.5,0.8372,1993-10-04,9,1.1794309596682293,True,16.55658580117267,0.33114332847357186
BKR101_P001,101,P001,1994,3,298,1994-02-24,55,143,133,488,0,0,234236,3,wheat/winter wheat,-14,-7,-1,0,8.695,92,0.7,0,0,0,0,514.3,0.837,1993-10-04,9,1.1794309596682293,True,16.55658580117267,0.33114332847357186
BKR101_P001,101,P001,1994,3,298,1994-02-25,56,144,133,488,0,0,234236,3,wheat/winter wheat,-7.9,-3.4,0.6,0,9.377,83,0.7,0,0,0,0,514.1,0.8368,1993-10-04,9,1.1794309596682293,True,16.55658580117267,0.33114332847357186
BKR101_P001,101,P001,1994,3,298,1994-02-26,57,145,133,488,0,0,234236,3,wheat/winter wheat,-10.5,-3.8,1.5,0,5.314,95,2.8,0,0,0,0,513.9,0.8366,1993-10-04,9,1.1794309596682293,True,16.55658580117267,0.33114332847357186
BKR101_P001,101,P001,1994,3,298,1994-02-27,58,146,133,488,0,0,234236,3,wheat/winter wheat,-0.7,1.6,5.6,0,6.531,94,2.2,0,0,0.3,0,531.9,0.8365,1993-10-04,9,1.1794309596682293,True,16.55658580117267,0.33114332847357186
BKR101_P001,101,P001,1994,3,298,1994-02-28,59,147,133,488,0,0,234236,3,wheat/winter wheat,0,4,8.1,0.2,5.701,88,3.2,0,0,0.5,0,551.7,0.8621,1993-10-04,9,1.1794309596682293,True,16.55658580117267,0.33114332847357186
BKR101_P001,101,P001,1994,3,298,1994-03-01,60,148,133,488,0,0,234236,3,wheat/winter wheat,-1.2,-0.7,-0.1,3.2,1.823,94,3.4,0,0,0,0,551.4,0.8901,1993-10-04,9,1.1794309596682293,True,16.55658580117267,0.33114332847357186
BKR101_P001,101,P001,1994,3,298,1994-03-02,61,149,133,488,0,0,234236,3,wheat/winter wheat,-1.1,-0.1,1.7,1.4,2.61,99,0.9,0,0,0,0,551.1,0.8898,1993-10-04,9,1.1794309596682293,True,16.55658580117267,0.33114332847357186
BKR101_P001,101,P001,1994,3,298,1994-03-03,62,150,133,488,0,0,234236,3,wheat/winter wheat,0.7,3.1,4.9,1.2,3.409,92,3.3,0,0,0.4,0,568,0.8895,1993-10-04,9,1.1794309596682293,True,16.55658580117267,0.33114332847357186
BKR101_P001,101,P001,1994,3,298,1994-03-04,63,151,133,488,0,0,234236,3,wheat/winter wheat,-0.3,2.5,5.3,2.1,5.927,87,3.9,0,0,0.5,0,588,0.9133,1993-10-04,9,1.1794309596682293,True,16.55658580117267,0.33114332847357186
BKR101_P001,101,P001,1994,3,298,1994-03-05,64,152,133,488,0,0,234236,3,wheat/winter wheat,-2.1,3,9.2,0,10.979,77,2.9,0,0,0.9,0,614.5,0.9414,1993-10-04,9,1.1794309596682293,True,16.55658580117267,0.33114332847357186
BKR101_P001,101,P001,1994,3,298,1994-03-06,65,153,133,488,0,0,234236,3,wheat/winter wheat,1.1,5.2,7.3,3.4,8.072,74,5.7,0,0,1.1,0,642.4,0.9783,1993-10-04,9,1.1794309596682293,True,16.55658580117267,0.33114332847357186
BKR101_P001,101,P001,1994,3,298,1994-03-07,66,154,133,488,0,0,234236,3,wheat/winter wheat,4,5.8,7.5,3.7,2.687,88,7,0,0,0.5,0,661.8,1.0168,1993-10-04,9,1.1794309596682293,True,16.55658580117267,0.33114332847357186
BKR101_P001,101,P001,1994,3,298,1994-03-08,67,155,133,488,0,0,234236,3,wheat/winter wheat,3.8,7.7,10.5,0,4.575,94,4.1,0,0,0.5,0,686.4,1.0432,1993-10-04,9,1.1794309596682293,True,16.55658580117267,0.33114332847357186
BKR101_P001,101,P001,1994,3,298,1994-03-09,68,156,133,488,0,0,234236,3,wheat/winter wheat,10.2,11.1,12.5,0,3.661,87,4.2,0,0,0.8,0,710.5,1.0763,1993-10-04,9,1.1794309596682293,True,16.55658580117267,0.33114332847357186
BKR101_P001,101,P001,1994,3,298,1994-03-10,69,157,133,488,0,0,234236,3,wheat/winter wheat,3.2,8,11.1,0,7.648,69,5.7,0,0,1.5,0,744.1,1.1078,1993-10-04,9,1.1794309596682293,True,16.55658580117267,0.33114332847357186
BKR101_P001,101,P001,1994,3,298,1994-03-11,70,158,133,488,0,0,234236,3,wheat/winter wheat,-0.5,5.2,10.9,0,13.649,72,3.1,0,0,1.3,0,781.9,1.1507,1993-10-04,9,1.1794309596682293,True,16.55658580117267,0.33114332847357186
BKR101_P001,101,P001,1994,3,298,1994-03-12,71,159,133,488,0,0,234236,3,wheat/winter wheat,1.7,5.7,9.4,0,6.062,82,3.5,0,0,0.8,0,811.2,1.1985,1993-10-04,9,1.1794309596682293,True,16.55658580117267,0.33114332847357186
BKR101_P001,101,P001,1994,3,298,1994-03-13,72,160,133,488,0,0,234236,3,wheat/winter wheat,2.4,3.9,6.6,11.6,2.563,91,8.1,0,0,0.4,0,833.5,1.235,1993-10-04,9,1.1794309596682293,True,16.55658580117267,0.33114332847357186
BKR101_P001,101,P001,1994,3,298,1994-03-14,73,161,133,488,0,0,234236,3,wheat/winter wheat,4,6.1,8.2,6.4,5.8,82,9.9,0,0,0.9,0,863.9,1.2626,1993-10-04,9,1.1794309596682293,True,16.55658580117267,0.33114332847357186
BKR101_P001,101,P001,1994,3,298,1994-03-15,74,162,133,488,0,0,234236,3,wheat/winter wheat,3.5,5.6,7.6,0.9,8.357,77,5.4,0,0,1.1,0,899.4,1.2998,1993-10-04,9,1.1794309596682293,True,16.55658580117267,0.33114332847357186
BKR101_P001,101,P001,1994,3,298,1994-03-16,75,163,133,488,0,0,234236,3,wheat/winter wheat,0.6,2.8,5.3,3.1,8.939,90,6.1,0,0,0.6,0,931.8,1.3425,1993-10-04,9,1.1794309596682293,True,16.55658580117267,0.33114332847357186
BKR101_P001,101,P001,1994,3,298,1994-03-17,76,164,133,488,0,0,234236,3,wheat/winter wheat,0.3,2.2,4.9,1.2,8.131,86,8.1,0,0,0.6,0,962.4,1.3814,1993-10-04,9,1.1794309596682293,True,16.55658580117267,0.33114332847357186
BKR101_P001,101,P001,1994,3,298,1994-03-18,77,165,133,488,0,0,234236,3,wheat/winter wheat,0.9,2.2,4.5,1.2,7.468,89,6.1,0,0,0.6,0,992.6,1.4179,1993-10-04,9,1.1794309596682293,True,16.55658580117267,0.33114332847357186
BKR101_P001,101,P001,1994,3,298,1994-03-19,78,166,133,488,0,0,234236,3,wheat/winter wheat,0.3,3.7,7.3,10.1,7.877,80,7.4,0,0,0.9,0,1026,1.4538,1993-10-04,9,1.1794309596682293,True,16.55658580117267,0.33114332847357186
BKR101_P001,101,P001,1994,3,298,1994-03-20,79,167,133,488,0,0,234236,3,wheat/winter wheat,0.1,2,4.4,1.1,11.383,76,5.1,0,0,1,0,1061.5,1.4933,1993-10-04,9,1.1794309596682293,True,16.55658580117267,0.33114332847357186
BKR101_P001,101,P001,1994,3,298,1994-03-21,80,168,133,488,0,0,234236,3,wheat/winter wheat,-0.5,1.6,4.3,0,8.739,80,1.7,0,0,0.8,0,1093.3,1.5351,1993-10-04,9,1.1794309596682293,True,16.55658580117267,0.33114332847357186
BKR101_P001,101,P001,1994,3,298,1994-03-22,81,169,133,488,0,0,234236,3,wheat/winter wheat,-2.7,3,7.3,0.3,12.155,80,3.2,0,0,1,0,1132.6,1.5724,1993-10-04,9,1.1794309596682293,True,16.55658580117267,0.33114332847357186
BKR101_P001,101,P001,1994,3,298,1994-03-23,82,170,133,488,0,0,234236,3,wheat/winter wheat,4,8.5,11.8,1.3,3.794,91,7.3,0,0,0.7,0,1163.8,1.6184,1993-10-04,9,1.1794309596682293,True,16.55658580117267,0.33114332847357186
BKR101_P001,101,P001,1994,3,298,1994-03-24,83,171,133,488,0,0,234236,3,wheat/winter wheat,5.4,9.2,11.3,3.8,13.753,64,9.7,0,0,2.7,0,1221.4,1.6542,1993-10-04,9,1.1794309596682293,True,16.55658580117267,0.33114332847357186
BKR101_P001,101,P001,1994,3,298,1994-03-25,84,172,133,488,0,0,234236,3,wheat/winter wheat,4.8,7.4,9.3,7.6,5.051,81,6.9,0,0,1.1,0,1256,1.7184,1993-10-04,9,1.1794309596682293,True,16.55658580117267,0.33114332847357186
BKR101_P001,101,P001,1994,3,298,1994-03-26,85,173,133,488,0,0,234236,3,wheat/winter wheat,2.8,4.4,6.3,1.2,12.037,88,6.2,0,0,0.9,0,1299.9,1.7563,1993-10-04,9,1.1794309596682293,True,16.55658580117267,0.33114332847357186
BKR101_P001,101,P001,1994,3,298,1994-03-27,86,174,133,488,0,0,234236,3,wheat/winter wheat,0.9,4.2,8.2,1,14.882,77,4,0,0,1.4,0,1347.6,1.8038,1993-10-04,9,1.1794309596682293,True,16.55658580117267,0.33114332847357186
BKR101_P001,101,P001,1994,3,298,1994-03-28,87,175,133,488,0,0,234236,3,wheat/winter wheat,-1.3,4.6,10.5,0,15.279,68,3.5,0,0,1.7,0,1396.8,1.8549,1993-10-04,9,1.1794309596682293,True,16.55658580117267,0.33114332847357186
BKR101_P001,101,P001,1994,3,298,1994-03-29,88,176,133,488,0,0,234236,3,wheat/winter wheat,4.8,9,13.6,1.3,6.457,82,5.4,0,0,1.3,0,1435.5,1.907,1993-10-04,9,1.1794309596682293,True,16.55658580117267,0.33114332847357186
BKR101_P001,101,P001,1994,3,298,1994-03-30,89,177,133,488,0,0,234236,3,wheat/winter wheat,3.4,9.9,15.1,0,15.113,74,3,0,0,2.1,0,1497.3,1.9471,1993-10-04,9,1.1794309596682293,True,16.55658580117267,0.33114332847357186
BKR101_P001,101,P001,1994,3,298,1994-03-31,90,178,133,488,0,0,234236,3,wheat/winter wheat,3.5,9.2,20.1,0.5,10.073,83,3.8,0,0,1.7,0,1542.2,2.0092,1993-10-04,9,1.1794309596682293,True,16.55658580117267,0.33114332847357186
BKR101_P001,101,P001,1994,3,298,1994-04-01,91,179,133,488,0,0,234236,3,wheat/winter wheat,2.6,9.2,16.9,5.5,8.091,80,5.4,0,0,1.6,0,1584.4,2.053,1993-10-04,9,1.1794309596682293,True,16.55658580117267,0.33114332847357186
BKR101_P001,101,P001,1994,3,298,1994-04-02,92,180,133,488,0,0,234236,3,wheat/winter wheat,2.3,6.6,9,0,12.111,79,4.4,0,0,1.5,0,1641.7,2.0932,1993-10-04,9,1.1794309596682293,True,16.55658580117267,0.33114332847357186
BKR101_P001,101,P001,1994,3,298,1994-04-03,93,181,133,488,0,0,234236,3,wheat/winter wheat,0.5,4.1,8.7,0,13.959,78,3.9,0,0,1.4,0,1701.9,2.1466,1993-10-04,9,1.1794309596682293,True,16.55658580117267,0.33114332847357186
BKR101_P001,101,P001,1994,3,298,1994-04-04,94,182,133,488,0,0,234236,3,wheat/winter wheat,0.5,5.2,10.1,2.3,11.719,79,6.5,0,0,1.4,0,1765.9,2.2021,1993-10-04,9,1.1794309596682293,True,16.55658580117267,0.33114332847357186
BKR101_P001,101,P001,1994,3,298,1994-04-05,95,183,133,488,0,0,234236,3,wheat/winter wheat,1.9,4.8,9,0.9,13.688,76,5.9,0,0,1.6,0,1837.6,2.2602,1993-10-04,9,1.1794309596682293,True,16.55658580117267,0.33114332847357186
BKR101_P001,101,P001,1994,3,298,1994-04-06,96,184,133,488,0,0,234236,3,wheat/winter wheat,-1.2,4.8,9.7,0,15.652,72,2.2,0,0,1.6,0,1918.7,2.3245,1993-10-04,9,1.1794309596682293,True,16.55658580117267,0.33114332847357186
BKR101_P001,101,P001,1994,3,298,1994-04-07,97,185,133,488,0,0,234236,3,wheat/winter wheat,-0.1,4.5,8.8,0,12.82,75,2.3,0,0,1.4,0,1995,2.3962,1993-10-04,9,1.1794309596682293,True,16.55658580117267,0.33114332847357186
BKR101_P001,101,P001,1994,3,298,1994-04-08,98,186,133,488,0,0,234236,3,wheat/winter wheat,-1,4.8,11.3,0.5,13.938,79,1.8,0,0,1.5,0,2077.4,2.4629,1993-10-04,9,1.1794309596682293,True,16.55658580117267,0.33114332847357186
BKR101_P001,101,P001,1994,3,298,1994-04-09,99,187,133,488,0,0,234236,3,wheat/winter wheat,2.9,5.8,10.4,1.4,11.731,85,4.5,0,0,1.3,0,2160,2.5339,1993-10-04,9,1.1794309596682293,True,16.55658580117267,0.33114332847357186
BKR101_P001,101,P001,1994,3,298,1994-04-10,100,188,133,488,0,0,234236,3,wheat/winter wheat,1.8,5.9,12.4,0.6,6.037,91,2,0,0,0.9,0,2226.4,2.6038,1993-10-04,9,1.1794309596682293,True,16.55658580117267,0.33114332847357186
BKR101_P001,101,P001,1994,3,298,1994-04-11,101,189,133,488,0,0,234236,3,wheat/winter wheat,3.6,8.4,13.1,7.3,9.947,88,3.2,0,0,1.3,0,2314.8,2.6591,1993-10-04,9,1.1794309596682293,True,16.55658580117267,0.33114332847357186
BKR101_P001,101,P001,1994,3,298,1994-04-12,102,190,133,488,0,0,234236,3,wheat/winter wheat,7.5,10.6,14.6,8.6,8.173,88,4.5,0,0,1.3,0,2400.6,2.7307,1993-10-04,9,1.1794309596682293,True,16.55658580117267,0.33114332847357186
BKR101_P001,101,P001,1994,3,298,1994-04-13,103,191,133,488,0,0,234236,3,wheat/winter wheat,5.9,8.8,11.8,14.2,15.437,80,3.6,0,0,2,0,2520.1,2.7975,1993-10-04,9,1.1794309596682293,True,16.55658580117267,0.33114332847357186
BKR101_P001,101,P001,1994,3,298,1994-04-14,104,192,133,488,0,0,234236,3,wheat/winter wheat,5.2,5.7,6.6,4,4.3,94,4.1,0,0,0.6,0,2591.2,2.8877,1993-10-04,9,1.1794309596682293,True,16.55658580117267,0.33114332847357186
BKR101_P001,101,P001,1994,3,298,1994-04-15,105,193,133,488,0,0,234236,3,wheat/winter wheat,0.9,6.8,10.6,0,17.461,69,1.9,0,0,2.1,0,2716.9,2.9405,1993-10-04,9,1.1794309596682293,True,16.55658580117267,0.33114332847357186
BKR101_P001,101,P001,1994,3,298,1994-04-16,106,194,133,488,0,0,234236,3,wheat/winter wheat,4.1,7.4,11.1,0,18.533,81,3.1,0,0,2.1,0,2851.8,3.0314,1993-10-04,9,1.1794309596682293,True,16.55658580117267,0.33114332847357186
BKR101_P001,101,P001,1994,3,298,1994-04-17,107,195,133,488,0,0,234236,3,wheat/winter wheat,2.1,6.2,10.8,0,15.406,83,3.6,0,0,1.7,0,2970.4,3.1264,1993-10-04,9,1.1794309596682293,True,16.55658580117267,0.33114332847357186
BKR101_P001,101,P001,1994,3,298,1994-04-18,108,196,133,488,0,0,234236,3,wheat/winter wheat,-0.6,4.7,7.8,0,15.067,67,3.7,0,0,1.9,0,3084.7,3.208,1993-10-04,9,1.1794309596682293,True,16.55658580117267,0.33114332847357186
BKR101_P001,101,P001,1994,3,298,1994-04-19,109,197,133,488,0,0,234236,3,wheat/winter wheat,-1.8,4.8,10.3,0,18.481,66,2.2,0,0,2.1,0,3211.8,3.2854,1993-10-04,9,1.1794309596682293,True,16.55658580117267,0.33114332847357186
BKR101_P001,101,P001,1994,3,298,1994-04-20,110,198,133,488,0,0,234236,3,wheat/winter wheat,0.4,8.2,15.1,0,23.001,63,2.4,0,0,3,0,3377.4,3.3702,1993-10-04,9,1.1794309596682293,True,16.55658580117267,0.33114332847357186
BKR101_P001,101,P001,1994,3,298,1994-04-21,111,199,133,488,0,0,234236,3,wheat/winter wheat,2.7,10.8,17.1,0,18.986,67,1.6,0,0,2.7,0,3543,3.4772,1993-10-04,9,1.1794309596682293,True,16.55658580117267,0.33114332847357186
BKR101_P001,101,P001,1994,3,298,1994-04-22,112,200,133,488,0,0,234236,3,wheat/winter wheat,5.2,12.5,18.3,0,16.699,64,0.9,0,0,2.5,0,3703.8,3.5795,1993-10-04,9,1.1794309596682293,True,16.55658580117267,0.33114332847357186
BKR101_P001,101,P001,1994,3,298,1994-04-23,113,201,133,488,0,0,234236,3,wheat/winter wheat,6.1,13.7,20.8,0,19.229,63,3.2,0,0,3.7,0,3884.1,3.6736,1993-10-04,9,1.1794309596682293,True,16.55658580117267,0.33114332847357186
BKR101_P001,101,P001,1994,3,298,1994-04-24,114,202,133,488,0,0,234236,3,wheat/winter wheat,7.6,14.3,20.7,0,21.815,58,3.8,0,0,4.5,0,4087.4,3.7725,1993-10-04,9,1.1794309596682293,True,16.55658580117267,0.33114332847357186
BKR101_P001,101,P001,1994,3,298,1994-04-25,115,203,133,488,0,0,234236,3,wheat/winter wheat,5.8,13,19.7,0,23.913,66,2.6,0,0,3.8,0,4301.1,3.8762,1993-10-04,9,1.1794309596682293,True,16.55658580117267,0.33114332847357186
BKR101_P001,101,P001,1994,3,298,1994-04-26,116,204,133,488,0,0,234236,3,wheat/winter wheat,5.1,10.8,17.5,0,15.881,75,2.9,0,0,2.6,0,4458.2,3.9845,1993-10-04,9,1.1794309596682293,True,16.55658580117267,0.33114332847357186
BKR101_P001,101,P001,1994,3,298,1994-04-27,117,205,133,488,0,0,234236,3,wheat/winter wheat,6.9,13,18.6,0,17.462,76,2.2,0,0,2.8,0,4633.7,4.0637,1993-10-04,9,1.1794309596682293,True,16.55658580117267,0.33114332847357186
BKR101_P001,101,P001,1994,3,298,1994-04-28,118,206,133,488,0,0,234236,3,wheat/winter wheat,8.8,13.1,18.4,0,10.682,86,2.5,0,0,1.9,0,4760.6,4.1515,1993-10-04,9,1.1794309596682293,True,16.55658580117267,0.33114332847357186
BKR101_P001,101,P001,1994,3,298,1994-04-29,119,207,133,488,0,0,234236,3,wheat/winter wheat,10.1,15.9,19.3,0,8.143,68,2.3,0,0,2.3,0,4871.5,4.2145,1993-10-04,9,1.1794309596682293,True,16.55658580117267,0.33114332847357186
BKR101_P001,101,P001,1994,3,298,1994-04-30,120,208,133,488,0,0,234236,3,wheat/winter wheat,8.4,15.3,22.5,1,17.849,75,3.7,0,0,3.5,0,5049,4.2691,1993-10-04,9,1.1794309596682293,True,16.55658580117267,0.33114332847357186
BKR101_P001,101,P001,1994,3,298,1994-05-01,121,209,133,488,0,0,234236,3,wheat/winter wheat,4.4,7.2,8.2,0.4,7.91,84,3.8,0,0,1.3,0,5163.9,4.3561,1993-10-04,9,1.1794309596682293,True,16.55658580117267,0.33114332847357186
BKR101_P001,101,P001,1994,3,298,1994-05-02,122,210,133,488,0,0,234236,3,wheat/winter wheat,0.3,8.2,14.2,0,25.514,67,2.1,0,0,3.2,0,5374.1,4.4122,1993-10-04,9,1.1794309596682293,True,16.55658580117267,0.33114332847357186
BKR101_P001,101,P001,1994,3,298,1994-05-03,123,211,133,488,0,0,234236,3,wheat/winter wheat,2.3,9.7,16.3,0,26.71,57,4,0,0,4.2,0,5594.8,4.5143,1993-10-04,9,1.1794309596682293,True,16.55658580117267,0.33114332847357186
BKR101_P001,101,P001,1994,3,298,1994-05-04,124,212,133,488,0,0,234236,3,wheat/winter wheat,2.6,11.2,17.9,0.6,22.364,49,4.6,0,0,4.7,0,5805.4,4.6209,1993-10-04,9,1.1794309596682293,True,16.55658580117267,0.33114332847357186
BKR101_P001,101,P001,1994,3,298,1994-05-05,125,213,133,488,0,0,234236,3,wheat/winter wheat,6.1,9.3,13.1,3.6,10.432,90,1.9,0,0,1.5,0,5935.2,4.7221,1993-10-04,9,1.1794309596682293,True,16.55658580117267,0.33114332847357186
BKR101_P001,101,P001,1994,3,298,1994-05-06,126,214,133,488,0,0,234236,3,wheat/winter wheat,3.5,10.2,15.4,0,21.588,66,1.6,0,0,3.1,0,6139.8,4.7841,1993-10-04,9,1.1794309596682293,True,16.55658580117267,0.33114332847357186
BKR101_P001,101,P001,1994,3,298,1994-05-07,127,215,133,488,0,0,234236,3,wheat/winter wheat,5.7,12.3,18.7,0,26.675,55,3.3,0,0,4.7,0,6381.5,4.8813,1993-10-04,9,1.1794309596682293,True,16.55658580117267,0.33114332847357186
BKR101_P001,101,P001,1994,3,298,1994-05-08,128,216,133,488,0,0,234236,3,wheat/winter wheat,5.5,13.7,20.7,0,27.607,52,3.9,0,0,5.4,0,6629.4,4.9952,1993-10-04,9,1.1794309596682293,True,16.55658580117267,0.33114332847357186
BKR101_P001,101,P001,1994,3,298,1994-05-09,129,217,133,488,0,0,234236,3,wheat/winter wheat,6,14.7,21.7,0,25.79,58,2.3,0,0,4.6,0,6889.5,5.1111,1993-10-04,9,1.1794309596682293,True,16.55658580117267,0.33114332847357186
BKR101_P001,101,P001,1994,3,298,1994-05-10,130,218,133,488,0,0,234236,3,wheat/winter wheat,8.5,13.8,19.7,0,22.147,61,2.5,0,0,4.1,0,7117.1,5.2317,1993-10-04,9,1.1794309596682293,True,16.55658580117267,0.33114332847357186
BKR101_P001,101,P001,1994,3,298,1994-05-11,131,219,133,488,0,0,234236,3,wheat/winter wheat,6.5,14.5,21.2,0,21.957,62,2.5,0,0,4.1,0,7343.9,5.3363,1993-10-04,9,1.1794309596682293,True,16.55658580117267,0.33114332847357186
BKR101_P001,101,P001,1994,3,298,1994-05-12,132,220,133,488,0,0,234236,3,wheat/winter wheat,6.9,13.1,17.4,1,16.935,68,3.4,0,0,3.3,0,7534.6,5.4398,1993-10-04,9,1.1794309596682293,True,16.55658580117267,0.33114332847357186
BKR101_P001,101,P001,1994,3,298,1994-05-13,133,221,133,488,0,0,234236,3,wheat/winter wheat,10.1,14,20.2,6,17.687,84,2.4,0,0,2.9,0,7720.4,5.5261,1993-10-04,9,1.1794309596682293,True,16.55658580117267,0.33114332847357186
BKR101_P001,101,P001,1994,3,298,1994-05-14,134,222,133,488,0,0,234236,3,wheat/winter wheat,8.3,16.6,23.5,0,24.021,67,4.2,0,0,5,0,7960,5.6094,1993-10-04,9,1.1794309596682293,True,16.55658580117267,0.33114332847357186
BKR101_P001,101,P001,1994,3,298,1994-05-15,135,223,133,488,0,0,234236,3,wheat/winter wheat,12.2,15.6,19.9,0,15.574,73,4,0,0,3.5,0,8130.5,5.7157,1993-10-04,9,1.1794309596682293,True,16.55658580117267,0.33114332847357186
BKR101_P001,101,P001,1994,3,298,1994-05-16,136,224,133,488,0,0,234236,3,wheat/winter wheat,12.5,15.7,21.3,0,19.104,75,2.8,0,16.557,3.7,0,8325,5.7907,1993-10-04,9,1.1794309596682293,True,16.55658580117267,0.33114332847357186
BKR101_P001,101,P001,1994,3,298,1994-05-17,137,225,133,488,0,0,234236,3,wheat/winter wheat,12.2,16.4,21.9,6.9,17.575,81,2.4,0,0,3.2,0,8506.4,5.8753,1993-10-04,9,1.1794309596682293,True,16.55658580117267,0.33114332847357186
BKR101_P001,101,P001,1994,3,298,1994-05-18,138,226,133,488,0,0,234236,3,wheat/winter wheat,9.5,15.8,20.6,0,17.977,71,2,0,0,3.4,0,8699.8,5.9534,1993-10-04,9,1.1794309596682293,True,16.55658580117267,0.33114332847357186
BKR101_P001,101,P001,1994,3,298,1994-05-19,139,227,133,488,0,0,234236,3,wheat/winter wheat,7.5,10.1,14.3,31,3.231,96,4,0,0,0.7,0,8799.3,6.0361,1993-10-04,9,1.1794309596682293,True,16.55658580117267,0.33114332847357186
BKR101_P001,101,P001,1994,3,298,1994-05-20,140,228,133,488,0,0,234236,3,wheat/winter wheat,6.8,7.8,8.5,10,3.671,98,3.6,0,0,0.6,0,8908.8,6.0784,1993-10-04,9,1.1794309596682293,True,16.55658580117267,0.33114332847357186
BKR101_P001,101,P001,1994,3,298,1994-05-21,141,229,133,488,0,0,234236,3,wheat/winter wheat,6.6,11.2,15.4,0.7,21.259,73,2.2,0,0,3.2,0,9129.4,6.1247,1993-10-04,9,1.1794309596682293,True,16.55658580117267,0.33114332847357186
BKR101_P001,101,P001,1994,3,298,1994-05-22,142,230,133,488,0,0,234236,3,wheat/winter wheat,8.7,12.1,17.7,15.7,13.718,92,2.8,0,0,2,0,9284.1,6.2173,1993-10-04,9,1.1794309596682293,True,16.55658580117267,0.33114332847357186
BKR101_P001,101,P001,1994,3,298,1994-05-23,143,231,133,488,0,0,234236,3,wheat/winter wheat,8.9,12.3,14.8,2.4,9.751,95,1.2,0,0,1.6,0,9416.6,6.2817,1993-10-04,9,1.1794309596682293,True,16.55658580117267,0.33114332847357186
BKR101_P001,101,P001,1994,3,298,1994-05-24,144,232,133,488,0,0,234236,3,wheat/winter wheat,10.3,14.5,18.7,0.1,20.106,80,1.8,0,0,3.3,0,9628.1,6.3363,1993-10-04,9,1.1794309596682293,True,16.55658580117267,0.33114332847357186
BKR101_P001,101,P001,1994,3,298,1994-05-25,145,233,133,488,0,0,234236,3,wheat/winter wheat,10.9,13.1,15.6,0,6.846,96,2,0,0,1.2,0,9732.4,6.4228,1993-10-04,9,1.1794309596682293,True,16.55658580117267,0.33114332847357186
BKR101_P001,101,P001,1994,3,298,1994-05-26,146,234,133,488,0,0,234236,3,wheat/winter wheat,11.6,13.9,16.5,0.4,17.204,80,2.6,0,0,3,0,9922.6,6.465,1993-10-04,9,1.1794309596682293,True,16.55658580117267,0.33114332847357186
BKR101_P001,101,P001,1994,3,298,1994-05-27,147,235,133,488,0,0,234236,3,wheat/winter wheat,4.9,10.4,12.8,0.5,12.199,78,2.2,0,0,2.1,0,10079.3,6.5415,1993-10-04,9,1.1794309596682293,True,16.55658580117267,0.33114332847357186
BKR101_P001,101,P001,1994,3,298,1994-05-28,148,236,133,488,0,0,234236,3,wheat/winter wheat,2.2,9.2,14.6,0.1,19,78,1.7,0,0,2.7,0,10277.4,6.6041,1993-10-04,9,1.1794309596682293,True,16.55658580117267,0.33114332847357186
BKR101_P001,101,P001,1994,3,298,1994-05-29,149,237,133,488,0,0,234236,3,wheat/winter wheat,6.1,9.5,12.5,0.4,12.701,81,2.1,0,0,2,1.5,10434.6,6.6828,1993-10-04,9,1.1794309596682293,True,16.55658580117267,0.33114332847357186
BKR101_P001,101,P001,1994,3,298,1994-05-30,150,238,133,488,0,0,234236,3,wheat/winter wheat,4.8,9.4,12.9,0.8,18.966,80,3.1,0,0,2.7,16.3,10639.6,6.7444,1993-10-04,9,1.1794309596682293,True,16.55658580117267,0.33114332847357186
BKR101_P001,101,P001,1994,3,298,1994-05-31,151,239,133,488,0,0,234236,3,wheat/winter wheat,4.8,10.2,13,0.8,15.613,77,3.5,0,0,2.6,42.2,10825.6,6.8186,1993-10-04,9,1.1794309596682293,True,16.55658580117267,0.33114332847357186
BKR101_P001,101,P001,1994,3,298,1994-06-01,152,240,133,488,0,0,234236,3,wheat/winter wheat,8.8,14.6,20,0,27.734,70,3.2,0,0,4.8,109.9,11111.5,6.8799,1993-10-04,9,1.1794309596682293,True,16.55658580117267,0.33114332847357186
BKR101_P001,101,P001,1994,3,298,1994-06-02,153,241,133,488,0,0,234236,3,wheat/winter wheat,9,17.2,24.4,0.7,13.595,76,2.9,0,0,3.2,160.7,11256.8,6.9607,1993-10-04,9,1.1794309596682293,True,16.55658580117267,0.33114332847357186
BKR101_P001,101,P001,1994,3,298,1994-06-03,154,242,133,488,0,0,234236,3,wheat/winter wheat,12.1,16.3,19.2,1.6,15.714,78,4,0,0,3.3,244.2,11441.3,6.9939,1993-10-04,9,1.1794309596682293,True,16.55658580117267,0.33114332847357186
BKR101_P001,101,P001,1994,3,298,1994-06-04,155,243,133,488,0,0,234236,3,wheat/winter wheat,9.2,12.9,15.2,1.5,17.046,77,4,0,0,3.1,354.8,11649.7,7.0269,1993-10-04,9,1.1794309596682293,True,16.55658580117267,0.33114332847357186
BKR101_P001,101,P001,1994,3,298,1994-06-05,156,244,133,488,0,0,234236,3,wheat/winter wheat,7.4,10.7,14.2,4.5,11.633,88,1.9,0,0,1.9,448.4,11807.6,7.0564,1993-10-04,9,1.1794309596682293,True,16.55658580117267,0.33114332847357186
BKR101_P001,101,P001,1994,3,298,1994-06-06,157,245,133,488,0,0,234236,3,wheat/winter wheat,5.8,10.8,15.7,0,21.371,74,3.5,0,0,3.4,605.9,12048.2,7.074,1993-10-04,9,1.1794309596682293,True,16.55658580117267,0.33114332847357186
BKR101_P001,101,P001,1994,3,298,1994-06-07,158,246,133,488,0,0,234236,3,wheat/winter wheat,8,13.5,17.9,0.7,10.297,92,3.4,0,0,1.8,710.4,12191,7.0936,1993-10-04,9,1.1794309596682293,True,16.55658580117267,0.33114332847357186
BKR101_P001,101,P001,1994,3,298,1994-06-08,159,247,133,488,0,0,234236,3,wheat/winter wheat,11.3,16.3,20.8,0,20.782,76,2.6,0,0,3.9,907.2,12429.9,7.1,1993-10-04,9,1.1794309596682293,True,16.55658580117267,0.33114332847357186
BKR101_P001,101,P001,1994,3,298,1994-06-09,160,248,133,488,0,0,234236,3,wheat/winter wheat,5.9,11.3,15.5,0.4,10.696,88,3.1,0,0,1.8,1035.8,12584.6,7.1001,1993-10-04,9,1.1794309596682293,True,16.55658580117267,0.33114332847357186
BKR101_P001,101,P001,1994,3,298,1994-06-10,161,249,133,488,0,0,234236,3,wheat/winter wheat,6,11,16.6,0.2,17.026,81,2.1,0,0,2.7,1205.9,12789.4,7.0925,1993-10-04,9,1.1794309596682293,True,16.55658580117267,0.33114332847357186
BKR101_P001,101,P001,1994,3,298,1994-06-11,162,250,133,488,0,0,234236,3,wheat/winter wheat,5.8,12.2,17.4,0,19.963,79,1.2,0,0,3,1402.3,13025.6,7.0834,1993-10-04,9,1.1794309596682293,True,16.55658580117267,0.33114332847357186
BKR101_P001,101,P001,1994,3,298,1994-06-12,163,251,133,488,0,0,234236,3,wheat/winter wheat,7.8,14.5,20.3,0,26.416,63,1.9,0,0,4.6,1647.5,13320.2,7.0718,1993-10-04,9,1.1794309596682293,True,16.55658580117267,0.33114332847357186
BKR101_P001,101,P001,1994,3,298,1994-06-13,164,252,133,488,0,0,234236,3,wheat/winter wheat,10.2,12.4,14.1,0,6.489,93,2.5,0,0,1.3,1744.1,13434.4,7.0558,1993-10-04,9,1.1794309596682293,True,16.55658580117267,0.33114332847357186
BKR101_P001,101,P001,1994,3,298,1994-06-14,165,253,133,488,0,0,234236,3,wheat/winter wheat,12.3,15.7,20.8,0,23.375,75,2.6,0,0,4.3,1958.2,13689.9,7.0371,1993-10-04,9,1.1794309596682293,True,16.55658580117267,0.33114332847357186
BKR101_P001,101,P001,1994,3,298,1994-06-15,166,254,133,488,0,0,234236,3,wheat/winter wheat,9.1,12.1,15.3,0,15.473,67,3.6,0,0,3.3,2121.9,13884.1,7.0132,1993-10-04,9,1.1794309596682293,True,16.55658580117267,0.33114332847357186
BKR101_P001,101,P001,1994,3,298,1994-06-16,167,255,133,488,0,0,234236,3,wheat/winter wheat,8.5,10.4,14.5,2,8,85,6.1,0,0,1.8,2227.6,14007.9,6.987,1993-10-04,9,1.1794309596682293,True,16.55658580117267,0.33114332847357186
BKR101_P001,101,P001,1994,3,298,1994-06-17,168,256,133,488,0,0,234236,3,wheat/winter wheat,5.1,10.8,15.3,0,16.6,71,3.1,0,0,3,2399.8,14212,6.9597,1993-10-04,9,1.1794309596682293,True,16.55658580117267,0.33114332847357186
BKR101_P001,101,P001,1994,3,298,1994-06-18,169,257,133,488,0,0,234236,3,wheat/winter wheat,6,13.4,18.4,5,8,84,5.8,0,16.557,2.1,2502.5,14331.4,6.9312,1993-10-04,9,1.1794309596682293,True,16.55658580117267,0.33114332847357186
BKR101_P001,101,P001,1994,3,298,1994-06-19,170,258,133,488,0,0,234236,3,wheat/winter wheat,11.6,16.4,20.7,0,13.6,77,6.7,0,0,3.6,2638.4,14490.1,6.8993,1993-10-04,9,1.1794309596682293,True,16.55658580117267,0.33114332847357186
BKR101_P001,101,P001,1994,3,298,1994-06-20,171,259,133,488,0,0,234236,3,wheat/winter wheat,10.8,14.8,19.8,0,28.1,67,0,0,0,4.3,2895.5,14794.5,6.8618,1993-10-04,9,1.1794309596682293,True,16.55658580117267,0.33114332847357186
BKR101_P001,101,P001,1994,3,298,1994-06-21,172,260,133,488,0,0,234236,3,wheat/winter wheat,7.7,18.8,22.1,0,16.5,71,5.8,0,0,4.2,3064.4,14991.2,6.8201,1993-10-04,9,1.1794309596682293,True,16.55658580117267,0.33114332847357186
BKR101_P001,101,P001,1994,3,298,1994-06-22,173,261,133,488,0,0,234236,3,wheat/winter wheat,13.5,19.4,22,0,11.263,57,6,0,0,4.9,3175.7,15117,6.7711,1993-10-04,9,1.1794309596682293,True,16.55658580117267,0.33114332847357186
BKR101_P001,101,P001,1994,3,298,1994-06-23,174,262,133,488,0,0,234236,3,wheat/winter wheat,9.1,14.4,18.2,0,27.378,56,5.2,0,0,5.9,3437.8,15424.2,6.7144,1993-10-04,9,1.1794309596682293,True,16.55658580117267,0.33114332847357186
BKR101_P001,101,P001,1994,3,298,1994-06-24,175,263,133,488,0,0,234236,3,wheat/winter wheat,6.5,13.7,19.9,0,31.597,64,2.4,0,0,5.2,3722.3,15757.9,6.6542,1993-10-04,9,1.1794309596682293,True,16.55658580117267,0.33114332847357186
BKR101_P001,101,P001,1994,3,298,1994-06-25,176,264,133,488,0,0,234236,3,wheat/winter wheat,7.1,18.8,27.6,0,30.852,54,3.2,0,0,6.8,3985.2,16064.3,6.5909,1993-10-04,9,1.1794309596682293,True,16.55658580117267,0.33114332847357186
BKR101_P001,101,P001,1994,3,298,1994-06-26,177,265,133,488,0,0,234236,3,wheat/winter wheat,12.1,21.7,29.5,0,24.52,68,1.4,0,16.557,5,4171.7,16277.2,6.5209,1993-10-04,9,1.1794309596682293,True,16.55658580117267,0.33114332847357186
BKR101_P001,101,P001,1994,3,298,1994-06-27,178,266,133,488,0,0,234236,3,wheat/winter wheat,15.6,21.6,27.4,0,19.126,74,1.1,0,0,3.9,4317.7,16439.9,6.4423,1993-10-04,9,1.1794309596682293,True,16.55658580117267,0.33114332847357186
BKR101_P001,101,P001,1994,3,298,1994-06-28,179,267,133,488,0,0,234236,3,wheat/winter wheat,13.3,21.7,28,0,28.01,63,1.4,0,0,5.5,4542.5,16696,6.3554,1993-10-04,9,1.1794309596682293,True,16.55658580117267,0.33114332847357186
BKR101_P001,101,P001,1994,3,298,1994-06-29,180,268,133,488,0,0,234236,3,wheat/winter wheat,17.6,23.2,33.7,3.7,16.837,76,2.4,0,0,4.4,4621.7,16775.7,6.2604,1993-10-04,9,1.1794309596682293,True,16.55658580117267,0.33114332847357186
BKR101_P001,101,P001,1994,3,298,1994-06-30,181,269,133,488,0,0,234236,3,wheat/winter wheat,12.5,17.8,21.3,0,28.028,65,2.4,0,0,5.3,4884.9,17075.6,6.1567,1993-10-04,9,1.1794309596682293,True,16.55658580117267,0.33114332847357186
BKR101_P001,101,P001,1994,3,298,1994-07-01,182,270,133,488,0,0,234236,3,wheat/winter wheat,9.8,16.6,22,0,28.679,68,1.6,0,0,4.9,5150.6,17377.8,6.0485,1993-10-04,9,1.1794309596682293,True,16.55658580117267,0.33114332847357186
BKR101_P001,101,P001,1994,3,298,1994-07-02,183,271,133,488,0,0,234236,3,wheat/winter wheat,10.1,18.6,25.7,0,30.555,61,2.1,0,16.557,5.9,5416.5,17679.4,5.9368,1993-10-04,9,1.1794309596682293,True,16.55658580117267,0.33114332847357186
BKR101_P001,101,P001,1994,3,298,1994-07-03,184,272,133,488,0,0,234236,3,wheat/winter wheat,13.1,21.2,28.4,0,29.85,56,2.5,0,0,6.6,5654.6,17946.5,5.8205,1993-10-04,9,1.1794309596682293,True,16.55658580117267,0.33114332847357186
BKR101_P001,101,P001,1994,3,298,1994-07-04,185,273,133,488,0,0,234236,3,wheat/winter wheat,15.6,22.9,30.2,0,28.073,53,3.2,0,0,7.2,5856.7,18169.3,5.6982,1993-10-04,9,1.1794309596682293,True,16.55658580117267,0.33114332847357186
BKR101_P001,101,P001,1994,3,298,1994-07-05,186,274,133,488,0,0,234236,3,wheat/winter wheat,14.6,17.9,21.8,0.1,13.398,75,1.9,0,0,3,5985.3,18303.5,5.5693,1993-10-04,9,1.1794309596682293,True,16.55658580117267,0.33114332847357186
BKR101_P001,101,P001,1994,3,298,1994-07-06,187,275,133,488,0,0,234236,3,wheat/winter wheat,12.1,18.4,24,0,23.925,65,1.8,0,0,4.7,6163.2,18496.3,5.4373,1993-10-04,9,1.1794309596682293,True,16.55658580117267,0.33114332847357186
BKR101_P001,101,P001,1994,3,298,1994-07-07,188,276,133,488,0,0,234236,3,wheat/winter wheat,9.9,15.3,23.4,11.6,15.834,80,2.3,0,16.557,3.1,6276.1,18611.1,5.3023,1993-10-04,9,1.1794309596682293,True,16.55658580117267,0.33114332847357186
BKR101_P001,101,P001,1994,3,298,1994-07-08,189,277,133,488,0,0,234236,3,wheat/winter wheat,13,15,20.2,17.9,10.637,94,3.3,0,0,1.9,6351.5,18680.8,5.1665,1993-10-04,9,1.1794309596682293,True,16.55658580117267,0.33114332847357186
BKR101_P001,101,P001,1994,3,298,1994-07-09,190,278,133,488,0,0,234236,3,wheat/winter wheat,11.7,17.8,22.9,0.1,25.014,76,3,0,0,4.7,6541.4,18887.2,5.0301,1993-10-04,9,1.1794309596682293,True,16.55658580117267,0.33114332847357186
BKR101_P001,101,P001,1994,3,298,1994-07-10,191,279,133,488,0,0,234236,3,wheat/winter wheat,12.5,18.7,24.6,0,26.797,74,2.1,0,0,5,6728.6,19089.8,4.8918,1993-10-04,9,1.1794309596682293,True,16.55658580117267,0.33114332847357186
BKR101_P001,101,P001,1994,3,298,1994-07-11,192,280,133,488,0,0,234236,3,wheat/winter wheat,11.9,20.2,26.9,0,29.311,62,1.1,0,0,5.3,6958.9,19343.2,4.7514,1993-10-04,9,1.1794309596682293,True,16.55658580117267,0.33114332847357186
BKR101_P001,101,P001,1994,3,298,1994-07-12,193,281,133,488,0,0,234236,3,wheat/winter wheat,14.2,22.5,29.6,0,27.984,63,2.4,0,0,6.1,7127.3,19522.3,4.6085,1993-10-04,9,1.1794309596682293,True,16.55658580117267,0.33114332847357186
BKR101_P001,101,P001,1994,3,298,1994-07-13,194,282,133,488,0,0,234236,3,wheat/winter wheat,15.8,23.7,30.6,0,27.324,60,2.2,0,0,6.2,7274.4,19675.2,4.4621,1993-10-04,9,1.1794309596682293,True,16.55658580117267,0.33114332847357186
BKR101_P001,101,P001,1994,3,298,1994-07-14,195,283,133,488,0,0,234236,3,wheat/winter wheat,16.1,23.9,31.4,0,26.779,61,1.9,0,0,6,7408.2,19811.7,4.3122,1993-10-04,9,1.1794309596682293,True,16.55658580117267,0.33114332847357186
BKR101_P001,101,P001,1994,3,298,1994-07-15,196,284,133,488,0,0,234236,3,wheat/winter wheat,16.5,22.8,29.7,2.4,23.987,71,1.7,0,0,5.1,7535.2,19939.7,4.1593,1993-10-04,9,1.1794309596682293,True,16.55658580117267,0.33114332847357186
BKR101_P001,101,P001,1994,3,298,1994-07-16,197,285,133,488,0,0,234236,3,wheat/winter wheat,16.6,21.2,25.9,0,23.634,66,1.2,0,0,4.6,7676.5,20084.5,4.0043,1993-10-04,9,1.1794309596682293,True,16.55658580117267,0.33114332847357186
BKR101_P001,101,P001,1994,3,298,1994-07-17,198,286,133,488,0,0,234236,3,wheat/winter wheat,14.6,19.5,23.6,0,22.301,72,1.7,0,0,4.3,7821,20233.1,3.8487,1993-10-04,9,1.1794309596682293,True,16.55658580117267,0.33114332847357186
BKR101_P001,101,P001,1994,3,298,1994-07-18,199,287,133,488,0,0,234236,3,wheat/winter wheat,14.6,18.6,23.3,0,24.461,65,1.7,0,0,4.7,7971.9,20389.3,3.6935,1993-10-04,9,1.1794309596682293,True,16.55658580117267,0.33114332847357186
BKR101_P001,101,P001,1994,3,298,1994-07-19,200,288,133,488,0,0,234236,3,wheat/winter wheat,12.7,18.5,23.1,0,24.557,63,2.7,0,16.557,5.1,8115,20536.5,3.5395,1993-10-04,9,1.1794309596682293,True,16.55658580117267,0.33114332847357186
BKR101_P001,101,P001,1994,3,298,1994-07-20,201,289,133,488,0,0,234236,3,wheat/winter wheat,11.2,18.6,25.1,0,28.534,61,1.8,0,0,5.3,8257.1,20682.6,3.387,1993-10-04,9,1.1794309596682293,True,16.55658580117267,0.33114332847357186
BKR101_P001,101,P001,1994,3,298,1994-07-21,202,290,133,488,0,0,234236,3,wheat/winter wheat,10.3,20.8,28.6,0,27.916,58,1.2,0,0,5.3,8391.8,20819.9,3.2362,1993-10-04,9,1.1794309596682293,True,16.55658580117267,0.33114332847357186
BKR101_P001,101,P001,1994,3,298,1994-07-22,203,291,133,488,0,0,234236,3,wheat/winter wheat,14.2,22.9,30.4,0,26.995,54,1.9,0,0,6,8492.5,20917,3.0863,1993-10-04,9,1.1794309596682293,True,16.55658580117267,0.33114332847357186
BKR101_P001,101,P001,1994,3,298,1994-07-23,204,292,133,488,0,0,234236,3,wheat/winter wheat,15.4,24.1,31.3,0,25.798,52,1.8,0,0,5.9,8567,20983.1,2.937,1993-10-04,9,1.1794309596682293,True,16.55658580117267,0.33114332847357186
BKR101_P001,101,P001,1994,3,298,1994-07-24,205,293,133,488,0,0,234236,3,wheat/winter wheat,15.9,24.6,31.9,0,25.184,55,1.7,0,16.557,5.7,8623.6,21028.2,2.7882,1993-10-04,9,1.1794309596682293,True,16.55658580117267,0.33114332847357186
BKR101_P001,101,P001,1994,3,298,1994-07-25,206,294,133,488,0,0,234236,3,wheat/winter wheat,16,25,32.9,0,24.619,56,1.3,0,0,5.4,8659.6,21049.1,2.64,1993-10-04,9,1.1794309596682293,True,16.55658580117267,0.33114332847357186
BKR101_P001,101,P001,1994,3,298,1994-07-26,207,295,133,488,0,0,234236,3,wheat/winter wheat,18.3,26.5,34.4,0,23.13,56,2,0,0,5.9,8683.9,21056.3,2.4928,1993-10-04,9,1.1794309596682293,True,16.55658580117267,0.33114332847357186
BKR101_P001,101,P001,1994,3,298,1994-07-27,208,296,133,488,0,0,234236,3,wheat/winter wheat,20.6,25.7,30.3,0.1,19.454,67,1.5,0,0,4.5,8702.9,21057.6,2.3467,1993-10-04,9,1.1794309596682293,True,16.55658580117267,0.33114332847357186
BKR101_P001,101,P001,1994,3,298,1994-07-28,209,297,133,488,0,0,234236,3,wheat/winter wheat,18,26.1,34,0,23.793,60,1.1,0,0,4.5,8702.9,21057.6,2.3467,1993-10-04,9,1.1794309596682293,True,16.55658580117267,0.33114332847357186
BKR101_P001,101,P001,1995,4,304,1994-10-04,277,0,133,488,0,0,234236,4,wheat/winter wheat,2,5.7,10,0.2,12.523,77,4.2,0,0,1.3,0,53,0.0972,1994-10-04,9,1.1794309596682293,True,16.55658580117267,0.33114332847357186
BKR101_P001,101,P001,1995,4,304,1994-10-05,278,1,133,488,0,0,234236,4,wheat/winter wheat,1,4,8.2,1.5,8.423,89,3.9,0,0,0.7,0,53,0.0972,1994-10-04,9,1.1794309596682293,True,16.55658580117267,0.33114332847357186
BKR101_P001,101,P001,1995,4,304,1994-10-06,279,2,133,488,0,0,234236,4,wheat/winter wheat,-0.5,4.2,10.8,0,13.361,80,2.5,0,0,1.1,0,53,0.0972,1994-10-04,9,1.1794309596682293,True,16.55658580117267,0.33114332847357186
BKR101_P001,101,P001,1995,4,304,1994-10-07,280,3,133,488,0,0,234236,4,wheat/winter wheat,-1.6,4.1,11.2,0,11.775,80,1.2,0,0,0.8,0,53,0.0972,1994-10-04,9,1.1794309596682293,True,16.55658580117267,0.33114332847357186
BKR101_P001,101,P001,1995,4,304,1994-10-08,281,4,133,488,0,0,234236,4,wheat/winter wheat,3.1,4.9,7.9,0,3.292,92,0.5,0,0,0.5,0,53,0.0972,1994-10-04,9,1.1794309596682293,True,16.55658580117267,0.33114332847357186
BKR101_P001,101,P001,1995,4,304,1994-10-09,282,5,133,488,0,0,234236,4,wheat/winter wheat,1,4.9,10.4,0,10.264,86,0.9,0,0,0.7,0,53,0.0972,1994-10-04,9,1.1794309596682293,True,16.55658580117267,0.33114332847357186
BKR101_P001,101,P001,1995,4,304,1994-10-10,283,6,133,488,0,0,234236,4,wheat/winter wheat,2.1,5.1,10.2,0,10.905,90,3,0,0,0.7,0,53,0.0972,1994-10-04,9,1.1794309596682293,True,16.55658580117267,0.33114332847357186
BKR101_P001,101,P001,1995,4,304,1994-10-11,284,7,133,488,0,0,234236,4,wheat/winter wheat,1.1,5.7,12.8,0,11.892,85,1.9,0,0,0.8,0,53,0.0972,1994-10-04,9,1.1794309596682293,True,16.55658580117267,0.33114332847357186
BKR101_P001,101,P001,1995,4,304,1994-10-12,285,8,133,488,0,0,234236,4,wheat/winter wheat,1.2,8.1,15,0,10.871,84,2.2,0,0,0.9,0,53,0.0972,1994-10-04,9,1.1794309596682293,True,16.55658580117267,0.33114332847357186
BKR101_P001,101,P001,1995,4,304,1994-10-13,286,9,133,488,0,0,234236,4,wheat/winter wheat,6.2,8.7,10.2,0,2.622,96,3.5,0,0,0.5,0,53,0.0972,1994-10-04,9,1.1794309596682293,True,16.55658580117267,0.33114332847357186
BKR101_P001,101,P001,1995,4,304,1994-10-14,287,10,133,488,0,0,234236,4,wheat/winter wheat,4.9,10.4,15.8,0,9.403,87,2,0,0,0.8,0,53,0.0972,1994-10-04,9,1.1794309596682293,True,16.55658580117267,0.33114332847357186
BKR101_P001,101,P001,1995,4,304,1994-10-15,288,11,133,488,0,0,234236,4,wheat/winter wheat,1.1,8.9,17.5,0,10.244,87,1.9,0,0,0.8,0,53,0.0972,1994-10-04,9,1.1794309596682293,True,16.55658580117267,0.33114332847357186
BKR101_P001,101,P001,1995,4,304,1994-10-16,289,12,133,488,0,0,234236,4,wheat/winter wheat,2.5,8.1,11.5,0,8.435,80,3.1,0,0,0.9,0,53,0.0972,1994-10-04,9,1.1794309596682293,True,16.55658580117267,0.33114332847357186
BKR101_P001,101,P001,1995,4,304,1994-10-17,290,13,133,488,0,0,234236,4,wheat/winter wheat,-3.1,2.7,7.4,0,10.946,72,2.4,0,0,0.8,0,53,0.0972,1994-10-04,9,1.1794309596682293,True,16.55658580117267,0.33114332847357186
BKR101_P001,101,P001,1995,4,304,1994-10-18,291,14,133,488,0,0,234236,4,wheat/winter wheat,-3.2,0.8,6.7,0,7.81,72,1.2,0,0,0.6,0,53,0.0972,1994-10-04,9,1.1794309596682293,True,16.55658580117267,0.33114332847357186
BKR101_P001,101,P001,1995,4,304,1994-10-19,292,15,133,488,0,0,234236,4,wheat/winter wheat,-3.6,2.2,9.2,0,9.137,65,4.9,0,0,1.4,0,53,0.0972,1994-10-04,9,1.1794309596682293,True,16.55658580117267,0.33114332847357186
BKR101_P001,101,P001,1995,4,304,1994-10-20,293,16,133,488,0,0,234236,4,wheat/winter wheat,0,4.4,10.5,0,9.817,60,6.9,0,0,1.5,0,55.7,0.0972,1994-10-04,9,1.1794309596682293,True,16.55658580117267,0.33114332847357186
BKR101_P001,101,P001,1995,4,304,1994-10-21,294,17,133,488,0,0,234236,4,wheat/winter wheat,-0.3,4.9,11.3,0,9.635,70,6.4,0,0,1.2,0,58.6,0.1021,1994-10-04,9,1.1794309596682293,True,16.55658580117267,0.33114332847357186
BKR101_P001,101,P001,1995,4,304,1994-10-22,295,18,133,488,0,0,234236,4,wheat/winter wheat,3.3,8.1,13.2,0,7.846,74,4.7,0,0,1.1,0,62.1,0.1074,1994-10-04,9,1.1794309596682293,True,16.55658580117267,0.33114332847357186
BKR101_P001,101,P001,1995,4,304,1994-10-23,296,19,133,488,0,0,234236,4,wheat/winter wheat,5.4,9.7,13.7,0.1,5.014,80,3.8,0,0,0.9,0,65.3,0.1138,1994-10-04,9,1.1794309596682293,True,16.55658580117267,0.33114332847357186
BKR101_P001,101,P001,1995,4,304,1994-10-24,297,20,133,488,0,0,234236,4,wheat/winter wheat,7.1,10.2,14.6,0,8.561,86,3.6,0,0,0.7,0,69.3,0.1195,1994-10-04,9,1.1794309596682293,True,16.55658580117267,0.33114332847357186
BKR101_P001,101,P001,1995,4,304,1994-10-25,298,21,133,488,0,0,234236,4,wheat/winter wheat,4.6,9.5,14,0,7.885,84,2.9,0,0,0.6,0,73.5,0.1269,1994-10-04,9,1.1794309596682293,True,16.55658580117267,0.33114332847357186
BKR101_P001,101,P001,1995,4,304,1994-10-26,299,22,133,488,0,0,234236,4,wheat/winter wheat,6.3,8.4,11.6,1,6.367,88,4.2,0,0,0.6,0,77.7,0.1345,1994-10-04,9,1.1794309596682293,True,16.55658580117267,0.33114332847357186
BKR101_P001,101,P001,1995,4,304,1994-10-27,300,23,133,488,0,0,234236,4,wheat/winter wheat,5.4,7.9,10.6,0.5,4.795,84,4.7,0,0,0.6,0,81.3,0.1421,1994-10-04,9,1.1794309596682293,True,16.55658580117267,0.33114332847357186
BKR101_P001,101,P001,1995,4,304,1994-10-28,301,24,133,488,0,0,234236,4,wheat/winter wheat,3.3,6.7,10.2,0.3,5.113,90,3.4,0,0,0.4,0,85,0.1487,1994-10-04,9,1.1794309596682293,True,16.55658580117267,0.33114332847357186
BKR101_P001,101,P001,1995,4,304,1994-10-29,302,25,133,488,0,0,234236,4,wheat/winter wheat,2.1,5.8,10.3,0.1,6.833,87,4,0,0,0.4,0,89.2,0.1556,1994-10-04,9,1.1794309596682293,True,16.55658580117267,0.33114332847357186
BKR101_P001,101,P001,1995,4,304,1994-10-30,303,26,133,488,0,0,234236,4,wheat/winter wheat,6.6,9.5,13.1,5,2.495,96,4.5,0,0,0.3,0,92,0.1631,1994-10-04,9,1.1794309596682293,True,16.55658580117267,0.33114332847357186
BKR101_P001,101,P001,1995,4,304,1994-10-31,304,27,133,488,0,0,234236,4,wheat/winter wheat,12.1,13.9,15.5,5.8,2.456,86,6.9,0,0,0.7,0,95,0.1683,1994-10-04,9,1.1794309596682293,True,16.55658580117267,0.33114332847357186
BKR101_P001,101,P001,1995,4,304,1994-11-01,305,28,133,488,0,0,234236,4,wheat/winter wheat,8.2,11.1,12.9,0.8,4.937,69,7.5,0,0,1.5,0,100,0.1738,1994-10-04,9,1.1794309596682293,True,16.55658580117267,0.33114332847357186
BKR101_P001,101,P001,1995,4,304,1994-11-02,306,29,133,488,0,0,234236,4,wheat/winter wheat,1.5,6.7,10.1,0,6.293,84,3.9,0,0,0.5,0,104.8,0.1828,1994-10-04,9,1.1794309596682293,True,16.55658580117267,0.33114332847357186
BKR101_P001,101,P001,1995,4,304,1994-11-03,307,30,133,488,0,0,234236,4,wheat/winter wheat,-2.6,2.4,9.5,0,6.335,93,2.4,0,0,0.1,0,108.6,0.1916,1994-10-04,9,1.1794309596682293,True,16.55658580117267,0.33114332847357186
BKR101_P001,101,P001,1995,4,304,1994-11-04,308,31,133,488,0,0,234236,4,wheat/winter wheat,2.2,5.1,9.6,0,6.268,80,6.1,0,0,0.6,0,113.2,0.1986,1994-10-04,9,1.1794309596682293,True,16.55658580117267,0.33114332847357186
BKR101_P001,101,P001,1995,4,304,1994-11-05,309,32,133,488,0,0,234236,4,wheat/winter wheat,2.7,7.3,13.9,0,5.674,85,4.5,0,0,0.5,0,118.3,0.207,1994-10-04,9,1.1794309596682293,True,16.55658580117267,0.33114332847357186
BKR101_P001,101,P001,1995,4,304,1994-11-06,310,33,133,488,0,0,234236,4,wheat/winter wheat,3.1,7.7,13.5,0,5.727,91,2.3,0,0,0.2,0,123.7,0.2164,1994-10-04,9,1.1794309596682293,True,16.55658580117267,0.33114332847357186
BKR101_P001,101,P001,1995,4,304,1994-11-07,311,34,133,488,0,0,234236,4,wheat/winter wheat,6.5,7.3,8.2,0.1,1.211,98,0.6,0,0,0.3,0,126.1,0.2261,1994-10-04,9,1.1794309596682293,True,16.55658580117267,0.33114332847357186
BKR101_P001,101,P001,1995,4,304,1994-11-08,312,35,133,488,0,0,234236,4,wheat/winter wheat,5.5,6,6.6,0.2,1.351,95,0.7,0,0,0.3,0,128.7,0.2306,1994-10-04,9,1.1794309596682293,True,16.55658580117267,0.33114332847357186
BKR101_P001,101,P001,1995,4,304,1994-11-09,313,36,133,488,0,0,234236,4,wheat/winter wheat,0.4,5.4,8.4,0,2.818,96,0.9,0,0,0.2,0,132.6,0.2352,1994-10-04,9,1.1794309596682293,True,16.55658580117267,0.33114332847357186
BKR101_P001,101,P001,1995,4,304,1994-11-10,314,37,133,488,0,0,234236,4,wheat/winter wheat,1,4.7,6.8,0,2.584,93,3.5,0,0,0.2,0,136.3,0.2423,1994-10-04,9,1.1794309596682293,True,16.55658580117267,0.33114332847357186
BKR101_P001,101,P001,1995,4,304,1994-11-11,315,38,133,488,0,0,234236,4,wheat/winter wheat,-0.1,2.9,6.3,0,6.486,78,3.9,0,0,0.3,0,141,0.249,1994-10-04,9,1.1794309596682293,True,16.55658580117267,0.33114332847357186
BKR101_P001,101,P001,1995,4,304,1994-11-12,316,39,133,488,0,0,234236,4,wheat/winter wheat,-2.5,-1.1,-0.1,0,2.56,83,4.4,0,0,0,0,140.9,0.2574,1994-10-04,9,1.1794309596682293,True,16.55658580117267,0.33114332847357186
BKR101_P001,101,P001,1995,4,304,1994-11-13,317,40,133,488,0,0,234236,4,wheat/winter wheat,-3.2,-1.8,0.7,0,4.451,81,3.1,0,0,0,0,140.8,0.2574,1994-10-04,9,1.1794309596682293,True,16.55658580117267,0.33114332847357186
BKR101_P001,101,P001,1995,4,304,1994-11-14,318,41,133,488,0,0,234236,4,wheat/winter wheat,-1.6,5.9,11.6,7.8,1.649,97,5.5,0,0,0.1,0,143.8,0.2573,1994-10-04,9,1.1794309596682293,True,16.55658580117267,0.33114332847357186
BKR101_P001,101,P001,1995,4,304,1994-11-15,319,42,133,488,0,0,234236,4,wheat/winter wheat,8.3,10.9,12.5,5.3,3.053,85,7.6,0,0,0.6,0,149.1,0.2627,1994-10-04,9,1.1794309596682293,True,16.55658580117267,0.33114332847357186
BKR101_P001,101,P001,1995,4,304,1994-11-16,320,43,133,488,0,0,234236,4,wheat/winter wheat,5.9,7.8,9.4,9.9,2.92,89,6.9,0,0,0.4,0,154,0.2722,1994-10-04,9,1.1794309596682293,True,16.55658580117267,0.33114332847357186
BKR101_P001,101,P001,1995,4,304,1994-11-17,321,44,133,488,0,0,234236,4,wheat/winter wheat,4.5,5.8,7.2,3.2,2.051,95,5.3,0,0,0.1,0,157.7,0.2812,1994-10-04,9,1.1794309596682293,True,16.55658580117267,0.33114332847357186
BKR101_P001,101,P001,1995,4,304,1994-11-18,322,45,133,488,0,0,234236,4,wheat/winter wheat,3.6,4.4,5.5,0.5,2.137,95,4.1,0,0,0.1,0,161.5,0.2878,1994-10-04,9,1.1794309596682293,True,16.55658580117267,0.33114332847357186
BKR101_P001,101,P001,1995,4,304,1994-11-19,323,46,133,488,0,0,234236,4,wheat/winter wheat,1.8,3.9,6.1,0.3,2.975,88,1.9,0,0,0.2,0,166.3,0.2945,1994-10-04,9,1.1794309596682293,True,16.55658580117267,0.33114332847357186
BKR101_P001,101,P001,1995,4,304,1994-11-20,324,47,133,488,0,0,234236,4,wheat/winter wheat,4.3,10.2,13.8,1.9,1.884,94,5.3,0,0,0.2,0,170.3,0.3032,1994-10-04,9,1.1794309596682293,True,16.55658580117267,0.33114332847357186
BKR101_P001,101,P001,1995,4,304,1994-11-21,325,48,133,488,0,0,234236,4,wheat/winter wheat,5.3,8.2,11.6,0.3,3.912,89,5.1,0,0,0.3,0,176.3,0.3103,1994-10-04,9,1.1794309596682293,True,16.55658580117267,0.33114332847357186
BKR101_P001,101,P001,1995,4,304,1994-11-22,326,49,133,488,0,0,234236,4,wheat/winter wheat,0.3,5,7.5,0,2.139,93,2.7,0,0,0.1,0,180.7,0.321,1994-10-04,9,1.1794309596682293,True,16.55658580117267,0.33114332847357186
BKR101_P001,101,P001,1995,4,304,1994-11-23,327,50,133,488,0,0,234236,4,wheat/winter wheat,0.9,2.1,3.4,0,2.168,99,2.9,0,0,0,0,184.7,0.3286,1994-10-04,9,1.1794309596682293,True,16.55658580117267,0.33114332847357186
BKR101_P001,101,P001,1995,4,304,1994-11-24,328,51,133,488,0,0,234236,4,wheat/winter wheat,3.9,7.7,10.4,0.9,1.13,92,6.4,0,0,0.2,0,187.5,0.3357,1994-10-04,9,1.1794309596682293,True,16.55658580117267,0.33114332847357186
BKR101_P001,101,P001,1995,4,304,1994-11-25,329,52,133,488,0,0,234236,4,wheat/winter wheat,2,5.7,7.5,0.8,4.229,78,4.6,0,0,0.3,0,193.3,0.3407,1994-10-04,9,1.1794309596682293,True,16.55658580117267,0.33114332847357186
BKR101_P001,101,P001,1995,4,304,1994-11-26,330,53,133,488,0,0,234236,4,wheat/winter wheat,1.4,4.8,6.7,2.1,1.213,99,1.5,0,0,0.1,0,196.4,0.3509,1994-10-04,9,1.1794309596682293,True,16.55658580117267,0.33114332847357186
BKR101_P001,101,P001,1995,4,304,1994-11-27,331,54,133,488,0,0,234236,4,wheat/winter wheat,4.7,6,7.7,0,1.147,98,2.6,0,0,0.1,0,199.3,0.3562,1994-10-04,9,1.1794309596682293,True,16.55658580117267,0.33114332847357186
BKR101_P001,101,P001,1995,4,304,1994-11-28,332,55,133,488,0,0,234236,4,wheat/winter wheat,6.1,7.3,8.6,0,4.585,90,4.8,0,0,0.1,0,205.4,0.3613,1994-10-04,9,1.1794309596682293,True,16.55658580117267,0.33114332847357186
BKR101_P001,101,P001,1995,4,304,1994-11-29,333,56,133,488,0,0,234236,4,wheat/winter wheat,4.5,6.4,8.9,0,1.535,92,4.5,0,0,0.2,0,209.3,0.3719,1994-10-04,9,1.1794309596682293,True,16.55658580117267,0.33114332847357186
BKR101_P001,101,P001,1995,4,304,1994-11-30,334,57,133,488,0,0,234236,4,wheat/winter wheat,-1.1,4.7,7.2,0.1,1.525,98,1.3,0,0,0.1,0,213.3,0.3787,1994-10-04,9,1.1794309596682293,True,16.55658580117267,0.33114332847357186
BKR101_P001,101,P001,1995,4,304,1994-12-01,335,58,133,488,0,0,234236,4,wheat/winter wheat,-3.5,-1.5,1,0,4.253,99,1.3,0,0,0,0,213.1,0.3855,1994-10-04,9,1.1794309596682293,True,16.55658580117267,0.33114332847357186
BKR101_P001,101,P001,1995,4,304,1994-12-02,336,59,133,488,0,0,234236,4,wheat/winter wheat,-4.3,-2.9,-1.7,0,2.06,99,2.8,0,0,0,0,213,0.3854,1994-10-04,9,1.1794309596682293,True,16.55658580117267,0.33114332847357186
BKR101_P001,101,P001,1995,4,304,1994-12-03,337,60,133,488,0,0,234236,4,wheat/winter wheat,-4.9,-1,4.6,0,3.029,97,1.5,0,0,0,0,212.9,0.3853,1994-10-04,9,1.1794309596682293,True,16.55658580117267,0.33114332847357186
BKR101_P001,101,P001,1995,4,304,1994-12-04,338,61,133,488,0,0,234236,4,wheat/winter wheat,3.7,5.9,8.2,0.9,3.721,92,4.6,0,0,0,0,218.7,0.3852,1994-10-04,9,1.1794309596682293,True,16.55658580117267,0.33114332847357186
BKR101_P001,101,P001,1995,4,304,1994-12-05,339,62,133,488,0,0,234236,4,wheat/winter wheat,4.6,7.7,9.9,1,1.853,91,4.8,0,0,0.2,0,223.9,0.395,1994-10-04,9,1.1794309596682293,True,16.55658580117267,0.33114332847357186
BKR101_P001,101,P001,1995,4,304,1994-12-06,340,63,133,488,0,0,234236,4,wheat/winter wheat,3.6,5.8,7.7,1,2.117,80,6.4,0,0,0.4,0,229.7,0.4039,1994-10-04,9,1.1794309596682293,True,16.55658580117267,0.33114332847357186
BKR101_P001,101,P001,1995,4,304,1994-12-07,341,64,133,488,0,0,234236,4,wheat/winter wheat,0.5,3.4,6.2,0,4.255,85,4.4,0,0,0.1,0,235.3,0.4138,1994-10-04,9,1.1794309596682293,True,16.55658580117267,0.33114332847357186
BKR101_P001,101,P001,1995,4,304,1994-12-08,342,65,133,488,0,0,234236,4,wheat/winter wheat,2.7,4.9,6.7,0.4,2.841,85,5.8,0,0,0.2,0,241.2,0.4232,1994-10-04,9,1.1794309596682293,True,16.55658580117267,0.33114332847357186
BKR101_P001,101,P001,1995,4,304,1994-12-09,343,66,133,488,0,0,234236,4,wheat/winter wheat,2.8,6.1,7.7,7,1.57,93,6.5,0,0,0.1,0,246,0.4332,1994-10-04,9,1.1794309596682293,True,16.55658580117267,0.33114332847357186
BKR101_P001,101,P001,1995,4,304,1994-12-10,344,67,133,488,0,0,234236,4,wheat/winter wheat,0.2,2.1,4.9,2.1,2.214,97,4.2,0,0,0,0,251.4,0.4412,1994-10-04,9,1.1794309596682293,True,16.55658580117267,0.33114332847357186
BKR101_P001,101,P001,1995,4,304,1994-12-11,345,68,133,488,0,0,234236,4,wheat/winter wheat,5.6,10.6,12.4,1.7,0.848,92,8.8,0,0,0.2,0,254.2,0.4503,1994-10-04,9,1.1794309596682293,True,16.55658580117267,0.33114332847357186
BKR101_P001,101,P001,1995,4,304,1994-12-12,346,69,133,488,0,0,234236,4,wheat/winter wheat,8.6,11.1,12.2,10.9,1.09,90,8.7,0,0,0.3,0,257.8,0.4549,1994-10-04,9,1.1794309596682293,True,16.55658580117267,0.33114332847357186
BKR101_P001,101,P001,1995,4,304,1994-12-13,347,70,133,488,0,0,234236,4,wheat/winter wheat,5.7,7.8,8.8,1.8,2.172,89,6.5,0,0,0.2,0,264.4,0.4608,1994-10-04,9,1.1794309596682293,True,16.55658580117267,0.33114332847357186
BKR101_P001,101,P001,1995,4,304,1994-12-14,348,71,133,488,0,0,234236,4,wheat/winter wheat,-0.4,2.1,5.1,0.8,2.026,86,4.4,0,0,0.2,0,270.1,0.4715,1994-10-04,9,1.1794309596682293,True,16.55658580117267,0.33114332847357186
BKR101_P001,101,P001,1995,4,304,1994-12-15,349,72,133,488,0,0,234236,4,wheat/winter wheat,-2.8,-0.9,1.9,0,4.366,95,3.4,0,0,0,0,270,0.4808,1994-10-04,9,1.1794309596682293,True,16.55658580117267,0.33114332847357186
BKR101_P001,101,P001,1995,4,304,1994-12-16,350,73,133,488,0,0,234236,4,wheat/winter wheat,-2.9,-1,2.4,0.1,1.91,97,4.9,0,0,0,0,269.8,0.4806,1994-10-04,9,1.1794309596682293,True,16.55658580117267,0.33114332847357186
BKR101_P001,101,P001,1995,4,304,1994-12-17,351,74,133,488,0,0,234236,4,wheat/winter wheat,0,1.6,3.5,0,3.298,96,4.6,0,0,0,0,275.5,0.4805,1994-10-04,9,1.1794309596682293,True,16.55658580117267,0.33114332847357186
BKR101_P001,101,P001,1995,4,304,1994-12-18,352,75,133,488,0,0,234236,4,wheat/winter wheat,-1.5,0.4,2.3,0,3.775,89,2.8,0,0,0,0,280.9,0.4896,1994-10-04,9,1.1794309596682293,True,16.55658580117267,0.33114332847357186
BKR101_P001,101,P001,1995,4,304,1994-12-19,353,76,133,488,0,0,234236,4,wheat/winter wheat,0.1,1.3,2.8,0,1.164,91,3.5,0,0,0.1,0,284.6,0.4984,1994-10-04,9,1.1794309596682293,True,16.55658580117267,0.33114332847357186
BKR101_P001,101,P001,1995,4,304,1994-12-20,354,77,133,488,0,0,234236,4,wheat/winter wheat,-3.5,-0.6,0.9,0,2.662,99,1.1,0,0,0,0,284.5,0.5045,1994-10-04,9,1.1794309596682293,True,16.55658580117267,0.33114332847357186
BKR101_P001,101,P001,1995,4,304,1994-12-21,355,78,133,488,0,0,234236,4,wheat/winter wheat,0.4,1.2,1.8,0,1.087,99,1.5,0,0,0.1,0,288.1,0.5043,1994-10-04,9,1.1794309596682293,True,16.55658580117267,0.33114332847357186
BKR101_P001,101,P001,1995,4,304,1994-12-22,356,79,133,488,0,0,234236,4,wheat/winter wheat,0.2,1.4,2.3,0,1.112,96,1.9,0,0,0.1,0,291.8,0.5101,1994-10-04,9,1.1794309596682293,True,16.55658580117267,0.33114332847357186
BKR101_P001,101,P001,1995,4,304,1994-12-23,357,80,133,488,0,0,234236,4,wheat/winter wheat,-1.8,0,1.7,0,2.348,96,0.4,0,0,0,0,297.3,0.5161,1994-10-04,9,1.1794309596682293,True,16.55658580117267,0.33114332847357186
BKR101_P001,101,P001,1995,4,304,1994-12-24,358,81,133,488,0,0,234236,4,wheat/winter wheat,-3.1,-2.6,-1.4,0,0.877,90,2.1,0,0,0,0,297.2,0.5251,1994-10-04,9,1.1794309596682293,True,16.55658580117267,0.33114332847357186
BKR101_P001,101,P001,1995,4,304,1994-12-25,359,82,133,488,0,0,234236,4,wheat/winter wheat,-3.4,-3.2,-2.8,0,0.853,99,3,0,0,0,0,297,0.525,1994-10-04,9,1.1794309596682293,True,16.55658580117267,0.33114332847357186
BKR101_P001,101,P001,1995,4,304,1994-12-26,360,83,133,488,0,0,234236,4,wheat/winter wheat,-2.9,-0.8,0.6,0,1.814,95,5.1,0,0,0,0,296.9,0.5248,1994-10-04,9,1.1794309596682293,True,16.55658580117267,0.33114332847357186
BKR101_P001,101,P001,1995,4,304,1994-12-27,361,84,133,488,0,0,234236,4,wheat/winter wheat,0.6,3.2,7.2,7,1.246,94,7.2,0,0,0.1,0,301.2,0.5247,1994-10-04,9,1.1794309596682293,True,16.55658580117267,0.33114332847357186
BKR101_P001,101,P001,1995,4,304,1994-12-28,362,85,133,488,0,0,234236,4,wheat/winter wheat,2.3,4.5,11.3,1.7,1.413,99,3.3,0,0,0,0,306,0.5316,1994-10-04,9,1.1794309596682293,True,16.55658580117267,0.33114332847357186
BKR101_P001,101,P001,1995,4,304,1994-12-29,363,86,133,488,0,0,234236,4,wheat/winter wheat,9.5,11,11.6,0.3,1.428,82,7.6,0,0,0.5,0,311.6,0.5394,1994-10-04,9,1.1794309596682293,True,16.55658580117267,0.33114332847357186
BKR101_P001,101,P001,1995,4,304,1994-12-30,364,87,133,488,0,0,234236,4,wheat/winter wheat,5.4,7.4,10.3,2.7,2.402,79,6.8,0,0,0.5,0,319.3,0.5482,1994-10-04,9,1.1794309596682293,True,16.55658580117267,0.33114332847357186
BKR101_P001,101,P001,1995,4,304,1994-12-31,365,88,133,488,0,0,234236,4,wheat/winter wheat,3.5,5.1,6.3,0.7,1.433,78,6.8,0,0,0.4,0,324.9,0.5602,1994-10-04,9,1.1794309596682293,True,16.55658580117267,0.33114332847357186
BKR101_P001,101,P001,1995,4,304,1995-01-01,1,89,133,488,0,0,234236,4,wheat/winter wheat,-0.5,1.3,3.7,2.5,2.187,86,6.9,0,0,0.2,0,331.7,0.5688,1994-10-04,9,1.1794309596682293,True,16.55658580117267,0.33114332847357186
BKR101_P001,101,P001,1995,4,304,1995-01-02,2,90,133,488,0,0,234236,4,wheat/winter wheat,-2.8,-0.9,0.1,0.7,1.779,94,3.5,0,0,0,0,331.5,0.5794,1994-10-04,9,1.1794309596682293,True,16.55658580117267,0.33114332847357186
BKR101_P001,101,P001,1995,4,304,1995-01-03,3,91,133,488,0,0,234236,4,wheat/winter wheat,-4.8,-1.8,-0.1,0.2,4.992,83,2.7,0,0,0,0,331.3,0.5792,1994-10-04,9,1.1794309596682293,True,16.55658580117267,0.33114332847357186
BKR101_P001,101,P001,1995,4,304,1995-01-04,4,92,133,488,0,0,234236,4,wheat/winter wheat,-9.6,-7.3,-3.7,0,5.04,93,0.6,0,0,0,0,331.2,0.579,1994-10-04,9,1.1794309596682293,True,16.55658580117267,0.33114332847357186
BKR101_P001,101,P001,1995,4,304,1995-01-05,5,93,133,488,0,0,234236,4,wheat/winter wheat,-8.7,-6.6,-4.4,0,2.899,94,2.9,0,0,0,0,331.1,0.5789,1994-10-04,9,1.1794309596682293,True,16.55658580117267,0.33114332847357186
BKR101_P001,101,P001,1995,4,304,1995-01-06,6,94,133,488,0,0,234236,4,wheat/winter wheat,-11.5,-8.8,-5,0,4.263,91,2.9,0,0,0,0,331,0.5788,1994-10-04,9,1.1794309596682293,True,16.55658580117267,0.33114332847357186
BKR101_P001,101,P001,1995,4,304,1995-01-07,7,95,133,488,0,0,234236,4,wheat/winter wheat,-9.7,-6.1,-4.2,0,1.882,97,0.3,0,0,0,0,330.9,0.5787,1994-10-04,9,1.1794309596682293,True,16.55658580117267,0.33114332847357186
BKR101_P001,101,P001,1995,4,304,1995-01-08,8,96,133,488,0,0,234236,4,wheat/winter wheat,-7,-5.7,-4.3,0,2.377,93,2.8,0,0,0,0,330.7,0.5786,1994-10-04,9,1.1794309596682293,True,16.55658580117267,0.33114332847357186
BKR101_P001,101,P001,1995,4,304,1995-01-09,9,97,133,488,0,0,234236,4,wheat/winter wheat,-6.3,-2.4,0.5,0.8,1.894,96,5.2,0,0,0,0,330.6,0.5785,1994-10-04,9,1.1794309596682293,True,16.55658580117267,0.33114332847357186
BKR101_P001,101,P001,1995,4,304,1995-01-10,10,98,133,488,0,0,234236,4,wheat/winter wheat,0.1,1.7,3.1,3.1,1.496,83,8.8,0,0,0.2,0,335.9,0.5783,1994-10-04,9,1.1794309596682293,True,16.55658580117267,0.33114332847357186
BKR101_P001,101,P001,1995,4,304,1995-01-11,11,99,133,488,0,0,234236,4,wheat/winter wheat,-0.1,0.3,0.7,0,1.628,89,7.3,0,0,0.1,0,341.3,0.5865,1994-10-04,9,1.1794309596682293,True,16.55658580117267,0.33114332847357186
BKR101_P001,101,P001,1995,4,304,1995-01-12,12,100,133,488,0,0,234236,4,wheat/winter wheat,-2.2,-0.9,0.1,0,1.753,87,5,0,0,0,0,341.1,0.5949,1994-10-04,9,1.1794309596682293,True,16.55658580117267,0.33114332847357186
BKR101_P001,101,P001,1995,4,304,1995-01-13,13,101,133,488,0,0,234236,4,wheat/winter wheat,-5.3,-2,-0.3,0,3.086,83,3.5,0,0,0,0,340.9,0.5947,1994-10-04,9,1.1794309596682293,True,16.55658580117267,0.33114332847357186
BKR101_P001,101,P001,1995,4,304,1995-01-14,14,102,133,488,0,0,234236,4,wheat/winter wheat,-5,-1.5,0.6,0,1.828,96,4.1,0,0,0,0,340.8,0.5945,1994-10-04,9,1.1794309596682293,True,16.55658580117267,0.33114332847357186
BKR101_P001,101,P001,1995,4,304,1995-01-15,15,103,133,488,0,0,234236,4,wheat/winter wheat,0.8,1.8,2.7,1,1.396,99,3.9,0,0,0,0,345.9,0.5944,1994-10-04,9,1.1794309596682293,True,16.55658580117267,0.33114332847357186
BKR101_P001,101,P001,1995,4,304,1995-01-16,16,104,133,488,0,0,234236,4,wheat/winter wheat,1.2,2.3,3.5,0,3.063,97,2.2,0,0,0,0,354.8,0.6023,1994-10-04,9,1.1794309596682293,True,16.55658580117267,0.33114332847357186
BKR101_P001,101,P001,1995,4,304,1995-01-17,17,105,133,488,0,0,234236,4,wheat/winter wheat,-1.8,0.3,3,0,5.423,82,3.3,0,0,0.1,0,363.1,0.6161,1994-10-04,9,1.1794309596682293,True,16.55658580117267,0.33114332847357186
BKR101_P001,101,P001,1995,4,304,1995-01-18,18,106,133,488,0,0,234236,4,wheat/winter wheat,-3,-0.5,3.7,0,5.147,75,3.9,0,0,0,0,362.9,0.6288,1994-10-04,9,1.1794309596682293,True,16.55658580117267,0.33114332847357186
BKR101_P001,101,P001,1995,4,304,1995-01-19,19,107,133,488,0,0,234236,4,wheat/winter wheat,-3.8,-2.5,-1.6,0.3,1.312,88,3.5,0,0,0,0,362.8,0.6286,1994-10-04,9,1.1794309596682293,True,16.55658580117267,0.33114332847357186
BKR101_P001,101,P001,1995,4,304,1995-01-20,20,108,133,488,0,0,234236,4,wheat/winter wheat,-4.9,-1.6,0.1,1.2,3.592,87,3.6,0,0,0,0,362.6,0.6285,1994-10-04,9,1.1794309596682293,True,16.55658580117267,0.33114332847357186
BKR101_P001,101,P001,1995,4,304,1995-01-21,21,109,133,488,0,0,234236,4,wheat/winter wheat,0,1.1,2.8,1.1,3.709,96,3.2,0,0,0,0,371.9,0.6283,1994-10-04,9,1.1794309596682293,True,16.55658580117267,0.33114332847357186
BKR101_P001,101,P001,1995,4,304,1995-01-22,22,110,133,488,0,0,234236,4,wheat/winter wheat,0,2.7,5.9,8.6,2.318,93,6.5,0,0,0.1,0,380,0.6427,1994-10-04,9,1.1794309596682293,True,16.55658580117267,0.33114332847357186
BKR101_P001,101,P001,1995,4,304,1995-01-23,23,111,133,488,0,0,234236,4,wheat/winter wheat,3,5.3,8.3,3,3.218,75,7.7,0,0,0.7,0,391.8,0.6552,1994-10-04,9,1.1794309596682293,True,16.55658580117267,0.33114332847357186
BKR101_P001,101,P001,1995,4,304,1995-01-24,24,112,133,488,0,0,234236,4,wheat/winter wheat,2.8,3.9,5.4,2,2.823,84,8,0,0,0.4,0,402.1,0.6731,1994-10-04,9,1.1794309596682293,True,16.55658580117267,0.33114332847357186
BKR101_P001,101,P001,1995,4,304,1995-01-25,25,113,133,488,0,0,234236,4,wheat/winter wheat,1.5,2.6,3.6,1.6,1.976,95,4.3,0,0,0.1,0,409.9,0.6886,1994-10-04,9,1.1794309596682293,True,16.55658580117267,0.33114332847357186
BKR101_P001,101,P001,1995,4,304,1995-01-26,26,114,133,488,0,0,234236,4,wheat/winter wheat,1.1,7.1,11.3,6.7,2.139,85,5.6,0,0,0.4,0,419.3,0.7004,1994-10-04,9,1.1794309596682293,True,16.55658580117267,0.33114332847357186
BKR101_P001,101,P001,1995,4,304,1995-01-27,27,115,133,488,0,0,234236,4,wheat/winter wheat,0.1,1.7,5.3,2.4,4.624,91,6.7,0,0,0.2,0,431.2,0.7144,1994-10-04,9,1.1794309596682293,True,16.55658580117267,0.33114332847357186
BKR101_P001,101,P001,1995,4,304,1995-01-28,28,116,133,488,0,0,234236,4,wheat/winter wheat,-0.2,3,7.4,2.5,1.777,90,6.6,0,0,0.2,0,438.9,0.732,1994-10-04,9,1.1794309596682293,True,16.55658580117267,0.33114332847357186
BKR101_P001,101,P001,1995,4,304,1995-01-29,29,117,133,488,0,0,234236,4,wheat/winter wheat,5.1,6,7.1,5.8,2.216,92,5.2,0,0,0.2,0,448.9,0.7435,1994-10-04,9,1.1794309596682293,True,16.55658580117267,0.33114332847357186
BKR101_P001,101,P001,1995,4,304,1995-01-30,30,118,133,488,0,0,234236,4,wheat/winter wheat,-2.1,2.9,6.8,1,2.353,92,4.4,0,0,0.2,0,458.7,0.758,1994-10-04,9,1.1794309596682293,True,16.55658580117267,0.33114332847357186
BKR101_P001,101,P001,1995,4,304,1995-01-31,31,119,133,488,0,0,234236,4,wheat/winter wheat,-2.2,-1,0.5,0,4.124,91,2.9,0,0,0,0,458.4,0.7723,1994-10-04,9,1.1794309596682293,True,16.55658580117267,0.33114332847357186
BKR101_P001,101,P001,1995,4,304,1995-02-01,32,120,133,488,0,0,234236,4,wheat/winter wheat,0.9,5.4,9.2,0.1,2.422,77,8.2,0,0,0.6,0,469.4,0.7721,1994-10-04,9,1.1794309596682293,True,16.55658580117267,0.33114332847357186
BKR101_P001,101,P001,1995,4,304,1995-02-02,33,121,133,488,0,0,234236,4,wheat/winter wheat,0.4,5,9.5,0.6,3.475,81,5.1,0,0,0.5,0,483.5,0.7879,1994-10-04,9,1.1794309596682293,True,16.55658580117267,0.33114332847357186
BKR101_P001,101,P001,1995,4,304,1995-02-03,34,122,133,488,0,0,234236,4,wheat/winter wheat,-2.4,0.4,2.8,0,4.811,84,3.7,0,0,0.3,0,497.4,0.8081,1994-10-04,9,1.1794309596682293,True,16.55658580117267,0.33114332847357186
BKR101_P001,101,P001,1995,4,304,1995-02-04,35,123,133,488,0,0,234236,4,wheat/winter wheat,1.3,4.2,6.5,5.5,2.346,90,6.2,0,0,0.3,0,508.6,0.8281,1994-10-04,9,1.1794309596682293,True,16.55658580117267,0.33114332847357186
BKR101_P001,101,P001,1995,4,304,1995-02-05,36,124,133,488,0,0,234236,4,wheat/winter wheat,3.6,4.9,6.9,0.1,5.123,82,6.1,0,0,0.5,0,527.5,0.844,1994-10-04,9,1.1794309596682293,True,16.55658580117267,0.33114332847357186
BKR101_P001,101,P001,1995,4,304,1995-02-06,37,125,133,488,0,0,234236,4,wheat/winter wheat,4.8,7.6,10.9,0,1.362,94,6.6,0,0,0.2,0,536.5,0.8707,1994-10-04,9,1.1794309596682293,True,16.55658580117267,0.33114332847357186
BKR101_P001,101,P001,1995,4,304,1995-02-07,38,126,133,488,0,0,234236,4,wheat/winter wheat,2.9,6.3,9.2,3.5,1.366,88,8.5,0,0,0.3,0,546,0.8832,1994-10-04,9,1.1794309596682293,True,16.55658580117267,0.33114332847357186
BKR101_P001,101,P001,1995,4,304,1995-02-08,39,127,133,488,0,0,234236,4,wheat/winter wheat,-1,0.6,2.4,2.2,2.24,98,5,0,0,0.1,0,556.9,0.8962,1994-10-04,9,1.1794309596682293,True,16.55658580117267,0.33114332847357186
BKR101_P001,101,P001,1995,4,304,1995-02-09,40,128,133,488,0,0,234236,4,wheat/winter wheat,-3.3,-1.2,1.2,0,7.553,86,4.5,0,0,0,0,556.6,0.9111,1994-10-04,9,1.1794309596682293,True,16.55658580117267,0.33114332847357186
BKR101_P001,101,P001,1995,4,304,1995-02-10,41,129,133,488,0,0,234236,4,wheat/winter wheat,-3.5,-1.2,1.6,0,6.329,90,3.4,0,0,0,0,556.3,0.9108,1994-10-04,9,1.1794309596682293,True,16.55658580117267,0.33114332847357186
BKR101_P001,101,P001,1995,4,304,1995-02-11,42,130,133,488,0,0,234236,4,wheat/winter wheat,-1.4,2.5,5.8,2.7,3.585,97,3.6,0,0,0.1,0,571.4,0.9106,1994-10-04,9,1.1794309596682293,True,16.55658580117267,0.33114332847357186
BKR101_P001,101,P001,1995,4,304,1995-02-12,43,131,133,488,0,0,234236,4,wheat/winter wheat,4.8,7.3,9.9,3.8,5.413,79,6.8,0,0,0.8,0,595.6,0.9313,1994-10-04,9,1.1794309596682293,True,16.55658580117267,0.33114332847357186
BKR101_P001,101,P001,1995,4,304,1995-02-13,44,132,133,488,0,0,234236,4,wheat/winter wheat,1.8,6.2,11.3,0,7.763,77,4.1,0,0,0.7,0,621.3,0.964,1994-10-04,9,1.1794309596682293,True,16.55658580117267,0.33114332847357186
BKR101_P001,101,P001,1995,4,304,1995-02-14,45,133,133,488,0,0,234236,4,wheat/winter wheat,3.6,6.8,10.8,1,4.282,87,5.3,0,0,0.5,0,642.6,0.9983,1994-10-04,9,1.1794309596682293,True,16.55658580117267,0.33114332847357186
BKR101_P001,101,P001,1995,4,304,1995-02-15,46,134,133,488,0,0,234236,4,wheat/winter wheat,3,5.5,7.7,4.9,3.118,89,6.4,0,0,0.4,0,660.2,1.0263,1994-10-04,9,1.1794309596682293,True,16.55658580117267,0.33114332847357186
BKR101_P001,101,P001,1995,4,304,1995-02-16,47,135,133,488,0,0,234236,4,wheat/winter wheat,3.7,6.9,10.1,2.4,7.931,82,6.2,0,0,0.8,0,690.6,1.0493,1994-10-04,9,1.1794309596682293,True,16.55658580117267,0.33114332847357186
BKR101_P001,101,P001,1995,4,304,1995-02-17,48,136,133,488,0,0,234236,4,wheat/winter wheat,3.1,5.7,8.2,3.6,4.447,80,7.6,0,0,0.7,0,713.7,1.0883,1994-10-04,9,1.1794309596682293,True,16.55658580117267,0.33114332847357186
BKR101_P001,101,P001,1995,4,304,1995-02-18,49,137,133,488,0,0,234236,4,wheat/winter wheat,2.5,4.2,6.5,0.6,4.64,86,5.4,0,0,0.5,0,736.7,1.1176,1994-10-04,9,1.1794309596682293,True,16.55658580117267,0.33114332847357186
BKR101_P001,101,P001,1995,4,304,1995-02-19,50,138,133,488,0,0,234236,4,wheat/winter wheat,1.7,4.5,7.1,1.5,4.868,94,5.6,0,0,0.3,0,761.2,1.1466,1994-10-04,9,1.1794309596682293,True,16.55658580117267,0.33114332847357186
BKR101_P001,101,P001,1995,4,304,1995-02-20,51,139,133,488,0,0,234236,4,wheat/winter wheat,2.1,6.6,9.5,9.6,7.976,76,6.9,0,0,1,0,797,1.1772,1994-10-04,9,1.1794309596682293,True,16.55658580117267,0.33114332847357186
BKR101_P001,101,P001,1995,4,304,1995-02-21,52,140,133,488,0,0,234236,4,wheat/winter wheat,2.2,7.9,13.5,5.2,8.247,81,4.8,0,0,0.9,0,835.8,1.2214,1994-10-04,9,1.1794309596682293,True,16.55658580117267,0.33114332847357186
BKR101_P001,101,P001,1995,4,304,1995-02-22,53,141,133,488,0,0,234236,4,wheat/winter wheat,2.6,4.9,8.6,0.1,10.218,77,6.5,0,0,0.9,0,871.9,1.2684,1994-10-04,9,1.1794309596682293,True,16.55658580117267,0.33114332847357186
BKR101_P001,101,P001,1995,4,304,1995-02-23,54,142,133,488,0,0,234236,4,wheat/winter wheat,0.4,3.1,5.6,0,5.484,72,5.5,0,0,0.8,0,899.8,1.3116,1994-10-04,9,1.1794309596682293,True,16.55658580117267,0.33114332847357186
BKR101_P001,101,P001,1995,4,304,1995-02-24,55,143,133,488,0,0,234236,4,wheat/winter wheat,0.7,3,6.1,0.2,6.533,88,3.4,0,0,0.4,0,930.9,1.345,1994-10-04,9,1.1794309596682293,True,16.55658580117267,0.33114332847357186
BKR101_P001,101,P001,1995,4,304,1995-02-25,56,144,133,488,0,0,234236,4,wheat/winter wheat,-0.2,2.3,5.2,7.4,5.251,92,1.8,0,0,0.3,0,958.5,1.3818,1994-10-04,9,1.1794309596682293,True,16.55658580117267,0.33114332847357186
BKR101_P001,101,P001,1995,4,304,1995-02-26,57,145,133,488,0,0,234236,4,wheat/winter wheat,-2.3,-0.7,0.3,8.6,2.857,98,0.3,0,0,0,0,958,1.4144,1994-10-04,9,1.1794309596682293,True,16.55658580117267,0.33114332847357186
BKR101_P001,101,P001,1995,4,304,1995-02-27,58,146,133,488,0,0,234236,4,wheat/winter wheat,-1.3,0.6,3.3,0,7.12,91,2.4,0,0,0.3,0,987.6,1.414,1994-10-04,9,1.1794309596682293,True,16.55658580117267,0.33114332847357186
BKR101_P001,101,P001,1995,4,304,1995-02-28,59,147,133,488,0,0,234236,4,wheat/winter wheat,0.3,5.3,9.3,2.6,1.653,94,7.6,0,0,0.3,0,1009.2,1.4491,1994-10-04,9,1.1794309596682293,True,16.55658580117267,0.33114332847357186
BKR101_P001,101,P001,1995,4,304,1995-03-01,60,148,133,488,0,0,234236,4,wheat/winter wheat,6.5,8.4,9.6,0,2.865,77,6.6,0,0,0.9,0,1035.9,1.4743,1994-10-04,9,1.1794309596682293,True,16.55658580117267,0.33114332847357186
BKR101_P001,101,P001,1995,4,304,1995-03-02,61,149,133,488,0,0,234236,4,wheat/winter wheat,1.9,4.6,8.7,2.6,7.521,76,4.8,0,0,0.9,0,1075.7,1.5049,1994-10-04,9,1.1794309596682293,True,16.55658580117267,0.33114332847357186
BKR101_P001,101,P001,1995,4,304,1995-03-03,62,150,133,488,0,0,234236,4,wheat/winter wheat,-0.1,3.8,7.9,1.2,5.394,89,3.9,0,0,0.5,0,1109.3,1.5503,1994-10-04,9,1.1794309596682293,True,16.55658580117267,0.33114332847357186
BKR101_P001,101,P001,1995,4,304,1995-03-04,63,151,133,488,0,0,234236,4,wheat/winter wheat,0,2,4.9,0,8.597,84,3.4,0,0,0.6,0,1148.7,1.5881,1994-10-04,9,1.1794309596682293,True,16.55658580117267,0.33114332847357186
BKR101_P001,101,P001,1995,4,304,1995-03-05,64,152,133,488,0,0,234236,4,wheat/winter wheat,-2.3,2.6,6.5,0,12.625,72,4,0,0,0.9,0,1194.5,1.6324,1994-10-04,9,1.1794309596682293,True,16.55658580117267,0.33114332847357186
BKR101_P001,101,P001,1995,4,304,1995-03-06,65,153,133,488,0,0,234236,4,wheat/winter wheat,1.1,3.7,7.4,1.2,8.152,84,4.8,0,0,0.7,0,1238.3,1.6837,1994-10-04,9,1.1794309596682293,True,16.55658580117267,0.33114332847357186
BKR101_P001,101,P001,1995,4,304,1995-03-07,66,154,133,488,0,0,234236,4,wheat/winter wheat,-0.1,2.6,6.4,0,10.74,85,3.7,0,0,0.7,0,1287,1.7324,1994-10-04,9,1.1794309596682293,True,16.55658580117267,0.33114332847357186
BKR101_P001,101,P001,1995,4,304,1995-03-08,67,155,133,488,0,0,234236,4,wheat/winter wheat,-2.9,2.2,8.3,0,13.031,71,3.2,0,0,1,0,1335.8,1.7863,1994-10-04,9,1.1794309596682293,True,16.55658580117267,0.33114332847357186
BKR101_P001,101,P001,1995,4,304,1995-03-09,68,156,133,488,0,0,234236,4,wheat/winter wheat,-1.9,2.1,6.8,0,10.053,85,2.2,0,0,0.7,0,1383.6,1.8402,1994-10-04,9,1.1794309596682293,True,16.55658580117267,0.33114332847357186
BKR101_P001,101,P001,1995,4,304,1995-03-10,69,157,133,488,0,0,234236,4,wheat/winter wheat,-2,3,8.9,0,14.236,76,1.4,0,0,0.9,0,1438.4,1.8927,1994-10-04,9,1.1794309596682293,True,16.55658580117267,0.33114332847357186
BKR101_P001,101,P001,1995,4,304,1995-03-11,70,158,133,488,0,0,234236,4,wheat/winter wheat,-1.8,1,4.7,0,13.697,93,3.7,0,0,0.5,0,1488.5,1.9525,1994-10-04,9,1.1794309596682293,True,16.55658580117267,0.33114332847357186
BKR101_P001,101,P001,1995,4,304,1995-03-12,71,159,133,488,0,0,234236,4,wheat/winter wheat,-2.6,1.6,6.8,0,9.782,88,3.5,0,0,0.6,0,1537.1,2.0074,1994-10-04,9,1.1794309596682293,True,16.55658580117267,0.33114332847357186
BKR101_P001,101,P001,1995,4,304,1995-03-13,72,160,133,488,0,0,234236,4,wheat/winter wheat,-0.8,2.2,4.2,0,3.463,82,4.6,0,0,0.6,0,1572.9,2.0604,1994-10-04,9,1.1794309596682293,True,16.55658580117267,0.33114332847357186
BKR101_P001,101,P001,1995,4,304,1995-03-14,73,161,133,488,0,0,234236,4,wheat/winter wheat,-6.1,-3.2,-1.3,0,9.278,66,5.8,0,0,0,0,1572.3,2.0993,1994-10-04,9,1.1794309596682293,True,16.55658580117267,0.33114332847357186
BKR101_P001,101,P001,1995,4,304,1995-03-15,74,162,133,488,0,0,234236,4,wheat/winter wheat,-4.7,-0.6,3.4,0.1,7.915,80,4.8,0,0,0,0,1571.6,2.0988,1994-10-04,9,1.1794309596682293,True,16.55658580117267,0.33114332847357186
BKR101_P001,101,P001,1995,4,304,1995-03-16,75,163,133,488,0,0,234236,4,wheat/winter wheat,-1.1,0.4,2,1.7,3.518,99,3.5,0,0,0.2,0,1607,2.0981,1994-10-04,9,1.1794309596682293,True,16.55658580117267,0.33114332847357186
BKR101_P001,101,P001,1995,4,304,1995-03-17,76,164,133,488,0,0,234236,4,wheat/winter wheat,-0.5,3.7,7.5,4.1,5.82,88,6.8,0,0,0.6,0,1653.2,2.1366,1994-10-04,9,1.1794309596682293,True,16.55658580117267,0.33114332847357186
BKR101_P001,101,P001,1995,4,304,1995-03-18,77,165,133,488,0,0,234236,4,wheat/winter wheat,3,5.4,8.8,1.5,7.31,74,8,0,0,1.3,0,1707.9,2.1865,1994-10-04,9,1.1794309596682293,True,16.55658580117267,0.33114332847357186
BKR101_P001,101,P001,1995,4,304,1995-03-19,78,166,133,488,0,0,234236,4,wheat/winter wheat,1.3,3.5,6.3,6.2,9.112,88,5.5,0,0,0.7,0,1765.5,2.2447,1994-10-04,9,1.1794309596682293,True,16.55658580117267,0.33114332847357186
BKR101_P001,101,P001,1995,4,304,1995-03-20,79,167,133,488,0,0,234236,4,wheat/winter wheat,0.7,3.1,5.6,4.2,7.041,84,7.8,0,0,0.7,0,1817.2,2.3056,1994-10-04,9,1.1794309596682293,True,16.55658580117267,0.33114332847357186
BKR101_P001,101,P001,1995,4,304,1995-03-21,80,168,133,488,0,0,234236,4,wheat/winter wheat,1,4.1,7.4,0,11.497,76,5.4,0,0,1.2,0,1885.6,2.36,1994-10-04,9,1.1794309596682293,True,16.55658580117267,0.33114332847357186
BKR101_P001,101,P001,1995,4,304,1995-03-22,81,169,133,488,0,0,234236,4,wheat/winter wheat,-1.1,2.9,6.7,0.5,12.499,75,5,0,0,1.2,0,1953.9,2.4312,1994-10-04,9,1.1794309596682293,True,16.55658580117267,0.33114332847357186
BKR101_P001,101,P001,1995,4,304,1995-03-23,82,170,133,488,0,0,234236,4,wheat/winter wheat,3.6,7.1,10.9,0.1,13.321,78,5.5,0,0,1.6,0,2041.9,2.502,1994-10-04,9,1.1794309596682293,True,16.55658580117267,0.33114332847357186
BKR101_P001,101,P001,1995,4,304,1995-03-24,83,171,133,488,0,0,234236,4,wheat/winter wheat,3.9,9.2,14.6,0,14.398,68,5.3,0,0,2.4,0,2143.2,2.5915,1994-10-04,9,1.1794309596682293,True,16.55658580117267,0.33114332847357186
BKR101_P001,101,P001,1995,4,304,1995-03-25,84,172,133,488,0,0,234236,4,wheat/winter wheat,2.1,5.9,8.5,8,7.574,83,8.2,0,0,1,0,2209.4,2.6918,1994-10-04,9,1.1794309596682293,True,16.55658580117267,0.33114332847357186
BKR101_P001,101,P001,1995,4,304,1995-03-26,85,173,133,488,0,0,234236,4,wheat/winter wheat,2.2,4.6,8.2,1.1,11.465,77,6.9,0,0,1.4,0,2286.9,2.7562,1994-10-04,9,1.1794309596682293,True,16.55658580117267,0.33114332847357186
BKR101_P001,101,P001,1995,4,304,1995-03-27,86,174,133,488,0,0,234236,4,wheat/winter wheat,-0.7,2,5,13.4,7.958,86,6,0,0,0.7,0,2347.4,2.8308,1994-10-04,9,1.1794309596682293,True,16.55658580117267,0.33114332847357186
BKR101_P001,101,P001,1995,4,304,1995-03-28,87,175,133,488,0,0,234236,4,wheat/winter wheat,-1.3,-0.3,1.5,0.4,7.868,84,6.6,0,0,0,0,2346.3,2.8888,1994-10-04,9,1.1794309596682293,True,16.55658580117267,0.33114332847357186
BKR101_P001,101,P001,1995,4,304,1995-03-29,88,176,133,488,0,0,234236,4,wheat/winter wheat,-1,0.5,3.1,0.3,8.825,80,3.4,0,0,0.8,0,2405.6,2.8877,1994-10-04,9,1.1794309596682293,True,16.55658580117267,0.33114332847357186
BKR101_P001,101,P001,1995,4,304,1995-03-30,89,177,133,488,0,0,234236,4,wheat/winter wheat,-2.2,2,6.7,0,15.615,70,3.3,0,0,1.4,0,2487.9,2.9447,1994-10-04,9,1.1794309596682293,True,16.55658580117267,0.33114332847357186
BKR101_P001,101,P001,1995,4,304,1995-03-31,90,178,133,488,0,0,234236,4,wheat/winter wheat,-1.7,3,8.1,2,11.765,83,3.7,0,0,1,0,2564.7,3.0233,1994-10-04,9,1.1794309596682293,True,16.55658580117267,0.33114332847357186
BKR101_P001,101,P001,1995,4,304,1995-04-01,91,179,133,488,0,0,234236,4,wheat/winter wheat,3.1,7,10.3,0.3,15.201,77,6,0,0,1.8,0,2672.4,3.0964,1994-10-04,9,1.1794309596682293,True,16.55658580117267,0.33114332847357186
BKR101_P001,101,P001,1995,4,304,1995-04-02,92,180,133,488,0,0,234236,4,wheat/winter wheat,4.9,9.7,16.7,0.9,9.157,76,7.4,0,0,2.1,0,2755.9,3.1968,1994-10-04,9,1.1794309596682293,True,16.55658580117267,0.33114332847357186
BKR101_P001,101,P001,1995,4,304,1995-04-03,93,181,133,488,0,0,234236,4,wheat/winter wheat,7.3,9.5,11.6,0,6.266,81,6.6,0,0,1.4,0,2828.7,3.2724,1994-10-04,9,1.1794309596682293,True,16.55658580117267,0.33114332847357186
BKR101_P001,101,P001,1995,4,304,1995-04-04,94,182,133,488,0,0,234236,4,wheat/winter wheat,1.9,6.6,9.2,3.1,13.781,73,6.4,0,0,1.8,0,2934.8,3.3364,1994-10-04,9,1.1794309596682293,True,16.55658580117267,0.33114332847357186
BKR101_P001,101,P001,1995,4,304,1995-04-05,95,183,133,488,0,0,234236,4,wheat/winter wheat,-1.1,4.2,8.6,0,18.064,72,3,0,0,1.7,0,3046.6,3.4276,1994-10-04,9,1.1794309596682293,True,16.55658580117267,0.33114332847357186
BKR101_P001,101,P001,1995,4,304,1995-04-06,96,184,133,488,0,0,234236,4,wheat/winter wheat,5.7,8.5,11.6,1.1,6.095,83,5.7,0,0,1.2,0,3120.9,3.5227,1994-10-04,9,1.1794309596682293,True,16.55658580117267,0.33114332847357186
BKR101_P001,101,P001,1995,4,304,1995-04-07,97,185,133,488,0,0,234236,4,wheat/winter wheat,4.7,7,9.9,5.8,4.115,85,8,0,0,1,0,3186.3,3.5842,1994-10-04,9,1.1794309596682293,True,16.55658580117267,0.33114332847357186
BKR101_P001,101,P001,1995,4,304,1995-04-08,98,186,133,488,0,0,234236,4,wheat/winter wheat,3,4.2,5.9,0.3,10.312,67,8.1,0,0,1.7,0,3275.4,3.6371,1994-10-04,9,1.1794309596682293,True,16.55658580117267,0.33114332847357186
BKR101_P001,101,P001,1995,4,304,1995-04-09,99,187,133,488,0,0,234236,4,wheat/winter wheat,-0.3,3.5,6.8,0,13.765,64,4.7,0,0,1.7,0,3375.6,3.7083,1994-10-04,9,1.1794309596682293,True,16.55658580117267,0.33114332847357186
BKR101_P001,101,P001,1995,4,304,1995-04-10,100,188,133,488,0,0,234236,4,wheat/winter wheat,-1.2,4.7,8.7,0,17.97,65,1.4,0,0,1.8,0,3499.8,3.7875,1994-10-04,9,1.1794309596682293,True,16.55658580117267,0.33114332847357186
BKR101_P001,101,P001,1995,4,304,1995-04-11,101,189,133,488,0,0,234236,4,wheat/winter wheat,2.3,4.5,6.3,0.4,8.551,90,0.8,0,0,1,0,3587.3,3.8845,1994-10-04,9,1.1794309596682293,True,16.55658580117267,0.33114332847357186
BKR101_P001,101,P001,1995,4,304,1995-04-12,102,190,133,488,0,0,234236,4,wheat/winter wheat,1.8,5.7,8.9,0,8.464,88,2.4,0,0,1,0,3678.1,3.9519,1994-10-04,9,1.1794309596682293,True,16.55658580117267,0.33114332847357186
BKR101_P001,101,P001,1995,4,304,1995-04-13,103,191,133,488,0,0,234236,4,wheat/winter wheat,0.3,3.2,6,0,6.833,89,3.6,0,0,0.8,0,3758.1,4.0204,1994-10-04,9,1.1794309596682293,True,16.55658580117267,0.33114332847357186
BKR101_P001,101,P001,1995,4,304,1995-04-14,104,192,133,488,0,0,234236,4,wheat/winter wheat,-1.4,6.4,13.6,0,21.218,72,2.9,0,0,2.4,0,3908.6,4.0804,1994-10-04,9,1.1794309596682293,True,16.55658580117267,0.33114332847357186
BKR101_P001,101,P001,1995,4,304,1995-04-15,105,193,133,488,0,0,234236,4,wheat/winter wheat,0.1,5.8,14.7,11.8,11.212,84,1.9,0,0,1.4,0,4011,4.1906,1994-10-04,9,1.1794309596682293,True,16.55658580117267,0.33114332847357186
BKR101_P001,101,P001,1995,4,304,1995-04-16,106,194,133,488,0,0,234236,4,wheat/winter wheat,1,4,8,3.1,8.048,90,3.3,0,0,0.9,0,4100.4,4.2641,1994-10-04,9,1.1794309596682293,True,16.55658580117267,0.33114332847357186
BKR101_P001,101,P001,1995,4,304,1995-04-17,107,195,133,488,0,0,234236,4,wheat/winter wheat,0.8,3.1,6,3.9,10.287,93,3.8,0,0,0.8,0,4197.3,4.3276,1994-10-04,9,1.1794309596682293,True,16.55658580117267,0.33114332847357186
BKR101_P001,101,P001,1995,4,304,1995-04-18,108,196,133,488,0,0,234236,4,wheat/winter wheat,3.5,7.4,12.6,13.2,8.859,90,5.1,0,0,1.1,0,4297.9,4.3957,1994-10-04,9,1.1794309596682293,True,16.55658580117267,0.33114332847357186
BKR101_P001,101,P001,1995,4,304,1995-04-19,109,197,133,488,0,0,234236,4,wheat/winter wheat,1.8,5.2,8.3,3,8.567,83,2.2,0,0,1.2,0,4396.5,4.4645,1994-10-04,9,1.1794309596682293,True,16.55658580117267,0.33114332847357186
BKR101_P001,101,P001,1995,4,304,1995-04-20,110,198,133,488,0,0,234236,4,wheat/winter wheat,2.9,5.2,7.6,9.8,8.12,89,3.5,0,0,1,0,4494.3,4.5308,1994-10-04,9,1.1794309596682293,True,16.55658580117267,0.33114332847357186
BKR101_P001,101,P001,1995,4,304,1995-04-21,111,199,133,488,0,0,234236,4,wheat/winter wheat,1.5,5.4,8.3,0,12.584,87,3,0,0,1.3,0,4614.6,4.5952,1994-10-04,9,1.1794309596682293,True,16.55658580117267,0.33114332847357186
BKR101_P001,101,P001,1995,4,304,1995-04-22,112,200,133,488,0,0,234236,4,wheat/winter wheat,4.5,16,25.9,0,22.876,62,4.8,0,0,5.2,0,4819.6,4.6732,1994-10-04,9,1.1794309596682293,True,16.55658580117267,0.33114332847357186
BKR101_P001,101,P001,1995,4,304,1995-04-23,113,201,133,488,0,0,234236,4,wheat/winter wheat,12.9,19.5,26.5,0,22.619,50,5.3,0,0,6.7,0,5021.8,4.7972,1994-10-04,9,1.1794309596682293,True,16.55658580117267,0.33114332847357186
BKR101_P001,101,P001,1995,4,304,1995-04-24,114,202,133,488,0,0,234236,4,wheat/winter wheat,12.3,17.3,22,0,22.091,62,4.9,0,0,5.1,0,5236,4.9085,1994-10-04,9,1.1794309596682293,True,16.55658580117267,0.33114332847357186
BKR101_P001,101,P001,1995,4,304,1995-04-25,115,203,133,488,0,0,234236,4,wheat/winter wheat,10.3,16.7,23,0,23.603,59,4.6,0,0,5.4,0,5471.2,5.0174,1994-10-04,9,1.1794309596682293,True,16.55658580117267,0.33114332847357186
BKR101_P001,101,P001,1995,4,304,1995-04-26,116,204,133,488,0,0,234236,4,wheat/winter wheat,6.3,11.7,18.1,0,21.667,80,3.5,0,0,3.1,0,5687.2,5.1362,1994-10-04,9,1.1794309596682293,True,16.55658580117267,0.33114332847357186
BKR101_P001,101,P001,1995,4,304,1995-04-27,117,205,133,488,0,0,234236,4,wheat/winter wheat,5.2,6.7,8.1,0,7.244,96,3.5,0,0,0.8,0,5796.3,5.2449,1994-10-04,9,1.1794309596682293,True,16.55658580117267,0.33114332847357186
BKR101_P001,101,P001,1995,4,304,1995-04-28,118,206,133,488,0,0,234236,4,wheat/winter wheat,4.1,7,8.8,0,7.969,76,3.9,0,0,1.5,0,5911.1,5.2995,1994-10-04,9,1.1794309596682293,True,16.55658580117267,0.33114332847357186
BKR101_P001,101,P001,1995,4,304,1995-04-29,119,207,133,488,0,0,234236,4,wheat/winter wheat,-1.1,6.5,12.4,0,24.08,65,1.9,0,0,2.8,0,6122.3,5.357,1994-10-04,9,1.1794309596682293,True,16.55658580117267,0.33114332847357186
BKR101_P001,101,P001,1995,4,304,1995-04-30,120,208,133,488,0,0,234236,4,wheat/winter wheat,2.6,9.9,16.3,0,23.29,64,2.8,0,0,3.5,0,6345.9,5.462,1994-10-04,9,1.1794309596682293,True,16.55658580117267,0.33114332847357186
BKR101_P001,101,P001,1995,4,304,1995-05-01,121,209,133,488,0,0,234236,4,wheat/winter wheat,6.7,10.6,15.4,0,23.159,61,2.9,0,0,3.7,0,6570.9,5.5727,1994-10-04,9,1.1794309596682293,True,16.55658580117267,0.33114332847357186
BKR101_P001,101,P001,1995,4,304,1995-05-02,122,210,133,488,0,0,234236,4,wheat/winter wheat,2.1,8.9,14.8,0,26.104,59,1.8,0,0,3.4,0,6802.5,5.6835,1994-10-04,9,1.1794309596682293,True,16.55658580117267,0.33114332847357186
BKR101_P001,101,P001,1995,4,304,1995-05-03,123,211,133,488,0,0,234236,4,wheat/winter wheat,2.2,11.7,19.1,0,25.051,62,1.2,0,0,3.5,0,7044.2,5.797,1994-10-04,9,1.1794309596682293,True,16.55658580117267,0.33114332847357186
BKR101_P001,101,P001,1995,4,304,1995-05-04,124,212,133,488,0,0,234236,4,wheat/winter wheat,7.3,14.8,20.9,0,22.532,61,3,0,0,4.3,0,7270,5.9145,1994-10-04,9,1.1794309596682293,True,16.55658580117267,0.33114332847357186
BKR101_P001,101,P001,1995,4,304,1995-05-05,125,213,133,488,0,0,234236,4,wheat/winter wheat,7.8,15.4,22.6,0,22.624,72,2.4,0,0,3.9,0,7490.9,6.0233,1994-10-04,9,1.1794309596682293,True,16.55658580117267,0.33114332847357186
BKR101_P001,101,P001,1995,4,304,1995-05-06,126,214,133,488,0,0,234236,4,wheat/winter wheat,9.7,14.9,20.3,0,24.382,62,3.7,0,0,4.8,0,7729.9,6.1289,1994-10-04,9,1.1794309596682293,True,16.55658580117267,0.33114332847357186
BKR101_P001,101,P001,1995,4,304,1995-05-07,127,215,133,488,0,0,234236,4,wheat/winter wheat,6.1,10.7,15.7,0,19.547,74,3.5,0,0,3.1,0,7925.9,6.2424,1994-10-04,9,1.1794309596682293,True,16.55658580117267,0.33114332847357186
BKR101_P001,101,P001,1995,4,304,1995-05-08,128,216,133,488,0,0,234236,4,wheat/winter wheat,7.7,11.9,17.3,2.7,11.504,85,2.6,0,0,2,0,8058.6,6.3349,1994-10-04,9,1.1794309596682293,True,16.55658580117267,0.33114332847357186
BKR101_P001,101,P001,1995,4,304,1995-05-09,129,217,133,488,0,0,234236,4,wheat/winter wheat,5.9,8.7,12.2,5.9,9.23,89,4.3,0,0,1.4,0,8179.1,6.3971,1994-10-04,9,1.1794309596682293,True,16.55658580117267,0.33114332847357186
BKR101_P001,101,P001,1995,4,304,1995-05-10,130,218,133,488,0,0,234236,4,wheat/winter wheat,3.7,7.4,10.7,0,15.046,82,1.7,0,0,1.9,0,8338.3,6.4535,1994-10-04,9,1.1794309596682293,True,16.55658580117267,0.33114332847357186
BKR101_P001,101,P001,1995,4,304,1995-05-11,131,219,133,488,0,0,234236,4,wheat/winter wheat,2.2,7.6,12.3,0,17.521,77,2,0,0,2.3,0,8512.7,6.5275,1994-10-04,9,1.1794309596682293,True,16.55658580117267,0.33114332847357186
BKR101_P001,101,P001,1995,4,304,1995-05-12,132,220,133,488,0,0,234236,4,wheat/winter wheat,1.9,8.1,12.8,3.5,10.132,88,2.8,0,0,1.5,0,8640.5,6.6083,1994-10-04,9,1.1794309596682293,True,16.55658580117267,0.33114332847357186
BKR101_P001,101,P001,1995,4,304,1995-05-13,133,221,133,488,0,0,234236,4,wheat/winter wheat,5.6,7.1,9.5,13.3,1.567,98,5.9,0,0,0.4,0,8738.3,6.6673,1994-10-04,9,1.1794309596682293,True,16.55658580117267,0.33114332847357186
BKR101_P001,101,P001,1995,4,304,1995-05-14,134,222,133,488,0,0,234236,4,wheat/winter wheat,5.5,7.6,10.5,0,10.695,69,6.8,0,0,2.4,0,8869.2,6.7123,1994-10-04,9,1.1794309596682293,True,16.55658580117267,0.33114332847357186
BKR101_P001,101,P001,1995,4,304,1995-05-15,135,223,133,488,0,0,234236,4,wheat/winter wheat,2.8,8.2,12.6,0,20.719,69,3.8,0,0,3,0,9067.8,6.7721,1994-10-04,9,1.1794309596682293,True,16.55658580117267,0.33114332847357186
BKR101_P001,101,P001,1995,4,304,1995-05-16,136,224,133,488,0,0,234236,4,wheat/winter wheat,5.3,10.3,14.5,0.2,16.615,70,1.5,0,0,2.6,0,9243.3,6.8625,1994-10-04,9,1.1794309596682293,True,16.55658580117267,0.33114332847357186
BKR101_P001,101,P001,1995,4,304,1995-05-17,137,225,133,488,0,0,234236,4,wheat/winter wheat,8.1,11.5,15.6,1.1,8.042,91,3.3,0,0,1.4,0,9351.2,6.9418,1994-10-04,9,1.1794309596682293,True,16.55658580117267,0.33114332847357186
BKR101_P001,101,P001,1995,4,304,1995-05-18,138,226,133,488,0,0,234236,4,wheat/winter wheat,7.8,10.9,13.4,7.3,10.05,82,3.8,0,0,1.9,0,9479.7,6.9902,1994-10-04,9,1.1794309596682293,True,16.55658580117267,0.33114332847357186
BKR101_P001,101,P001,1995,4,304,1995-05-19,139,227,133,488,0,0,234236,4,wheat/winter wheat,5.3,8.5,11.8,0.5,17.648,77,3,0,0,2.5,0,9659,7.0476,1994-10-04,9,1.1794309596682293,True,16.55658580117267,0.33114332847357186
BKR101_P001,101,P001,1995,4,304,1995-05-20,140,228,133,488,0,0,234236,4,wheat/winter wheat,3.9,10.4,15.2,0,19.606,66,1.3,0,0,2.9,0,9857.1,7.1272,1994-10-04,9,1.1794309596682293,True,16.55658580117267,0.33114332847357186
BKR101_P001,101,P001,1995,4,304,1995-05-21,141,229,133,488,0,0,234236,4,wheat/winter wheat,2.7,9.1,13.6,0,22.9,71,2.8,0,0,3.2,0,10075.2,7.2145,1994-10-04,9,1.1794309596682293,True,16.55658580117267,0.33114332847357186
BKR101_P001,101,P001,1995,4,304,1995-05-22,142,230,133,488,0,0,234236,4,wheat/winter wheat,1.1,9.3,16.3,0,29.302,66,2.1,0,0,4,0,10330,7.3103,1994-10-04,9,1.1794309596682293,True,16.55658580117267,0.33114332847357186
BKR101_P001,101,P001,1995,4,304,1995-05-23,143,231,133,488,0,0,234236,4,wheat/winter wheat,4.2,13.3,20.1,0,24.409,63,1.6,0,0,4,0,10564.4,7.4212,1994-10-04,9,1.1794309596682293,True,16.55658580117267,0.33114332847357186
BKR101_P001,101,P001,1995,4,304,1995-05-24,144,232,133,488,0,0,234236,4,wheat/winter wheat,7.8,16,22.7,0,28.384,58,2.7,0,0,5.4,0,10827.4,7.5222,1994-10-04,9,1.1794309596682293,True,16.55658580117267,0.33114332847357186
BKR101_P001,101,P001,1995,4,304,1995-05-25,145,233,133,488,0,0,234236,4,wheat/winter wheat,8.4,16.7,23.6,0,29.225,59,2.4,0,0,5.5,0,11093.9,7.6344,1994-10-04,9,1.1794309596682293,True,16.55658580117267,0.33114332847357186
BKR101_P001,101,P001,1995,4,304,1995-05-26,146,234,133,488,0,0,234236,4,wheat/winter wheat,9.1,18.2,25.5,0,24.662,67,2.2,0,0,4.8,0,11312.8,7.7467,1994-10-04,9,1.1794309596682293,True,16.55658580117267,0.33114332847357186
BKR101_P001,101,P001,1995,4,304,1995-05-27,147,235,133,488,0,0,234236,4,wheat/winter wheat,15,20.3,27.6,0.8,20.7,77,3.8,0,0,4.7,0,11471.7,7.8377,1994-10-04,9,1.1794309596682293,True,16.55658580117267,0.33114332847357186
BKR101_P001,101,P001,1995,4,304,1995-05-28,148,236,133,488,0,0,234236,4,wheat/winter wheat,12.8,18.1,24.1,0,26.006,72,2.8,0,0,5,0,11700,7.9029,1994-10-04,9,1.1794309596682293,True,16.55658580117267,0.33114332847357186
BKR101_P001,101,P001,1995,4,304,1995-05-29,149,237,133,488,0,0,234236,4,wheat/winter wheat,12.6,20.6,27.1,0,27.388,70,3.2,0,16.557,5.8,0,11926.7,7.9954,1994-10-04,9,1.1794309596682293,True,16.55658580117267,0.33114332847357186
BKR101_P001,101,P001,1995,4,304,1995-05-30,150,238,133,488,0,0,234236,4,wheat/winter wheat,15.4,16.7,18.6,16,8.348,97,2.4,0,0,1.5,0,12015.6,8.086,1994-10-04,9,1.1794309596682293,True,16.55658580117267,0.33114332847357186
BKR101_P001,101,P001,1995,4,304,1995-05-31,151,239,133,488,0,0,234236,4,wheat/winter wheat,13.7,14.9,16.5,3,5.56,98,2.1,0,0,1.1,4.7,12095.5,8.1213,1994-10-04,9,1.1794309596682293,True,16.55658580117267,0.33114332847357186
BKR101_P001,101,P001,1995,4,304,1995-06-01,152,240,133,488,0,0,234236,4,wheat/winter wheat,10.7,14.1,16.7,0.4,5.375,99,2,0,0,1,18,12180.9,8.1507,1994-10-04,9,1.1794309596682293,True,16.55658580117267,0.33114332847357186
BKR101_P001,101,P001,1995,4,304,1995-06-02,153,241,133,488,0,0,234236,4,wheat/winter wheat,8.1,10,10.7,20.6,5.062,98,3.9,0,0,0.8,41.1,12285.8,8.1782,1994-10-04,9,1.1794309596682293,True,16.55658580117267,0.33114332847357186
BKR101_P001,101,P001,1995,4,304,1995-06-03,154,242,133,488,0,0,234236,4,wheat/winter wheat,7,13.1,18.5,0,20.926,76,1.7,0,0,3.4,107.5,12503.2,8.2087,1994-10-04,9,1.1794309596682293,True,16.55658580117267,0.33114332847357186
BKR101_P001,101,P001,1995,4,304,1995-06-04,155,243,133,488,0,0,234236,4,wheat/winter wheat,10.5,14.9,21.2,0.2,18.575,84,1.7,0,0,3.1,182.1,12689.1,8.263,1994-10-04,9,1.1794309596682293,True,16.55658580117267,0.33114332847357186
BKR101_P001,101,P001,1995,4,304,1995-06-05,156,244,133,488,0,0,234236,4,wheat/winter wheat,10.4,16,20.8,2,24.868,78,1.6,0,0,4.1,310.8,12946,8.3008,1994-10-04,9,1.1794309596682293,True,16.55658580117267,0.33114332847357186
BKR101_P001,101,P001,1995,4,304,1995-06-06,157,245,133,488,0,0,234236,4,wheat/winter wheat,12.4,14.6,17.8,7.7,9.76,95,0.7,0,0,1.7,379.9,13063.3,8.3408,1994-10-04,9,1.1794309596682293,True,16.55658580117267,0.33114332847357186
BKR101_P001,101,P001,1995,4,304,1995-06-07,158,246,133,488,0,0,234236,4,wheat/winter wheat,12.6,15,18.7,6.9,12.439,89,1.4,0,0,2.2,475.7,13204.6,8.3541,1994-10-04,9,1.1794309596682293,True,16.55658580117267,0.33114332847357186
BKR101_P001,101,P001,1995,4,304,1995-06-08,159,247,133,488,0,0,234236,4,wheat/winter wheat,9.8,13.3,17,2.2,23.656,76,2.8,0,0,3.9,671.4,13464.5,8.3641,1994-10-04,9,1.1794309596682293,True,16.55658580117267,0.33114332847357186
BKR101_P001,101,P001,1995,4,304,1995-06-09,160,248,133,488,0,0,234236,4,wheat/winter wheat,8.5,10.4,11.8,6.2,7.348,97,1,0,0,1.2,769.4,13585.5,8.373,1994-10-04,9,1.1794309596682293,True,16.55658580117267,0.33114332847357186
BKR101_P001,101,P001,1995,4,304,1995-06-10,161,249,133,488,0,0,234236,4,wheat/winter wheat,6.5,13.2,18.8,0.2,19.52,81,1.3,0,0,3.1,951.9,13805.4,8.3739,1994-10-04,9,1.1794309596682293,True,16.55658580117267,0.33114332847357186
BKR101_P001,101,P001,1995,4,304,1995-06-11,162,250,133,488,0,0,234236,4,wheat/winter wheat,8.2,11.2,13.9,12,7.377,96,1.2,0,0,1.3,1048.6,13921.1,8.3654,1994-10-04,9,1.1794309596682293,True,16.55658580117267,0.33114332847357186
BKR101_P001,101,P001,1995,4,304,1995-06-12,163,251,133,488,0,0,234236,4,wheat/winter wheat,9.3,12.8,16.1,2.9,13.371,89,0.7,0,0,2.2,1186.5,14086.1,8.3549,1994-10-04,9,1.1794309596682293,True,16.55658580117267,0.33114332847357186
BKR101_P001,101,P001,1995,4,304,1995-06-13,164,252,133,488,0,0,234236,4,wheat/winter wheat,9.7,11.5,12.6,28.5,4.339,99,3.4,0,0,0.8,1277.2,14193.5,8.3409,1994-10-04,9,1.1794309596682293,True,16.55658580117267,0.33114332847357186
BKR101_P001,101,P001,1995,4,304,1995-06-14,165,253,133,488,0,0,234236,4,wheat/winter wheat,8.8,14.3,18.9,0,23.558,77,2.7,0,0,3.9,1493.6,14452.3,8.3246,1994-10-04,9,1.1794309596682293,True,16.55658580117267,0.33114332847357186
BKR101_P001,101,P001,1995,4,304,1995-06-15,166,254,133,488,0,0,234236,4,wheat/winter wheat,9.4,11.7,14,1.7,8.44,92,0.8,0,0,1.5,1597.9,14575,8.3034,1994-10-04,9,1.1794309596682293,True,16.55658580117267,0.33114332847357186
BKR101_P001,101,P001,1995,4,304,1995-06-16,167,255,133,488,0,0,234236,4,wheat/winter wheat,8.4,12.4,18,2.9,17.789,86,2.2,0,0,2.8,1762.7,14770.6,8.2798,1994-10-04,9,1.1794309596682293,True,16.55658580117267,0.33114332847357186
BKR101_P001,101,P001,1995,4,304,1995-06-17,168,256,133,488,0,0,234236,4,wheat/winter wheat,9.4,12.9,17.8,2,15.56,83,2.8,0,0,2.7,1911.5,14946.2,8.2531,1994-10-04,9,1.1794309596682293,True,16.55658580117267,0.33114332847357186
BKR101_P001,101,P001,1995,4,304,1995-06-18,169,257,133,488,0,0,234236,4,wheat/winter wheat,11.3,14.2,17.2,1.7,13.732,91,3.3,0,0,2.3,2049.4,15107.8,8.2229,1994-10-04,9,1.1794309596682293,True,16.55658580117267,0.33114332847357186
BKR101_P001,101,P001,1995,4,304,1995-06-19,170,258,133,488,0,0,234236,4,wheat/winter wheat,8.1,14.3,19.3,0,24.117,71,3.2,0,0,4.3,2270.5,15369.2,8.1881,1994-10-04,9,1.1794309596682293,True,16.55658580117267,0.33114332847357186
BKR101_P001,101,P001,1995,4,304,1995-06-20,171,259,133,488,0,0,234236,4,wheat/winter wheat,9.8,18.3,23.9,0,21.925,75,1.1,0,0,3.9,2461.5,15592.8,8.1485,1994-10-04,9,1.1794309596682293,True,16.55658580117267,0.33114332847357186
BKR101_P001,101,P001,1995,4,304,1995-06-21,172,260,133,488,0,0,234236,4,wheat/winter wheat,12.9,17.7,21.4,20.8,12.198,95,1.8,0,0,2.2,2572.8,15719,8.1007,1994-10-04,9,1.1794309596682293,True,16.55658580117267,0.33114332847357186
BKR101_P001,101,P001,1995,4,304,1995-06-22,173,261,133,488,0,0,234236,4,wheat/winter wheat,8.7,10.7,12.7,2.6,11.816,91,3.6,0,0,1.8,2707.4,15873.1,8.0453,1994-10-04,9,1.1794309596682293,True,16.55658580117267,0.33114332847357186
BKR101_P001,101,P001,1995,4,304,1995-06-23,174,262,133,488,0,0,234236,4,wheat/winter wheat,7.9,11.8,14.3,0,8.889,93,2.1,0,0,1.5,2819.3,15999.3,7.9887,1994-10-04,9,1.1794309596682293,True,16.55658580117267,0.33114332847357186
BKR101_P001,101,P001,1995,4,304,1995-06-24,175,263,133,488,0,0,234236,4,wheat/winter wheat,11.5,15.1,19,1.7,19.432,83,3.1,0,0,3.4,3000.9,16209.1,7.93,1994-10-04,9,1.1794309596682293,True,16.55658580117267,0.33114332847357186
BKR101_P001,101,P001,1995,4,304,1995-06-25,176,264,133,488,0,0,234236,4,wheat/winter wheat,13.6,17.7,22,0,27.158,73,3.8,0,0,5.3,3237.9,16484.4,7.8663,1994-10-04,9,1.1794309596682293,True,16.55658580117267,0.33114332847357186
BKR101_P001,101,P001,1995,4,304,1995-06-26,177,265,133,488,0,0,234236,4,wheat/winter wheat,13,18.2,22.9,0,29.868,75,3.7,0,0,5.6,3496.7,16784.7,7.7954,1994-10-04,9,1.1794309596682293,True,16.55658580117267,0.33114332847357186
BKR101_P001,101,P001,1995,4,304,1995-06-27,178,266,133,488,0,0,234236,4,wheat/winter wheat,12.5,18.4,24.6,0,29.506,70,2.9,0,0,5.7,3743.1,17068.7,7.7171,1994-10-04,9,1.1794309596682293,True,16.55658580117267,0.33114332847357186
BKR101_P001,101,P001,1995,4,304,1995-06-28,179,267,133,488,0,0,234236,4,wheat/winter wheat,9.7,17,23.2,0,30.073,63,1.4,0,0,5.2,4006,17371.8,7.6314,1994-10-04,9,1.1794309596682293,True,16.55658580117267,0.33114332847357186
BKR101_P001,101,P001,1995,4,304,1995-06-29,180,268,133,488,0,0,234236,4,wheat/winter wheat,14.2,19.8,25.7,0,30.015,65,3.1,0,0,6.3,4248.7,17649,7.5398,1994-10-04,9,1.1794309596682293,True,16.55658580117267,0.33114332847357186
BKR101_P001,101,P001,1995,4,304,1995-06-30,181,269,133,488,0,0,234236,4,wheat/winter wheat,13.1,18.1,24.6,0,28.064,73,2.6,0,0,5.3,4480.6,17912,7.4401,1994-10-04,9,1.1794309596682293,True,16.55658580117267,0.33114332847357186
BKR101_P001,101,P001,1995,4,304,1995-07-01,182,270,133,488,0,0,234236,4,wheat/winter wheat,9.5,16.9,21.5,0,26.37,70,2.8,0,0,4.9,4723.8,18187.7,7.334,1994-10-04,9,1.1794309596682293,True,16.55658580117267,0.33114332847357186
BKR101_P001,101,P001,1995,4,304,1995-07-02,183,271,133,488,0,0,234236,4,wheat/winter wheat,7.1,15.5,21.3,0.4,23.146,73,1.6,0,0,3.9,4939.7,18430.1,7.2228,1994-10-04,9,1.1794309596682293,True,16.55658580117267,0.33114332847357186
BKR101_P001,101,P001,1995,4,304,1995-07-03,184,272,133,488,0,0,234236,4,wheat/winter wheat,14.4,17.8,21.5,7,14.516,89,3.3,0,0,2.8,5069.8,18568.4,7.1079,1994-10-04,9,1.1794309596682293,True,16.55658580117267,0.33114332847357186
BKR101_P001,101,P001,1995,4,304,1995-07-04,185,273,133,488,0,0,234236,4,wheat/winter wheat,11.5,15.2,17.2,0.1,18.916,72,4.7,0,0,4,5259.9,18778.3,6.9877,1994-10-04,9,1.1794309596682293,True,16.55658580117267,0.33114332847357186
BKR101_P001,101,P001,1995,4,304,1995-07-05,186,274,133,488,0,0,234236,4,wheat/winter wheat,10.8,14.4,18,0,20.524,69,3.9,0,0,4.1,5457.7,18996.9,6.8645,1994-10-04,9,1.1794309596682293,True,16.55658580117267,0.33114332847357186
BKR101_P001,101,P001,1995,4,304,1995-07-06,187,275,133,488,0,0,234236,4,wheat/winter wheat,10.9,16.9,22.1,0,21.182,70,1.6,0,0,3.9,5649.7,19208,6.7391,1994-10-04,9,1.1794309596682293,True,16.55658580117267,0.33114332847357186
BKR101_P001,101,P001,1995,4,304,1995-07-07,188,276,133,488,0,0,234236,4,wheat/winter wheat,12.3,20.5,27,0,27.908,66,1,0,0,5.1,5875.1,19458,6.6098,1994-10-04,9,1.1794309596682293,True,16.55658580117267,0.33114332847357186
BKR101_P001,101,P001,1995,4,304,1995-07-08,189,277,133,488,0,0,234236,4,wheat/winter wheat,14.8,22.4,29.1,0,27.773,67,1.3,0,0,5.5,6077.9,19679.6,6.4742,1994-10-04,9,1.1794309596682293,True,16.55658580117267,0.33114332847357186
BKR101_P001,101,P001,1995,4,304,1995-07-09,190,278,133,488,0,0,234236,4,wheat/winter wheat,15.8,23.9,31.1,0,27.313,68,1.8,0,16.557,5.8,6252.7,19866.3,6.3314,1994-10-04,9,1.1794309596682293,True,16.55658580117267,0.33114332847357186
BKR101_P001,101,P001,1995,4,304,1995-07-10,191,279,133,488,0,0,234236,4,wheat/winter wheat,16.4,21.9,29.3,0,24.376,79,2.8,0,0,5.2,6420.7,20043.9,6.1807,1994-10-04,9,1.1794309596682293,True,16.55658580117267,0.33114332847357186
BKR101_P001,101,P001,1995,4,304,1995-07-11,192,280,133,488,0,0,234236,4,wheat/winter wheat,15.6,21,27.7,0,24.016,80,2.7,0,0,4.9,6600.3,20234.5,6.0243,1994-10-04,9,1.1794309596682293,True,16.55658580117267,0.33114332847357186
BKR101_P001,101,P001,1995,4,304,1995-07-12,193,281,133,488,0,0,234236,4,wheat/winter wheat,16.9,23.4,30,0,27.539,73,1.8,0,0,5.7,6787.1,20432.7,5.8633,1994-10-04,9,1.1794309596682293,True,16.55658580117267,0.33114332847357186
BKR101_P001,101,P001,1995,4,304,1995-07-13,194,282,133,488,0,0,234236,4,wheat/winter wheat,17.7,23.3,31.9,4.8,23.723,77,1.4,0,0,5,6925.1,20571.8,5.6965,1994-10-04,9,1.1794309596682293,True,16.55658580117267,0.33114332847357186
BKR101_P001,101,P001,1995,4,304,1995-07-14,195,283,133,488,0,0,234236,4,wheat/winter wheat,17.1,22.8,28.1,0.1,23.222,78,0.8,0,0,4.5,7094.4,20747.5,5.5248,1994-10-04,9,1.1794309596682293,True,16.55658580117267,0.33114332847357186
BKR101_P001,101,P001,1995,4,304,1995-07-15,196,284,133,488,0,0,234236,4,wheat/winter wheat,18.2,21.4,25.7,1,19.535,85,1.7,0,0,3.8,7244.3,20899.6,5.349,1994-10-04,9,1.1794309596682293,True,16.55658580117267,0.33114332847357186
BKR101_P001,101,P001,1995,4,304,1995-07-16,197,285,133,488,0,0,234236,4,wheat/winter wheat,16.1,19.9,24.9,15,16.246,85,2.2,0,0,3.3,7375.4,21028.9,5.1706,1994-10-04,9,1.1794309596682293,True,16.55658580117267,0.33114332847357186
BKR101_P001,101,P001,1995,4,304,1995-07-17,198,286,133,488,0,0,234236,4,wheat/winter wheat,15.1,18.2,23,0.9,20.675,82,2.7,0,0,3.9,7544.9,21204,4.9912,1994-10-04,9,1.1794309596682293,True,16.55658580117267,0.33114332847357186
BKR101_P001,101,P001,1995,4,304,1995-07-18,199,287,133,488,0,0,234236,4,wheat/winter wheat,15.5,18.1,21,5.2,13.43,86,2.5,0,0,2.7,7663.1,21318.1,4.812,1994-10-04,9,1.1794309596682293,True,16.55658580117267,0.33114332847357186
BKR101_P001,101,P001,1995,4,304,1995-07-19,200,288,133,488,0,0,234236,4,wheat/winter wheat,15.6,19.6,23.4,0.1,20.059,79,3.2,0,0,4.1,7824.5,21483.4,4.6335,1994-10-04,9,1.1794309596682293,True,16.55658580117267,0.33114332847357186
BKR101_P001,101,P001,1995,4,304,1995-07-20,201,289,133,488,0,0,234236,4,wheat/winter wheat,14.5,20.1,25,0,24.859,77,1.8,0,0,4.6,8017.6,21686.2,4.4552,1994-10-04,9,1.1794309596682293,True,16.55658580117267,0.33114332847357186
BKR101_P001,101,P001,1995,4,304,1995-07-21,202,290,133,488,0,0,234236,4,wheat/winter wheat,15.9,24.6,31.9,0,26.288,68,1.7,0,0,5.6,8161.5,21830.4,4.2772,1994-10-04,9,1.1794309596682293,True,16.55658580117267,0.33114332847357186
BKR101_P001,101,P001,1995,4,304,1995-07-22,203,291,133,488,0,0,234236,4,wheat/winter wheat,16.8,21,23.6,0.6,13.695,77,2.7,0,0,3.3,8263.2,21924.5,4.0977,1994-10-04,9,1.1794309596682293,True,16.55658580117267,0.33114332847357186
BKR101_P001,101,P001,1995,4,304,1995-07-23,204,292,133,488,0,0,234236,4,wheat/winter wheat,10.7,16.2,19.5,0,22.138,70,1.8,0,0,3.9,8454.8,22125.6,3.919,1994-10-04,9,1.1794309596682293,True,16.55658580117267,0.33114332847357186
BKR101_P001,101,P001,1995,4,304,1995-07-24,205,293,133,488,0,0,234236,4,wheat/winter wheat,9.2,17.6,24.2,0,24.778,65,1.2,0,0,4.3,8646.8,22327.4,3.7438,1994-10-04,9,1.1794309596682293,True,16.55658580117267,0.33114332847357186
BKR101_P001,101,P001,1995,4,304,1995-07-25,206,294,133,488,0,0,234236,4,wheat/winter wheat,11.8,17.3,22.5,0,26.149,70,1.5,0,0,4.5,8845.6,22537.8,3.5716,1994-10-04,9,1.1794309596682293,True,16.55658580117267,0.33114332847357186
BKR101_P001,101,P001,1995,4,304,1995-07-26,207,295,133,488,0,0,234236,4,wheat/winter wheat,9.4,17.9,25.3,0,27.82,62,1.7,0,16.557,5,9043.9,22747.9,3.4028,1994-10-04,9,1.1794309596682293,True,16.55658580117267,0.33114332847357186
BKR101_P001,101,P001,1995,4,304,1995-07-27,208,296,133,488,0,0,234236,4,wheat/winter wheat,12.6,20.9,27.9,0,26.558,59,2.7,0,0,5.9,9210.8,22920.9,3.2371,1994-10-04,9,1.1794309596682293,True,16.55658580117267,0.33114332847357186
BKR101_P001,101,P001,1995,4,304,1995-07-28,209,297,133,488,0,0,234236,4,wheat/winter wheat,14.7,21,28.4,0,23.017,65,1.1,0,0,4.5,9337.7,23047.1,3.0737,1994-10-04,9,1.1794309596682293,True,16.55658580117267,0.33114332847357186
BKR101_P001,101,P001,1995,4,304,1995-07-29,210,298,133,488,0,0,234236,4,wheat/winter wheat,13.4,21.8,29,0,26.786,60,1.5,0,0,5.3,9486.1,23198.9,2.9127,1994-10-04,9,1.1794309596682293,True,16.55658580117267,0.33114332847357186
BKR101_P001,101,P001,1995,4,304,1995-07-30,211,299,133,488,0,0,234236,4,wheat/winter wheat,14.1,23,30.6,0,25.704,61,1.3,0,0,5.2,9608.5,23320.3,2.7543,1994-10-04,9,1.1794309596682293,True,16.55658580117267,0.33114332847357186
BKR101_P001,101,P001,1995,4,304,1995-07-31,212,300,133,488,0,0,234236,4,wheat/winter wheat,15.9,22.2,28.5,0,25.586,65,2.3,0,0,5.5,9731.6,23442.8,2.5982,1994-10-04,9,1.1794309596682293,True,16.55658580117267,0.33114332847357186
BKR101_P001,101,P001,1995,4,304,1995-08-01,213,301,133,488,0,0,234236,4,wheat/winter wheat,14.6,20.6,26,0,26.759,65,2.5,0,16.557,5.4,9871.6,23585.7,2.4452,1994-10-04,9,1.1794309596682293,True,16.55658580117267,0.33114332847357186
BKR101_P001,101,P001,1995,4,304,1995-08-02,214,302,133,488,0,0,234236,4,wheat/winter wheat,13.6,19.2,25.1,0,24.535,65,1.7,0,0,4.6,9956.6,23664.8,2.2959,1994-10-04,9,1.1794309596682293,True,16.55658580117267,0.33114332847357186
BKR101_P001,101,P001,1995,4,304,1995-08-03,215,303,133,488,0,0,234236,4,wheat/winter wheat,10.1,19.9,27.7,0,23.499,62,1.9,0,0,4.6,9956.6,23664.8,2.2959,1994-10-04,9,1.1794309596682293,True,16.55658580117267,0.33114332847357186
BKR101_P001,101,P001,1996,5,318,1995-10-04,277,0,133,488,0,0,234236,5,wheat/winter wheat,12.7,16.4,21.4,0,9.677,88,2.5,0,0,1.3,0,53,0.0972,1995-10-04,9,1.1794309596682293,True,16.55658580117267,0.33114332847357186
BKR101_P001,101,P001,1996,5,318,1995-10-05,278,1,133,488,0,0,234236,5,wheat/winter wheat,10.9,15.6,21.7,0.1,9.065,86,1.8,0,0,1.3,0,53,0.0972,1995-10-04,9,1.1794309596682293,True,16.55658580117267,0.33114332847357186
BKR101_P001,101,P001,1996,5,318,1995-10-06,279,2,133,488,0,0,234236,5,wheat/winter wheat,12,14.7,18.1,0.5,8.957,88,0.6,0,0,1,0,53,0.0972,1995-10-04,9,1.1794309596682293,True,16.55658580117267,0.33114332847357186
BKR101_P001,101,P001,1996,5,318,1995-10-07,280,3,133,488,0,0,234236,5,wheat/winter wheat,11.7,15.6,20.4,0,9.496,86,2,0,0,1.2,0,53,0.0972,1995-10-04,9,1.1794309596682293,True,16.55658580117267,0.33114332847357186
BKR101_P001,101,P001,1996,5,318,1995-10-08,281,4,133,488,0,0,234236,5,wheat/winter wheat,12.7,16.1,19.8,1.5,5.789,91,1.6,0,0,0.9,0,53,0.0972,1995-10-04,9,1.1794309596682293,True,16.55658580117267,0.33114332847357186
BKR101_P001,101,P001,1996,5,318,1995-10-09,282,5,133,488,0,0,234236,5,wheat/winter wheat,8.9,14.8,23.7,0.1,11.353,86,0.4,0,0,1.1,0,53,0.0972,1995-10-04,9,1.1794309596682293,True,16.55658580117267,0.33114332847357186
BKR101_P001,101,P001,1996,5,318,1995-10-10,283,6,133,488,0,0,234236,5,wheat/winter wheat,8.4,15.3,25.2,0,11.434,87,0.3,0,0,1.1,0,53,0.0972,1995-10-04,9,1.1794309596682293,True,16.55658580117267,0.33114332847357186
BKR101_P001,101,P001,1996,5,318,1995-10-11,284,7,133,488,0,0,234236,5,wheat/winter wheat,9.9,13.2,20,0.2,7.596,96,0.2,0,0,0.8,0,53,0.0972,1995-10-04,9,1.1794309596682293,True,16.55658580117267,0.33114332847357186
BKR101_P001,101,P001,1996,5,318,1995-10-12,285,8,133,488,0,0,234236,5,wheat/winter wheat,10.2,12.6,14,0.2,2.923,99,1.4,0,0,0.5,0,53,0.0972,1995-10-04,9,1.1794309596682293,True,16.55658580117267,0.33114332847357186
BKR101_P001,101,P001,1996,5,318,1995-10-13,286,9,133,488,0,0,234236,5,wheat/winter wheat,14,14.6,16,0,2.287,98,0.3,0,0,0.5,0,55.1,0.0972,1995-10-04,9,1.1794309596682293,True,16.55658580117267,0.33114332847357186
BKR101_P001,101,P001,1996,5,318,1995-10-14,287,10,133,488,0,0,234236,5,wheat/winter wheat,12.5,13.7,15.4,0,2.394,96,0.4,0,0,0.5,0,57.3,0.1008,1995-10-04,9,1.1794309596682293,True,16.55658580117267,0.33114332847357186
BKR101_P001,101,P001,1996,5,318,1995-10-15,288,11,133,488,0,0,234236,5,wheat/winter wheat,10.1,13.1,16.4,0,7.1,86,1.5,0,0,0.8,0,61.3,0.1047,1995-10-04,9,1.1794309596682293,True,16.55658580117267,0.33114332847357186
BKR101_P001,101,P001,1996,5,318,1995-10-16,289,12,133,488,0,0,234236,5,wheat/winter wheat,6.3,11.5,16,0,6.647,94,0.5,0,0,0.6,0,65.3,0.1116,1995-10-04,9,1.1794309596682293,True,16.55658580117267,0.33114332847357186
BKR101_P001,101,P001,1996,5,318,1995-10-17,290,13,133,488,0,0,234236,5,wheat/winter wheat,10.3,12.3,13.5,0,4.141,97,2,0,0,0.4,0,68.5,0.1185,1995-10-04,9,1.1794309596682293,True,16.55658580117267,0.33114332847357186
BKR101_P001,101,P001,1996,5,318,1995-10-18,291,14,133,488,0,0,234236,5,wheat/winter wheat,8.3,11.8,16.1,0.8,4.97,87,4.3,0,0,0.8,0,72.2,0.1242,1995-10-04,9,1.1794309596682293,True,16.55658580117267,0.33114332847357186
BKR101_P001,101,P001,1996,5,318,1995-10-19,292,15,133,488,0,0,234236,5,wheat/winter wheat,6.6,10.4,13.4,0.1,5.944,80,5.5,0,0,1.1,0,76.4,0.1305,1995-10-04,9,1.1794309596682293,True,16.55658580117267,0.33114332847357186
BKR101_P001,101,P001,1996,5,318,1995-10-20,293,16,133,488,0,0,234236,5,wheat/winter wheat,6.7,10.4,12.6,1.4,3.179,89,5.3,0,0,0.6,0,79.6,0.1379,1995-10-04,9,1.1794309596682293,True,16.55658580117267,0.33114332847357186
BKR101_P001,101,P001,1996,5,318,1995-10-21,294,17,133,488,0,0,234236,5,wheat/winter wheat,0.1,5.5,10.2,0,9.45,83,3,0,0,0.6,0,83.9,0.1434,1995-10-04,9,1.1794309596682293,True,16.55658580117267,0.33114332847357186
BKR101_P001,101,P001,1996,5,318,1995-10-22,295,18,133,488,0,0,234236,5,wheat/winter wheat,-1.8,3.8,10.7,0,9.038,81,1.8,0,0,0.5,0,88,0.1509,1995-10-04,9,1.1794309596682293,True,16.55658580117267,0.33114332847357186
BKR101_P001,101,P001,1996,5,318,1995-10-23,296,19,133,488,0,0,234236,5,wheat/winter wheat,-0.6,5.3,12.7,0,8.116,84,2,0,0,0.5,0,92.5,0.1579,1995-10-04,9,1.1794309596682293,True,16.55658580117267,0.33114332847357186
BKR101_P001,101,P001,1996,5,318,1995-10-24,297,20,133,488,0,0,234236,5,wheat/winter wheat,1.9,7.8,16.6,0,9.246,77,1.4,0,0,0.6,0,97.6,0.1657,1995-10-04,9,1.1794309596682293,True,16.55658580117267,0.33114332847357186
BKR101_P001,101,P001,1996,5,318,1995-10-25,298,21,133,488,0,0,234236,5,wheat/winter wheat,1.8,9.4,15.6,0,8.864,70,2.8,0,0,1,0,103.4,0.1747,1995-10-04,9,1.1794309596682293,True,16.55658580117267,0.33114332847357186
BKR101_P001,101,P001,1996,5,318,1995-10-26,299,22,133,488,0,0,234236,5,wheat/winter wheat,3.2,6.9,11.1,0,5.91,99,1.6,0,0,0.2,0,108.6,0.1847,1995-10-04,9,1.1794309596682293,True,16.55658580117267,0.33114332847357186
BKR101_P001,101,P001,1996,5,318,1995-10-27,300,23,133,488,0,0,234236,5,wheat/winter wheat,7.3,13.5,17.8,1.3,6.166,78,3.7,0,0,1.1,0,115.4,0.1938,1995-10-04,9,1.1794309596682293,True,16.55658580117267,0.33114332847357186
BKR101_P001,101,P001,1996,5,318,1995-10-28,301,24,133,488,0,0,234236,5,wheat/winter wheat,4.4,10.1,13.7,0.1,7.568,86,2.8,0,0,0.5,0,122.1,0.2056,1995-10-04,9,1.1794309596682293,True,16.55658580117267,0.33114332847357186
BKR101_P001,101,P001,1996,5,318,1995-10-29,302,25,133,488,0,0,234236,5,wheat/winter wheat,1.4,4.9,10.2,0,6.373,95,1.1,0,0,0.2,0,127.7,0.2173,1995-10-04,9,1.1794309596682293,True,16.55658580117267,0.33114332847357186
BKR101_P001,101,P001,1996,5,318,1995-10-30,303,26,133,488,0,0,234236,5,wheat/winter wheat,0.2,5.6,9.7,0.1,3.357,96,0.8,0,0,0.2,0,132,0.2269,1995-10-04,9,1.1794309596682293,True,16.55658580117267,0.33114332847357186
BKR101_P001,101,P001,1996,5,318,1995-10-31,304,27,133,488,0,0,234236,5,wheat/winter wheat,-0.4,4.4,9.3,4.8,6.393,96,3.8,0,0,0.1,0,137.7,0.2345,1995-10-04,9,1.1794309596682293,True,16.55658580117267,0.33114332847357186
BKR101_P001,101,P001,1996,5,318,1995-11-01,305,28,133,488,0,0,234236,5,wheat/winter wheat,4.3,7.1,9.1,2.5,2.809,95,4.2,0,0,0.2,0,142.1,0.2444,1995-10-04,9,1.1794309596682293,True,16.55658580117267,0.33114332847357186
BKR101_P001,101,P001,1996,5,318,1995-11-02,306,29,133,488,0,0,234236,5,wheat/winter wheat,0.8,3,4.4,1.7,4.261,92,3.4,0,0,0.2,0,147.1,0.2521,1995-10-04,9,1.1794309596682293,True,16.55658580117267,0.33114332847357186
BKR101_P001,101,P001,1996,5,318,1995-11-03,307,30,133,488,0,0,234236,5,wheat/winter wheat,-0.4,2.3,5.4,4,4.065,93,5.1,0,0,0.2,0,151.8,0.2606,1995-10-04,9,1.1794309596682293,True,16.55658580117267,0.33114332847357186
BKR101_P001,101,P001,1996,5,318,1995-11-04,308,31,133,488,0,0,234236,5,wheat/winter wheat,-0.2,0.9,2.3,3.5,3.633,92,5.2,0,0,0.2,0,156.1,0.2689,1995-10-04,9,1.1794309596682293,True,16.55658580117267,0.33114332847357186
BKR101_P001,101,P001,1996,5,318,1995-11-05,309,32,133,488,0,0,234236,5,wheat/winter wheat,-1.9,0.2,2.8,0,8.423,78,3.3,0,0,0.2,0,160.9,0.2763,1995-10-04,9,1.1794309596682293,True,16.55658580117267,0.33114332847357186
BKR101_P001,101,P001,1996,5,318,1995-11-06,310,33,133,488,0,0,234236,5,wheat/winter wheat,-1,2.4,6.6,4.8,1.219,93,5.3,0,0,0.2,0,163.9,0.2847,1995-10-04,9,1.1794309596682293,True,16.55658580117267,0.33114332847357186
BKR101_P001,101,P001,1996,5,318,1995-11-07,311,34,133,488,0,0,234236,5,wheat/winter wheat,-2.4,3.4,6.8,2.7,7.42,80,2.1,0,0,0.2,0,170,0.2899,1995-10-04,9,1.1794309596682293,True,16.55658580117267,0.33114332847357186
BKR101_P001,101,P001,1996,5,318,1995-11-08,312,35,133,488,0,0,234236,5,wheat/winter wheat,-4.4,-0.6,3.8,0,6.514,88,0.7,0,0,0,0,169.9,0.3004,1995-10-04,9,1.1794309596682293,True,16.55658580117267,0.33114332847357186
BKR101_P001,101,P001,1996,5,318,1995-11-09,313,36,133,488,0,0,234236,5,wheat/winter wheat,0.3,2.7,4.2,0.4,1.487,98,1.1,0,0,0.2,0,173.2,0.3003,1995-10-04,9,1.1794309596682293,True,16.55658580117267,0.33114332847357186
BKR101_P001,101,P001,1996,5,318,1995-11-10,314,37,133,488,0,0,234236,5,wheat/winter wheat,3.4,5.9,9.3,0,2.151,99,1.6,0,0,0.1,0,177.4,0.306,1995-10-04,9,1.1794309596682293,True,16.55658580117267,0.33114332847357186
BKR101_P001,101,P001,1996,5,318,1995-11-11,315,38,133,488,0,0,234236,5,wheat/winter wheat,2.3,4.1,6.8,0,3.129,98,2.5,0,0,0.1,0,182.7,0.3133,1995-10-04,9,1.1794309596682293,True,16.55658580117267,0.33114332847357186
BKR101_P001,101,P001,1996,5,318,1995-11-12,316,39,133,488,0,0,234236,5,wheat/winter wheat,-1.4,3.4,6.8,0,3.697,89,3.6,0,0,0.2,0,188.6,0.3224,1995-10-04,9,1.1794309596682293,True,16.55658580117267,0.33114332847357186
BKR101_P001,101,P001,1996,5,318,1995-11-13,317,40,133,488,0,0,234236,5,wheat/winter wheat,-4,-1.7,0.2,0,5.087,98,1.3,0,0,0,0,188.5,0.3327,1995-10-04,9,1.1794309596682293,True,16.55658580117267,0.33114332847357186
BKR101_P001,101,P001,1996,5,318,1995-11-14,318,41,133,488,0,0,234236,5,wheat/winter wheat,-0.6,2,4,0,1.055,98,1.1,0,0,0.2,0,191.4,0.3326,1995-10-04,9,1.1794309596682293,True,16.55658580117267,0.33114332847357186
BKR101_P001,101,P001,1996,5,318,1995-11-15,319,42,133,488,0,0,234236,5,wheat/winter wheat,5.1,7.4,8.8,0,3.746,91,4.1,0,0,0.2,0,198.7,0.3375,1995-10-04,9,1.1794309596682293,True,16.55658580117267,0.33114332847357186
BKR101_P001,101,P001,1996,5,318,1995-11-16,320,43,133,488,0,0,234236,5,wheat/winter wheat,6.9,8.6,10,1.2,3.337,95,4.9,0,0,0.2,0,206,0.35,1995-10-04,9,1.1794309596682293,True,16.55658580117267,0.33114332847357186
BKR101_P001,101,P001,1996,5,318,1995-11-17,321,44,133,488,0,0,234236,5,wheat/winter wheat,-1.8,3,9.1,0.3,4.647,70,6.4,0,0,0.6,0,212.2,0.3625,1995-10-04,9,1.1794309596682293,True,16.55658580117267,0.33114332847357186
BKR101_P001,101,P001,1996,5,318,1995-11-18,322,45,133,488,0,0,234236,5,wheat/winter wheat,-2.9,-1.1,1.3,0,4.291,83,5.4,0,0,0,0,212,0.3731,1995-10-04,9,1.1794309596682293,True,16.55658580117267,0.33114332847357186
BKR101_P001,101,P001,1996,5,318,1995-11-19,323,46,133,488,0,0,234236,5,wheat/winter wheat,-0.3,1.7,3.9,2.4,3.922,95,4.4,0,0,0,0,217.9,0.373,1995-10-04,9,1.1794309596682293,True,16.55658580117267,0.33114332847357186
BKR101_P001,101,P001,1996,5,318,1995-11-20,324,47,133,488,0,0,234236,5,wheat/winter wheat,-4.5,-1.1,2.3,0,6.596,90,3,0,0,0,0,217.8,0.3829,1995-10-04,9,1.1794309596682293,True,16.55658580117267,0.33114332847357186
BKR101_P001,101,P001,1996,5,318,1995-11-21,325,48,133,488,0,0,234236,5,wheat/winter wheat,-6.9,-3.8,1.3,0,5.629,95,1.2,0,0,0,0,217.7,0.3828,1995-10-04,9,1.1794309596682293,True,16.55658580117267,0.33114332847357186
BKR101_P001,101,P001,1996,5,318,1995-11-22,326,49,133,488,0,0,234236,5,wheat/winter wheat,-6.5,-3.6,0.5,0,6.096,89,1.9,0,0,0,0,217.6,0.3827,1995-10-04,9,1.1794309596682293,True,16.55658580117267,0.33114332847357186
BKR101_P001,101,P001,1996,5,318,1995-11-23,327,50,133,488,0,0,234236,5,wheat/winter wheat,-3.1,0.7,3.5,0,1.307,98,3.4,0,0,0.1,0,220.8,0.3827,1995-10-04,9,1.1794309596682293,True,16.55658580117267,0.33114332847357186
BKR101_P001,101,P001,1996,5,318,1995-11-24,328,51,133,488,0,0,234236,5,wheat/winter wheat,0,4,6.1,0,1.818,97,4.4,0,0,0.1,0,225.3,0.3881,1995-10-04,9,1.1794309596682293,True,16.55658580117267,0.33114332847357186
BKR101_P001,101,P001,1996,5,318,1995-11-25,329,52,133,488,0,0,234236,5,wheat/winter wheat,-2.4,-0.7,3.2,0,3.674,99,0.8,0,0,0,0,225.1,0.3958,1995-10-04,9,1.1794309596682293,True,16.55658580117267,0.33114332847357186
BKR101_P001,101,P001,1996,5,318,1995-11-26,330,53,133,488,0,0,234236,5,wheat/winter wheat,-3.6,-1.8,1.4,0,4.297,99,1.1,0,0,0,0,225,0.3956,1995-10-04,9,1.1794309596682293,True,16.55658580117267,0.33114332847357186
BKR101_P001,101,P001,1996,5,318,1995-11-27,331,54,133,488,0,0,234236,5,wheat/winter wheat,-4.6,-2.4,0.1,0,4.493,97,1.6,0,0,0,0,224.9,0.3955,1995-10-04,9,1.1794309596682293,True,16.55658580117267,0.33114332847357186
BKR101_P001,101,P001,1996,5,318,1995-11-28,332,55,133,488,0,0,234236,5,wheat/winter wheat,-3.3,-1.4,0.7,0,0.972,99,3.1,0,0,0,0,224.8,0.3954,1995-10-04,9,1.1794309596682293,True,16.55658580117267,0.33114332847357186
BKR101_P001,101,P001,1996,5,318,1995-11-29,333,56,133,488,0,0,234236,5,wheat/winter wheat,-1,0,0.6,0,0.76,99,3.4,0,0,0.1,0,227.1,0.3953,1995-10-04,9,1.1794309596682293,True,16.55658580117267,0.33114332847357186
BKR101_P001,101,P001,1996,5,318,1995-11-30,334,57,133,488,0,0,234236,5,wheat/winter wheat,-3.9,-2.5,-1.2,0,1.203,97,2.7,0,0,0,0,227,0.3992,1995-10-04,9,1.1794309596682293,True,16.55658580117267,0.33114332847357186
BKR101_P001,101,P001,1996,5,318,1995-12-01,335,58,133,488,0,0,234236,5,wheat/winter wheat,-6.3,-4.4,-2.2,0,3.944,93,2.7,0,0,0,0,226.9,0.3991,1995-10-04,9,1.1794309596682293,True,16.55658580117267,0.33114332847357186
BKR101_P001,101,P001,1996,5,318,1995-12-02,336,59,133,488,0,0,234236,5,wheat/winter wheat,-3.5,-2.8,-2.1,0,0.973,91,3.2,0,0,0,0,226.8,0.399,1995-10-04,9,1.1794309596682293,True,16.55658580117267,0.33114332847357186
BKR101_P001,101,P001,1996,5,318,1995-12-03,337,60,133,488,0,0,234236,5,wheat/winter wheat,-5.2,-3.2,-1.2,0,2.301,95,2.5,0,0,0,0,226.6,0.3989,1995-10-04,9,1.1794309596682293,True,16.55658580117267,0.33114332847357186
BKR101_P001,101,P001,1996,5,318,1995-12-04,338,61,133,488,0,0,234236,5,wheat/winter wheat,-4.3,-2.2,-1,0,1.355,81,3.8,0,0,0,0,226.5,0.3988,1995-10-04,9,1.1794309596682293,True,16.55658580117267,0.33114332847357186
BKR101_P001,101,P001,1996,5,318,1995-12-05,339,62,133,488,0,0,234236,5,wheat/winter wheat,-7.9,-5.7,-3.4,0,3.667,74,5.6,0,0,0,0,226.4,0.3987,1995-10-04,9,1.1794309596682293,True,16.55658580117267,0.33114332847357186
BKR101_P001,101,P001,1996,5,318,1995-12-06,340,63,133,488,0,0,234236,5,wheat/winter wheat,-8.2,-6.9,-5,0,1.892,87,5.7,0,0,0,0,226.4,0.3986,1995-10-04,9,1.1794309596682293,True,16.55658580117267,0.33114332847357186
BKR101_P001,101,P001,1996,5,318,1995-12-07,341,64,133,488,0,0,234236,5,wheat/winter wheat,-5.1,-4.3,-2.9,3.7,0.967,94,5.5,0,0,0,0,226.3,0.3985,1995-10-04,9,1.1794309596682293,True,16.55658580117267,0.33114332847357186
BKR101_P001,101,P001,1996,5,318,1995-12-08,342,65,133,488,0,0,234236,5,wheat/winter wheat,-3.1,-2,-0.4,0,3.28,99,1.6,0,0,0,0,226.1,0.3984,1995-10-04,9,1.1794309596682293,True,16.55658580117267,0.33114332847357186
BKR101_P001,101,P001,1996,5,318,1995-12-09,343,66,133,488,0,0,234236,5,wheat/winter wheat,-2.1,-1.7,-1,0,0.957,99,1,0,0,0,0,226,0.3983,1995-10-04,9,1.1794309596682293,True,16.55658580117267,0.33114332847357186
BKR101_P001,101,P001,1996,5,318,1995-12-10,344,67,133,488,0,0,234236,5,wheat/winter wheat,-0.9,-0.2,0.1,0.3,1.262,99,2.9,0,0,0,0,225.9,0.3982,1995-10-04,9,1.1794309596682293,True,16.55658580117267,0.33114332847357186
BKR101_P001,101,P001,1996,5,318,1995-12-11,345,68,133,488,0,0,234236,5,wheat/winter wheat,-0.3,1,2.3,0.2,1.577,99,3.7,0,0,0,0,229.7,0.3981,1995-10-04,9,1.1794309596682293,True,16.55658580117267,0.33114332847357186
BKR101_P001,101,P001,1996,5,318,1995-12-12,346,69,133,488,0,0,234236,5,wheat/winter wheat,-0.6,0.5,1.6,0,1.358,88,3.5,0,0,0.1,0,233.1,0.4046,1995-10-04,9,1.1794309596682293,True,16.55658580117267,0.33114332847357186
BKR101_P001,101,P001,1996,5,318,1995-12-13,347,70,133,488,0,0,234236,5,wheat/winter wheat,-1.3,-1.1,-0.7,0.1,1.241,99,0.4,0,0,0,0,233,0.4103,1995-10-04,9,1.1794309596682293,True,16.55658580117267,0.33114332847357186
BKR101_P001,101,P001,1996,5,318,1995-12-14,348,71,133,488,0,0,234236,5,wheat/winter wheat,-5.5,-1,0.7,0,1.467,93,2.6,0,0,0,0,232.8,0.4102,1995-10-04,9,1.1794309596682293,True,16.55658580117267,0.33114332847357186
BKR101_P001,101,P001,1996,5,318,1995-12-15,349,72,133,488,0,0,234236,5,wheat/winter wheat,-7.5,-6.6,-5.6,0,3.778,97,0.8,0,0,0,0,232.7,0.4101,1995-10-04,9,1.1794309596682293,True,16.55658580117267,0.33114332847357186
BKR101_P001,101,P001,1996,5,318,1995-12-16,350,73,133,488,0,0,234236,5,wheat/winter wheat,-8.8,-7.2,-6,0,2.171,98,2.8,0,0,0,0,232.7,0.41,1995-10-04,9,1.1794309596682293,True,16.55658580117267,0.33114332847357186
BKR101_P001,101,P001,1996,5,318,1995-12-17,351,74,133,488,0,0,234236,5,wheat/winter wheat,-8.9,-6.4,-4,0,1.142,99,0.5,0,0,0,0,232.6,0.41,1995-10-04,9,1.1794309596682293,True,16.55658580117267,0.33114332847357186
BKR101_P001,101,P001,1996,5,318,1995-12-18,352,75,133,488,0,0,234236,5,wheat/winter wheat,-3.8,-2.4,-1.6,0,1.045,99,0.5,0,0,0,0,232.5,0.4099,1995-10-04,9,1.1794309596682293,True,16.55658580117267,0.33114332847357186
BKR101_P001,101,P001,1996,5,318,1995-12-19,353,76,133,488,0,0,234236,5,wheat/winter wheat,-2.6,-1.1,0.4,0,1.158,99,2.7,0,0,0,0,232.3,0.4098,1995-10-04,9,1.1794309596682293,True,16.55658580117267,0.33114332847357186
BKR101_P001,101,P001,1996,5,318,1995-12-20,354,77,133,488,0,0,234236,5,wheat/winter wheat,-7.1,-1.5,1.1,0,1.878,90,2.8,0,0,0,0,232.2,0.4096,1995-10-04,9,1.1794309596682293,True,16.55658580117267,0.33114332847357186
BKR101_P001,101,P001,1996,5,318,1995-12-21,355,78,133,488,0,0,234236,5,wheat/winter wheat,-10.1,-7.5,-3.9,0,3.778,95,1.6,0,0,0,0,232.1,0.4095,1995-10-04,9,1.1794309596682293,True,16.55658580117267,0.33114332847357186
BKR101_P001,101,P001,1996,5,318,1995-12-22,356,79,133,488,0,0,234236,5,wheat/winter wheat,-10.9,-5.4,3.2,8.9,1.522,98,2,0,0,0,0,232,0.4095,1995-10-04,9,1.1794309596682293,True,16.55658580117267,0.33114332847357186
BKR101_P001,101,P001,1996,5,318,1995-12-23,357,80,133,488,0,0,234236,5,wheat/winter wheat,2.4,5.8,7.8,4.4,1.597,99,6,0,0,0,0,236.8,0.4094,1995-10-04,9,1.1794309596682293,True,16.55658580117267,0.33114332847357186
BKR101_P001,101,P001,1996,5,318,1995-12-24,358,81,133,488,0,0,234236,5,wheat/winter wheat,-5.3,-1.5,1.7,0.4,1.175,95,2.2,0,0,0,0,236.6,0.4174,1995-10-04,9,1.1794309596682293,True,16.55658580117267,0.33114332847357186
BKR101_P001,101,P001,1996,5,318,1995-12-25,359,82,133,488,0,0,234236,5,wheat/winter wheat,-6.4,-3.1,-0.9,0.6,0.931,98,3.1,0,0,0,0,236.5,0.4172,1995-10-04,9,1.1794309596682293,True,16.55658580117267,0.33114332847357186
BKR101_P001,101,P001,1996,5,318,1995-12-26,360,83,133,488,0,0,234236,5,wheat/winter wheat,-9.2,-3.6,-0.3,0.1,2.979,96,2.8,0,0,0,0,236.4,0.4171,1995-10-04,9,1.1794309596682293,True,16.55658580117267,0.33114332847357186
BKR101_P001,101,P001,1996,5,318,1995-12-27,361,84,133,488,0,0,234236,5,wheat/winter wheat,-12.1,-8.8,-6.8,0,3.079,98,0,0,0,0,0,236.3,0.417,1995-10-04,9,1.1794309596682293,True,16.55658580117267,0.33114332847357186
BKR101_P001,101,P001,1996,5,318,1995-12-28,362,85,133,488,0,0,234236,5,wheat/winter wheat,-10,-8,-6.7,0,1.233,99,1.2,0,0,0,0,236.3,0.417,1995-10-04,9,1.1794309596682293,True,16.55658580117267,0.33114332847357186
BKR101_P001,101,P001,1996,5,318,1995-12-29,363,86,133,488,0,0,234236,5,wheat/winter wheat,-13.8,-11.1,-9.1,0,2.856,96,0.5,0,0,0,0,236.2,0.4169,1995-10-04,9,1.1794309596682293,True,16.55658580117267,0.33114332847357186
BKR101_P001,101,P001,1996,5,318,1995-12-30,364,87,133,488,0,0,234236,5,wheat/winter wheat,-17.3,-14.2,-10.6,0,3.09,94,2.1,0,0,0,0,236.2,0.4168,1995-10-04,9,1.1794309596682293,True,16.55658580117267,0.33114332847357186
BKR101_P001,101,P001,1996,5,318,1995-12-31,365,88,133,488,0,0,234236,5,wheat/winter wheat,-15,-12.8,-10.6,0,2.215,91,5.2,0,0,0,0,236.1,0.4168,1995-10-04,9,1.1794309596682293,True,16.55658580117267,0.33114332847357186
BKR101_P001,101,P001,1996,5,318,1996-01-01,1,89,133,488,0,0,234236,5,wheat/winter wheat,-10.8,-9.4,-8,0,1.116,90,4.9,0,0,0,0,236,0.4167,1995-10-04,9,1.1794309596682293,True,16.55658580117267,0.33114332847357186
BKR101_P001,101,P001,1996,5,318,1996-01-02,2,90,133,488,0,0,234236,5,wheat/winter wheat,-9.4,-8.2,-6.8,0,1.585,91,2.7,0,0,0,0,235.9,0.4167,1995-10-04,9,1.1794309596682293,True,16.55658580117267,0.33114332847357186
BKR101_P001,101,P001,1996,5,318,1996-01-03,3,91,133,488,0,0,234236,5,wheat/winter wheat,-7.1,-3.6,-0.5,0,2.075,92,3,0,0,0,0,235.8,0.4166,1995-10-04,9,1.1794309596682293,True,16.55658580117267,0.33114332847357186
BKR101_P001,101,P001,1996,5,318,1996-01-04,4,92,133,488,0,0,234236,5,wheat/winter wheat,-7.8,-6.7,-4,0,2.51,88,1.8,0,0,0,0,235.7,0.4165,1995-10-04,9,1.1794309596682293,True,16.55658580117267,0.33114332847357186
BKR101_P001,101,P001,1996,5,318,1996-01-05,5,93,133,488,0,0,234236,5,wheat/winter wheat,-7.6,-5.4,-3.7,0,2.608,97,3.7,0,0,0,0,235.6,0.4164,1995-10-04,9,1.1794309596682293,True,16.55658580117267,0.33114332847357186
BKR101_P001,101,P001,1996,5,318,1996-01-06,6,94,133,488,0,0,234236,5,wheat/winter wheat,-6.4,-4,-3,0,1.376,90,5.4,0,0,0,0,235.5,0.4163,1995-10-04,9,1.1794309596682293,True,16.55658580117267,0.33114332847357186
BKR101_P001,101,P001,1996,5,318,1996-01-07,7,95,133,488,0,0,234236,5,wheat/winter wheat,-6.8,-3.2,-0.4,0.5,3.238,92,4,0,0,0,0,235.4,0.4162,1995-10-04,9,1.1794309596682293,True,16.55658580117267,0.33114332847357186
BKR101_P001,101,P001,1996,5,318,1996-01-08,8,96,133,488,0,0,234236,5,wheat/winter wheat,-0.6,0.1,0.9,0,1.5,99,1.5,0,0,0,0,239.1,0.4161,1995-10-04,9,1.1794309596682293,True,16.55658580117267,0.33114332847357186
BKR101_P001,101,P001,1996,5,318,1996-01-09,9,97,133,488,0,0,234236,5,wheat/winter wheat,-0.5,0.1,0.6,0,1.621,99,3.3,0,0,0,0,242.9,0.4223,1995-10-04,9,1.1794309596682293,True,16.55658580117267,0.33114332847357186
BKR101_P001,101,P001,1996,5,318,1996-01-10,10,98,133,488,0,0,234236,5,wheat/winter wheat,-0.6,0,0.6,0,1.731,99,3.3,0,0,0,0,247.1,0.4288,1995-10-04,9,1.1794309596682293,True,16.55658580117267,0.33114332847357186
BKR101_P001,101,P001,1996,5,318,1996-01-11,11,99,133,488,0,0,234236,5,wheat/winter wheat,-0.8,-0.5,-0.1,0,2.15,99,1.4,0,0,0,0,246.9,0.4358,1995-10-04,9,1.1794309596682293,True,16.55658580117267,0.33114332847357186
BKR101_P001,101,P001,1996,5,318,1996-01-12,12,100,133,488,0,0,234236,5,wheat/winter wheat,-1.5,-0.9,-0.4,0,2.297,99,0,0,0,0,0,246.8,0.4356,1995-10-04,9,1.1794309596682293,True,16.55658580117267,0.33114332847357186
BKR101_P001,101,P001,1996,5,318,1996-01-13,13,101,133,488,0,0,234236,5,wheat/winter wheat,-1.6,-1,-0.4,0,2.024,99,0,0,0,0,0,246.6,0.4355,1995-10-04,9,1.1794309596682293,True,16.55658580117267,0.33114332847357186
BKR101_P001,101,P001,1996,5,318,1996-01-14,14,102,133,488,0,0,234236,5,wheat/winter wheat,-1.6,-1,-0.4,0,1.04,99,0,0,0,0,0,246.5,0.4354,1995-10-04,9,1.1794309596682293,True,16.55658580117267,0.33114332847357186
BKR101_P001,101,P001,1996,5,318,1996-01-15,15,103,133,488,0,0,234236,5,wheat/winter wheat,-2.3,-1.5,-1,0,1.289,99,0,0,0,0,0,246.4,0.4353,1995-10-04,9,1.1794309596682293,True,16.55658580117267,0.33114332847357186
BKR101_P001,101,P001,1996,5,318,1996-01-16,16,104,133,488,0,0,234236,5,wheat/winter wheat,-4,-2.5,-1.1,0,1.598,99,0,0,0,0,0,246.2,0.4351,1995-10-04,9,1.1794309596682293,True,16.55658580117267,0.33114332847357186
BKR101_P001,101,P001,1996,5,318,1996-01-17,17,105,133,488,0,0,234236,5,wheat/winter wheat,-4.3,-4.1,-3.9,0,1.334,99,0,0,0,0,0,246.1,0.435,1995-10-04,9,1.1794309596682293,True,16.55658580117267,0.33114332847357186
BKR101_P001,101,P001,1996,5,318,1996-01-18,18,106,133,488,0,0,234236,5,wheat/winter wheat,-4.2,-2.9,-1.7,0,1.263,99,0,0,0,0,0,246,0.4349,1995-10-04,9,1.1794309596682293,True,16.55658580117267,0.33114332847357186
BKR101_P001,101,P001,1996,5,318,1996-01-19,19,107,133,488,0,0,234236,5,wheat/winter wheat,-2.5,-1.2,0,0.1,1.352,97,1.8,0,0,0,0,245.9,0.4348,1995-10-04,9,1.1794309596682293,True,16.55658580117267,0.33114332847357186
BKR101_P001,101,P001,1996,5,318,1996-01-20,20,108,133,488,0,0,234236,5,wheat/winter wheat,-8.3,-6.4,-3.1,0,2.339,87,5.4,0,0,0,0,245.8,0.4347,1995-10-04,9,1.1794309596682293,True,16.55658580117267,0.33114332847357186
BKR101_P001,101,P001,1996,5,318,1996-01-21,21,109,133,488,0,0,234236,5,wheat/winter wheat,-9.9,-8.1,-4.9,0,4.723,87,3.9,0,0,0,0,245.7,0.4346,1995-10-04,9,1.1794309596682293,True,16.55658580117267,0.33114332847357186
BKR101_P001,101,P001,1996,5,318,1996-01-22,22,110,133,488,0,0,234236,5,wheat/winter wheat,-8.2,-6.9,-5.4,0,2.927,83,5.9,0,0,0,0,245.6,0.4345,1995-10-04,9,1.1794309596682293,True,16.55658580117267,0.33114332847357186
BKR101_P001,101,P001,1996,5,318,1996-01-23,23,111,133,488,0,0,234236,5,wheat/winter wheat,-9.8,-7.7,-4.5,0,5.707,73,5.8,0,0,0,0,245.5,0.4344,1995-10-04,9,1.1794309596682293,True,16.55658580117267,0.33114332847357186
BKR101_P001,101,P001,1996,5,318,1996-01-24,24,112,133,488,0,0,234236,5,wheat/winter wheat,-12.9,-9.8,-6.5,0,5.702,72,6.5,0,0,0,0,245.5,0.4344,1995-10-04,9,1.1794309596682293,True,16.55658580117267,0.33114332847357186
BKR101_P001,101,P001,1996,5,318,1996-01-25,25,113,133,488,0,0,234236,5,wheat/winter wheat,-14.4,-12.2,-8.7,0,5.76,75,5.5,0,0,0,0,245.4,0.4343,1995-10-04,9,1.1794309596682293,True,16.55658580117267,0.33114332847357186
BKR101_P001,101,P001,1996,5,318,1996-01-26,26,114,133,488,0,0,234236,5,wheat/winter wheat,-14.7,-11.9,-9.3,0,3.701,76,5.4,0,0,0,0,245.3,0.4342,1995-10-04,9,1.1794309596682293,True,16.55658580117267,0.33114332847357186
BKR101_P001,101,P001,1996,5,318,1996-01-27,27,115,133,488,0,0,234236,5,wheat/winter wheat,-13.6,-10.9,-8.7,0,2.698,81,3.8,0,0,0,0,245.3,0.4342,1995-10-04,9,1.1794309596682293,True,16.55658580117267,0.33114332847357186
BKR101_P001,101,P001,1996,5,318,1996-01-28,28,116,133,488,0,0,234236,5,wheat/winter wheat,-11.1,-7.7,-2.8,0,6.312,86,3.1,0,0,0,0,245.2,0.4341,1995-10-04,9,1.1794309596682293,True,16.55658580117267,0.33114332847357186
BKR101_P001,101,P001,1996,5,318,1996-01-29,29,117,133,488,0,0,234236,5,wheat/winter wheat,-10.3,-7.2,-2.3,0,7.236,83,2.8,0,0,0,0,245.1,0.434,1995-10-04,9,1.1794309596682293,True,16.55658580117267,0.33114332847357186
BKR101_P001,101,P001,1996,5,318,1996-01-30,30,118,133,488,0,0,234236,5,wheat/winter wheat,-8.8,-4.3,-1.6,0,1.433,91,1.7,0,0,0,0,245,0.434,1995-10-04,9,1.1794309596682293,True,16.55658580117267,0.33114332847357186
BKR101_P001,101,P001,1996,5,318,1996-01-31,31,119,133,488,0,0,234236,5,wheat/winter wheat,-5.4,-3.4,-1.8,0,4.063,79,2.4,0,0,0,0,244.9,0.4339,1995-10-04,9,1.1794309596682293,True,16.55658580117267,0.33114332847357186
BKR101_P001,101,P001,1996,5,318,1996-02-01,32,120,133,488,0,0,234236,5,wheat/winter wheat,-8.5,-5.1,-1.3,0,7.194,79,2.6,0,0,0,0,244.8,0.4338,1995-10-04,9,1.1794309596682293,True,16.55658580117267,0.33114332847357186
BKR101_P001,101,P001,1996,5,318,1996-02-02,33,121,133,488,0,0,234236,5,wheat/winter wheat,-12,-8,-3.7,0,4.762,92,1,0,0,0,0,244.7,0.4337,1995-10-04,9,1.1794309596682293,True,16.55658580117267,0.33114332847357186
BKR101_P001,101,P001,1996,5,318,1996-02-03,34,122,133,488,0,0,234236,5,wheat/winter wheat,-6.9,-5.4,-2.8,0,3.321,90,1.1,0,0,0,0,244.6,0.4336,1995-10-04,9,1.1794309596682293,True,16.55658580117267,0.33114332847357186
BKR101_P001,101,P001,1996,5,318,1996-02-04,35,123,133,488,0,0,234236,5,wheat/winter wheat,-6.4,-4.6,-3.7,0.3,1.673,94,2.6,0,0,0,0,244.5,0.4335,1995-10-04,9,1.1794309596682293,True,16.55658580117267,0.33114332847357186
BKR101_P001,101,P001,1996,5,318,1996-02-05,36,124,133,488,0,0,234236,5,wheat/winter wheat,-13.2,-7.1,-4.3,0.9,6.86,85,0.6,0,0,0,0,244.4,0.4334,1995-10-04,9,1.1794309596682293,True,16.55658580117267,0.33114332847357186
BKR101_P001,101,P001,1996,5,318,1996-02-06,37,125,133,488,0,0,234236,5,wheat/winter wheat,-16.2,-11.2,-5.5,0,7.824,85,1.9,0,0,0,0,244.3,0.4333,1995-10-04,9,1.1794309596682293,True,16.55658580117267,0.33114332847357186
BKR101_P001,101,P001,1996,5,318,1996-02-07,38,126,133,488,0,0,234236,5,wheat/winter wheat,-15.2,-11.4,-6.6,0,7.723,83,3,0,0,0,0,244.3,0.4333,1995-10-04,9,1.1794309596682293,True,16.55658580117267,0.33114332847357186
BKR101_P001,101,P001,1996,5,318,1996-02-08,39,127,133,488,0,0,234236,5,wheat/winter wheat,-15.1,-12.6,-8.8,0,8.173,80,3.4,0,0,0,0,244.2,0.4332,1995-10-04,9,1.1794309596682293,True,16.55658580117267,0.33114332847357186
BKR101_P001,101,P001,1996,5,318,1996-02-09,40,128,133,488,0,0,234236,5,wheat/winter wheat,-18,-13.9,-7.9,0,8.293,82,3,0,0,0,0,244.2,0.4332,1995-10-04,9,1.1794309596682293,True,16.55658580117267,0.33114332847357186
BKR101_P001,101,P001,1996,5,318,1996-02-10,41,129,133,488,0,0,234236,5,wheat/winter wheat,-15.6,-12.1,-8.8,0,5.087,79,5.3,0,0,0,0,244.1,0.4331,1995-10-04,9,1.1794309596682293,True,16.55658580117267,0.33114332847357186
BKR101_P001,101,P001,1996,5,318,1996-02-11,42,130,133,488,0,0,234236,5,wheat/winter wheat,-9.3,-5.8,-2.8,0.1,3.616,89,3.7,0,0,0,0,244,0.4331,1995-10-04,9,1.1794309596682293,True,16.55658580117267,0.33114332847357186
BKR101_P001,101,P001,1996,5,318,1996-02-12,43,131,133,488,0,0,234236,5,wheat/winter wheat,-3.1,0.7,4.6,0,6.845,85,4.1,0,0,0.3,0,252.5,0.433,1995-10-04,9,1.1794309596682293,True,16.55658580117267,0.33114332847357186
BKR101_P001,101,P001,1996,5,318,1996-02-13,44,132,133,488,0,0,234236,5,wheat/winter wheat,-2.5,-1.1,0.5,0.7,2.83,92,4.3,0,0,0,0,252.4,0.4474,1995-10-04,9,1.1794309596682293,True,16.55658580117267,0.33114332847357186
BKR101_P001,101,P001,1996,5,318,1996-02-14,45,133,133,488,0,0,234236,5,wheat/winter wheat,-3.1,-1.8,-0.5,0,2.011,90,4,0,0,0,0,252.3,0.4472,1995-10-04,9,1.1794309596682293,True,16.55658580117267,0.33114332847357186
BKR101_P001,101,P001,1996,5,318,1996-02-15,46,134,133,488,0,0,234236,5,wheat/winter wheat,-4.3,-2.2,-0.7,0,7.489,81,4.8,0,0,0,0,252.1,0.4471,1995-10-04,9,1.1794309596682293,True,16.55658580117267,0.33114332847357186
BKR101_P001,101,P001,1996,5,318,1996-02-16,47,135,133,488,0,0,234236,5,wheat/winter wheat,-1.2,2.1,4.3,1.9,1.805,96,7.9,0,0,0.1,0,258.3,0.447,1995-10-04,9,1.1794309596682293,True,16.55658580117267,0.33114332847357186
BKR101_P001,101,P001,1996,5,318,1996-02-17,48,136,133,488,0,0,234236,5,wheat/winter wheat,-0.5,1.5,3,2.2,3.287,89,6.4,0,0,0.3,0,265.8,0.4574,1995-10-04,9,1.1794309596682293,True,16.55658580117267,0.33114332847357186
BKR101_P001,101,P001,1996,5,318,1996-02-18,49,137,133,488,0,0,234236,5,wheat/winter wheat,-1.3,0.4,1.8,5.2,3.391,95,4.5,0,0,0.2,0,273.1,0.4699,1995-10-04,9,1.1794309596682293,True,16.55658580117267,0.33114332847357186
BKR101_P001,101,P001,1996,5,318,1996-02-19,50,138,133,488,0,0,234236,5,wheat/winter wheat,0,1.4,3.5,0.1,3.787,96,2.9,0,0,0.2,0,281.4,0.4824,1995-10-04,9,1.1794309596682293,True,16.55658580117267,0.33114332847357186
BKR101_P001,101,P001,1996,5,318,1996-02-20,51,139,133,488,0,0,234236,5,wheat/winter wheat,-3.2,-1,0.7,0,1.361,93,5,0,0,0,0,281.2,0.4962,1995-10-04,9,1.1794309596682293,True,16.55658580117267,0.33114332847357186
BKR101_P001,101,P001,1996,5,318,1996-02-21,52,140,133,488,0,0,234236,5,wheat/winter wheat,-5.6,-3.7,-1.6,0.3,4.138,93,5.8,0,0,0,0,281.1,0.4961,1995-10-04,9,1.1794309596682293,True,16.55658580117267,0.33114332847357186
BKR101_P001,101,P001,1996,5,318,1996-02-22,53,141,133,488,0,0,234236,5,wheat/winter wheat,-6.7,-5.4,-3.8,0,6.578,89,4.2,0,0,0,0,281,0.496,1995-10-04,9,1.1794309596682293,True,16.55658580117267,0.33114332847357186
BKR101_P001,101,P001,1996,5,318,1996-02-23,54,142,133,488,0,0,234236,5,wheat/winter wheat,-10.5,-6.7,-4,0,9.397,87,2.7,0,0,0,0,280.9,0.4959,1995-10-04,9,1.1794309596682293,True,16.55658580117267,0.33114332847357186
BKR101_P001,101,P001,1996,5,318,1996-02-24,55,143,133,488,0,0,234236,5,wheat/winter wheat,-12.8,-7.8,-0.9,0,9.746,89,1,0,0,0,0,280.8,0.4958,1995-10-04,9,1.1794309596682293,True,16.55658580117267,0.33114332847357186
BKR101_P001,101,P001,1996,5,318,1996-02-25,56,144,133,488,0,0,234236,5,wheat/winter wheat,-10.5,-1.8,6,0,7.462,82,3.2,0,0,0,0,280.7,0.4957,1995-10-04,9,1.1794309596682293,True,16.55658580117267,0.33114332847357186
BKR101_P001,101,P001,1996,5,318,1996-02-26,57,145,133,488,0,0,234236,5,wheat/winter wheat,0.4,4.2,9.5,0,10.92,62,3.9,0,0,1.2,0,294.9,0.4956,1995-10-04,9,1.1794309596682293,True,16.55658580117267,0.33114332847357186
BKR101_P001,101,P001,1996,5,318,1996-02-27,58,146,133,488,0,0,234236,5,wheat/winter wheat,-2.5,0.6,5.1,0,10.587,91,1.5,0,0,0.4,0,307.1,0.5194,1995-10-04,9,1.1794309596682293,True,16.55658580117267,0.33114332847357186
BKR101_P001,101,P001,1996,5,318,1996-02-28,59,147,133,488,0,0,234236,5,wheat/winter wheat,-2.2,-1,-0.3,0,3.139,99,2.3,0,0,0,0,306.9,0.5397,1995-10-04,9,1.1794309596682293,True,16.55658580117267,0.33114332847357186
BKR101_P001,101,P001,1996,5,318,1996-02-29,60,148,133,488,0,0,234236,5,wheat/winter wheat,-2.8,-1.2,0.5,0,5.314,95,3.6,0,0,0,0,306.8,0.5396,1995-10-04,9,1.1794309596682293,True,16.55658580117267,0.33114332847357186
BKR101_P001,101,P001,1996,5,318,1996-03-01,61,149,133,488,0,0,234236,5,wheat/winter wheat,-1.5,0.1,2.3,0,11.151,71,5.3,0,0,0.8,0,319.5,0.5394,1995-10-04,9,1.1794309596682293,True,16.55658580117267,0.33114332847357186
BKR101_P001,101,P001,1996,5,318,1996-03-02,62,150,133,488,0,0,234236,5,wheat/winter wheat,-2.4,-0.9,1,0,7.93,80,4.1,0,0,0,0,319.3,0.5606,1995-10-04,9,1.1794309596682293,True,16.55658580117267,0.33114332847357186
BKR101_P001,101,P001,1996,5,318,1996-03-03,63,151,133,488,0,0,234236,5,wheat/winter wheat,-3.7,-2.2,-0.8,0,5.608,86,2.9,0,0,0,0,319.2,0.5605,1995-10-04,9,1.1794309596682293,True,16.55658580117267,0.33114332847357186
BKR101_P001,101,P001,1996,5,318,1996-03-04,64,152,133,488,0,0,234236,5,wheat/winter wheat,-5.7,-2.9,-0.2,0,8.482,80,1.9,0,0,0,0,319,0.5604,1995-10-04,9,1.1794309596682293,True,16.55658580117267,0.33114332847357186
BKR101_P001,101,P001,1996,5,318,1996-03-05,65,153,133,488,0,0,234236,5,wheat/winter wheat,-6.3,-1,3.8,0,9.938,80,2.5,0,0,0,0,318.9,0.5602,1995-10-04,9,1.1794309596682293,True,16.55658580117267,0.33114332847357186
BKR101_P001,101,P001,1996,5,318,1996-03-06,66,154,133,488,0,0,234236,5,wheat/winter wheat,-0.9,-0.3,0.5,0,3.15,96,2.4,0,0,0,0,318.7,0.5601,1995-10-04,9,1.1794309596682293,True,16.55658580117267,0.33114332847357186
BKR101_P001,101,P001,1996,5,318,1996-03-07,67,155,133,488,0,0,234236,5,wheat/winter wheat,-2.2,0.2,3.3,0,11.285,72,4.8,0,0,0.8,0,332.8,0.5599,1995-10-04,9,1.1794309596682293,True,16.55658580117267,0.33114332847357186
BKR101_P001,101,P001,1996,5,318,1996-03-08,68,156,133,488,0,0,234236,5,wheat/winter wheat,-4.6,-1.3,2.8,0,13.946,72,4.6,0,0,0,0,332.7,0.5835,1995-10-04,9,1.1794309596682293,True,16.55658580117267,0.33114332847357186
BKR101_P001,101,P001,1996,5,318,1996-03-09,69,157,133,488,0,0,234236,5,wheat/winter wheat,-5.8,-2,3,0,13.757,69,5.3,0,0,0,0,332.5,0.5834,1995-10-04,9,1.1794309596682293,True,16.55658580117267,0.33114332847357186
BKR101_P001,101,P001,1996,5,318,1996-03-10,70,158,133,488,0,0,234236,5,wheat/winter wheat,-6.7,-3,-0.9,0,6.416,77,3.8,0,0,0,0,332.4,0.5832,1995-10-04,9,1.1794309596682293,True,16.55658580117267,0.33114332847357186
BKR101_P001,101,P001,1996,5,318,1996-03-11,71,159,133,488,0,0,234236,5,wheat/winter wheat,-5.5,-3.7,-2.1,0,6.484,80,5.4,0,0,0,0,332.2,0.5831,1995-10-04,9,1.1794309596682293,True,16.55658580117267,0.33114332847357186
BKR101_P001,101,P001,1996,5,318,1996-03-12,72,160,133,488,0,0,234236,5,wheat/winter wheat,-7.2,-4.1,-0.9,0,10.358,78,3.9,0,0,0,0,332.1,0.583,1995-10-04,9,1.1794309596682293,True,16.55658580117267,0.33114332847357186
BKR101_P001,101,P001,1996,5,318,1996-03-13,73,161,133,488,0,0,234236,5,wheat/winter wheat,-5.5,-3.1,-1.4,0,6.443,86,4.3,0,0,0,0,331.9,0.5828,1995-10-04,9,1.1794309596682293,True,16.55658580117267,0.33114332847357186
BKR101_P001,101,P001,1996,5,318,1996-03-14,74,162,133,488,0,0,234236,5,wheat/winter wheat,-1.9,-1,-0.1,0,4.945,90,3.4,0,0,0,0,331.8,0.5827,1995-10-04,9,1.1794309596682293,True,16.55658580117267,0.33114332847357186
BKR101_P001,101,P001,1996,5,318,1996-03-15,75,163,133,488,0,0,234236,5,wheat/winter wheat,-2.2,-0.7,1.3,0,8.523,85,3.5,0,0,0,0,331.6,0.5825,1995-10-04,9,1.1794309596682293,True,16.55658580117267,0.33114332847357186
BKR101_P001,101,P001,1996,5,318,1996-03-16,76,164,133,488,0,0,234236,5,wheat/winter wheat,-0.4,0.2,0.6,0,2.851,91,6.1,0,0,0.3,0,343.2,0.5824,1995-10-04,9,1.1794309596682293,True,16.55658580117267,0.33114332847357186
BKR101_P001,101,P001,1996,5,318,1996-03-17,77,165,133,488,0,0,234236,5,wheat/winter wheat,-0.2,0.6,1.7,0,2.834,90,4.6,0,0,0.4,0,355.5,0.6018,1995-10-04,9,1.1794309596682293,True,16.55658580117267,0.33114332847357186
BKR101_P001,101,P001,1996,5,318,1996-03-18,78,166,133,488,0,0,234236,5,wheat/winter wheat,-1.6,1.1,5.1,0,12.527,78,2.8,0,0,0.9,0,373.3,0.6222,1995-10-04,9,1.1794309596682293,True,16.55658580117267,0.33114332847357186
BKR101_P001,101,P001,1996,5,318,1996-03-19,79,167,133,488,0,0,234236,5,wheat/winter wheat,-3.5,0,4.4,0,13.529,84,2.4,0,0,0.8,0,391.1,0.6521,1995-10-04,9,1.1794309596682293,True,16.55658580117267,0.33114332847357186
BKR101_P001,101,P001,1996,5,318,1996-03-20,80,168,133,488,0,0,234236,5,wheat/winter wheat,-4.2,0.3,6.6,0,16.996,79,3.6,0,0,1,0,410.3,0.6818,1995-10-04,9,1.1794309596682293,True,16.55658580117267,0.33114332847357186
BKR101_P001,101,P001,1996,5,318,1996-03-21,81,169,133,488,0,0,234236,5,wheat/winter wheat,-4.3,-0.3,4.5,0,15.217,86,3.3,0,0,0,0,410,0.7137,1995-10-04,9,1.1794309596682293,True,16.55658580117267,0.33114332847357186
BKR101_P001,101,P001,1996,5,318,1996-03-22,82,170,133,488,0,0,234236,5,wheat/winter wheat,-1.8,2.5,8.1,0,12.311,82,3.6,0,0,1,0,432.1,0.7135,1995-10-04,9,1.1794309596682293,True,16.55658580117267,0.33114332847357186
BKR101_P001,101,P001,1996,5,318,1996-03-23,83,171,133,488,0,0,234236,5,wheat/winter wheat,-0.1,3.9,9.1,1.2,11.443,83,4.1,0,0,1,0,456.5,0.7502,1995-10-04,9,1.1794309596682293,True,16.55658580117267,0.33114332847357186
BKR101_P001,101,P001,1996,5,318,1996-03-24,84,172,133,488,0,0,234236,5,wheat/winter wheat,-0.3,2.6,3.6,5.1,2.504,99,2.7,0,0,0.3,0,475.1,0.7905,1995-10-04,9,1.1794309596682293,True,16.55658580117267,0.33114332847357186
BKR101_P001,101,P001,1996,5,318,1996-03-25,85,173,133,488,0,0,234236,5,wheat/winter wheat,-1.1,-0.1,1.6,0,3.842,98,1.9,0,0,0,0,474.9,0.8211,1995-10-04,9,1.1794309596682293,True,16.55658580117267,0.33114332847357186
BKR101_P001,101,P001,1996,5,318,1996-03-26,86,174,133,488,0,0,234236,5,wheat/winter wheat,-0.6,2.4,7.3,0,10.367,86,3.1,0,0,0.9,0,498.8,0.8208,1995-10-04,9,1.1794309596682293,True,16.55658580117267,0.33114332847357186
BKR101_P001,101,P001,1996,5,318,1996-03-27,87,175,133,488,0,0,234236,5,wheat/winter wheat,-1.7,1.8,6.2,0,19.894,57,4,0,0,1.7,0,526.9,0.86,1995-10-04,9,1.1794309596682293,True,16.55658580117267,0.33114332847357186
BKR101_P001,101,P001,1996,5,318,1996-03-28,88,176,133,488,0,0,234236,5,wheat/winter wheat,-2.6,1.7,5.8,0,12.514,62,3.9,0,0,1.4,0,553.8,0.9058,1995-10-04,9,1.1794309596682293,True,16.55658580117267,0.33114332847357186
BKR101_P001,101,P001,1996,5,318,1996-03-29,89,177,133,488,0,0,234236,5,wheat/winter wheat,-0.6,1.3,4.2,1.8,6.565,83,3.5,0,0,0.7,0,577.4,0.9497,1995-10-04,9,1.1794309596682293,True,16.55658580117267,0.33114332847357186
BKR101_P001,101,P001,1996,5,318,1996-03-30,90,178,133,488,0,0,234236,5,wheat/winter wheat,-0.1,0.6,2.3,2.3,6.956,95,3.6,0,0,0.5,0,601.3,0.988,1995-10-04,9,1.1794309596682293,True,16.55658580117267,0.33114332847357186
BKR101_P001,101,P001,1996,5,318,1996-03-31,91,179,133,488,0,0,234236,5,wheat/winter wheat,-2.2,-0.4,1.4,0.2,9.749,92,3.2,0,0,0,0,600.9,1.0268,1995-10-04,9,1.1794309596682293,True,16.55658580117267,0.33114332847357186
BKR101_P001,101,P001,1996,5,318,1996-04-01,92,180,133,488,0,0,234236,5,wheat/winter wheat,-3.8,-0.6,3.1,0,16.014,83,1.3,0,0,0.1,0,600.6,1.0266,1995-10-04,9,1.1794309596682293,True,16.55658580117267,0.33114332847357186
BKR101_P001,101,P001,1996,5,318,1996-04-02,93,181,133,488,0,0,234236,5,wheat/winter wheat,-4,-0.2,3.2,0,17.018,80,1.5,0,0,0.1,0,600.3,1.0263,1995-10-04,9,1.1794309596682293,True,16.55658580117267,0.33114332847357186
BKR101_P001,101,P001,1996,5,318,1996-04-03,94,182,133,488,0,0,234236,5,wheat/winter wheat,-2.6,1,4.2,0,8.224,80,4.5,0,0,0.8,0,627,1.026,1995-10-04,9,1.1794309596682293,True,16.55658580117267,0.33114332847357186
BKR101_P001,101,P001,1996,5,318,1996-04-04,95,183,133,488,0,0,234236,5,wheat/winter wheat,-0.2,3,8.8,0,12.215,83,4.1,0,0,1.1,0,660.6,1.0695,1995-10-04,9,1.1794309596682293,True,16.55658580117267,0.33114332847357186
BKR101_P001,101,P001,1996,5,318,1996-04-05,96,184,133,488,0,0,234236,5,wheat/winter wheat,-0.3,3.4,6.7,0,3.695,94,2,0,0,0.5,0,689.5,1.1238,1995-10-04,9,1.1794309596682293,True,16.55658580117267,0.33114332847357186
BKR101_P001,101,P001,1996,5,318,1996-04-06,97,185,133,488,0,0,234236,5,wheat/winter wheat,2.3,8.9,16.3,0,18.541,69,3.3,0,0,2.6,0,747.5,1.1704,1995-10-04,9,1.1794309596682293,True,16.55658580117267,0.33114332847357186
BKR101_P001,101,P001,1996,5,318,1996-04-07,98,186,133,488,0,0,234236,5,wheat/winter wheat,1.1,9,17,0,21.008,62,3,0,0,3,0,811.1,1.2615,1995-10-04,9,1.1794309596682293,True,16.55658580117267,0.33114332847357186
BKR101_P001,101,P001,1996,5,318,1996-04-08,99,187,133,488,0,0,234236,5,wheat/winter wheat,1.3,8.6,15.8,0,19.478,68,1.6,0,0,2.4,0,878.9,1.3589,1995-10-04,9,1.1794309596682293,True,16.55658580117267,0.33114332847357186
BKR101_P001,101,P001,1996,5,318,1996-04-09,100,188,133,488,0,0,234236,5,wheat/winter wheat,1.7,7.2,12.5,0,14.745,80,1.9,0,0,1.7,0,939.2,1.4604,1995-10-04,9,1.1794309596682293,True,16.55658580117267,0.33114332847357186
BKR101_P001,101,P001,1996,5,318,1996-04-10,101,189,133,488,0,0,234236,5,wheat/winter wheat,0.1,5.7,11.4,2,13.567,82,0.9,0,0,1.5,0,996.5,1.549,1995-10-04,9,1.1794309596682293,True,16.55658580117267,0.33114332847357186
BKR101_P001,101,P001,1996,5,318,1996-04-11,102,190,133,488,0,0,234236,5,wheat/winter wheat,-1.9,1.9,5.8,2.2,3.257,88,4.1,0,0,0.6,0,1035.9,1.6319,1995-10-04,9,1.1794309596682293,True,16.55658580117267,0.33114332847357186
BKR101_P001,101,P001,1996,5,318,1996-04-12,103,191,133,488,0,0,234236,5,wheat/winter wheat,-3.7,-0.6,2.1,0.3,14.16,77,5.1,0,0,0,0,1035.4,1.6886,1995-10-04,9,1.1794309596682293,True,16.55658580117267,0.33114332847357186
BKR101_P001,101,P001,1996,5,318,1996-04-13,104,192,133,488,0,0,234236,5,wheat/winter wheat,-1.9,0.7,2,0.7,7.316,92,4.1,0,0,0.6,0,1077.7,1.6881,1995-10-04,9,1.1794309596682293,True,16.55658580117267,0.33114332847357186
BKR101_P001,101,P001,1996,5,318,1996-04-14,105,193,133,488,0,0,234236,5,wheat/winter wheat,0.4,4.7,9.2,0,20.893,65,4.1,0,0,2.3,0,1150.3,1.7491,1995-10-04,9,1.1794309596682293,True,16.55658580117267,0.33114332847357186
BKR101_P001,101,P001,1996,5,318,1996-04-15,106,194,133,488,0,0,234236,5,wheat/winter wheat,-1.7,6.1,13.5,0,23.446,51,2.3,0,0,2.9,0,1232.5,1.8526,1995-10-04,9,1.1794309596682293,True,16.55658580117267,0.33114332847357186
BKR101_P001,101,P001,1996,5,318,1996-04-16,107,195,133,488,0,0,234236,5,wheat/winter wheat,-0.6,7.5,14,0,23.525,49,1.5,0,0,2.9,0,1326.3,1.9679,1995-10-04,9,1.1794309596682293,True,16.55658580117267,0.33114332847357186
BKR101_P001,101,P001,1996,5,318,1996-04-17,108,196,133,488,0,0,234236,5,wheat/winter wheat,-0.6,8.9,17.4,0,23.207,51,2,0,0,3.3,0,1430.6,2.0969,1995-10-04,9,1.1794309596682293,True,16.55658580117267,0.33114332847357186
BKR101_P001,101,P001,1996,5,318,1996-04-18,109,197,133,488,0,0,234236,5,wheat/winter wheat,1.6,11.7,21.1,0,22.283,49,1.8,0,0,3.6,0,1550.4,2.2366,1995-10-04,9,1.1794309596682293,True,16.55658580117267,0.33114332847357186
BKR101_P001,101,P001,1996,5,318,1996-04-19,110,198,133,488,0,0,234236,5,wheat/winter wheat,3.5,13.4,22.1,0,19.999,53,1.5,0,0,3.4,0,1673.8,2.3916,1995-10-04,9,1.1794309596682293,True,16.55658580117267,0.33114332847357186
BKR101_P001,101,P001,1996,5,318,1996-04-20,111,199,133,488,0,0,234236,5,wheat/winter wheat,5.3,15.2,24,0,19.543,53,1.8,0,0,3.7,0,1803.5,2.5449,1995-10-04,9,1.1794309596682293,True,16.55658580117267,0.33114332847357186
BKR101_P001,101,P001,1996,5,318,1996-04-21,112,200,133,488,0,0,234236,5,wheat/winter wheat,7.8,17.6,26.6,0,22.254,51,2.1,0,0,4.6,0,1952,2.6984,1995-10-04,9,1.1794309596682293,True,16.55658580117267,0.33114332847357186
BKR101_P001,101,P001,1996,5,318,1996-04-22,113,201,133,488,0,0,234236,5,wheat/winter wheat,9,18.7,27.7,0,21.338,51,1.8,0,0,4.4,0,2101.1,2.8643,1995-10-04,9,1.1794309596682293,True,16.55658580117267,0.33114332847357186
BKR101_P001,101,P001,1996,5,318,1996-04-23,114,202,133,488,0,0,234236,5,wheat/winter wheat,9.7,19.7,28.4,0,22.003,52,2.5,0,0,5.1,0,2259.6,3.0206,1995-10-04,9,1.1794309596682293,True,16.55658580117267,0.33114332847357186
BKR101_P001,101,P001,1996,5,318,1996-04-24,115,203,133,488,0,0,234236,5,wheat/winter wheat,7.2,12.9,17.2,4.2,6.477,89,3.2,0,0,1.3,0,2346.7,3.1753,1995-10-04,9,1.1794309596682293,True,16.55658580117267,0.33114332847357186
BKR101_P001,101,P001,1996,5,318,1996-04-25,116,204,133,488,0,0,234236,5,wheat/winter wheat,6.2,11.5,16.7,0,19.097,71,3,0,0,3.1,0,2499.5,3.2565,1995-10-04,9,1.1794309596682293,True,16.55658580117267,0.33114332847357186
BKR101_P001,101,P001,1996,5,318,1996-04-26,117,205,133,488,0,0,234236,5,wheat/winter wheat,5.4,10,14.6,0.1,13.043,81,4.1,0,0,2.1,0,2622.3,3.3932,1995-10-04,9,1.1794309596682293,True,16.55658580117267,0.33114332847357186
BKR101_P001,101,P001,1996,5,318,1996-04-27,118,206,133,488,0,0,234236,5,wheat/winter wheat,1.9,10.4,17.7,0,25.81,67,1.5,0,0,3.4,0,2803.6,3.4991,1995-10-04,9,1.1794309596682293,True,16.55658580117267,0.33114332847357186
BKR101_P001,101,P001,1996,5,318,1996-04-28,119,207,133,488,0,0,234236,5,wheat/winter wheat,5.2,12.4,19.2,0,17.633,70,1.8,0,0,2.9,0,2960.4,3.6499,1995-10-04,9,1.1794309596682293,True,16.55658580117267,0.33114332847357186
BKR101_P001,101,P001,1996,5,318,1996-04-29,120,208,133,488,0,0,234236,5,wheat/winter wheat,6.2,9.5,13.3,3,16.542,72,2.1,0,0,2.5,0,3108.8,3.7739,1995-10-04,9,1.1794309596682293,True,16.55658580117267,0.33114332847357186
BKR101_P001,101,P001,1996,5,318,1996-04-30,121,209,133,488,0,0,234236,5,wheat/winter wheat,4.4,8.6,13.4,0,8.695,85,1.7,0,0,1.4,0,3217.1,3.8872,1995-10-04,9,1.1794309596682293,True,16.55658580117267,0.33114332847357186
BKR101_P001,101,P001,1996,5,318,1996-05-01,122,210,133,488,0,0,234236,5,wheat/winter wheat,6.3,11,16.5,0,19.541,83,1.7,0,0,2.6,0,3390.6,3.9672,1995-10-04,9,1.1794309596682293,True,16.55658580117267,0.33114332847357186
BKR101_P001,101,P001,1996,5,318,1996-05-02,123,211,133,488,0,0,234236,5,wheat/winter wheat,6.2,10,14,0.1,6.53,96,1.4,0,0,1.1,0,3492.5,4.0897,1995-10-04,9,1.1794309596682293,True,16.55658580117267,0.33114332847357186
BKR101_P001,101,P001,1996,5,318,1996-05-03,124,212,133,488,0,0,234236,5,wheat/winter wheat,5.1,11,19.1,20.4,13.698,92,2.1,0,0,1.9,0,3632.8,4.1586,1995-10-04,9,1.1794309596682293,True,16.55658580117267,0.33114332847357186
BKR101_P001,101,P001,1996,5,318,1996-05-04,125,213,133,488,0,0,234236,5,wheat/winter wheat,6.5,9,10.8,4.2,5.827,83,4.9,0,0,1.4,0,3736.1,4.2492,1995-10-04,9,1.1794309596682293,True,16.55658580117267,0.33114332847357186
BKR101_P001,101,P001,1996,5,318,1996-05-05,126,214,133,488,0,0,234236,5,wheat/winter wheat,3.6,6.6,9.3,0,14.183,65,5.1,0,0,2.5,0,3878,4.3132,1995-10-04,9,1.1794309596682293,True,16.55658580117267,0.33114332847357186
BKR101_P001,101,P001,1996,5,318,1996-05-06,127,215,133,488,0,0,234236,5,wheat/winter wheat,0.1,7.7,12.5,0,23.285,65,1.4,0,0,2.9,0,4072.6,4.3987,1995-10-04,9,1.1794309596682293,True,16.55658580117267,0.33114332847357186
BKR101_P001,101,P001,1996,5,318,1996-05-07,128,216,133,488,0,0,234236,5,wheat/winter wheat,6.8,8.4,11,0.1,8.644,80,2.4,0,0,1.6,0,4193.2,4.512,1995-10-04,9,1.1794309596682293,True,16.55658580117267,0.33114332847357186
BKR101_P001,101,P001,1996,5,318,1996-05-08,129,217,133,488,0,0,234236,5,wheat/winter wheat,5.7,7,8.6,17,3.893,94,3.8,0,0,0.7,0,4297.9,4.5795,1995-10-04,9,1.1794309596682293,True,16.55658580117267,0.33114332847357186
BKR101_P001,101,P001,1996,5,318,1996-05-09,130,218,133,488,0,0,234236,5,wheat/winter wheat,4.6,5.3,6.1,0.3,2.341,95,5.3,0,0,0.5,0,4403.4,4.6361,1995-10-04,9,1.1794309596682293,True,16.55658580117267,0.33114332847357186
BKR101_P001,101,P001,1996,5,318,1996-05-10,131,219,133,488,0,0,234236,5,wheat/winter wheat,4.1,5.3,6.2,3.6,4.515,98,2,0,0,0.7,0,4510.2,4.6918,1995-10-04,9,1.1794309596682293,True,16.55658580117267,0.33114332847357186
BKR101_P001,101,P001,1996,5,318,1996-05-11,132,220,133,488,0,0,234236,5,wheat/winter wheat,5.5,8.8,12.5,0,11.225,89,0.9,0,0,1.6,0,4649.5,4.7466,1995-10-04,9,1.1794309596682293,True,16.55658580117267,0.33114332847357186
BKR101_P001,101,P001,1996,5,318,1996-05-12,133,221,133,488,0,0,234236,5,wheat/winter wheat,6.7,8.8,10.2,0,5.852,97,2.6,0,0,0.9,0,4760.7,4.8174,1995-10-04,9,1.1794309596682293,True,16.55658580117267,0.33114332847357186
BKR101_P001,101,P001,1996,5,318,1996-05-13,134,222,133,488,0,0,234236,5,wheat/winter wheat,8.2,13.4,19.2,0,17.335,88,2.5,0,0,2.6,0,4943.8,4.8736,1995-10-04,9,1.1794309596682293,True,16.55658580117267,0.33114332847357186
BKR101_P001,101,P001,1996,5,318,1996-05-14,135,223,133,488,0,0,234236,5,wheat/winter wheat,10.3,13.2,18.1,0,20.575,89,3.8,0,0,2.9,0,5150.1,4.9653,1995-10-04,9,1.1794309596682293,True,16.55658580117267,0.33114332847357186
BKR101_P001,101,P001,1996,5,318,1996-05-15,136,224,133,488,0,0,234236,5,wheat/winter wheat,9.7,11.8,15.6,0.1,13.781,77,3,0,0,2.6,0,5317.7,5.0679,1995-10-04,9,1.1794309596682293,True,16.55658580117267,0.33114332847357186
BKR101_P001,101,P001,1996,5,318,1996-05-16,137,225,133,488,0,0,234236,5,wheat/winter wheat,7.1,9.3,11.4,0.4,12.032,80,1.5,0,0,1.9,0,5474.4,5.1508,1995-10-04,9,1.1794309596682293,True,16.55658580117267,0.33114332847357186
BKR101_P001,101,P001,1996,5,318,1996-05-17,138,226,133,488,0,0,234236,5,wheat/winter wheat,8.1,12.1,17.2,0.9,9.724,94,1.8,0,0,1.6,0,5609.7,5.2277,1995-10-04,9,1.1794309596682293,True,16.55658580117267,0.33114332847357186
BKR101_P001,101,P001,1996,5,318,1996-05-18,139,227,133,488,0,0,234236,5,wheat/winter wheat,10.5,16.6,22.1,4.8,21.699,76,2.2,0,0,3.9,0,5838,5.2936,1995-10-04,9,1.1794309596682293,True,16.55658580117267,0.33114332847357186
BKR101_P001,101,P001,1996,5,318,1996-05-19,140,228,133,488,0,0,234236,5,wheat/winter wheat,10.4,16.7,23.1,0.2,21.378,83,1.6,0,0,3.6,0,6059.3,5.4036,1995-10-04,9,1.1794309596682293,True,16.55658580117267,0.33114332847357186
BKR101_P001,101,P001,1996,5,318,1996-05-20,141,229,133,488,0,0,234236,5,wheat/winter wheat,7.6,11.2,15.7,18.6,7.498,88,3.5,0,0,1.5,0,6179.3,5.5094,1995-10-04,9,1.1794309596682293,True,16.55658580117267,0.33114332847357186
BKR101_P001,101,P001,1996,5,318,1996-05-21,142,230,133,488,0,0,234236,5,wheat/winter wheat,5.6,11.8,17.1,0,25.349,67,4.3,0,0,4.3,0,6435.5,5.5663,1995-10-04,9,1.1794309596682293,True,16.55658580117267,0.33114332847357186
BKR101_P001,101,P001,1996,5,318,1996-05-22,143,231,133,488,0,0,234236,5,wheat/winter wheat,8.1,11.9,15.1,0.5,14.548,73,2.3,0,0,2.6,0,6611.7,5.687,1995-10-04,9,1.1794309596682293,True,16.55658580117267,0.33114332847357186
BKR101_P001,101,P001,1996,5,318,1996-05-23,144,232,133,488,0,0,234236,5,wheat/winter wheat,5.7,10.9,13.6,1.1,12.49,89,3.2,0,0,1.9,0,6774.7,5.7695,1995-10-04,9,1.1794309596682293,True,16.55658580117267,0.33114332847357186
BKR101_P001,101,P001,1996,5,318,1996-05-24,145,233,133,488,0,0,234236,5,wheat/winter wheat,10.5,14.9,19.6,1.7,18.011,84,3.9,0,0,3.1,0,6972.9,5.8451,1995-10-04,9,1.1794309596682293,True,16.55658580117267,0.33114332847357186
BKR101_P001,101,P001,1996,5,318,1996-05-25,146,234,133,488,0,0,234236,5,wheat/winter wheat,11.8,14.9,19.2,8.3,15.051,89,3.5,0,0,2.6,0,7145.5,5.9362,1995-10-04,9,1.1794309596682293,True,16.55658580117267,0.33114332847357186
BKR101_P001,101,P001,1996,5,318,1996-05-26,147,235,133,488,0,0,234236,5,wheat/winter wheat,8.3,12,15.7,5.4,20.084,80,4.4,0,0,3.2,0,7362.5,6.0148,1995-10-04,9,1.1794309596682293,True,16.55658580117267,0.33114332847357186
BKR101_P001,101,P001,1996,5,318,1996-05-27,148,236,133,488,0,0,234236,5,wheat/winter wheat,9.2,12.7,16.7,5.2,14.711,89,3.5,0,0,2.3,0,7536,6.1129,1995-10-04,9,1.1794309596682293,True,16.55658580117267,0.33114332847357186
BKR101_P001,101,P001,1996,5,318,1996-05-28,149,237,133,488,0,0,234236,5,wheat/winter wheat,5.8,8.1,11.3,3.3,9.803,87,5.6,0,0,1.6,0,7673.9,6.1909,1995-10-04,9,1.1794309596682293,True,16.55658580117267,0.33114332847357186
BKR101_P001,101,P001,1996,5,318,1996-05-29,150,238,133,488,0,0,234236,5,wheat/winter wheat,3.5,11.8,18.1,0,25.9,64,3.8,0,0,4.5,0,7932.5,6.2524,1995-10-04,9,1.1794309596682293,True,16.55658580117267,0.33114332847357186
BKR101_P001,101,P001,1996,5,318,1996-05-30,151,239,133,488,0,0,234236,5,wheat/winter wheat,13.6,18,22.1,0,14.866,78,1.8,0,0,3,0,8094,6.3665,1995-10-04,9,1.1794309596682293,True,16.55658580117267,0.33114332847357186
BKR101_P001,101,P001,1996,5,318,1996-05-31,152,240,133,488,0,0,234236,5,wheat/winter wheat,12.6,21.1,28.7,0,28.465,66,2.3,0,0,5.9,0,8342.7,6.4368,1995-10-04,9,1.1794309596682293,True,16.55658580117267,0.33114332847357186
BKR101_P001,101,P001,1996,5,318,1996-06-01,153,241,133,488,0,0,234236,5,wheat/winter wheat,11.2,15.9,21.5,0.3,21.989,82,2.8,0,0,3.8,0,8565.7,6.5439,1995-10-04,9,1.1794309596682293,True,16.55658580117267,0.33114332847357186
BKR101_P001,101,P001,1996,5,318,1996-06-02,154,242,133,488,0,0,234236,5,wheat/winter wheat,9.9,12.4,16.9,2.5,10.132,86,2.6,0,0,1.9,0,8697.8,6.6389,1995-10-04,9,1.1794309596682293,True,16.55658580117267,0.33114332847357186
BKR101_P001,101,P001,1996,5,318,1996-06-03,155,243,133,488,0,0,234236,5,wheat/winter wheat,10.7,12,14,3.9,7.394,92,2.2,0,0,1.4,0,8815,6.6948,1995-10-04,9,1.1794309596682293,True,16.55658580117267,0.33114332847357186
BKR101_P001,101,P001,1996,5,318,1996-06-04,156,244,133,488,0,0,234236,5,wheat/winter wheat,10.4,15.5,20.6,0,27.979,69,1.5,0,0,4.6,0,9092.7,6.7438,1995-10-04,9,1.1794309596682293,True,16.55658580117267,0.33114332847357186
BKR101_P001,101,P001,1996,5,318,1996-06-05,157,245,133,488,0,0,234236,5,wheat/winter wheat,11.4,17.6,23,0,25.865,69,1.1,0,0,4.5,0,9346.3,6.8586,1995-10-04,9,1.1794309596682293,True,16.55658580117267,0.33114332847357186
BKR101_P001,101,P001,1996,5,318,1996-06-06,158,246,133,488,0,0,234236,5,wheat/winter wheat,11.6,19.9,27.4,0,30.08,65,2.1,0,0,5.9,0,9614.2,6.9621,1995-10-04,9,1.1794309596682293,True,16.55658580117267,0.33114332847357186
BKR101_P001,101,P001,1996,5,318,1996-06-07,159,247,133,488,0,0,234236,5,wheat/winter wheat,13.4,22.2,29.1,0,28.922,66,1.3,0,0,5.6,0,9857.3,7.0697,1995-10-04,9,1.1794309596682293,True,16.55658580117267,0.33114332847357186
BKR101_P001,101,P001,1996,5,318,1996-06-08,160,248,133,488,0,0,234236,5,wheat/winter wheat,16.5,23.9,32,1.3,26.542,70,1.9,0,0,5.8,20,10053.9,7.1663,1995-10-04,9,1.1794309596682293,True,16.55658580117267,0.33114332847357186
BKR101_P001,101,P001,1996,5,318,1996-06-09,161,249,133,488,0,0,234236,5,wheat/winter wheat,16.5,21.4,26.9,0.2,20.415,79,1.3,0,0,4.1,67.3,10241.1,7.2347,1995-10-04,9,1.1794309596682293,True,16.55658580117267,0.33114332847357186
BKR101_P001,101,P001,1996,5,318,1996-06-10,162,250,133,488,0,0,234236,5,wheat/winter wheat,14.6,20.5,25.8,0.1,23.912,72,2.1,0,0,4.9,159.5,10476.7,7.2861,1995-10-04,9,1.1794309596682293,True,16.55658580117267,0.33114332847357186
BKR101_P001,101,P001,1996,5,318,1996-06-11,163,251,133,488,0,0,234236,5,wheat/winter wheat,14.1,21.7,28.4,0,26.692,70,1.2,0,0,5.2,292.9,10727.7,7.3353,1995-10-04,9,1.1794309596682293,True,16.55658580117267,0.33114332847357186
BKR101_P001,101,P001,1996,5,318,1996-06-12,164,252,133,488,0,0,234236,5,wheat/winter wheat,13.1,20.9,26.1,0.1,21.316,69,3.5,0,0,5,438.7,10948.5,7.3706,1995-10-04,9,1.1794309596682293,True,16.55658580117267,0.33114332847357186
BKR101_P001,101,P001,1996,5,318,1996-06-13,165,253,133,488,0,0,234236,5,wheat/winter wheat,8.9,13,16.7,1.4,22.868,65,4.4,0,0,4.5,636.7,11217.5,7.388,1995-10-04,9,1.1794309596682293,True,16.55658580117267,0.33114332847357186
BKR101_P001,101,P001,1996,5,318,1996-06-14,166,254,133,488,0,0,234236,5,wheat/winter wheat,9.5,12.7,16.9,0,20.599,68,3.7,0,16.557,4,834.8,11462.7,7.3995,1995-10-04,9,1.1794309596682293,True,16.55658580117267,0.33114332847357186
BKR101_P001,101,P001,1996,5,318,1996-06-15,167,255,133,488,0,0,234236,5,wheat/winter wheat,7.1,14.3,19.8,0,28.402,62,2.6,0,0,5,1103.2,11786.9,7.4015,1995-10-04,9,1.1794309596682293,True,16.55658580117267,0.33114332847357186
BKR101_P001,101,P001,1996,5,318,1996-06-16,168,256,133,488,0,0,234236,5,wheat/winter wheat,9.5,14.1,18,0,25.383,78,2.4,0,0,4.1,1348.9,12082.8,7.3933,1995-10-04,9,1.1794309596682293,True,16.55658580117267,0.33114332847357186
BKR101_P001,101,P001,1996,5,318,1996-06-17,169,257,133,488,0,0,234236,5,wheat/winter wheat,7.1,15.2,22.7,0,23.484,68,1.9,0,0,4.3,1567.3,12344.6,7.3809,1995-10-04,9,1.1794309596682293,True,16.55658580117267,0.33114332847357186
BKR101_P001,101,P001,1996,5,318,1996-06-18,170,258,133,488,0,0,234236,5,wheat/winter wheat,11.7,15.6,18.4,0.3,19.684,64,3.9,0,0,4.4,1767,12582.9,7.3633,1995-10-04,9,1.1794309596682293,True,16.55658580117267,0.33114332847357186
BKR101_P001,101,P001,1996,5,318,1996-06-19,171,259,133,488,0,0,234236,5,wheat/winter wheat,9.3,11.7,13.8,0.5,10.076,82,4.8,0,0,2.2,1895.7,12734.9,7.3403,1995-10-04,9,1.1794309596682293,True,16.55658580117267,0.33114332847357186
BKR101_P001,101,P001,1996,5,318,1996-06-20,172,260,133,488,0,0,234236,5,wheat/winter wheat,8.4,11.4,14.4,0,15.757,73,3.6,0,0,3,2065.8,12936.7,7.3152,1995-10-04,9,1.1794309596682293,True,16.55658580117267,0.33114332847357186
BKR101_P001,101,P001,1996,5,318,1996-06-21,173,261,133,488,0,0,234236,5,wheat/winter wheat,6.7,11.2,16.5,1.1,15.022,77,3.1,0,16.557,2.7,2224.5,13124.4,7.2882,1995-10-04,9,1.1794309596682293,True,16.55658580117267,0.33114332847357186
BKR101_P001,101,P001,1996,5,318,1996-06-22,174,262,133,488,0,0,234236,5,wheat/winter wheat,7.1,11.8,15.5,0,14.182,75,2.2,0,0,2.6,2382.4,13310.8,7.2595,1995-10-04,9,1.1794309596682293,True,16.55658580117267,0.33114332847357186
BKR101_P001,101,P001,1996,5,318,1996-06-23,175,263,133,488,0,0,234236,5,wheat/winter wheat,10.3,12.1,14.4,0,8.993,82,2.5,0,0,1.9,2499.8,13447.8,7.2286,1995-10-04,9,1.1794309596682293,True,16.55658580117267,0.33114332847357186
BKR101_P001,101,P001,1996,5,318,1996-06-24,176,264,133,488,0,0,234236,5,wheat/winter wheat,9.8,12,14.2,0,10.783,79,2.3,0,0,2.2,2632.3,13602.7,7.1953,1995-10-04,9,1.1794309596682293,True,16.55658580117267,0.33114332847357186
BKR101_P001,101,P001,1996,5,318,1996-06-25,177,265,133,488,0,0,234236,5,wheat/winter wheat,10.4,13.9,17.1,0,10.474,82,1.2,0,0,2,2756.2,13746.6,7.1597,1995-10-04,9,1.1794309596682293,True,16.55658580117267,0.33114332847357186
BKR101_P001,101,P001,1996,5,318,1996-06-26,178,266,133,488,0,0,234236,5,wheat/winter wheat,9.5,14.5,19.6,0,19.873,77,1.8,0,0,3.4,2950.9,13975.4,7.1203,1995-10-04,9,1.1794309596682293,True,16.55658580117267,0.33114332847357186
BKR101_P001,101,P001,1996,5,318,1996-06-27,179,267,133,488,0,0,234236,5,wheat/winter wheat,7,14.5,20.3,0,15.495,76,2.5,0,0,3,3111.5,14162.2,7.0768,1995-10-04,9,1.1794309596682293,True,16.55658580117267,0.33114332847357186
BKR101_P001,101,P001,1996,5,318,1996-06-28,180,268,133,488,0,0,234236,5,wheat/winter wheat,7.6,13.4,19.4,0,17.852,72,2.5,0,0,3.4,3289.3,14369.4,7.0291,1995-10-04,9,1.1794309596682293,True,16.55658580117267,0.33114332847357186
BKR101_P001,101,P001,1996,5,318,1996-06-29,181,269,133,488,0,0,234236,5,wheat/winter wheat,10.2,14.3,21.8,28.3,10.331,90,2.4,0,0,2,3394.2,14487.8,6.9782,1995-10-04,9,1.1794309596682293,True,16.55658580117267,0.33114332847357186
BKR101_P001,101,P001,1996,5,318,1996-06-30,182,270,133,488,0,0,234236,5,wheat/winter wheat,10.4,12.5,15.5,1.7,10.64,89,4.5,0,0,1.9,3522,14633.4,6.9235,1995-10-04,9,1.1794309596682293,True,16.55658580117267,0.33114332847357186
BKR101_P001,101,P001,1996,5,318,1996-07-01,183,271,133,488,0,0,234236,5,wheat/winter wheat,11,14.1,17.6,2.6,16.325,86,3.6,0,0,2.8,3691.8,14829.3,6.8664,1995-10-04,9,1.1794309596682293,True,16.55658580117267,0.33114332847357186
BKR101_P001,101,P001,1996,5,318,1996-07-02,184,272,133,488,0,0,234236,5,wheat/winter wheat,9.7,13,17.4,1.7,18.236,81,3.9,0,0,3.2,3875.5,15041.5,6.8059,1995-10-04,9,1.1794309596682293,True,16.55658580117267,0.33114332847357186
BKR101_P001,101,P001,1996,5,318,1996-07-03,185,273,133,488,0,0,234236,5,wheat/winter wheat,9.1,14.7,19.8,0,20.467,73,2.7,0,0,3.8,4076.3,15273.5,6.7427,1995-10-04,9,1.1794309596682293,True,16.55658580117267,0.33114332847357186
BKR101_P001,101,P001,1996,5,318,1996-07-04,186,274,133,488,0,0,234236,5,wheat/winter wheat,13.6,17.7,22.1,0.3,15.12,78,4.1,0,0,3.5,4220.2,15436.1,6.6758,1995-10-04,9,1.1794309596682293,True,16.55658580117267,0.33114332847357186
BKR101_P001,101,P001,1996,5,318,1996-07-05,187,275,133,488,0,0,234236,5,wheat/winter wheat,13.7,18.6,24.1,33.5,20.707,80,2.7,0,0,4.1,4404.3,15645.9,6.6029,1995-10-04,9,1.1794309596682293,True,16.55658580117267,0.33114332847357186
BKR101_P001,101,P001,1996,5,318,1996-07-06,188,276,133,488,0,0,234236,5,wheat/winter wheat,10.6,14.1,17.5,4.4,9.205,94,3.2,0,0,1.6,4516.9,15769.2,6.5236,1995-10-04,9,1.1794309596682293,True,16.55658580117267,0.33114332847357186
BKR101_P001,101,P001,1996,5,318,1996-07-07,189,277,133,488,0,0,234236,5,wheat/winter wheat,9.7,14,18.6,0.1,19.395,78,1.9,0,0,3.3,4710.7,15989.8,6.4414,1995-10-04,9,1.1794309596682293,True,16.55658580117267,0.33114332847357186
BKR101_P001,101,P001,1996,5,318,1996-07-08,190,278,133,488,0,0,234236,5,wheat/winter wheat,11,12,13,15.5,3.157,97,3.2,0,0,0.8,4809.2,16095.4,6.3565,1995-10-04,9,1.1794309596682293,True,16.55658580117267,0.33114332847357186
BKR101_P001,101,P001,1996,5,318,1996-07-09,191,279,133,488,0,0,234236,5,wheat/winter wheat,11.3,12.1,14,5.8,7.888,88,6.4,0,0,1.7,4918,16213.4,6.2704,1995-10-04,9,1.1794309596682293,True,16.55658580117267,0.33114332847357186
BKR101_P001,101,P001,1996,5,318,1996-07-10,192,280,133,488,0,0,234236,5,wheat/winter wheat,9.1,14.7,20,0,22.508,69,5.2,0,0,4.7,5135.9,16461.9,6.1832,1995-10-04,9,1.1794309596682293,True,16.55658580117267,0.33114332847357186
BKR101_P001,101,P001,1996,5,318,1996-07-11,193,281,133,488,0,0,234236,5,wheat/winter wheat,9.9,13.8,15.8,1.7,6.272,98,3.1,0,0,1.1,5230.4,16561.8,6.0932,1995-10-04,9,1.1794309596682293,True,16.55658580117267,0.33114332847357186
BKR101_P001,101,P001,1996,5,318,1996-07-12,194,282,133,488,0,0,234236,5,wheat/winter wheat,13.9,16.5,19.2,0.3,12.196,83,2.7,0,0,2.5,5359.6,16702.7,6.001,1995-10-04,9,1.1794309596682293,True,16.55658580117267,0.33114332847357186
BKR101_P001,101,P001,1996,5,318,1996-07-13,195,283,133,488,0,0,234236,5,wheat/winter wheat,14.8,18.1,21.7,0.2,19.022,82,2.6,0,0,3.6,5538.8,16903,5.9049,1995-10-04,9,1.1794309596682293,True,16.55658580117267,0.33114332847357186
BKR101_P001,101,P001,1996,5,318,1996-07-14,196,284,133,488,0,0,234236,5,wheat/winter wheat,15.8,19.6,23.2,0,18.473,81,3.3,0,0,3.8,5706.1,17087.9,5.8041,1995-10-04,9,1.1794309596682293,True,16.55658580117267,0.33114332847357186
BKR101_P001,101,P001,1996,5,318,1996-07-15,197,285,133,488,0,0,234236,5,wheat/winter wheat,12.6,15.2,17.8,0,21.914,71,3.5,0,0,4.2,5925.4,17334.8,5.6979,1995-10-04,9,1.1794309596682293,True,16.55658580117267,0.33114332847357186
BKR101_P001,101,P001,1996,5,318,1996-07-16,198,286,133,488,0,0,234236,5,wheat/winter wheat,10.7,14.1,19.1,0,22.669,70,3.8,0,0,4.3,6142.9,17579.3,5.5894,1995-10-04,9,1.1794309596682293,True,16.55658580117267,0.33114332847357186
BKR101_P001,101,P001,1996,5,318,1996-07-17,199,287,133,488,0,0,234236,5,wheat/winter wheat,8.1,14.5,19.8,0,26.44,69,3.7,0,0,4.7,6396.8,17867.2,5.4794,1995-10-04,9,1.1794309596682293,True,16.55658580117267,0.33114332847357186
BKR101_P001,101,P001,1996,5,318,1996-07-18,200,288,133,488,0,0,234236,5,wheat/winter wheat,9.9,12.1,16.4,14.8,12.504,88,2.9,0,0,2.1,6534.8,18016,5.368,1995-10-04,9,1.1794309596682293,True,16.55658580117267,0.33114332847357186
BKR101_P001,101,P001,1996,5,318,1996-07-19,201,289,133,488,0,0,234236,5,wheat/winter wheat,7,12.5,17.6,0.1,24.091,74,1.9,0,0,3.7,6767.6,18278.5,5.2568,1995-10-04,9,1.1794309596682293,True,16.55658580117267,0.33114332847357186
BKR101_P001,101,P001,1996,5,318,1996-07-20,202,290,133,488,0,0,234236,5,wheat/winter wheat,5.8,13.4,19.1,0,26.296,70,0.9,0,0,3.9,7020.3,18564.6,5.1455,1995-10-04,9,1.1794309596682293,True,16.55658580117267,0.33114332847357186
BKR101_P001,101,P001,1996,5,318,1996-07-21,203,291,133,488,0,0,234236,5,wheat/winter wheat,6.6,14.9,21,0,22.054,68,0.7,0,0,3.5,7235.3,18805.3,5.0337,1995-10-04,9,1.1794309596682293,True,16.55658580117267,0.33114332847357186
BKR101_P001,101,P001,1996,5,318,1996-07-22,204,292,133,488,0,0,234236,5,wheat/winter wheat,8.3,16.3,22.9,0,25.847,69,1.1,0,0,4.2,7459.3,19056.4,4.9206,1995-10-04,9,1.1794309596682293,True,16.55658580117267,0.33114332847357186
BKR101_P001,101,P001,1996,5,318,1996-07-23,205,293,133,488,0,0,234236,5,wheat/winter wheat,9.9,18.6,25.4,0,25.556,63,3,0,0,5.4,7671,19292.2,4.8057,1995-10-04,9,1.1794309596682293,True,16.55658580117267,0.33114332847357186
BKR101_P001,101,P001,1996,5,318,1996-07-24,206,294,133,488,0,0,234236,5,wheat/winter wheat,13.5,16.7,19.3,19.9,9.894,93,2,0,0,1.8,7769.7,19392.4,4.6878,1995-10-04,9,1.1794309596682293,True,16.55658580117267,0.33114332847357186
BKR101_P001,101,P001,1996,5,318,1996-07-25,207,295,133,488,0,0,234236,5,wheat/winter wheat,14,15.8,18.1,1.9,11.104,95,2.4,0,0,1.8,7879.5,19505.7,4.5683,1995-10-04,9,1.1794309596682293,True,16.55658580117267,0.33114332847357186
BKR101_P001,101,P001,1996,5,318,1996-07-26,208,296,133,488,0,0,234236,5,wheat/winter wheat,11.3,14.5,15.8,0,7.713,94,2.8,0,0,1.4,7973.5,19600.1,4.4479,1995-10-04,9,1.1794309596682293,True,16.55658580117267,0.33114332847357186
BKR101_P001,101,P001,1996,5,318,1996-07-27,209,297,133,488,0,0,234236,5,wheat/winter wheat,10.7,17.8,23.5,0.1,26.087,72,1.6,0,0,4.5,8189.6,19840.2,4.3274,1995-10-04,9,1.1794309596682293,True,16.55658580117267,0.33114332847357186
BKR101_P001,101,P001,1996,5,318,1996-07-28,210,298,133,488,0,0,234236,5,wheat/winter wheat,13,17.1,20.3,0,13.135,84,1,0,0,2.4,8308.1,19963.3,4.2054,1995-10-04,9,1.1794309596682293,True,16.55658580117267,0.33114332847357186
BKR101_P001,101,P001,1996,5,318,1996-07-29,211,299,133,488,0,0,234236,5,wheat/winter wheat,12.9,17.1,21.6,0,20.915,80,1.9,0,0,3.6,8480.7,20150.9,4.0824,1995-10-04,9,1.1794309596682293,True,16.55658580117267,0.33114332847357186
BKR101_P001,101,P001,1996,5,318,1996-07-30,212,300,133,488,0,0,234236,5,wheat/winter wheat,14.7,16.9,21.1,6.2,13.091,93,1.6,0,0,2.2,8587.6,20259.9,3.9586,1995-10-04,9,1.1794309596682293,True,16.55658580117267,0.33114332847357186
BKR101_P001,101,P001,1996,5,318,1996-07-31,213,301,133,488,0,0,234236,5,wheat/winter wheat,11.8,17,21.4,0,14.02,87,1.6,0,0,2.5,8706,20382.6,3.8344,1995-10-04,9,1.1794309596682293,True,16.55658580117267,0.33114332847357186
BKR101_P001,101,P001,1996,5,318,1996-08-01,214,302,133,488,0,0,234236,5,wheat/winter wheat,13.8,19.8,25.1,0.3,19.361,77,1.3,0,0,3.6,8847,20531.9,3.7099,1995-10-04,9,1.1794309596682293,True,16.55658580117267,0.33114332847357186
BKR101_P001,101,P001,1996,5,318,1996-08-02,215,303,133,488,0,0,234236,5,wheat/winter wheat,15.3,18.2,22.1,2.7,21.911,76,2.1,0,0,4,9012.8,20710.6,3.5842,1995-10-04,9,1.1794309596682293,True,16.55658580117267,0.33114332847357186
BKR101_P001,101,P001,1996,5,318,1996-08-03,216,304,133,488,0,0,234236,5,wheat/winter wheat,9.8,15.6,19.1,0,20.921,73,1.8,0,0,3.5,9185.7,20897.9,3.4582,1995-10-04,9,1.1794309596682293,True,16.55658580117267,0.33114332847357186
BKR101_P001,101,P001,1996,5,318,1996-08-04,217,305,133,488,0,0,234236,5,wheat/winter wheat,7.5,14.5,20,0,19.68,75,1.2,0,0,3.1,9342.1,21065.6,3.3333,1995-10-04,9,1.1794309596682293,True,16.55658580117267,0.33114332847357186
BKR101_P001,101,P001,1996,5,318,1996-08-05,218,306,133,488,0,0,234236,5,wheat/winter wheat,8.9,15.4,21.6,0.8,24.347,78,1.8,0,0,3.8,9521.1,21260.4,3.21,1995-10-04,9,1.1794309596682293,True,16.55658580117267,0.33114332847357186
BKR101_P001,101,P001,1996,5,318,1996-08-06,219,307,133,488,0,0,234236,5,wheat/winter wheat,12.4,16.5,21.6,0,20.329,78,1.8,0,0,3.5,9664.8,21413.4,3.0881,1995-10-04,9,1.1794309596682293,True,16.55658580117267,0.33114332847357186
BKR101_P001,101,P001,1996,5,318,1996-08-07,220,308,133,488,0,0,234236,5,wheat/winter wheat,11,17.5,23.4,0,21.769,73,2.3,0,0,4,9813.2,21572,2.9673,1995-10-04,9,1.1794309596682293,True,16.55658580117267,0.33114332847357186
BKR101_P001,101,P001,1996,5,318,1996-08-08,221,309,133,488,0,0,234236,5,wheat/winter wheat,12.3,17.9,23.1,0,14.364,81,1.1,0,0,2.6,9906.1,21664.6,2.8474,1995-10-04,9,1.1794309596682293,True,16.55658580117267,0.33114332847357186
BKR101_P001,101,P001,1996,5,318,1996-08-09,222,310,133,488,0,0,234236,5,wheat/winter wheat,14.2,19.5,25.1,0,23.211,61,2.9,0,0,5.1,10044.4,21811.3,2.7284,1995-10-04,9,1.1794309596682293,True,16.55658580117267,0.33114332847357186
BKR101_P001,101,P001,1996,5,318,1996-08-10,223,311,133,488,0,0,234236,5,wheat/winter wheat,11.2,18.4,24.7,0,24.011,63,3.9,0,0,5.3,10190.1,21966.7,2.6099,1995-10-04,9,1.1794309596682293,True,16.55658580117267,0.33114332847357186
BKR101_P001,101,P001,1996,5,318,1996-08-11,224,312,133,488,0,0,234236,5,wheat/winter wheat,13.1,20.3,27,0,19.165,68,3.7,0,0,4.7,10287,22064.3,2.4926,1995-10-04,9,1.1794309596682293,True,16.55658580117267,0.33114332847357186
BKR101_P001,101,P001,1996,5,318,1996-08-12,225,313,133,488,0,0,234236,5,wheat/winter wheat,16.9,18.9,21.6,0,8.281,83,2.5,0,0,2.1,10323,22089.9,2.3761,1995-10-04,9,1.1794309596682293,True,16.55658580117267,0.33114332847357186
BKR101_P001,101,P001,1996,5,318,1996-08-13,226,314,133,488,0,0,234236,5,wheat/winter wheat,14.9,16.5,19.6,10.3,8.744,94,1.1,0,0,1.6,10368.3,22126.9,2.2609,1995-10-04,9,1.1794309596682293,True,16.55658580117267,0.33114332847357186
BKR101_P001,101,P001,1996,5,318,1996-08-14,227,315,133,488,0,0,234236,5,wheat/winter wheat,12.3,16.5,21.5,0,19.267,83,1.5,0,0,3.1,10468.7,22229.5,2.1481,1995-10-04,9,1.1794309596682293,True,16.55658580117267,0.33114332847357186
BKR101_P001,101,P001,1996,5,318,1996-08-15,228,316,133,488,0,0,234236,5,wheat/winter wheat,12.5,15.3,18.1,1.8,6.41,96,3,0,0,1.1,10502.7,22253.9,2.0377,1995-10-04,9,1.1794309596682293,True,16.55658580117267,0.33114332847357186
BKR101_P001,101,P001,1996,5,318,1996-08-16,229,317,133,488,0,0,234236,5,wheat/winter wheat,15.1,16.3,18.5,2.7,6.707,97,2.8,0,0,1.1,10502.7,22253.9,2.0377,1995-10-04,9,1.1794309596682293,True,16.55658580117267,0.33114332847357186
BKR101_P001,101,P001,1997,6,310,1996-10-04,278,0,133,488,0,0,234236,6,wheat/winter wheat,8.1,10.1,12.6,0.8,4.358,89,4.2,0,0,0.9,0,53,0.0972,1996-10-04,9,1.1794309596682293,True,16.55658580117267,0.33114332847357186
BKR101_P001,101,P001,1997,6,310,1996-10-05,279,1,133,488,0,0,234236,6,wheat/winter wheat,4.6,8.6,12.5,0.1,8.995,95,1.3,0,0,0.7,0,53,0.0972,1996-10-04,9,1.1794309596682293,True,16.55658580117267,0.33114332847357186
BKR101_P001,101,P001,1997,6,310,1996-10-06,280,2,133,488,0,0,234236,6,wheat/winter wheat,5.2,9.9,14.3,0.1,9.457,87,0.5,0,0,0.8,0,53,0.0972,1996-10-04,9,1.1794309596682293,True,16.55658580117267,0.33114332847357186
BKR101_P001,101,P001,1997,6,310,1996-10-07,281,3,133,488,0,0,234236,6,wheat/winter wheat,3.7,9.1,14.5,7.1,10.267,87,0.2,0,0,0.8,0,53,0.0972,1996-10-04,9,1.1794309596682293,True,16.55658580117267,0.33114332847357186
BKR101_P001,101,P001,1997,6,310,1996-10-08,282,4,133,488,0,0,234236,6,wheat/winter wheat,9.2,11.7,14.6,0.1,4.91,95,0.2,0,0,0.6,0,53,0.0972,1996-10-04,9,1.1794309596682293,True,16.55658580117267,0.33114332847357186
BKR101_P001,101,P001,1997,6,310,1996-10-09,283,5,133,488,0,0,234236,6,wheat/winter wheat,9.1,11.7,15.2,0.2,5.678,94,0.2,0,0,0.7,0,53,0.0972,1996-10-04,9,1.1794309596682293,True,16.55658580117267,0.33114332847357186
BKR101_P001,101,P001,1997,6,310,1996-10-10,284,6,133,488,0,0,234236,6,wheat/winter wheat,3.2,9.5,12.6,0,6.002,89,0.7,0,0,0.6,0,53,0.0972,1996-10-04,9,1.1794309596682293,True,16.55658580117267,0.33114332847357186
BKR101_P001,101,P001,1997,6,310,1996-10-11,285,7,133,488,0,0,234236,6,wheat/winter wheat,0.7,6,12,0,10.047,87,0.6,0,0,0.6,0,53,0.0972,1996-10-04,9,1.1794309596682293,True,16.55658580117267,0.33114332847357186
BKR101_P001,101,P001,1997,6,310,1996-10-12,286,8,133,488,0,0,234236,6,wheat/winter wheat,1.6,7.7,16.2,0,9.731,86,0.6,0,0,0.7,0,53,0.0972,1996-10-04,9,1.1794309596682293,True,16.55658580117267,0.33114332847357186
BKR101_P001,101,P001,1997,6,310,1996-10-13,287,9,133,488,0,0,234236,6,wheat/winter wheat,1.2,7.9,16.7,0,9.294,92,0.1,0,0,0.6,0,53,0.0972,1996-10-04,9,1.1794309596682293,True,16.55658580117267,0.33114332847357186
BKR101_P001,101,P001,1997,6,310,1996-10-14,288,10,133,488,0,0,234236,6,wheat/winter wheat,3.3,7.3,13.4,0.1,7.101,96,0.5,0,0,0.5,0,53,0.0972,1996-10-04,9,1.1794309596682293,True,16.55658580117267,0.33114332847357186
BKR101_P001,101,P001,1997,6,310,1996-10-15,289,11,133,488,0,0,234236,6,wheat/winter wheat,3.2,8.4,16.7,0.1,7.877,94,0.6,0,0,0.5,0,53,0.0972,1996-10-04,9,1.1794309596682293,True,16.55658580117267,0.33114332847357186
BKR101_P001,101,P001,1997,6,310,1996-10-16,290,12,133,488,0,0,234236,6,wheat/winter wheat,5.8,10.7,17.6,0.1,6.636,94,0.7,0,0,0.6,0,53,0.0972,1996-10-04,9,1.1794309596682293,True,16.55658580117267,0.33114332847357186
BKR101_P001,101,P001,1997,6,310,1996-10-17,291,13,133,488,0,0,234236,6,wheat/winter wheat,10.3,11.1,12.4,3.7,1.839,99,1.9,0,0,0.3,0,54.8,0.0972,1996-10-04,9,1.1794309596682293,True,16.55658580117267,0.33114332847357186
BKR101_P001,101,P001,1997,6,310,1996-10-18,292,14,133,488,0,0,234236,6,wheat/winter wheat,8.5,9.9,11.6,0,4.013,95,1.3,0,0,0.4,0,57.4,0.1004,1996-10-04,9,1.1794309596682293,True,16.55658580117267,0.33114332847357186
BKR101_P001,101,P001,1997,6,310,1996-10-19,293,15,133,488,0,0,234236,6,wheat/winter wheat,6.4,10.1,13.8,0.8,9.545,86,2.5,0,0,0.7,0,61.3,0.105,1996-10-04,9,1.1794309596682293,True,16.55658580117267,0.33114332847357186
BKR101_P001,101,P001,1997,6,310,1996-10-20,294,16,133,488,0,0,234236,6,wheat/winter wheat,5.9,8.1,11.9,11.3,4.343,96,3.5,0,0,0.3,0,64.1,0.1119,1996-10-04,9,1.1794309596682293,True,16.55658580117267,0.33114332847357186
BKR101_P001,101,P001,1997,6,310,1996-10-21,295,17,133,488,0,0,234236,6,wheat/winter wheat,6,7.5,8.8,3.4,3.277,98,1.5,0,0,0.3,0,66.6,0.1168,1996-10-04,9,1.1794309596682293,True,16.55658580117267,0.33114332847357186
BKR101_P001,101,P001,1997,6,310,1996-10-22,296,18,133,488,0,0,234236,6,wheat/winter wheat,6,9.1,11.1,1.4,2.773,95,4,0,0,0.3,0,69.1,0.1213,1996-10-04,9,1.1794309596682293,True,16.55658580117267,0.33114332847357186
BKR101_P001,101,P001,1997,6,310,1996-10-23,297,19,133,488,0,0,234236,6,wheat/winter wheat,3.9,6.2,10.4,0,5.731,96,1.8,0,0,0.3,0,72.5,0.1257,1996-10-04,9,1.1794309596682293,True,16.55658580117267,0.33114332847357186
BKR101_P001,101,P001,1997,6,310,1996-10-24,298,20,133,488,0,0,234236,6,wheat/winter wheat,3.7,6.2,9.9,0.1,4.703,92,1.3,0,0,0.3,0,75.6,0.1317,1996-10-04,9,1.1794309596682293,True,16.55658580117267,0.33114332847357186
BKR101_P001,101,P001,1997,6,310,1996-10-25,299,21,133,488,0,0,234236,6,wheat/winter wheat,0.2,4.4,10.1,0,8.905,87,3.2,0,0,0.4,0,79.2,0.1373,1996-10-04,9,1.1794309596682293,True,16.55658580117267,0.33114332847357186
BKR101_P001,101,P001,1997,6,310,1996-10-26,300,22,133,488,0,0,234236,6,wheat/winter wheat,0.1,4.6,9.8,0.2,7.869,92,2.3,0,0,0.2,0,83,0.1436,1996-10-04,9,1.1794309596682293,True,16.55658580117267,0.33114332847357186
BKR101_P001,101,P001,1997,6,310,1996-10-27,301,23,133,488,0,0,234236,6,wheat/winter wheat,4.4,8.7,11.8,5.4,4.477,94,3.2,0,0,0.3,0,86.8,0.1503,1996-10-04,9,1.1794309596682293,True,16.55658580117267,0.33114332847357186
BKR101_P001,101,P001,1997,6,310,1996-10-28,302,24,133,488,0,0,234236,6,wheat/winter wheat,9.8,11.6,13.2,5,1.891,96,4.8,0,0,0.3,0,89.3,0.1571,1996-10-04,9,1.1794309596682293,True,16.55658580117267,0.33114332847357186
BKR101_P001,101,P001,1997,6,310,1996-10-29,303,25,133,488,0,0,234236,6,wheat/winter wheat,8.3,10.5,12,6.7,2.797,86,6.8,0,0,0.6,0,92.5,0.1615,1996-10-04,9,1.1794309596682293,True,16.55658580117267,0.33114332847357186
BKR101_P001,101,P001,1997,6,310,1996-10-30,304,26,133,488,0,0,234236,6,wheat/winter wheat,6,7.6,9.1,4.7,4.291,80,8.1,0,0,0.8,0,96.5,0.1671,1996-10-04,9,1.1794309596682293,True,16.55658580117267,0.33114332847357186
BKR101_P001,101,P001,1997,6,310,1996-10-31,305,27,133,488,0,0,234236,6,wheat/winter wheat,7.4,8.5,10.5,0.3,4.331,85,5.2,0,0,0.6,0,100.8,0.1742,1996-10-04,9,1.1794309596682293,True,16.55658580117267,0.33114332847357186
BKR101_P001,101,P001,1997,6,310,1996-11-01,306,28,133,488,0,0,234236,6,wheat/winter wheat,6.2,8.6,11.6,0,2.275,86,2.3,0,0,0.4,0,103.7,0.1818,1996-10-04,9,1.1794309596682293,True,16.55658580117267,0.33114332847357186
BKR101_P001,101,P001,1997,6,310,1996-11-02,307,29,133,488,0,0,234236,6,wheat/winter wheat,8.1,10.6,12.7,1.9,2.134,93,0,0,0,0.3,0,106.7,0.1871,1996-10-04,9,1.1794309596682293,True,16.55658580117267,0.33114332847357186
BKR101_P001,101,P001,1997,6,310,1996-11-03,308,30,133,488,0,0,234236,6,wheat/winter wheat,12.6,13.2,14.4,0.5,2.105,94,0,0,0,0.3,0,109.7,0.1924,1996-10-04,9,1.1794309596682293,True,16.55658580117267,0.33114332847357186
BKR101_P001,101,P001,1997,6,310,1996-11-04,309,31,133,488,0,0,234236,6,wheat/winter wheat,10.6,12.6,15.3,0,6.308,81,0,0,0,0.1,0,115.5,0.1977,1996-10-04,9,1.1794309596682293,True,16.55658580117267,0.33114332847357186
BKR101_P001,101,P001,1997,6,310,1996-11-05,310,32,133,488,0,0,234236,6,wheat/winter wheat,8.5,11.6,14.7,0,4.357,66,0,0,0,0.3,0,121.1,0.2079,1996-10-04,9,1.1794309596682293,True,16.55658580117267,0.33114332847357186
BKR101_P001,101,P001,1997,6,310,1996-11-06,311,33,133,488,0,0,234236,6,wheat/winter wheat,6.6,9,11.1,0.8,2.814,77,0,0,0,0.3,0,125.1,0.2177,1996-10-04,9,1.1794309596682293,True,16.55658580117267,0.33114332847357186
BKR101_P001,101,P001,1997,6,310,1996-11-07,312,34,133,488,0,0,234236,6,wheat/winter wheat,5.9,9,11.4,4.3,2.479,83,0,0,0,0.3,0,128.9,0.2248,1996-10-04,9,1.1794309596682293,True,16.55658580117267,0.33114332847357186
BKR101_P001,101,P001,1997,6,310,1996-11-08,313,35,133,488,0,0,234236,6,wheat/winter wheat,2.2,5.1,7.7,0,5.025,87,0,0,0,0,0,134,0.2314,1996-10-04,9,1.1794309596682293,True,16.55658580117267,0.33114332847357186
BKR101_P001,101,P001,1997,6,310,1996-11-09,314,36,133,488,0,0,234236,6,wheat/winter wheat,0.4,4,7.6,0.8,3.79,95,0,0,0,0.1,0,138.6,0.2404,1996-10-04,9,1.1794309596682293,True,16.55658580117267,0.33114332847357186
BKR101_P001,101,P001,1997,6,310,1996-11-10,315,37,133,488,0,0,234236,6,wheat/winter wheat,3.2,4.7,6,0.4,3.892,96,0,0,0,0,0,143.6,0.2485,1996-10-04,9,1.1794309596682293,True,16.55658580117267,0.33114332847357186
BKR101_P001,101,P001,1997,6,310,1996-11-11,316,38,133,488,0,0,234236,6,wheat/winter wheat,3.8,5.9,9.4,9.9,4.063,95,1.2,0,0,0.1,0,149.1,0.2574,1996-10-04,9,1.1794309596682293,True,16.55658580117267,0.33114332847357186
BKR101_P001,101,P001,1997,6,310,1996-11-12,317,39,133,488,0,0,234236,6,wheat/winter wheat,3.4,4,4.4,0,0.533,99,2.3,0,0,0.1,0,151.3,0.2671,1996-10-04,9,1.1794309596682293,True,16.55658580117267,0.33114332847357186
BKR101_P001,101,P001,1997,6,310,1996-11-13,318,40,133,488,0,0,234236,6,wheat/winter wheat,4.3,6.2,10.8,0,0.56,88,2.7,0,0,0.3,0,153.3,0.2709,1996-10-04,9,1.1794309596682293,True,16.55658580117267,0.33114332847357186
BKR101_P001,101,P001,1997,6,310,1996-11-14,319,41,133,488,0,0,234236,6,wheat/winter wheat,0.6,2.8,5.4,0,3.88,90,1.5,0,0,0.1,0,158.1,0.2744,1996-10-04,9,1.1794309596682293,True,16.55658580117267,0.33114332847357186
BKR101_P001,101,P001,1997,6,310,1996-11-15,320,42,133,488,0,0,234236,6,wheat/winter wheat,-2.1,1.1,3.8,0,0.56,96,1.3,0,0,0.2,0,160.2,0.2829,1996-10-04,9,1.1794309596682293,True,16.55658580117267,0.33114332847357186
BKR101_P001,101,P001,1997,6,310,1996-11-16,321,43,133,488,0,0,234236,6,wheat/winter wheat,1.2,3.5,4.5,0,0.56,91,0.9,0,0,0.2,0,162.2,0.2865,1996-10-04,9,1.1794309596682293,True,16.55658580117267,0.33114332847357186
BKR101_P001,101,P001,1997,6,310,1996-11-17,322,44,133,488,0,0,234236,6,wheat/winter wheat,3.5,4.5,5,0,0.56,97,0.6,0,0,0.2,0,164.2,0.2901,1996-10-04,9,1.1794309596682293,True,16.55658580117267,0.33114332847357186
BKR101_P001,101,P001,1997,6,310,1996-11-18,323,45,133,488,0,0,234236,6,wheat/winter wheat,1.8,5.2,6.2,5,0.56,96,2,0,0,0.2,0,166.1,0.2935,1996-10-04,9,1.1794309596682293,True,16.55658580117267,0.33114332847357186
BKR101_P001,101,P001,1997,6,310,1996-11-19,324,46,133,488,0,0,234236,6,wheat/winter wheat,1.8,2.8,8.7,1,0.56,93,4.4,0,0,0.1,0,167.9,0.2969,1996-10-04,9,1.1794309596682293,True,16.55658580117267,0.33114332847357186
BKR101_P001,101,P001,1997,6,310,1996-11-20,325,47,133,488,0,0,234236,6,wheat/winter wheat,0.8,3.8,6.3,0,0.56,92,2.6,0,0,0.2,0,169.7,0.3,1996-10-04,9,1.1794309596682293,True,16.55658580117267,0.33114332847357186
BKR101_P001,101,P001,1997,6,310,1996-11-21,326,48,133,488,0,0,234236,6,wheat/winter wheat,2.1,4.4,5.5,0,0.4,88,4.8,0,0,0.2,0,171.5,0.3032,1996-10-04,9,1.1794309596682293,True,16.55658580117267,0.33114332847357186
BKR101_P001,101,P001,1997,6,310,1996-11-22,327,49,133,488,0,0,234236,6,wheat/winter wheat,2.7,4,5.5,0,1.27,78,4.9,0,0,0.3,0,174.3,0.3063,1996-10-04,9,1.1794309596682293,True,16.55658580117267,0.33114332847357186
BKR101_P001,101,P001,1997,6,310,1996-11-23,328,50,133,488,0,0,234236,6,wheat/winter wheat,-1,0.5,3.9,0,0.4,81,2.5,0,0,0.2,0,176,0.3111,1996-10-04,9,1.1794309596682293,True,16.55658580117267,0.33114332847357186
BKR101_P001,101,P001,1997,6,310,1996-11-24,329,51,133,488,0,0,234236,6,wheat/winter wheat,-4.4,-0.3,1.1,0,0.47,95,1.7,0,0,0,0,175.9,0.3141,1996-10-04,9,1.1794309596682293,True,16.55658580117267,0.33114332847357186
BKR101_P001,101,P001,1997,6,310,1996-11-25,330,52,133,488,0,0,234236,6,wheat/winter wheat,-2.8,-0.3,2,0,5.37,90,2.7,0,0,0,0,175.8,0.314,1996-10-04,9,1.1794309596682293,True,16.55658580117267,0.33114332847357186
BKR101_P001,101,P001,1997,6,310,1996-11-26,331,53,133,488,0,0,234236,6,wheat/winter wheat,-0.4,0.1,0.9,0,0.4,90,3.2,0,0,0.1,0,177.4,0.3139,1996-10-04,9,1.1794309596682293,True,16.55658580117267,0.33114332847357186
BKR101_P001,101,P001,1997,6,310,1996-11-27,332,54,133,488,0,0,234236,6,wheat/winter wheat,-1.9,-1.1,0.6,1,0.4,96,2.6,0,0,0,0,177.3,0.3167,1996-10-04,9,1.1794309596682293,True,16.55658580117267,0.33114332847357186
BKR101_P001,101,P001,1997,6,310,1996-11-28,333,55,133,488,0,0,234236,6,wheat/winter wheat,-2.2,0.4,1.7,3,0.4,97,1.9,0,0,0.1,0,178.9,0.3166,1996-10-04,9,1.1794309596682293,True,16.55658580117267,0.33114332847357186
BKR101_P001,101,P001,1997,6,310,1996-11-29,334,56,133,488,0,0,234236,6,wheat/winter wheat,-2.3,-0.2,1.4,1,1.63,90,3.4,0,0,0,0,178.8,0.3193,1996-10-04,9,1.1794309596682293,True,16.55658580117267,0.33114332847357186
BKR101_P001,101,P001,1997,6,310,1996-11-30,335,57,133,488,0,0,234236,6,wheat/winter wheat,-0.1,1,1.7,7,0.4,98,2.4,0,0,0.1,0,180.2,0.3192,1996-10-04,9,1.1794309596682293,True,16.55658580117267,0.33114332847357186
BKR101_P001,101,P001,1997,6,310,1996-12-01,336,58,133,488,0,0,234236,6,wheat/winter wheat,0.8,1.3,1.9,2,0.25,97,1.4,0,0,0.1,0,181.7,0.3217,1996-10-04,9,1.1794309596682293,True,16.55658580117267,0.33114332847357186
BKR101_P001,101,P001,1997,6,310,1996-12-02,337,59,133,488,0,0,234236,6,wheat/winter wheat,0.7,3.8,5.8,3,0.25,96,3,0,0,0.1,0,183,0.3242,1996-10-04,9,1.1794309596682293,True,16.55658580117267,0.33114332847357186
BKR101_P001,101,P001,1997,6,310,1996-12-03,338,60,133,488,0,0,234236,6,wheat/winter wheat,2.6,4.1,6.1,0,1.89,92,2.8,0,0,0.1,0,187.1,0.3266,1996-10-04,9,1.1794309596682293,True,16.55658580117267,0.33114332847357186
BKR101_P001,101,P001,1997,6,310,1996-12-04,339,61,133,488,0,0,234236,6,wheat/winter wheat,2.3,4.1,7.7,0,2.643,73,2.6,0,0,0.3,0,191.8,0.3336,1996-10-04,9,1.1794309596682293,True,16.55658580117267,0.33114332847357186
BKR101_P001,101,P001,1997,6,310,1996-12-05,340,62,133,488,0,0,234236,6,wheat/winter wheat,-2.3,-0.3,2.1,0,3.608,98,1.6,0,0,0,0,191.7,0.3416,1996-10-04,9,1.1794309596682293,True,16.55658580117267,0.33114332847357186
BKR101_P001,101,P001,1997,6,310,1996-12-06,341,63,133,488,0,0,234236,6,wheat/winter wheat,-3.6,-2.3,-0.5,0,3.163,99,1.4,0,0,0,0,191.6,0.3415,1996-10-04,9,1.1794309596682293,True,16.55658580117267,0.33114332847357186
BKR101_P001,101,P001,1997,6,310,1996-12-07,342,64,133,488,0,0,234236,6,wheat/winter wheat,-2.8,-1.8,-1.2,0,0.871,99,2.2,0,0,0,0,191.5,0.3414,1996-10-04,9,1.1794309596682293,True,16.55658580117267,0.33114332847357186
BKR101_P001,101,P001,1997,6,310,1996-12-08,343,65,133,488,0,0,234236,6,wheat/winter wheat,-2,-1.2,-0.6,0,0.723,99,1.9,0,0,0,0,191.4,0.3413,1996-10-04,9,1.1794309596682293,True,16.55658580117267,0.33114332847357186
BKR101_P001,101,P001,1997,6,310,1996-12-09,344,66,133,488,0,0,234236,6,wheat/winter wheat,-2.8,-1.9,-1.1,0,0.718,99,3.1,0,0,0,0,191.3,0.3412,1996-10-04,9,1.1794309596682293,True,16.55658580117267,0.33114332847357186
BKR101_P001,101,P001,1997,6,310,1996-12-10,345,67,133,488,0,0,234236,6,wheat/winter wheat,-1.5,-1,-0.6,0,0.695,99,3.3,0,0,0,0,191.1,0.3411,1996-10-04,9,1.1794309596682293,True,16.55658580117267,0.33114332847357186
BKR101_P001,101,P001,1997,6,310,1996-12-11,346,68,133,488,0,0,234236,6,wheat/winter wheat,-1.9,-1.4,-0.6,0,0.802,99,2,0,0,0,0,191,0.341,1996-10-04,9,1.1794309596682293,True,16.55658580117267,0.33114332847357186
BKR101_P001,101,P001,1997,6,310,1996-12-12,347,69,133,488,0,0,234236,6,wheat/winter wheat,-1,-0.3,0.2,0,0.674,98,3.1,0,0,0,0,190.9,0.3409,1996-10-04,9,1.1794309596682293,True,16.55658580117267,0.33114332847357186
BKR101_P001,101,P001,1997,6,310,1996-12-13,348,70,133,488,0,0,234236,6,wheat/winter wheat,-0.5,0.1,0.7,0,1.106,98,2.6,0,0,0,0,193.3,0.3408,1996-10-04,9,1.1794309596682293,True,16.55658580117267,0.33114332847357186
BKR101_P001,101,P001,1997,6,310,1996-12-14,349,71,133,488,0,0,234236,6,wheat/winter wheat,-5.4,-2.2,-0.4,0,4.291,83,2.4,0,0,0,0,193.3,0.345,1996-10-04,9,1.1794309596682293,True,16.55658580117267,0.33114332847357186
BKR101_P001,101,P001,1997,6,310,1996-12-15,350,72,133,488,0,0,234236,6,wheat/winter wheat,-2,0.9,4.7,1.5,1.093,83,6.8,0,0,0.2,0,195.7,0.3449,1996-10-04,9,1.1794309596682293,True,16.55658580117267,0.33114332847357186
BKR101_P001,101,P001,1997,6,310,1996-12-16,351,73,133,488,0,0,234236,6,wheat/winter wheat,-5.1,-2.4,-0.7,0,2.042,88,1.8,0,0,0,0,195.6,0.3491,1996-10-04,9,1.1794309596682293,True,16.55658580117267,0.33114332847357186
BKR101_P001,101,P001,1997,6,310,1996-12-17,352,74,133,488,0,0,234236,6,wheat/winter wheat,-1.6,-0.1,1.3,0,1.793,99,1.2,0,0,0,0,195.5,0.349,1996-10-04,9,1.1794309596682293,True,16.55658580117267,0.33114332847357186
BKR101_P001,101,P001,1997,6,310,1996-12-18,353,75,133,488,0,0,234236,6,wheat/winter wheat,0.1,0.9,2,0,0.897,99,1.8,0,0,0.1,0,197.6,0.3489,1996-10-04,9,1.1794309596682293,True,16.55658580117267,0.33114332847357186
BKR101_P001,101,P001,1997,6,310,1996-12-19,354,76,133,488,0,0,234236,6,wheat/winter wheat,-2.7,-0.3,1.6,1.3,2.119,91,2.8,0,0,0,0,197.5,0.3526,1996-10-04,9,1.1794309596682293,True,16.55658580117267,0.33114332847357186
BKR101_P001,101,P001,1997,6,310,1996-12-20,355,77,133,488,0,0,234236,6,wheat/winter wheat,-6.9,-4,-2.6,0,2.499,78,2.6,0,0,0,0,197.4,0.3525,1996-10-04,9,1.1794309596682293,True,16.55658580117267,0.33114332847357186
BKR101_P001,101,P001,1997,6,310,1996-12-21,356,78,133,488,0,0,234236,6,wheat/winter wheat,-9.1,-7.3,-3.5,0,4.963,89,0.9,0,0,0,0,197.4,0.3524,1996-10-04,9,1.1794309596682293,True,16.55658580117267,0.33114332847357186
BKR101_P001,101,P001,1997,6,310,1996-12-22,357,79,133,488,0,0,234236,6,wheat/winter wheat,-8.8,-5.6,-3.4,0,1.304,90,2,0,0,0,0,197.3,0.3523,1996-10-04,9,1.1794309596682293,True,16.55658580117267,0.33114332847357186
BKR101_P001,101,P001,1997,6,310,1996-12-23,358,80,133,488,0,0,234236,6,wheat/winter wheat,-6.4,-5.3,-3.2,0,1.342,95,2.3,0,0,0,0,197.2,0.3523,1996-10-04,9,1.1794309596682293,True,16.55658580117267,0.33114332847357186
BKR101_P001,101,P001,1997,6,310,1996-12-24,359,81,133,488,0,0,234236,6,wheat/winter wheat,-8.7,-6.9,-5.3,0,3.287,95,1.6,0,0,0,0,197.1,0.3522,1996-10-04,9,1.1794309596682293,True,16.55658580117267,0.33114332847357186
BKR101_P001,101,P001,1997,6,310,1996-12-25,360,82,133,488,0,0,234236,6,wheat/winter wheat,-9.1,-5.4,-1.1,0,4.456,89,1.8,0,0,0,0,197.1,0.3521,1996-10-04,9,1.1794309596682293,True,16.55658580117267,0.33114332847357186
BKR101_P001,101,P001,1997,6,310,1996-12-26,361,83,133,488,0,0,234236,6,wheat/winter wheat,-9.8,-7.4,-5.4,0,2.165,96,1.3,0,0,0,0,197,0.3521,1996-10-04,9,1.1794309596682293,True,16.55658580117267,0.33114332847357186
BKR101_P001,101,P001,1997,6,310,1996-12-27,362,84,133,488,0,0,234236,6,wheat/winter wheat,-12.4,-9.6,-7.7,0,2.068,93,2.3,0,0,0,0,196.9,0.352,1996-10-04,9,1.1794309596682293,True,16.55658580117267,0.33114332847357186
BKR101_P001,101,P001,1997,6,310,1996-12-28,363,85,133,488,0,0,234236,6,wheat/winter wheat,-16.1,-14.1,-11.7,0,3.288,91,1.5,0,0,0,0,196.9,0.3519,1996-10-04,9,1.1794309596682293,True,16.55658580117267,0.33114332847357186
BKR101_P001,101,P001,1997,6,310,1996-12-29,364,86,133,488,0,0,234236,6,wheat/winter wheat,-16.4,-12.1,-9.7,1.8,1.403,89,3.6,0,0,0,0,196.8,0.3519,1996-10-04,9,1.1794309596682293,True,16.55658580117267,0.33114332847357186
BKR101_P001,101,P001,1997,6,310,1996-12-30,365,87,133,488,0,0,234236,6,wheat/winter wheat,-16.2,-13.5,-10.7,0,4.822,90,1.9,0,0,0,0,196.8,0.3519,1996-10-04,9,1.1794309596682293,True,16.55658580117267,0.33114332847357186
BKR101_P001,101,P001,1997,6,310,1996-12-31,366,88,133,488,0,0,234236,6,wheat/winter wheat,-17.7,-15.5,-13.3,0,3.424,88,2.1,0,0,0,0,196.7,0.3518,1996-10-04,9,1.1794309596682293,True,16.55658580117267,0.33114332847357186
BKR101_P001,101,P001,1997,6,310,1997-01-01,1,89,133,488,0,0,234236,6,wheat/winter wheat,-21.1,-18.4,-14.3,0,4.115,90,0.5,0,0,0,0,196.7,0.3518,1996-10-04,9,1.1794309596682293,True,16.55658580117267,0.33114332847357186
BKR101_P001,101,P001,1997,6,310,1997-01-02,2,90,133,488,0,0,234236,6,wheat/winter wheat,-21.4,-18,-13.4,0,4.082,89,0.6,0,0,0,0,196.7,0.3517,1996-10-04,9,1.1794309596682293,True,16.55658580117267,0.33114332847357186
BKR101_P001,101,P001,1997,6,310,1997-01-03,3,91,133,488,0,0,234236,6,wheat/winter wheat,-14.4,-9.6,-6.9,0,1.703,95,3.6,0,0,0,0,196.6,0.3517,1996-10-04,9,1.1794309596682293,True,16.55658580117267,0.33114332847357186
BKR101_P001,101,P001,1997,6,310,1997-01-04,4,92,133,488,0,0,234236,6,wheat/winter wheat,-12.1,-9.3,-6,0,2.952,85,3.9,0,0,0,0,196.6,0.3517,1996-10-04,9,1.1794309596682293,True,16.55658580117267,0.33114332847357186
BKR101_P001,101,P001,1997,6,310,1997-01-05,5,93,133,488,0,0,234236,6,wheat/winter wheat,-17.2,-10.7,-6.7,0,2.158,94,1.4,0,0,0,0,196.5,0.3516,1996-10-04,9,1.1794309596682293,True,16.55658580117267,0.33114332847357186
BKR101_P001,101,P001,1997,6,310,1997-01-06,6,94,133,488,0,0,234236,6,wheat/winter wheat,-7.6,-5.8,-4.3,0,1.619,99,1.4,0,0,0,0,196.4,0.3516,1996-10-04,9,1.1794309596682293,True,16.55658580117267,0.33114332847357186
BKR101_P001,101,P001,1997,6,310,1997-01-07,7,95,133,488,0,0,234236,6,wheat/winter wheat,-7.2,-6.3,-5.2,0,2.041,99,0.6,0,0,0,0,196.4,0.3515,1996-10-04,9,1.1794309596682293,True,16.55658580117267,0.33114332847357186
BKR101_P001,101,P001,1997,6,310,1997-01-08,8,96,133,488,0,0,234236,6,wheat/winter wheat,-7.7,-7.1,-6.1,0,1.414,99,1.9,0,0,0,0,196.3,0.3514,1996-10-04,9,1.1794309596682293,True,16.55658580117267,0.33114332847357186
BKR101_P001,101,P001,1997,6,310,1997-01-09,9,97,133,488,0,0,234236,6,wheat/winter wheat,-6.7,-5.7,-4.8,0,2.086,95,2,0,0,0,0,196.2,0.3513,1996-10-04,9,1.1794309596682293,True,16.55658580117267,0.33114332847357186
BKR101_P001,101,P001,1997,6,310,1997-01-10,10,98,133,488,0,0,234236,6,wheat/winter wheat,-12,-8,-6.2,0,4.385,98,1.7,0,0,0,0,196.1,0.3513,1996-10-04,9,1.1794309596682293,True,16.55658580117267,0.33114332847357186
BKR101_P001,101,P001,1997,6,310,1997-01-11,11,99,133,488,0,0,234236,6,wheat/winter wheat,-7.9,-6.7,-5.8,0,1.651,99,1.4,0,0,0,0,196.1,0.3512,1996-10-04,9,1.1794309596682293,True,16.55658580117267,0.33114332847357186
BKR101_P001,101,P001,1997,6,310,1997-01-12,12,100,133,488,0,0,234236,6,wheat/winter wheat,-8.1,-6.5,-3.8,0,2.54,99,0.9,0,0,0,0,196,0.3511,1996-10-04,9,1.1794309596682293,True,16.55658580117267,0.33114332847357186
BKR101_P001,101,P001,1997,6,310,1997-01-13,13,101,133,488,0,0,234236,6,wheat/winter wheat,-5.1,-0.7,1.4,0,1.895,95,4.5,0,0,0,0,195.9,0.3511,1996-10-04,9,1.1794309596682293,True,16.55658580117267,0.33114332847357186
BKR101_P001,101,P001,1997,6,310,1997-01-14,14,102,133,488,0,0,234236,6,wheat/winter wheat,-0.4,1.8,5.1,0,4.565,90,3.2,0,0,0,0,200.8,0.351,1996-10-04,9,1.1794309596682293,True,16.55658580117267,0.33114332847357186
BKR101_P001,101,P001,1997,6,310,1997-01-15,15,103,133,488,0,0,234236,6,wheat/winter wheat,-4.8,-1,3.6,0,4.872,89,1.9,0,0,0,0,200.7,0.3595,1996-10-04,9,1.1794309596682293,True,16.55658580117267,0.33114332847357186
BKR101_P001,101,P001,1997,6,310,1997-01-16,16,104,133,488,0,0,234236,6,wheat/winter wheat,-6,-2.8,1.8,0,5.03,92,1.5,0,0,0,0,200.6,0.3594,1996-10-04,9,1.1794309596682293,True,16.55658580117267,0.33114332847357186
BKR101_P001,101,P001,1997,6,310,1997-01-17,17,105,133,488,0,0,234236,6,wheat/winter wheat,-8.3,-5.2,-1.3,0,4.675,97,0.8,0,0,0,0,200.5,0.3593,1996-10-04,9,1.1794309596682293,True,16.55658580117267,0.33114332847357186
BKR101_P001,101,P001,1997,6,310,1997-01-18,18,106,133,488,0,0,234236,6,wheat/winter wheat,-7.1,-0.6,2.7,0,1.583,90,3.4,0,0,0,0,200.4,0.3592,1996-10-04,9,1.1794309596682293,True,16.55658580117267,0.33114332847357186
BKR101_P001,101,P001,1997,6,310,1997-01-19,19,107,133,488,0,0,234236,6,wheat/winter wheat,-0.9,1.4,2.5,0,1.406,99,1.7,0,0,0.1,0,203.7,0.3591,1996-10-04,9,1.1794309596682293,True,16.55658580117267,0.33114332847357186
BKR101_P001,101,P001,1997,6,310,1997-01-20,20,108,133,488,0,0,234236,6,wheat/winter wheat,-1.1,-0.2,0.3,1.9,1.06,99,0.9,0,0,0,0,203.6,0.3647,1996-10-04,9,1.1794309596682293,True,16.55658580117267,0.33114332847357186
BKR101_P001,101,P001,1997,6,310,1997-01-21,21,109,133,488,0,0,234236,6,wheat/winter wheat,-1.2,0.1,2.2,0,4.423,96,1.4,0,0,0,0,208.7,0.3646,1996-10-04,9,1.1794309596682293,True,16.55658580117267,0.33114332847357186
BKR101_P001,101,P001,1997,6,310,1997-01-22,22,110,133,488,0,0,234236,6,wheat/winter wheat,-1,0.8,3.4,0,4.518,89,2.8,0,0,0.1,0,214.3,0.3734,1996-10-04,9,1.1794309596682293,True,16.55658580117267,0.33114332847357186
BKR101_P001,101,P001,1997,6,310,1997-01-23,23,111,133,488,0,0,234236,6,wheat/winter wheat,2,3.4,5.7,0.2,3.167,94,3.6,0,0,0.1,0,220.7,0.3829,1996-10-04,9,1.1794309596682293,True,16.55658580117267,0.33114332847357186
BKR101_P001,101,P001,1997,6,310,1997-01-24,24,112,133,488,0,0,234236,6,wheat/winter wheat,-0.8,1.7,4,0,2.468,97,1.7,0,0,0.1,0,225.8,0.3938,1996-10-04,9,1.1794309596682293,True,16.55658580117267,0.33114332847357186
BKR101_P001,101,P001,1997,6,310,1997-01-25,25,113,133,488,0,0,234236,6,wheat/winter wheat,-2.4,-0.7,0.2,0,1.846,92,3.2,0,0,0,0,225.7,0.4025,1996-10-04,9,1.1794309596682293,True,16.55658580117267,0.33114332847357186
BKR101_P001,101,P001,1997,6,310,1997-01-26,26,114,133,488,0,0,234236,6,wheat/winter wheat,-5.6,-2.9,0.1,0,4.686,91,3.6,0,0,0,0,225.5,0.4024,1996-10-04,9,1.1794309596682293,True,16.55658580117267,0.33114332847357186
BKR101_P001,101,P001,1997,6,310,1997-01-27,27,115,133,488,0,0,234236,6,wheat/winter wheat,-8.5,-4.7,-1.3,0,5.279,91,2.5,0,0,0,0,225.4,0.4023,1996-10-04,9,1.1794309596682293,True,16.55658580117267,0.33114332847357186
BKR101_P001,101,P001,1997,6,310,1997-01-28,28,116,133,488,0,0,234236,6,wheat/winter wheat,-4,0.1,2.5,0.1,1.577,99,4.9,0,0,0.1,0,229.4,0.4022,1996-10-04,9,1.1794309596682293,True,16.55658580117267,0.33114332847357186
BKR101_P001,101,P001,1997,6,310,1997-01-29,29,117,133,488,0,0,234236,6,wheat/winter wheat,0.6,1.2,2.2,0,1.652,99,3.7,0,0,0.1,0,233.6,0.4089,1996-10-04,9,1.1794309596682293,True,16.55658580117267,0.33114332847357186
BKR101_P001,101,P001,1997,6,310,1997-01-30,30,118,133,488,0,0,234236,6,wheat/winter wheat,1.7,2.2,3,0.1,1.687,98,4.8,0,0,0.1,0,238.1,0.4161,1996-10-04,9,1.1794309596682293,True,16.55658580117267,0.33114332847357186
BKR101_P001,101,P001,1997,6,310,1997-01-31,31,119,133,488,0,0,234236,6,wheat/winter wheat,-2,1.7,3.7,0,5.484,74,4.5,0,0,0.4,0,245.7,0.4237,1996-10-04,9,1.1794309596682293,True,16.55658580117267,0.33114332847357186
BKR101_P001,101,P001,1997,6,310,1997-02-01,32,120,133,488,0,0,234236,6,wheat/winter wheat,-4.7,-2,2,0,8.005,76,2.8,0,0,0,0,245.6,0.4366,1996-10-04,9,1.1794309596682293,True,16.55658580117267,0.33114332847357186
BKR101_P001,101,P001,1997,6,310,1997-02-02,33,121,133,488,0,0,234236,6,wheat/winter wheat,-6.8,-3.2,1.7,0,7.76,82,1.6,0,0,0,0,245.4,0.4365,1996-10-04,9,1.1794309596682293,True,16.55658580117267,0.33114332847357186
BKR101_P001,101,P001,1997,6,310,1997-02-03,34,122,133,488,0,0,234236,6,wheat/winter wheat,-7.6,-2.9,0.1,9.2,3.194,96,2.6,0,0,0,0,245.3,0.4364,1996-10-04,9,1.1794309596682293,True,16.55658580117267,0.33114332847357186
BKR101_P001,101,P001,1997,6,310,1997-02-04,35,123,133,488,0,0,234236,6,wheat/winter wheat,-0.4,1.2,2.7,0.6,3.61,88,6.1,0,0,0.2,0,252.2,0.4363,1996-10-04,9,1.1794309596682293,True,16.55658580117267,0.33114332847357186
BKR101_P001,101,P001,1997,6,310,1997-02-05,36,124,133,488,0,0,234236,6,wheat/winter wheat,-0.1,1.9,4.1,0.1,3.36,88,5,0,0,0.3,0,259.2,0.4479,1996-10-04,9,1.1794309596682293,True,16.55658580117267,0.33114332847357186
BKR101_P001,101,P001,1997,6,310,1997-02-06,37,125,133,488,0,0,234236,6,wheat/winter wheat,-0.7,1.4,4,0,4.658,92,4.8,0,0,0.2,0,267.5,0.4597,1996-10-04,9,1.1794309596682293,True,16.55658580117267,0.33114332847357186
BKR101_P001,101,P001,1997,6,310,1997-02-07,38,126,133,488,0,0,234236,6,wheat/winter wheat,1.4,4,7.7,0,7.077,73,6.2,0,0,0.7,0,278,0.4739,1996-10-04,9,1.1794309596682293,True,16.55658580117267,0.33114332847357186
BKR101_P001,101,P001,1997,6,310,1997-02-08,39,127,133,488,0,0,234236,6,wheat/winter wheat,1.5,4.2,6.8,0,8.363,73,5.2,0,0,0.6,0,289.2,0.4915,1996-10-04,9,1.1794309596682293,True,16.55658580117267,0.33114332847357186
BKR101_P001,101,P001,1997,6,310,1997-02-09,40,128,133,488,0,0,234236,6,wheat/winter wheat,-0.9,3.7,7.7,0,4.966,86,4.6,0,0,0.4,0,300.1,0.5102,1996-10-04,9,1.1794309596682293,True,16.55658580117267,0.33114332847357186
BKR101_P001,101,P001,1997,6,310,1997-02-10,41,129,133,488,0,0,234236,6,wheat/winter wheat,5.6,7.7,10.8,0.8,7.171,79,5.5,0,0,0.8,0,314.5,0.5283,1996-10-04,9,1.1794309596682293,True,16.55658580117267,0.33114332847357186
BKR101_P001,101,P001,1997,6,310,1997-02-11,42,130,133,488,0,0,234236,6,wheat/winter wheat,3.4,5.5,7.6,1,6.242,69,7.9,0,0,1.1,0,328.6,0.5518,1996-10-04,9,1.1794309596682293,True,16.55658580117267,0.33114332847357186
BKR101_P001,101,P001,1997,6,310,1997-02-12,43,131,133,488,0,0,234236,6,wheat/winter wheat,2,4,8.1,4.3,3.095,94,3.7,0,0,0.2,0,338,0.5746,1996-10-04,9,1.1794309596682293,True,16.55658580117267,0.33114332847357186
BKR101_P001,101,P001,1997,6,310,1997-02-13,44,132,133,488,0,0,234236,6,wheat/winter wheat,3.5,6.9,8.9,10,3.447,90,6.1,0,0,0.4,0,349.5,0.5898,1996-10-04,9,1.1794309596682293,True,16.55658580117267,0.33114332847357186
BKR101_P001,101,P001,1997,6,310,1997-02-14,45,133,133,488,0,0,234236,6,wheat/winter wheat,1.4,3.6,5.4,1,4.706,80,7.8,0,0,0.6,0,362.1,0.6081,1996-10-04,9,1.1794309596682293,True,16.55658580117267,0.33114332847357186
BKR101_P001,101,P001,1997,6,310,1997-02-15,46,134,133,488,0,0,234236,6,wheat/winter wheat,-1.1,-0.3,1.1,0.4,2.719,94,1.2,0,0,0,0,361.9,0.6279,1996-10-04,9,1.1794309596682293,True,16.55658580117267,0.33114332847357186
BKR101_P001,101,P001,1997,6,310,1997-02-16,47,135,133,488,0,0,234236,6,wheat/winter wheat,-5.9,-2.7,-1.1,0.1,2.995,90,1.3,0,0,0,0,361.7,0.6277,1996-10-04,9,1.1794309596682293,True,16.55658580117267,0.33114332847357186
BKR101_P001,101,P001,1997,6,310,1997-02-17,48,136,133,488,0,0,234236,6,wheat/winter wheat,-6.3,-3.2,0.6,0,6.658,80,3.5,0,0,0,0,361.5,0.6275,1996-10-04,9,1.1794309596682293,True,16.55658580117267,0.33114332847357186
BKR101_P001,101,P001,1997,6,310,1997-02-18,49,137,133,488,0,0,234236,6,wheat/winter wheat,-4.1,1,4.7,5.7,2.357,96,5,0,0,0.2,0,370.6,0.6274,1996-10-04,9,1.1794309596682293,True,16.55658580117267,0.33114332847357186
BKR101_P001,101,P001,1997,6,310,1997-02-19,50,138,133,488,0,0,234236,6,wheat/winter wheat,1.9,3.4,6.2,0,5.643,77,6.1,0,0,0.7,0,384.9,0.6416,1996-10-04,9,1.1794309596682293,True,16.55658580117267,0.33114332847357186
BKR101_P001,101,P001,1997,6,310,1997-02-20,51,139,133,488,0,0,234236,6,wheat/winter wheat,0.4,4.6,6.8,3.5,5.224,72,7.5,0,0,0.9,0,400.2,0.6641,1996-10-04,9,1.1794309596682293,True,16.55658580117267,0.33114332847357186
BKR101_P001,101,P001,1997,6,310,1997-02-21,52,140,133,488,0,0,234236,6,wheat/winter wheat,4.5,6.8,9.6,0.9,1.957,77,7.6,0,0,0.7,0,411.2,0.6879,1996-10-04,9,1.1794309596682293,True,16.55658580117267,0.33114332847357186
BKR101_P001,101,P001,1997,6,310,1997-02-22,53,141,133,488,0,0,234236,6,wheat/winter wheat,2.6,7.1,10.8,0,6.806,78,5.8,0,0,1,0,432.1,0.7047,1996-10-04,9,1.1794309596682293,True,16.55658580117267,0.33114332847357186
BKR101_P001,101,P001,1997,6,310,1997-02-23,54,142,133,488,0,0,234236,6,wheat/winter wheat,6.5,9.1,12.8,0,9.149,78,4.3,0,0,1.1,0,457.9,0.7364,1996-10-04,9,1.1794309596682293,True,16.55658580117267,0.33114332847357186
BKR101_P001,101,P001,1997,6,310,1997-02-24,55,143,133,488,0,0,234236,6,wheat/winter wheat,5.9,9.4,13.3,1.4,6.098,83,5.9,0,0,0.9,0,480.8,0.7748,1996-10-04,9,1.1794309596682293,True,16.55658580117267,0.33114332847357186
BKR101_P001,101,P001,1997,6,310,1997-02-25,56,144,133,488,0,0,234236,6,wheat/winter wheat,5.8,9.9,12.8,25.9,3.676,81,8.1,0,0,0.9,0,499.1,0.8081,1996-10-04,9,1.1794309596682293,True,16.55658580117267,0.33114332847357186
BKR101_P001,101,P001,1997,6,310,1997-02-26,57,145,133,488,0,0,234236,6,wheat/winter wheat,4.3,6.4,8.4,6.6,5.027,91,6,0,0,0.5,0,517.9,0.8341,1996-10-04,9,1.1794309596682293,True,16.55658580117267,0.33114332847357186
BKR101_P001,101,P001,1997,6,310,1997-02-27,58,146,133,488,0,0,234236,6,wheat/winter wheat,0.2,3.4,6,0,8.528,71,4.2,0,0,0.9,0,542.4,0.8606,1996-10-04,9,1.1794309596682293,True,16.55658580117267,0.33114332847357186
BKR101_P001,101,P001,1997,6,310,1997-02-28,59,147,133,488,0,0,234236,6,wheat/winter wheat,0,6,12.2,0,10.966,69,5.7,0,0,1.4,0,572,0.8947,1996-10-04,9,1.1794309596682293,True,16.55658580117267,0.33114332847357186
BKR101_P001,101,P001,1997,6,310,1997-03-01,60,148,133,488,0,0,234236,6,wheat/winter wheat,6.5,8.3,11.9,0,8.865,69,4.8,0,0,1.6,0,605.7,0.9356,1996-10-04,9,1.1794309596682293,True,16.55658580117267,0.33114332847357186
BKR101_P001,101,P001,1997,6,310,1997-03-02,61,149,133,488,0,0,234236,6,wheat/winter wheat,6.7,11.5,18.3,0.2,11.504,71,6.8,0,0,2.2,0,645.6,0.9813,1996-10-04,9,1.1794309596682293,True,16.55658580117267,0.33114332847357186
BKR101_P001,101,P001,1997,6,310,1997-03-03,62,150,133,488,0,0,234236,6,wheat/winter wheat,4.9,6.7,9.6,0,11.429,62,6.5,0,0,1.8,0,682.6,1.0339,1996-10-04,9,1.1794309596682293,True,16.55658580117267,0.33114332847357186
BKR101_P001,101,P001,1997,6,310,1997-03-04,63,151,133,488,0,0,234236,6,wheat/winter wheat,0.3,4.9,10,0,13.169,67,3.8,0,0,1.3,0,718.2,1.082,1996-10-04,9,1.1794309596682293,True,16.55658580117267,0.33114332847357186
BKR101_P001,101,P001,1997,6,310,1997-03-05,64,152,133,488,0,0,234236,6,wheat/winter wheat,-2.2,4.9,12.7,0,12.567,71,1,0,0,0.9,0,755.2,1.1277,1996-10-04,9,1.1794309596682293,True,16.55658580117267,0.33114332847357186
BKR101_P001,101,P001,1997,6,310,1997-03-06,65,153,133,488,0,0,234236,6,wheat/winter wheat,0.6,5.9,10.1,0,3.992,87,2.8,0,0,0.6,0,781.5,1.1748,1996-10-04,9,1.1794309596682293,True,16.55658580117267,0.33114332847357186
BKR101_P001,101,P001,1997,6,310,1997-03-07,66,154,133,488,0,0,234236,6,wheat/winter wheat,-1.9,3.9,10.9,0,13.965,76,1.4,0,0,0.9,0,819.7,1.2078,1996-10-04,9,1.1794309596682293,True,16.55658580117267,0.33114332847357186
BKR101_P001,101,P001,1997,6,310,1997-03-08,67,155,133,488,0,0,234236,6,wheat/winter wheat,-1.4,6,12,0,8.707,77,1.5,0,0,0.9,0,859.6,1.2555,1996-10-04,9,1.1794309596682293,True,16.55658580117267,0.33114332847357186
BKR101_P001,101,P001,1997,6,310,1997-03-09,68,156,133,488,0,0,234236,6,wheat/winter wheat,1,5.3,10,0,10.244,89,1,0,0,0.7,0,903.3,1.3045,1996-10-04,9,1.1794309596682293,True,16.55658580117267,0.33114332847357186
BKR101_P001,101,P001,1997,6,310,1997-03-10,69,157,133,488,0,0,234236,6,wheat/winter wheat,-2.4,4.1,13.6,0,11.394,86,1.3,0,0,0.8,0,946.9,1.3576,1996-10-04,9,1.1794309596682293,True,16.55658580117267,0.33114332847357186
BKR101_P001,101,P001,1997,6,310,1997-03-11,70,158,133,488,0,0,234236,6,wheat/winter wheat,0.1,6.6,14.8,0,12.539,81,1.9,0,0,1.1,0,999.2,1.4102,1996-10-04,9,1.1794309596682293,True,16.55658580117267,0.33114332847357186
BKR101_P001,101,P001,1997,6,310,1997-03-12,71,159,133,488,0,0,234236,6,wheat/winter wheat,1.3,3.8,6.3,0,3.956,95,1.5,0,0,0.4,0,1030.4,1.4723,1996-10-04,9,1.1794309596682293,True,16.55658580117267,0.33114332847357186
BKR101_P001,101,P001,1997,6,310,1997-03-13,72,160,133,488,0,0,234236,6,wheat/winter wheat,0.3,5,8.8,0,2.357,96,4.3,0,0,0.3,0,1059.7,1.509,1996-10-04,9,1.1794309596682293,True,16.55658580117267,0.33114332847357186
BKR101_P001,101,P001,1997,6,310,1997-03-14,73,161,133,488,0,0,234236,6,wheat/winter wheat,7.6,8.6,9.9,0,4.364,83,5.7,0,0,0.9,0,1097.5,1.5431,1996-10-04,9,1.1794309596682293,True,16.55658580117267,0.33114332847357186
BKR101_P001,101,P001,1997,6,310,1997-03-15,74,162,133,488,0,0,234236,6,wheat/winter wheat,4.2,8,9.9,3.2,3.866,95,5.5,0,0,0.5,0,1134.8,1.5862,1996-10-04,9,1.1794309596682293,True,16.55658580117267,0.33114332847357186
BKR101_P001,101,P001,1997,6,310,1997-03-16,75,163,133,488,0,0,234236,6,wheat/winter wheat,0.4,2.6,4.8,0,10.438,71,3.1,0,0,1,0,1182,1.6279,1996-10-04,9,1.1794309596682293,True,16.55658580117267,0.33114332847357186
BKR101_P001,101,P001,1997,6,310,1997-03-17,76,164,133,488,0,0,234236,6,wheat/winter wheat,-2.3,0.3,4,0.6,9.359,73,1.8,0,0,0.8,0,1222.1,1.6803,1996-10-04,9,1.1794309596682293,True,16.55658580117267,0.33114332847357186
BKR101_P001,101,P001,1997,6,310,1997-03-18,77,165,133,488,0,0,234236,6,wheat/winter wheat,-4.4,0.2,3.7,0,12.212,61,3.2,0,0,1.1,0,1267.4,1.7248,1996-10-04,9,1.1794309596682293,True,16.55658580117267,0.33114332847357186
BKR101_P001,101,P001,1997,6,310,1997-03-19,78,166,133,488,0,0,234236,6,wheat/winter wheat,-2.8,-1,0.9,5,3.9,97,4.5,0,0,0,0,1266.8,1.775,1996-10-04,9,1.1794309596682293,True,16.55658580117267,0.33114332847357186
BKR101_P001,101,P001,1997,6,310,1997-03-20,79,167,133,488,0,0,234236,6,wheat/winter wheat,-8,-2.7,0.6,0,11.807,76,2.1,0,0,0,0,1266.3,1.7745,1996-10-04,9,1.1794309596682293,True,16.55658580117267,0.33114332847357186
BKR101_P001,101,P001,1997,6,310,1997-03-21,80,168,133,488,0,0,234236,6,wheat/winter wheat,-6.8,-1.5,2.4,0,13.446,82,2.4,0,0,0,0,1265.8,1.774,1996-10-04,9,1.1794309596682293,True,16.55658580117267,0.33114332847357186
BKR101_P001,101,P001,1997,6,310,1997-03-22,81,169,133,488,0,0,234236,6,wheat/winter wheat,-2.4,0,2.9,0.1,9.448,91,1.9,0,0,0.6,0,1307.9,1.7735,1996-10-04,9,1.1794309596682293,True,16.55658580117267,0.33114332847357186
BKR101_P001,101,P001,1997,6,310,1997-03-23,82,170,133,488,0,0,234236,6,wheat/winter wheat,-4.5,0.2,4.8,0,12.512,79,3.3,0,0,0.8,0,1355.7,1.8202,1996-10-04,9,1.1794309596682293,True,16.55658580117267,0.33114332847357186
BKR101_P001,101,P001,1997,6,310,1997-03-24,83,171,133,488,0,0,234236,6,wheat/winter wheat,-2,1.5,5.8,0,14.596,68,4.2,0,0,1.3,0,1412,1.8733,1996-10-04,9,1.1794309596682293,True,16.55658580117267,0.33114332847357186
BKR101_P001,101,P001,1997,6,310,1997-03-25,84,172,133,488,0,0,234236,6,wheat/winter wheat,-1.3,1.8,6.1,0,15.1,68,3.5,0,0,1.3,0,1471.6,1.9357,1996-10-04,9,1.1794309596682293,True,16.55658580117267,0.33114332847357186
BKR101_P001,101,P001,1997,6,310,1997-03-26,85,173,133,488,0,0,234236,6,wheat/winter wheat,-3.1,4.2,10.3,0.9,14.916,72,3.6,0,0,1.5,0,1542.1,2.0017,1996-10-04,9,1.1794309596682293,True,16.55658580117267,0.33114332847357186
BKR101_P001,101,P001,1997,6,310,1997-03-27,86,174,133,488,0,0,234236,6,wheat/winter wheat,7.8,9.4,11.2,0.2,13.256,61,7.7,0,0,2.9,0,1627.8,2.0791,1996-10-04,9,1.1794309596682293,True,16.55658580117267,0.33114332847357186
BKR101_P001,101,P001,1997,6,310,1997-03-28,87,175,133,488,0,0,234236,6,wheat/winter wheat,3.2,5.9,8.4,9.8,8.692,84,7.8,0,0,1.1,0,1691.2,2.1707,1996-10-04,9,1.1794309596682293,True,16.55658580117267,0.33114332847357186
BKR101_P001,101,P001,1997,6,310,1997-03-29,88,176,133,488,0,0,234236,6,wheat/winter wheat,0.8,4.2,6.3,0,6.809,77,5.7,0,0,1,0,1747.7,2.2374,1996-10-04,9,1.1794309596682293,True,16.55658580117267,0.33114332847357186
BKR101_P001,101,P001,1997,6,310,1997-03-30,89,177,133,488,0,0,234236,6,wheat/winter wheat,-0.3,4.3,9.2,0,18.183,84,4.4,0,0,1.4,0,1831.3,2.2962,1996-10-04,9,1.1794309596682293,True,16.55658580117267,0.33114332847357186
BKR101_P001,101,P001,1997,6,310,1997-03-31,90,178,133,488,0,0,234236,6,wheat/winter wheat,4.5,8.3,12.5,0,15.233,77,4.6,0,0,1.9,0,1929.3,2.3824,1996-10-04,9,1.1794309596682293,True,16.55658580117267,0.33114332847357186
BKR101_P001,101,P001,1997,6,310,1997-04-01,91,179,133,488,0,0,234236,6,wheat/winter wheat,3.3,9.5,15.6,0,18.941,70,3.9,0,0,2.6,0,2041.8,2.481,1996-10-04,9,1.1794309596682293,True,16.55658580117267,0.33114332847357186
BKR101_P001,101,P001,1997,6,310,1997-04-02,92,180,133,488,0,0,234236,6,wheat/winter wheat,4.1,8.2,12,0,9.24,78,3.1,0,0,1.4,0,2120.7,2.5911,1996-10-04,9,1.1794309596682293,True,16.55658580117267,0.33114332847357186
BKR101_P001,101,P001,1997,6,310,1997-04-03,93,181,133,488,0,0,234236,6,wheat/winter wheat,3.1,7.7,13.4,3,10.855,83,5.4,0,0,1.5,0,2205.9,2.6664,1996-10-04,9,1.1794309596682293,True,16.55658580117267,0.33114332847357186
BKR101_P001,101,P001,1997,6,310,1997-04-04,94,182,133,488,0,0,234236,6,wheat/winter wheat,1.3,3.8,7.6,0,14.348,75,6.3,0,0,1.5,0,2292.6,2.7459,1996-10-04,9,1.1794309596682293,True,16.55658580117267,0.33114332847357186
BKR101_P001,101,P001,1997,6,310,1997-04-05,95,183,133,488,0,0,234236,6,wheat/winter wheat,-0.6,2.3,7.4,9.4,5.77,95,5.2,0,0,0.5,0,2352.4,2.8259,1996-10-04,9,1.1794309596682293,True,16.55658580117267,0.33114332847357186
BKR101_P001,101,P001,1997,6,310,1997-04-06,96,184,133,488,0,0,234236,6,wheat/winter wheat,-0.8,1.6,5,2,12.817,82,5.2,0,0,1,0,2428.6,2.8809,1996-10-04,9,1.1794309596682293,True,16.55658580117267,0.33114332847357186
BKR101_P001,101,P001,1997,6,310,1997-04-07,97,185,133,488,0,0,234236,6,wheat/winter wheat,-2.4,1.8,6.2,0,19.178,62,3.3,0,0,1.7,0,2521.2,2.9507,1996-10-04,9,1.1794309596682293,True,16.55658580117267,0.33114332847357186
BKR101_P001,101,P001,1997,6,310,1997-04-08,98,186,133,488,0,0,234236,6,wheat/winter wheat,-3.6,2.7,7.8,0,12.857,57,2.3,0,0,1.6,0,2605.2,3.0354,1996-10-04,9,1.1794309596682293,True,16.55658580117267,0.33114332847357186
BKR101_P001,101,P001,1997,6,310,1997-04-09,99,187,133,488,0,0,234236,6,wheat/winter wheat,3.2,7.2,12.6,0,8.557,57,3.1,0,0,2,0,2688.8,3.1119,1996-10-04,9,1.1794309596682293,True,16.55658580117267,0.33114332847357186
BKR101_P001,101,P001,1997,6,310,1997-04-10,100,188,133,488,0,0,234236,6,wheat/winter wheat,6.5,8.5,10.5,0,12.981,65,6,0,0,2.5,0,2799.7,3.1863,1996-10-04,9,1.1794309596682293,True,16.55658580117267,0.33114332847357186
BKR101_P001,101,P001,1997,6,310,1997-04-11,101,189,133,488,0,0,234236,6,wheat/winter wheat,3.2,5.9,8.1,1.1,10.618,69,8.8,0,0,1.9,0,2894.6,3.2823,1996-10-04,9,1.1794309596682293,True,16.55658580117267,0.33114332847357186
BKR101_P001,101,P001,1997,6,310,1997-04-12,102,190,133,488,0,0,234236,6,wheat/winter wheat,-2.7,2.7,6.2,0,13.887,65,4.2,0,0,1.6,0,2989.8,3.3629,1996-10-04,9,1.1794309596682293,True,16.55658580117267,0.33114332847357186
BKR101_P001,101,P001,1997,6,310,1997-04-13,103,191,133,488,0,0,234236,6,wheat/winter wheat,-3.4,3.6,8.1,0,15.914,63,3.6,0,0,1.8,0,3097,3.4432,1996-10-04,9,1.1794309596682293,True,16.55658580117267,0.33114332847357186
BKR101_P001,101,P001,1997,6,310,1997-04-14,104,192,133,488,0,0,234236,6,wheat/winter wheat,3.4,6.7,9.5,1.3,4.104,87,6.4,0,0,0.9,0,3169.4,3.5329,1996-10-04,9,1.1794309596682293,True,16.55658580117267,0.33114332847357186
BKR101_P001,101,P001,1997,6,310,1997-04-15,105,193,133,488,0,0,234236,6,wheat/winter wheat,-0.9,2.2,5.7,1.2,13.344,72,5.1,0,0,1.4,0,3263.9,3.5921,1996-10-04,9,1.1794309596682293,True,16.55658580117267,0.33114332847357186
BKR101_P001,101,P001,1997,6,310,1997-04-16,106,194,133,488,0,0,234236,6,wheat/winter wheat,-0.9,3.1,7.1,0,18.52,66,4.3,0,0,1.9,0,3380,3.669,1996-10-04,9,1.1794309596682293,True,16.55658580117267,0.33114332847357186
BKR101_P001,101,P001,1997,6,310,1997-04-17,107,195,133,488,0,0,234236,6,wheat/winter wheat,3.1,6.3,11.5,0,12.115,56,3.7,0,0,2.4,0,3487.6,3.7628,1996-10-04,9,1.1794309596682293,True,16.55658580117267,0.33114332847357186
BKR101_P001,101,P001,1997,6,310,1997-04-18,108,196,133,488,0,0,234236,6,wheat/winter wheat,1.8,5.3,10.4,0.1,6.385,79,4.1,0,0,1.2,0,3570.6,3.8479,1996-10-04,9,1.1794309596682293,True,16.55658580117267,0.33114332847357186
BKR101_P001,101,P001,1997,6,310,1997-04-19,109,197,133,488,0,0,234236,6,wheat/winter wheat,0.4,3,6.2,0,17.206,73,2.7,0,0,1.7,0,3686.7,3.9123,1996-10-04,9,1.1794309596682293,True,16.55658580117267,0.33114332847357186
BKR101_P001,101,P001,1997,6,310,1997-04-20,110,198,133,488,0,0,234236,6,wheat/winter wheat,-3.3,2,6.3,0,17.99,66,1.6,0,0,1.7,0,3800.3,4.0017,1996-10-04,9,1.1794309596682293,True,16.55658580117267,0.33114332847357186
BKR101_P001,101,P001,1997,6,310,1997-04-21,111,199,133,488,0,0,234236,6,wheat/winter wheat,-4,3.1,9.7,0,20.728,61,2.5,0,0,2.2,0,3929.7,4.0889,1996-10-04,9,1.1794309596682293,True,16.55658580117267,0.33114332847357186
BKR101_P001,101,P001,1997,6,310,1997-04-22,112,200,133,488,0,0,234236,6,wheat/winter wheat,0.4,5.1,8.8,0,15.015,59,3.5,0,0,2.2,0,4053.5,4.1874,1996-10-04,9,1.1794309596682293,True,16.55658580117267,0.33114332847357186
BKR101_P001,101,P001,1997,6,310,1997-04-23,113,201,133,488,0,0,234236,6,wheat/winter wheat,-0.7,4.7,9.9,0,20.225,60,3.8,0,0,2.5,0,4196.1,4.2799,1996-10-04,9,1.1794309596682293,True,16.55658580117267,0.33114332847357186
BKR101_P001,101,P001,1997,6,310,1997-04-24,114,202,133,488,0,0,234236,6,wheat/winter wheat,1.8,10.4,16.7,0,21.11,49,6.6,0,0,4.6,0,4378.5,4.3851,1996-10-04,9,1.1794309596682293,True,16.55658580117267,0.33114332847357186
BKR101_P001,101,P001,1997,6,310,1997-04-25,115,203,133,488,0,0,234236,6,wheat/winter wheat,2.1,9.3,12.5,0,16.086,66,5.2,0,0,2.8,0,4533.3,4.5142,1996-10-04,9,1.1794309596682293,True,16.55658580117267,0.33114332847357186
BKR101_P001,101,P001,1997,6,310,1997-04-26,116,204,133,488,0,0,234236,6,wheat/winter wheat,-0.2,7,14.2,0,24.041,60,3.2,0,0,3.2,0,4713.2,4.6198,1996-10-04,9,1.1794309596682293,True,16.55658580117267,0.33114332847357186
BKR101_P001,101,P001,1997,6,310,1997-04-27,117,205,133,488,0,0,234236,6,wheat/winter wheat,3.4,11.4,18.1,0,19.618,48,4.3,0,0,4.3,0,4895.1,4.7393,1996-10-04,9,1.1794309596682293,True,16.55658580117267,0.33114332847357186
BKR101_P001,101,P001,1997,6,310,1997-04-28,118,206,133,488,0,0,234236,6,wheat/winter wheat,9,11.5,15.5,9.4,10.025,92,4.5,0,0,1.5,0,5014.7,4.8544,1996-10-04,9,1.1794309596682293,True,16.55658580117267,0.33114332847357186
BKR101_P001,101,P001,1997,6,310,1997-04-29,119,207,133,488,0,0,234236,6,wheat/winter wheat,9.2,11,13.7,3,11.221,94,4.8,0,0,1.4,0,5145.8,4.9262,1996-10-04,9,1.1794309596682293,True,16.55658580117267,0.33114332847357186
BKR101_P001,101,P001,1997,6,310,1997-04-30,120,208,133,488,0,0,234236,6,wheat/winter wheat,8.2,9.4,10.1,5.9,2.929,98,4.3,0,0,0.6,0,5242.2,5.0012,1996-10-04,9,1.1794309596682293,True,16.55658580117267,0.33114332847357186
BKR101_P001,101,P001,1997,6,310,1997-05-01,121,209,133,488,0,0,234236,6,wheat/winter wheat,7.6,9.5,12.5,0,9.5,99,1.6,0,0,1.2,0,5369.3,5.0539,1996-10-04,9,1.1794309596682293,True,16.55658580117267,0.33114332847357186
BKR101_P001,101,P001,1997,6,310,1997-05-02,122,210,133,488,0,0,234236,6,wheat/winter wheat,7.4,14.2,20.1,0,19.983,73,5.1,0,0,3.8,0,5579.7,5.1199,1996-10-04,9,1.1794309596682293,True,16.55658580117267,0.33114332847357186
BKR101_P001,101,P001,1997,6,310,1997-05-03,123,211,133,488,0,0,234236,6,wheat/winter wheat,7.1,12.8,16.2,0,22.204,64,3.7,0,0,3.9,0,5813.1,5.2265,1996-10-04,9,1.1794309596682293,True,16.55658580117267,0.33114332847357186
BKR101_P001,101,P001,1997,6,310,1997-05-04,124,212,133,488,0,0,234236,6,wheat/winter wheat,4.5,13.1,20,0,23.337,67,2.7,0,0,3.9,0,6048.4,5.3439,1996-10-04,9,1.1794309596682293,True,16.55658580117267,0.33114332847357186
BKR101_P001,101,P001,1997,6,310,1997-05-05,125,213,133,488,0,0,234236,6,wheat/winter wheat,10.9,15.2,19.5,3,11.696,86,4,0,0,2.2,0,6188,5.4614,1996-10-04,9,1.1794309596682293,True,16.55658580117267,0.33114332847357186
BKR101_P001,101,P001,1997,6,310,1997-05-06,126,214,133,488,0,0,234236,6,wheat/winter wheat,10.1,14.6,21.9,15.4,18.913,79,4.8,0,0,3.6,0,6378.8,5.5305,1996-10-04,9,1.1794309596682293,True,16.55658580117267,0.33114332847357186
BKR101_P001,101,P001,1997,6,310,1997-05-07,127,215,133,488,0,0,234236,6,wheat/winter wheat,2.3,6.9,10.2,0.1,19.457,71,4.2,0,0,2.6,0,6568,5.6245,1996-10-04,9,1.1794309596682293,True,16.55658580117267,0.33114332847357186
BKR101_P001,101,P001,1997,6,310,1997-05-08,128,216,133,488,0,0,234236,6,wheat/winter wheat,0,8.6,13.1,0,15.5,99,0.3,0,0,1.9,0,6739.7,5.7174,1996-10-04,9,1.1794309596682293,True,16.55658580117267,0.33114332847357186
BKR101_P001,101,P001,1997,6,310,1997-05-09,129,217,133,488,0,0,234236,6,wheat/winter wheat,3.5,11.1,16.5,0,18.4,70,2.9,0,0,3,0,6934.9,5.8011,1996-10-04,9,1.1794309596682293,True,16.55658580117267,0.33114332847357186
BKR101_P001,101,P001,1997,6,310,1997-05-10,130,218,133,488,0,0,234236,6,wheat/winter wheat,6.4,11,15.8,3,18.5,70,3.7,0,0,3.2,0,7128.3,5.8957,1996-10-04,9,1.1794309596682293,True,16.55658580117267,0.33114332847357186
BKR101_P001,101,P001,1997,6,310,1997-05-11,131,219,133,488,0,0,234236,6,wheat/winter wheat,6.6,16.4,22.3,0,24.2,58,3.1,0,0,4.9,0,7373.9,5.9887,1996-10-04,9,1.1794309596682293,True,16.55658580117267,0.33114332847357186
BKR101_P001,101,P001,1997,6,310,1997-05-12,132,220,133,488,0,0,234236,6,wheat/winter wheat,10.9,16.6,20.5,0,18.6,63,2.8,0,0,4,0,7570.6,6.1056,1996-10-04,9,1.1794309596682293,True,16.55658580117267,0.33114332847357186
BKR101_P001,101,P001,1997,6,310,1997-05-13,133,221,133,488,0,0,234236,6,wheat/winter wheat,12.4,16,20.5,0,18.448,82,3,0,0,3.3,0,7760.8,6.1984,1996-10-04,9,1.1794309596682293,True,16.55658580117267,0.33114332847357186
BKR101_P001,101,P001,1997,6,310,1997-05-14,134,222,133,488,0,0,234236,6,wheat/winter wheat,10.9,17.7,25.1,10,21.5,82,3.7,0,0,4,0,7964.3,6.2872,1996-10-04,9,1.1794309596682293,True,16.55658580117267,0.33114332847357186
BKR101_P001,101,P001,1997,6,310,1997-05-15,135,223,133,488,0,0,234236,6,wheat/winter wheat,12,15,20.4,0,15.9,80,3.8,0,0,3.1,0,8129.7,6.3812,1996-10-04,9,1.1794309596682293,True,16.55658580117267,0.33114332847357186
BKR101_P001,101,P001,1997,6,310,1997-05-16,136,224,133,488,0,0,234236,6,wheat/winter wheat,14.4,19.8,24.2,0,23.392,59,3.9,0,0,5.7,0,8351.4,6.4569,1996-10-04,9,1.1794309596682293,True,16.55658580117267,0.33114332847357186
BKR101_P001,101,P001,1997,6,310,1997-05-17,137,225,133,488,0,0,234236,6,wheat/winter wheat,13,19.4,26.2,0,25.332,64,4.8,0,0,6.2,0,8580,6.557,1996-10-04,9,1.1794309596682293,True,16.55658580117267,0.33114332847357186
BKR101_P001,101,P001,1997,6,310,1997-05-18,138,226,133,488,0,0,234236,6,wheat/winter wheat,13.4,19.1,26.6,0,24.631,66,3.3,0,0,5.5,0,8797.4,6.659,1996-10-04,9,1.1794309596682293,True,16.55658580117267,0.33114332847357186
BKR101_P001,101,P001,1997,6,310,1997-05-19,139,227,133,488,0,0,234236,6,wheat/winter wheat,13.2,16.8,20.7,7.2,13.37,92,2.5,0,0,2.3,0,8940.9,6.7549,1996-10-04,9,1.1794309596682293,True,16.55658580117267,0.33114332847357186
BKR101_P001,101,P001,1997,6,310,1997-05-20,140,228,133,488,0,0,234236,6,wheat/winter wheat,12.3,14.6,18.5,5.9,11.468,96,1.6,0,0,1.9,0,9072.7,6.8176,1996-10-04,9,1.1794309596682293,True,16.55658580117267,0.33114332847357186
BKR101_P001,101,P001,1997,6,310,1997-05-21,141,229,133,488,0,0,234236,6,wheat/winter wheat,9,13.4,16.1,14.5,15.23,89,3.4,0,0,2.3,0,9246.6,6.8747,1996-10-04,9,1.1794309596682293,True,16.55658580117267,0.33114332847357186
BKR101_P001,101,P001,1997,6,310,1997-05-22,142,230,133,488,0,0,234236,6,wheat/winter wheat,7.4,8.6,10.2,0.9,5.47,94,2.7,0,0,1,0,9350.6,6.9495,1996-10-04,9,1.1794309596682293,True,16.55658580117267,0.33114332847357186
BKR101_P001,101,P001,1997,6,310,1997-05-23,143,231,133,488,0,0,234236,6,wheat/winter wheat,5,8.1,11.5,1.1,11.736,84,2,0,0,1.7,0,9493.5,6.9941,1996-10-04,9,1.1794309596682293,True,16.55658580117267,0.33114332847357186
BKR101_P001,101,P001,1997,6,310,1997-05-24,144,232,133,488,0,0,234236,6,wheat/winter wheat,2.2,7.5,12.7,0,23.888,69,2.4,0,0,3.1,0,9711.7,7.055,1996-10-04,9,1.1794309596682293,True,16.55658580117267,0.33114332847357186
BKR101_P001,101,P001,1997,6,310,1997-05-25,145,233,133,488,0,0,234236,6,wheat/winter wheat,-0.3,9.4,16,0,28.564,56,1.3,0,0,3.9,0,9974.3,7.1475,1996-10-04,9,1.1794309596682293,True,16.55658580117267,0.33114332847357186
BKR101_P001,101,P001,1997,6,310,1997-05-26,146,234,133,488,0,0,234236,6,wheat/winter wheat,5.8,11.1,15.8,1.1,16.77,66,1.6,0,0,2.8,0,10153.9,7.258,1996-10-04,9,1.1794309596682293,True,16.55658580117267,0.33114332847357186
BKR101_P001,101,P001,1997,6,310,1997-05-27,147,235,133,488,0,0,234236,6,wheat/winter wheat,7.5,9.6,12.1,9.9,8.418,97,3.2,0,0,1.1,0,10273.3,7.3332,1996-10-04,9,1.1794309596682293,True,16.55658580117267,0.33114332847357186
BKR101_P001,101,P001,1997,6,310,1997-05-28,148,236,133,488,0,0,234236,6,wheat/winter wheat,3.7,9.4,14.1,0,21.017,75,2.9,0,0,3,0,10481.8,7.3828,1996-10-04,9,1.1794309596682293,True,16.55658580117267,0.33114332847357186
BKR101_P001,101,P001,1997,6,310,1997-05-29,149,237,133,488,0,0,234236,6,wheat/winter wheat,5.1,9.7,13.5,0.1,14.092,82,4.5,0,0,2.3,0,10641.8,7.469,1996-10-04,9,1.1794309596682293,True,16.55658580117267,0.33114332847357186
BKR101_P001,101,P001,1997,6,310,1997-05-30,150,238,133,488,0,0,234236,6,wheat/winter wheat,4.4,9,12.1,2.1,18.595,80,3.8,0,0,2.6,0,10835,7.5347,1996-10-04,9,1.1794309596682293,True,16.55658580117267,0.33114332847357186
BKR101_P001,101,P001,1997,6,310,1997-05-31,151,239,133,488,0,0,234236,6,wheat/winter wheat,1.3,8.4,13.6,0,25.105,67,3.5,0,0,3.6,0,11067.3,7.6136,1996-10-04,9,1.1794309596682293,True,16.55658580117267,0.33114332847357186
BKR101_P001,101,P001,1997,6,310,1997-06-01,152,240,133,488,0,0,234236,6,wheat/winter wheat,5.6,10.8,16.2,0.3,13.511,85,2.8,0,0,2.2,0,11217.3,7.7079,1996-10-04,9,1.1794309596682293,True,16.55658580117267,0.33114332847357186
BKR101_P001,101,P001,1997,6,310,1997-06-02,153,241,133,488,0,0,234236,6,wheat/winter wheat,6.4,13,18.7,0,30.012,62,3.1,0,0,5.1,0,11500.8,7.7682,1996-10-04,9,1.1794309596682293,True,16.55658580117267,0.33114332847357186
BKR101_P001,101,P001,1997,6,310,1997-06-03,154,242,133,488,0,0,234236,6,wheat/winter wheat,6.4,13.5,19.5,0,25.429,66,1.5,0,0,4.1,0,11745.5,7.8811,1996-10-04,9,1.1794309596682293,True,16.55658580117267,0.33114332847357186
BKR101_P001,101,P001,1997,6,310,1997-06-04,155,243,133,488,0,0,234236,6,wheat/winter wheat,9,16.5,21.5,0,24.245,61,2.2,0,0,4.6,23.9,11988.9,7.9783,1996-10-04,9,1.1794309596682293,True,16.55658580117267,0.33114332847357186
BKR101_P001,101,P001,1997,6,310,1997-06-05,156,244,133,488,0,0,234236,6,wheat/winter wheat,9.4,18.1,23.5,0,25.2,95,1.2,0,0,4.1,79.9,12239,8.0633,1996-10-04,9,1.1794309596682293,True,16.55658580117267,0.33114332847357186
BKR101_P001,101,P001,1997,6,310,1997-06-06,157,245,133,488,0,0,234236,6,wheat/winter wheat,9.9,16.8,25.2,2,28.1,58,2.6,0,0,5.7,167.6,12500.1,8.1356,1996-10-04,9,1.1794309596682293,True,16.55658580117267,0.33114332847357186
BKR101_P001,101,P001,1997,6,310,1997-06-07,158,246,133,488,0,0,234236,6,wheat/winter wheat,10.4,19,26.2,0,30.9,50,2,0,0,6.2,301.4,12791.9,8.197,1996-10-04,9,1.1794309596682293,True,16.55658580117267,0.33114332847357186
BKR101_P001,101,P001,1997,6,310,1997-06-08,159,247,133,488,0,0,234236,6,wheat/winter wheat,11.4,19.7,25.7,0,25.2,52,3.2,0,0,6.1,443.7,13036.4,8.2483,1996-10-04,9,1.1794309596682293,True,16.55658580117267,0.33114332847357186
BKR101_P001,101,P001,1997,6,310,1997-06-09,160,248,133,488,0,0,234236,6,wheat/winter wheat,13.3,18.5,21.9,0,12.322,73,2.5,0,0,3.1,534.5,13167.6,8.2768,1996-10-04,9,1.1794309596682293,True,16.55658580117267,0.33114332847357186
BKR101_P001,101,P001,1997,6,310,1997-06-10,161,249,133,488,0,0,234236,6,wheat/winter wheat,11.6,17.1,21.7,0,27.458,72,2.2,0,0,4.9,766.8,13461.2,8.2852,1996-10-04,9,1.1794309596682293,True,16.55658580117267,0.33114332847357186
BKR101_P001,101,P001,1997,6,310,1997-06-11,162,250,133,488,0,0,234236,6,wheat/winter wheat,10.8,19,25.9,0,29.825,64,2.4,0,0,5.9,1014.4,13759.6,8.2898,1996-10-04,9,1.1794309596682293,True,16.55658580117267,0.33114332847357186
BKR101_P001,101,P001,1997,6,310,1997-06-12,163,251,133,488,0,0,234236,6,wheat/winter wheat,11.8,20.7,27,0,24.351,59,2.5,0,16.557,5.5,1209.4,13992.5,8.2791,1996-10-04,9,1.1794309596682293,True,16.55658580117267,0.33114332847357186
BKR101_P001,101,P001,1997,6,310,1997-06-13,164,252,133,488,0,0,234236,6,wheat/winter wheat,16.3,19.3,23.8,11.9,16.697,88,1.6,0,0,3.2,1343.4,14149.9,8.2574,1996-10-04,9,1.1794309596682293,True,16.55658580117267,0.33114332847357186
BKR101_P001,101,P001,1997,6,310,1997-06-14,165,253,133,488,0,0,234236,6,wheat/winter wheat,13.6,17.8,22.2,8.2,17.484,90,2.6,0,0,3.1,1497.7,14330.7,8.2264,1996-10-04,9,1.1794309596682293,True,16.55658580117267,0.33114332847357186
BKR101_P001,101,P001,1997,6,310,1997-06-15,166,254,133,488,0,0,234236,6,wheat/winter wheat,12.1,15,18,0.3,15.612,86,4.1,0,0,2.8,1652.3,14511,8.1873,1996-10-04,9,1.1794309596682293,True,16.55658580117267,0.33114332847357186
BKR101_P001,101,P001,1997,6,310,1997-06-16,167,255,133,488,0,0,234236,6,wheat/winter wheat,8.4,12.6,15.6,0,18.401,70,3.6,0,0,3.5,1837.5,14727.7,8.143,1996-10-04,9,1.1794309596682293,True,16.55658580117267,0.33114332847357186
BKR101_P001,101,P001,1997,6,310,1997-06-17,168,256,133,488,0,0,234236,6,wheat/winter wheat,6.9,13,18.7,0,29.554,69,2.8,0,0,4.8,2102.7,15040.5,8.0955,1996-10-04,9,1.1794309596682293,True,16.55658580117267,0.33114332847357186
BKR101_P001,101,P001,1997,6,310,1997-06-18,169,257,133,488,0,0,234236,6,wheat/winter wheat,7.6,12.3,17.4,0,20.789,79,2.6,0,0,3.3,2298.5,15269,8.0447,1996-10-04,9,1.1794309596682293,True,16.55658580117267,0.33114332847357186
BKR101_P001,101,P001,1997,6,310,1997-06-19,170,258,133,488,0,0,234236,6,wheat/winter wheat,8.8,14.7,19.2,0,26.818,64,1.7,0,0,4.5,2547.2,15560.7,7.9913,1996-10-04,9,1.1794309596682293,True,16.55658580117267,0.33114332847357186
BKR101_P001,101,P001,1997,6,310,1997-06-20,171,259,133,488,0,0,234236,6,wheat/winter wheat,11,13.4,16.5,3.3,10.04,91,1.4,0,0,1.8,2659.7,15687.2,7.933,1996-10-04,9,1.1794309596682293,True,16.55658580117267,0.33114332847357186
BKR101_P001,101,P001,1997,6,310,1997-06-21,172,260,133,488,0,0,234236,6,wheat/winter wheat,11.1,14,17.7,0,10.8,99,0.4,0,0,1.8,2775,15816.5,7.8713,1996-10-04,9,1.1794309596682293,True,16.55658580117267,0.33114332847357186
BKR101_P001,101,P001,1997,6,310,1997-06-22,173,261,133,488,0,0,234236,6,wheat/winter wheat,12,16.2,20.6,13,10.8,85,3.3,0,0,2.4,2880.7,15933.4,7.8055,1996-10-04,9,1.1794309596682293,True,16.55658580117267,0.33114332847357186
BKR101_P001,101,P001,1997,6,310,1997-06-23,174,262,133,488,0,0,234236,6,wheat/winter wheat,10.4,14.6,19,3.9,18.229,82,3.7,0,0,3.3,3056.2,16133.6,7.734,1996-10-04,9,1.1794309596682293,True,16.55658580117267,0.33114332847357186
BKR101_P001,101,P001,1997,6,310,1997-06-24,175,263,133,488,0,0,234236,6,wheat/winter wheat,10.9,13.3,16.3,2.1,13.583,85,4.8,0,0,2.5,3199.6,16294.8,7.6582,1996-10-04,9,1.1794309596682293,True,16.55658580117267,0.33114332847357186
BKR101_P001,101,P001,1997,6,310,1997-06-25,176,264,133,488,0,0,234236,6,wheat/winter wheat,7.4,11.8,15.7,0,14.786,75,2.6,0,0,2.7,3355.9,16471.1,7.5794,1996-10-04,9,1.1794309596682293,True,16.55658580117267,0.33114332847357186
BKR101_P001,101,P001,1997,6,310,1997-06-26,177,265,133,488,0,0,234236,6,wheat/winter wheat,6.5,13.9,19.4,1.9,10.865,85,2.8,0,0,2.2,3475,16602,7.499,1996-10-04,9,1.1794309596682293,True,16.55658580117267,0.33114332847357186
BKR101_P001,101,P001,1997,6,310,1997-06-27,178,266,133,488,0,0,234236,6,wheat/winter wheat,13.1,15.8,18.9,10.1,10.454,96,1.3,0,0,1.9,3583.6,16719.6,7.4152,1996-10-04,9,1.1794309596682293,True,16.55658580117267,0.33114332847357186
BKR101_P001,101,P001,1997,6,310,1997-06-28,179,267,133,488,0,0,234236,6,wheat/winter wheat,14.9,19.9,24.7,0.5,23.148,73,1.1,0,0,4.3,3776.6,16937.4,7.3266,1996-10-04,9,1.1794309596682293,True,16.55658580117267,0.33114332847357186
BKR101_P001,101,P001,1997,6,310,1997-06-29,180,268,133,488,0,0,234236,6,wheat/winter wheat,16.3,23.9,31,0.6,25.44,72,3.8,0,0,6.2,3938.4,17116,7.23,1996-10-04,9,1.1794309596682293,True,16.55658580117267,0.33114332847357186
BKR101_P001,101,P001,1997,6,310,1997-06-30,181,269,133,488,0,0,234236,6,wheat/winter wheat,15.1,21.2,27.1,0.3,15.375,80,2,0,0,3.4,4051.8,17234.9,7.1224,1996-10-04,9,1.1794309596682293,True,16.55658580117267,0.33114332847357186
BKR101_P001,101,P001,1997,6,310,1997-07-01,182,270,133,488,0,0,234236,6,wheat/winter wheat,13.1,16.5,19.8,0,14.584,80,2.1,0,0,2.9,4197,17391.3,7.0065,1996-10-04,9,1.1794309596682293,True,16.55658580117267,0.33114332847357186
BKR101_P001,101,P001,1997,6,310,1997-07-02,183,271,133,488,0,0,234236,6,wheat/winter wheat,11.1,18.4,24.5,0,25.315,70,2.2,0,0,4.9,4420.7,17641,6.8864,1996-10-04,9,1.1794309596682293,True,16.55658580117267,0.33114332847357186
BKR101_P001,101,P001,1997,6,310,1997-07-03,184,272,133,488,0,0,234236,6,wheat/winter wheat,13.7,18.3,25.5,2.2,15.575,81,1.8,0,0,3.2,4546.7,17772.7,6.7608,1996-10-04,9,1.1794309596682293,True,16.55658580117267,0.33114332847357186
BKR101_P001,101,P001,1997,6,310,1997-07-04,185,273,133,488,0,0,234236,6,wheat/winter wheat,12.7,17.2,22.1,1.8,15.272,89,1.7,0,0,2.8,4690.1,17924.6,6.6302,1996-10-04,9,1.1794309596682293,True,16.55658580117267,0.33114332847357186
BKR101_P001,101,P001,1997,6,310,1997-07-05,186,274,133,488,0,0,234236,6,wheat/winter wheat,13.1,17.2,21.8,0.1,22.174,76,2.6,0,0,4.2,4894.8,18149.3,6.4957,1996-10-04,9,1.1794309596682293,True,16.55658580117267,0.33114332847357186
BKR101_P001,101,P001,1997,6,310,1997-07-06,187,275,133,488,0,0,234236,6,wheat/winter wheat,12.2,15.8,18.1,0,11.774,75,4.1,0,0,3,5025.8,18285.3,6.3577,1996-10-04,9,1.1794309596682293,True,16.55658580117267,0.33114332847357186
BKR101_P001,101,P001,1997,6,310,1997-07-07,188,276,133,488,0,0,234236,6,wheat/winter wheat,13.4,18.5,23.2,0,25.543,70,4.4,0,0,5.5,5256.1,18539.5,6.2175,1996-10-04,9,1.1794309596682293,True,16.55658580117267,0.33114332847357186
BKR101_P001,101,P001,1997,6,310,1997-07-08,189,277,133,488,0,0,234236,6,wheat/winter wheat,12.9,18.4,23.4,0,26.982,67,3.5,0,0,5.6,5499.1,18808.3,6.0733,1996-10-04,9,1.1794309596682293,True,16.55658580117267,0.33114332847357186
BKR101_P001,101,P001,1997,6,310,1997-07-09,190,278,133,488,0,0,234236,6,wheat/winter wheat,10.8,17,21.3,0,19.573,80,2.1,0,16.557,3.5,5657.4,18975.3,5.9256,1996-10-04,9,1.1794309596682293,True,16.55658580117267,0.33114332847357186
BKR101_P001,101,P001,1997,6,310,1997-07-10,191,279,133,488,0,0,234236,6,wheat/winter wheat,12.2,18.2,23.5,0,26.318,62,1.7,0,0,4.9,5834.9,19164.7,5.7757,1996-10-04,9,1.1794309596682293,True,16.55658580117267,0.33114332847357186
BKR101_P001,101,P001,1997,6,310,1997-07-11,192,280,133,488,0,0,234236,6,wheat/winter wheat,10.1,17.2,23.6,0.2,25.052,71,1.2,0,0,4.3,6015.5,19357.5,5.6229,1996-10-04,9,1.1794309596682293,True,16.55658580117267,0.33114332847357186
BKR101_P001,101,P001,1997,6,310,1997-07-12,193,281,133,488,0,0,234236,6,wheat/winter wheat,11.6,17.5,23.2,0,26.818,69,1.7,0,0,4.8,6199.4,19553.7,5.4684,1996-10-04,9,1.1794309596682293,True,16.55658580117267,0.33114332847357186
BKR101_P001,101,P001,1997,6,310,1997-07-13,194,282,133,488,0,0,234236,6,wheat/winter wheat,9.8,16.5,22,0,26.918,65,1.3,0,0,4.6,6384,19750.7,5.3121,1996-10-04,9,1.1794309596682293,True,16.55658580117267,0.33114332847357186
BKR101_P001,101,P001,1997,6,310,1997-07-14,195,283,133,488,0,0,234236,6,wheat/winter wheat,9.2,17.6,23.8,0,26.741,65,1,0,16.557,4.5,6554.1,19930.1,5.1551,1996-10-04,9,1.1794309596682293,True,16.55658580117267,0.33114332847357186
BKR101_P001,101,P001,1997,6,310,1997-07-15,196,284,133,488,0,0,234236,6,wheat/winter wheat,12.5,17.7,24.1,1,14.789,78,1,0,0,2.9,6621.6,19986.9,4.9968,1996-10-04,9,1.1794309596682293,True,16.55658580117267,0.33114332847357186
BKR101_P001,101,P001,1997,6,310,1997-07-16,197,285,133,488,0,0,234236,6,wheat/winter wheat,14.6,18,23.4,6.9,16.089,81,1.3,0,0,3.1,6714.7,20074.1,4.8375,1996-10-04,9,1.1794309596682293,True,16.55658580117267,0.33114332847357186
BKR101_P001,101,P001,1997,6,310,1997-07-17,198,286,133,488,0,0,234236,6,wheat/winter wheat,13.8,17.5,21.7,17.5,14.716,88,1.4,0,0,2.7,6806.9,20160.2,4.6774,1996-10-04,9,1.1794309596682293,True,16.55658580117267,0.33114332847357186
BKR101_P001,101,P001,1997,6,310,1997-07-18,199,287,133,488,0,0,234236,6,wheat/winter wheat,14.9,15.5,16.5,17,3.331,99,2.9,0,0,0.8,6856.3,20195.4,4.5173,1996-10-04,9,1.1794309596682293,True,16.55658580117267,0.33114332847357186
BKR101_P001,101,P001,1997,6,310,1997-07-19,200,288,133,488,0,0,234236,6,wheat/winter wheat,14,16.9,19.9,9.8,15.139,84,3.2,0,0,2.9,6994.7,20336.6,4.3585,1996-10-04,9,1.1794309596682293,True,16.55658580117267,0.33114332847357186
BKR101_P001,101,P001,1997,6,310,1997-07-20,201,289,133,488,0,0,234236,6,wheat/winter wheat,14.8,15.7,17.1,47.6,3.359,99,3.6,0,0,0.8,7051.8,20381.4,4.2005,1996-10-04,9,1.1794309596682293,True,16.55658580117267,0.33114332847357186
BKR101_P001,101,P001,1997,6,310,1997-07-21,202,290,133,488,0,0,234236,6,wheat/winter wheat,15.7,16.3,18.2,5.4,3.101,99,3.4,0,0,0.7,7116.5,20435.3,4.0442,1996-10-04,9,1.1794309596682293,True,16.55658580117267,0.33114332847357186
BKR101_P001,101,P001,1997,6,310,1997-07-22,203,291,133,488,0,0,234236,6,wheat/winter wheat,16,22,25.6,0,13.259,63,1.9,0,0,3.5,7208.9,20522.1,3.8894,1996-10-04,9,1.1794309596682293,True,16.55658580117267,0.33114332847357186
BKR101_P001,101,P001,1997,6,310,1997-07-23,204,292,133,488,0,0,234236,6,wheat/winter wheat,12.2,17.9,23.8,0,22.47,81,0.8,0,0,3.8,7382.8,20705.6,3.7338,1996-10-04,9,1.1794309596682293,True,16.55658580117267,0.33114332847357186
BKR101_P001,101,P001,1997,6,310,1997-07-24,205,293,133,488,0,0,234236,6,wheat/winter wheat,14.6,19.2,24.3,0.1,18.768,81,1,0,0,3.4,7519.9,20845.6,3.5795,1996-10-04,9,1.1794309596682293,True,16.55658580117267,0.33114332847357186
BKR101_P001,101,P001,1997,6,310,1997-07-25,206,294,133,488,0,0,234236,6,wheat/winter wheat,14.5,19.2,24.7,0,19.775,74,1.1,0,0,3.7,7659.2,20988.3,3.4263,1996-10-04,9,1.1794309596682293,True,16.55658580117267,0.33114332847357186
BKR101_P001,101,P001,1997,6,310,1997-07-26,207,295,133,488,0,0,234236,6,wheat/winter wheat,15.3,18.4,22.6,18.4,17.968,84,2.9,0,0,3.4,7788.9,21119.9,3.2744,1996-10-04,9,1.1794309596682293,True,16.55658580117267,0.33114332847357186
BKR101_P001,101,P001,1997,6,310,1997-07-27,208,296,133,488,0,0,234236,6,wheat/winter wheat,12.7,19.2,24.6,0.1,18.576,73,4,0,0,4.3,7917.5,21250.2,3.1245,1996-10-04,9,1.1794309596682293,True,16.55658580117267,0.33114332847357186
BKR101_P001,101,P001,1997,6,310,1997-07-28,209,297,133,488,0,0,234236,6,wheat/winter wheat,14.2,17.7,22,0,23.231,70,3.9,0,0,4.9,8079,21419.9,2.9764,1996-10-04,9,1.1794309596682293,True,16.55658580117267,0.33114332847357186
BKR101_P001,101,P001,1997,6,310,1997-07-29,210,298,133,488,0,0,234236,6,wheat/winter wheat,13.2,17.5,22.7,0.6,18.148,78,2.1,0,0,3.4,8199.5,21541.3,2.831,1996-10-04,9,1.1794309596682293,True,16.55658580117267,0.33114332847357186
BKR101_P001,101,P001,1997,6,310,1997-07-30,211,299,133,488,0,0,234236,6,wheat/winter wheat,11.9,18.4,24,0.1,24.08,71,1,0,0,4.1,8352.8,21702,2.6884,1996-10-04,9,1.1794309596682293,True,16.55658580117267,0.33114332847357186
BKR101_P001,101,P001,1997,6,310,1997-07-31,212,300,133,488,0,0,234236,6,wheat/winter wheat,12.3,16.5,19.4,4.4,10.628,86,2.3,0,0,2.1,8430.4,21773.6,2.5486,1996-10-04,9,1.1794309596682293,True,16.55658580117267,0.33114332847357186
BKR101_P001,101,P001,1997,6,310,1997-08-01,213,301,133,488,0,0,234236,6,wheat/winter wheat,10.3,14.8,19.2,0,18.541,82,2.2,0,0,3,8549.8,21895.1,2.4123,1996-10-04,9,1.1794309596682293,True,16.55658580117267,0.33114332847357186
BKR101_P001,101,P001,1997,6,310,1997-08-02,214,302,133,488,0,0,234236,6,wheat/winter wheat,10.3,16.6,22.3,0,19.976,77,0.7,0,0,3.2,8664.6,22011.7,2.28,1996-10-04,9,1.1794309596682293,True,16.55658580117267,0.33114332847357186
BKR101_P001,101,P001,1997,6,310,1997-08-03,215,303,133,488,0,0,234236,6,wheat/winter wheat,11.4,19.2,25.6,0,21.916,73,0.6,0,0,3.7,8772.9,22121,2.1514,1996-10-04,9,1.1794309596682293,True,16.55658580117267,0.33114332847357186
BKR101_P001,101,P001,1997,6,310,1997-08-04,216,304,133,488,0,0,234236,6,wheat/winter wheat,14.3,19.6,24.8,9.7,15.746,83,0.7,0,0,2.9,8837.7,22179.4,2.0255,1996-10-04,9,1.1794309596682293,True,16.55658580117267,0.33114332847357186
BKR101_P001,101,P001,1997,6,310,1997-08-05,217,305,133,488,0,0,234236,6,wheat/winter wheat,14.3,18.9,24,0,25.159,76,1.7,0,0,4.4,8947.7,22291.3,1.9025,1996-10-04,9,1.1794309596682293,True,16.55658580117267,0.33114332847357186
BKR101_P001,101,P001,1997,6,310,1997-08-06,218,306,133,488,0,0,234236,6,wheat/winter wheat,13.8,18.5,24.2,7,16.495,87,1.3,0,0,2.9,9005.9,22342.7,1.7827,1996-10-04,9,1.1794309596682293,True,16.55658580117267,0.33114332847357186
BKR101_P001,101,P001,1997,6,310,1997-08-07,219,307,133,488,0,0,234236,6,wheat/winter wheat,14.5,18.3,24.1,0,16.779,87,1.6,0,0,3,9056.9,22386.3,1.6663,1996-10-04,9,1.1794309596682293,True,16.55658580117267,0.33114332847357186
BKR101_P001,101,P001,1997,6,310,1997-08-08,220,308,133,488,0,0,234236,6,wheat/winter wheat,14.3,20.2,26.3,0,22.706,76,1.2,0,0,4.1,9089.2,22408.6,1.5534,1996-10-04,9,1.1794309596682293,True,16.55658580117267,0.33114332847357186
BKR101_P001,101,P001,1997,6,310,1997-08-09,221,309,133,488,0,0,234236,6,wheat/winter wheat,14.7,20.6,26.9,0,24.172,72,0.9,0,0,4.1,9089.2,22408.6,1.5534,1996-10-04,9,1.1794309596682293,True,16.55658580117267,0.33114332847357186
